[38;5;226m[Genesis] [18:37:05] [WARNING] 'torch<2.9.1' does not supported zero-copy on Apple Metal. Consider upgrading pytorch to improve runtime performance: https://pytorch.org/get-started/locally/[0m
[38;5;226m[Genesis] [18:37:07] [WARNING] Mesh is not watertight. Falling back to convex hull for estimating inertial properties.[0m
--------------------------------------------------------------------------------
Resolved observation sets: 
	 actor :  ['policy']
	 critic :  ['policy', 'privileged']
--------------------------------------------------------------------------------
Actor Model: MLPModel(
  (obs_normalizer): EmpiricalNormalization()
  (distribution): GaussianDistribution()
  (mlp): MLP(
    (0): Linear(in_features=61, out_features=512, bias=True)
    (1): ELU(alpha=1.0)
    (2): Linear(in_features=512, out_features=256, bias=True)
    (3): ELU(alpha=1.0)
    (4): Linear(in_features=256, out_features=128, bias=True)
    (5): ELU(alpha=1.0)
    (6): Linear(in_features=128, out_features=14, bias=True)
  )
)
Critic Model: MLPModel(
  (obs_normalizer): EmpiricalNormalization()
  (mlp): MLP(
    (0): Linear(in_features=90, out_features=512, bias=True)
    (1): ELU(alpha=1.0)
    (2): Linear(in_features=512, out_features=256, bias=True)
    (3): ELU(alpha=1.0)
    (4): Linear(in_features=256, out_features=128, bias=True)
    (5): ELU(alpha=1.0)
    (6): Linear(in_features=128, out_features=1, bias=True)
  )
)
Storing git diff for 'microduck-rl-genesis' in: /Users/kelly/Developer/microduck-rl-genesis/logs/laser-follow-20260904-v1/git/microduck-rl-genesis.diff
################################################################################
[1m                            Learning iteration 0/500                            [0m 

                               Run name: laser-follow-20260904-v1
                            Total steps: 24576 
                       Steps per second: 10683 
                        Collection time: 1.792s 
                          Learning time: 0.509s 
                        Mean value loss: 0.5015
                    Mean surrogate loss: -0.0087
                      Mean entropy loss: 16.7741
                            Mean reward: -3.71
                    Mean episode length: 22.30
                        Mean action std: 0.80
       Mean episode rew_self_collisions: -0.0000
    Mean episode rew_body_pose_tracking: 0.0000
                  Mean episode rew_pose: 0.0007
        Mean episode rew_head_pose_bias: 0.0000
Mean episode rew_track_angular_velocity: 0.0001
              Mean episode rew_air_time: 0.0044
     Mean episode rew_foot_swing_height: -0.0001
        Mean episode rew_foot_clearance: -0.0001
    Mean episode rew_head_pose_tracking: 0.0095
          Mean episode rew_body_ang_vel: -0.0040
        Mean episode rew_dof_pos_limits: -0.0001
        Mean episode rew_laser_progress: -0.0001
               Mean episode rew_upright: 0.0062
            Mean episode rew_laser_stop: 0.0000
            Mean episode rew_laser_fall: -0.0625
             Mean episode rew_foot_slip: -0.0000
      Mean episode rew_angular_momentum: -0.0000
 Mean episode rew_track_linear_velocity: 0.0077
        Mean episode rew_action_rate_l2: -0.0090
--------------------------------------------------------------------------------
                         Iteration time: 2.30s
                           Time elapsed: 0:00:02
                                    ETA: 0:19:07

################################################################################
[1m                            Learning iteration 1/500                            [0m 

                               Run name: laser-follow-20260904-v1
                            Total steps: 49152 
                       Steps per second: 8111 
                        Collection time: 2.775s 
                          Learning time: 0.255s 
                        Mean value loss: 4.1320
                    Mean surrogate loss: -0.0094
                      Mean entropy loss: 16.7762
                            Mean reward: -1.01
                    Mean episode length: 46.23
                        Mean action std: 0.80
       Mean episode rew_self_collisions: -0.0001
    Mean episode rew_body_pose_tracking: 0.0000
                  Mean episode rew_pose: 0.0042
        Mean episode rew_head_pose_bias: 0.0000
Mean episode rew_track_angular_velocity: 0.0013
              Mean episode rew_air_time: 0.0277
     Mean episode rew_foot_swing_height: -0.0008
        Mean episode rew_foot_clearance: -0.0006
    Mean episode rew_head_pose_tracking: 0.0650
          Mean episode rew_body_ang_vel: -0.0172
        Mean episode rew_dof_pos_limits: -0.0006
        Mean episode rew_laser_progress: 0.0044
               Mean episode rew_upright: 0.0454
            Mean episode rew_laser_stop: 0.0005
            Mean episode rew_laser_fall: -0.2500
             Mean episode rew_foot_slip: -0.0000
      Mean episode rew_angular_momentum: -0.0000
 Mean episode rew_track_linear_velocity: 0.0713
        Mean episode rew_action_rate_l2: -0.0607
--------------------------------------------------------------------------------
                         Iteration time: 3.03s
                           Time elapsed: 0:00:05
                                    ETA: 0:22:07

################################################################################
[1m                            Learning iteration 2/500                            [0m 

                               Run name: laser-follow-20260904-v1
                            Total steps: 73728 
                       Steps per second: 10144 
                        Collection time: 2.169s 
                          Learning time: 0.254s 
                        Mean value loss: 2.3877
                    Mean surrogate loss: -0.0116
                      Mean entropy loss: 16.8058
                            Mean reward: -1.91
                    Mean episode length: 39.18
                        Mean action std: 0.80
       Mean episode rew_self_collisions: -0.0002
    Mean episode rew_body_pose_tracking: 0.0000
                  Mean episode rew_pose: 0.0052
        Mean episode rew_head_pose_bias: 0.0000
Mean episode rew_track_angular_velocity: 0.0017
              Mean episode rew_air_time: 0.0389
     Mean episode rew_foot_swing_height: -0.0011
        Mean episode rew_foot_clearance: -0.0008
    Mean episode rew_head_pose_tracking: 0.0803
          Mean episode rew_body_ang_vel: -0.0192
        Mean episode rew_dof_pos_limits: -0.0007
        Mean episode rew_laser_progress: 0.0080
               Mean episode rew_upright: 0.0608
            Mean episode rew_laser_stop: 0.0004
            Mean episode rew_laser_fall: -0.2500
             Mean episode rew_foot_slip: -0.0001
      Mean episode rew_angular_momentum: -0.0000
 Mean episode rew_track_linear_velocity: 0.0938
        Mean episode rew_action_rate_l2: -0.0755
--------------------------------------------------------------------------------
                         Iteration time: 2.42s
                           Time elapsed: 0:00:07
                                    ETA: 0:21:24

################################################################################
[1m                            Learning iteration 3/500                            [0m 

                               Run name: laser-follow-20260904-v1
                            Total steps: 98304 
                       Steps per second: 11744 
                        Collection time: 1.852s 
                          Learning time: 0.241s 
                        Mean value loss: 2.4104
                    Mean surrogate loss: -0.0106
                      Mean entropy loss: 16.8362
                            Mean reward: -1.35
                    Mean episode length: 43.92
                        Mean action std: 0.81
       Mean episode rew_self_collisions: -0.0001
    Mean episode rew_body_pose_tracking: 0.0000
                  Mean episode rew_pose: 0.0051
        Mean episode rew_head_pose_bias: 0.0000
Mean episode rew_track_angular_velocity: 0.0015
              Mean episode rew_air_time: 0.0366
     Mean episode rew_foot_swing_height: -0.0011
        Mean episode rew_foot_clearance: -0.0007
    Mean episode rew_head_pose_tracking: 0.0777
          Mean episode rew_body_ang_vel: -0.0190
        Mean episode rew_dof_pos_limits: -0.0007
        Mean episode rew_laser_progress: 0.0070
               Mean episode rew_upright: 0.0584
            Mean episode rew_laser_stop: 0.0004
            Mean episode rew_laser_fall: -0.2500
             Mean episode rew_foot_slip: -0.0000
      Mean episode rew_angular_momentum: -0.0000
 Mean episode rew_track_linear_velocity: 0.0912
        Mean episode rew_action_rate_l2: -0.0733
--------------------------------------------------------------------------------
                         Iteration time: 2.09s
                           Time elapsed: 0:00:09
                                    ETA: 0:20:20

################################################################################
[1m                            Learning iteration 4/500                            [0m 

                               Run name: laser-follow-20260904-v1
                            Total steps: 122880 
                       Steps per second: 12315 
                        Collection time: 1.753s 
                          Learning time: 0.243s 
                        Mean value loss: 2.1293
                    Mean surrogate loss: -0.0111
                      Mean entropy loss: 16.8732
                            Mean reward: -1.56
                    Mean episode length: 41.47
                        Mean action std: 0.81
       Mean episode rew_self_collisions: -0.0002
    Mean episode rew_body_pose_tracking: 0.0000
                  Mean episode rew_pose: 0.0048
        Mean episode rew_head_pose_bias: 0.0000
Mean episode rew_track_angular_velocity: 0.0016
              Mean episode rew_air_time: 0.0337
     Mean episode rew_foot_swing_height: -0.0011
        Mean episode rew_foot_clearance: -0.0007
    Mean episode rew_head_pose_tracking: 0.0762
          Mean episode rew_body_ang_vel: -0.0189
        Mean episode rew_dof_pos_limits: -0.0007
        Mean episode rew_laser_progress: 0.0080
               Mean episode rew_upright: 0.0573
            Mean episode rew_laser_stop: 0.0006
            Mean episode rew_laser_fall: -0.2500
             Mean episode rew_foot_slip: -0.0000
      Mean episode rew_angular_momentum: -0.0000
 Mean episode rew_track_linear_velocity: 0.0903
        Mean episode rew_action_rate_l2: -0.0725
--------------------------------------------------------------------------------
                         Iteration time: 2.00s
                           Time elapsed: 0:00:11
                                    ETA: 0:19:32

################################################################################
[1m                            Learning iteration 5/500                            [0m 

                               Run name: laser-follow-20260904-v1
                            Total steps: 147456 
                       Steps per second: 12497 
                        Collection time: 1.725s 
                          Learning time: 0.242s 
                        Mean value loss: 1.7519
                    Mean surrogate loss: -0.0117
                      Mean entropy loss: 16.8954
                            Mean reward: -1.39
                    Mean episode length: 43.37
                        Mean action std: 0.81
       Mean episode rew_self_collisions: -0.0001
    Mean episode rew_body_pose_tracking: 0.0000
                  Mean episode rew_pose: 0.0049
        Mean episode rew_head_pose_bias: 0.0000
Mean episode rew_track_angular_velocity: 0.0016
              Mean episode rew_air_time: 0.0346
     Mean episode rew_foot_swing_height: -0.0011
        Mean episode rew_foot_clearance: -0.0007
    Mean episode rew_head_pose_tracking: 0.0766
          Mean episode rew_body_ang_vel: -0.0192
        Mean episode rew_dof_pos_limits: -0.0007
        Mean episode rew_laser_progress: 0.0076
               Mean episode rew_upright: 0.0588
            Mean episode rew_laser_stop: 0.0005
            Mean episode rew_laser_fall: -0.2500
             Mean episode rew_foot_slip: -0.0000
      Mean episode rew_angular_momentum: -0.0000
 Mean episode rew_track_linear_velocity: 0.0895
        Mean episode rew_action_rate_l2: -0.0737
--------------------------------------------------------------------------------
                         Iteration time: 1.97s
                           Time elapsed: 0:00:13
                                    ETA: 0:18:56

################################################################################
[1m                            Learning iteration 6/500                            [0m 

                               Run name: laser-follow-20260904-v1
                            Total steps: 172032 
                       Steps per second: 12223 
                        Collection time: 1.762s 
                          Learning time: 0.248s 
                        Mean value loss: 1.5649
                    Mean surrogate loss: -0.0120
                      Mean entropy loss: 16.8932
                            Mean reward: -1.26
                    Mean episode length: 45.18
                        Mean action std: 0.81
       Mean episode rew_self_collisions: -0.0001
    Mean episode rew_body_pose_tracking: 0.0000
                  Mean episode rew_pose: 0.0051
        Mean episode rew_head_pose_bias: 0.0000
Mean episode rew_track_angular_velocity: 0.0017
              Mean episode rew_air_time: 0.0384
     Mean episode rew_foot_swing_height: -0.0012
        Mean episode rew_foot_clearance: -0.0008
    Mean episode rew_head_pose_tracking: 0.0808
          Mean episode rew_body_ang_vel: -0.0192
        Mean episode rew_dof_pos_limits: -0.0007
        Mean episode rew_laser_progress: 0.0081
               Mean episode rew_upright: 0.0616
            Mean episode rew_laser_stop: 0.0004
            Mean episode rew_laser_fall: -0.2500
             Mean episode rew_foot_slip: -0.0001
      Mean episode rew_angular_momentum: -0.0000
 Mean episode rew_track_linear_velocity: 0.0959
        Mean episode rew_action_rate_l2: -0.0780
--------------------------------------------------------------------------------
                         Iteration time: 2.01s
                           Time elapsed: 0:00:15
                                    ETA: 0:18:34

################################################################################
[1m                            Learning iteration 7/500                            [0m 

                               Run name: laser-follow-20260904-v1
                            Total steps: 196608 
                       Steps per second: 11604 
                        Collection time: 1.829s 
                          Learning time: 0.289s 
                        Mean value loss: 1.3243
                    Mean surrogate loss: -0.0132
                      Mean entropy loss: 16.8960
                            Mean reward: -1.30
                    Mean episode length: 42.42
                        Mean action std: 0.81
       Mean episode rew_self_collisions: -0.0001
    Mean episode rew_body_pose_tracking: 0.0000
                  Mean episode rew_pose: 0.0049
        Mean episode rew_head_pose_bias: 0.0000
Mean episode rew_track_angular_velocity: 0.0015
              Mean episode rew_air_time: 0.0345
     Mean episode rew_foot_swing_height: -0.0011
        Mean episode rew_foot_clearance: -0.0007
    Mean episode rew_head_pose_tracking: 0.0765
          Mean episode rew_body_ang_vel: -0.0183
        Mean episode rew_dof_pos_limits: -0.0007
        Mean episode rew_laser_progress: 0.0092
               Mean episode rew_upright: 0.0583
            Mean episode rew_laser_stop: 0.0005
            Mean episode rew_laser_fall: -0.2500
             Mean episode rew_foot_slip: -0.0000
      Mean episode rew_angular_momentum: -0.0000
 Mean episode rew_track_linear_velocity: 0.0921
        Mean episode rew_action_rate_l2: -0.0740
--------------------------------------------------------------------------------
                         Iteration time: 2.12s
                           Time elapsed: 0:00:17
                                    ETA: 0:18:23

################################################################################
[1m                            Learning iteration 8/500                            [0m 

                               Run name: laser-follow-20260904-v1
                            Total steps: 221184 
                       Steps per second: 12426 
                        Collection time: 1.741s 
                          Learning time: 0.237s 
                        Mean value loss: 1.1553
                    Mean surrogate loss: -0.0113
                      Mean entropy loss: 16.8917
                            Mean reward: -1.34
                    Mean episode length: 43.82
                        Mean action std: 0.81
       Mean episode rew_self_collisions: -0.0001
    Mean episode rew_body_pose_tracking: 0.0000
                  Mean episode rew_pose: 0.0050
        Mean episode rew_head_pose_bias: 0.0000
Mean episode rew_track_angular_velocity: 0.0017
              Mean episode rew_air_time: 0.0354
     Mean episode rew_foot_swing_height: -0.0011
        Mean episode rew_foot_clearance: -0.0007
    Mean episode rew_head_pose_tracking: 0.0788
          Mean episode rew_body_ang_vel: -0.0188
        Mean episode rew_dof_pos_limits: -0.0007
        Mean episode rew_laser_progress: 0.0102
               Mean episode rew_upright: 0.0609
            Mean episode rew_laser_stop: 0.0006
            Mean episode rew_laser_fall: -0.2500
             Mean episode rew_foot_slip: -0.0001
      Mean episode rew_angular_momentum: -0.0000
 Mean episode rew_track_linear_velocity: 0.0954
        Mean episode rew_action_rate_l2: -0.0767
--------------------------------------------------------------------------------
                         Iteration time: 1.98s
                           Time elapsed: 0:00:19
                                    ETA: 0:18:06

################################################################################
[1m                            Learning iteration 9/500                            [0m 

                               Run name: laser-follow-20260904-v1
                            Total steps: 245760 
                       Steps per second: 12347 
                        Collection time: 1.731s 
                          Learning time: 0.260s 
                        Mean value loss: 1.1054
                    Mean surrogate loss: -0.0114
                      Mean entropy loss: 16.8735
                            Mean reward: -1.22
                    Mean episode length: 43.35
                        Mean action std: 0.81
       Mean episode rew_self_collisions: -0.0001
    Mean episode rew_body_pose_tracking: 0.0000
                  Mean episode rew_pose: 0.0050
        Mean episode rew_head_pose_bias: 0.0000
Mean episode rew_track_angular_velocity: 0.0017
              Mean episode rew_air_time: 0.0375
     Mean episode rew_foot_swing_height: -0.0012
        Mean episode rew_foot_clearance: -0.0007
    Mean episode rew_head_pose_tracking: 0.0800
          Mean episode rew_body_ang_vel: -0.0191
        Mean episode rew_dof_pos_limits: -0.0007
        Mean episode rew_laser_progress: 0.0108
               Mean episode rew_upright: 0.0613
            Mean episode rew_laser_stop: 0.0005
            Mean episode rew_laser_fall: -0.2500
             Mean episode rew_foot_slip: -0.0001
      Mean episode rew_angular_momentum: -0.0000
 Mean episode rew_track_linear_velocity: 0.0968
        Mean episode rew_action_rate_l2: -0.0776
--------------------------------------------------------------------------------
                         Iteration time: 1.99s
                           Time elapsed: 0:00:21
                                    ETA: 0:17:53

################################################################################
[1m                           Learning iteration 10/500                            [0m 

                               Run name: laser-follow-20260904-v1
                            Total steps: 270336 
                       Steps per second: 12375 
                        Collection time: 1.746s 
                          Learning time: 0.240s 
                        Mean value loss: 1.1201
                    Mean surrogate loss: -0.0123
                      Mean entropy loss: 16.8587
                            Mean reward: -1.06
                    Mean episode length: 45.43
                        Mean action std: 0.81
       Mean episode rew_self_collisions: -0.0001
    Mean episode rew_body_pose_tracking: 0.0000
                  Mean episode rew_pose: 0.0048
        Mean episode rew_head_pose_bias: 0.0000
Mean episode rew_track_angular_velocity: 0.0016
              Mean episode rew_air_time: 0.0364
     Mean episode rew_foot_swing_height: -0.0012
        Mean episode rew_foot_clearance: -0.0007
    Mean episode rew_head_pose_tracking: 0.0787
          Mean episode rew_body_ang_vel: -0.0191
        Mean episode rew_dof_pos_limits: -0.0007
        Mean episode rew_laser_progress: 0.0114
               Mean episode rew_upright: 0.0594
            Mean episode rew_laser_stop: 0.0004
            Mean episode rew_laser_fall: -0.2500
             Mean episode rew_foot_slip: -0.0001
      Mean episode rew_angular_momentum: -0.0000
 Mean episode rew_track_linear_velocity: 0.0959
        Mean episode rew_action_rate_l2: -0.0767
--------------------------------------------------------------------------------
                         Iteration time: 1.99s
                           Time elapsed: 0:00:23
                                    ETA: 0:17:42

################################################################################
[1m                           Learning iteration 11/500                            [0m 

                               Run name: laser-follow-20260904-v1
                            Total steps: 294912 
                       Steps per second: 12177 
                        Collection time: 1.780s 
                          Learning time: 0.239s 
                        Mean value loss: 1.0384
                    Mean surrogate loss: -0.0128
                      Mean entropy loss: 16.8612
                            Mean reward: -1.04
                    Mean episode length: 45.05
                        Mean action std: 0.81
       Mean episode rew_self_collisions: -0.0001
    Mean episode rew_body_pose_tracking: 0.0000
                  Mean episode rew_pose: 0.0050
        Mean episode rew_head_pose_bias: 0.0000
Mean episode rew_track_angular_velocity: 0.0016
              Mean episode rew_air_time: 0.0368
     Mean episode rew_foot_swing_height: -0.0011
        Mean episode rew_foot_clearance: -0.0007
    Mean episode rew_head_pose_tracking: 0.0810
          Mean episode rew_body_ang_vel: -0.0191
        Mean episode rew_dof_pos_limits: -0.0007
        Mean episode rew_laser_progress: 0.0118
               Mean episode rew_upright: 0.0627
            Mean episode rew_laser_stop: 0.0006
            Mean episode rew_laser_fall: -0.2500
             Mean episode rew_foot_slip: -0.0001
      Mean episode rew_angular_momentum: -0.0000
 Mean episode rew_track_linear_velocity: 0.1004
        Mean episode rew_action_rate_l2: -0.0791
--------------------------------------------------------------------------------
                         Iteration time: 2.02s
                           Time elapsed: 0:00:25
                                    ETA: 0:17:33

################################################################################
[1m                           Learning iteration 12/500                            [0m 

                               Run name: laser-follow-20260904-v1
                            Total steps: 319488 
                       Steps per second: 12259 
                        Collection time: 1.765s 
                          Learning time: 0.240s 
                        Mean value loss: 1.0310
                    Mean surrogate loss: -0.0121
                      Mean entropy loss: 16.8657
                            Mean reward: -1.02
                    Mean episode length: 45.11
                        Mean action std: 0.81
       Mean episode rew_self_collisions: -0.0001
    Mean episode rew_body_pose_tracking: 0.0000
                  Mean episode rew_pose: 0.0052
        Mean episode rew_head_pose_bias: 0.0000
Mean episode rew_track_angular_velocity: 0.0016
              Mean episode rew_air_time: 0.0388
     Mean episode rew_foot_swing_height: -0.0012
        Mean episode rew_foot_clearance: -0.0008
    Mean episode rew_head_pose_tracking: 0.0802
          Mean episode rew_body_ang_vel: -0.0190
        Mean episode rew_dof_pos_limits: -0.0008
        Mean episode rew_laser_progress: 0.0134
               Mean episode rew_upright: 0.0621
            Mean episode rew_laser_stop: 0.0003
            Mean episode rew_laser_fall: -0.2500
             Mean episode rew_foot_slip: -0.0001
      Mean episode rew_angular_momentum: -0.0000
 Mean episode rew_track_linear_velocity: 0.0992
        Mean episode rew_action_rate_l2: -0.0790
--------------------------------------------------------------------------------
                         Iteration time: 2.00s
                           Time elapsed: 0:00:27
                                    ETA: 0:17:25

################################################################################
[1m                           Learning iteration 13/500                            [0m 

                               Run name: laser-follow-20260904-v1
                            Total steps: 344064 
                       Steps per second: 12484 
                        Collection time: 1.725s 
                          Learning time: 0.243s 
                        Mean value loss: 0.9865
                    Mean surrogate loss: -0.0125
                      Mean entropy loss: 16.8615
                            Mean reward: -0.73
                    Mean episode length: 47.34
                        Mean action std: 0.81
       Mean episode rew_self_collisions: -0.0001
    Mean episode rew_body_pose_tracking: 0.0000
                  Mean episode rew_pose: 0.0053
        Mean episode rew_head_pose_bias: 0.0000
Mean episode rew_track_angular_velocity: 0.0018
              Mean episode rew_air_time: 0.0375
     Mean episode rew_foot_swing_height: -0.0013
        Mean episode rew_foot_clearance: -0.0008
    Mean episode rew_head_pose_tracking: 0.0837
          Mean episode rew_body_ang_vel: -0.0193
        Mean episode rew_dof_pos_limits: -0.0008
        Mean episode rew_laser_progress: 0.0130
               Mean episode rew_upright: 0.0661
            Mean episode rew_laser_stop: 0.0005
            Mean episode rew_laser_fall: -0.2500
             Mean episode rew_foot_slip: -0.0001
      Mean episode rew_angular_momentum: -0.0000
 Mean episode rew_track_linear_velocity: 0.1067
        Mean episode rew_action_rate_l2: -0.0829
--------------------------------------------------------------------------------
                         Iteration time: 1.97s
                           Time elapsed: 0:00:29
                                    ETA: 0:17:17

################################################################################
[1m                           Learning iteration 14/500                            [0m 

                               Run name: laser-follow-20260904-v1
                            Total steps: 368640 
                       Steps per second: 12352 
                        Collection time: 1.751s 
                          Learning time: 0.239s 
                        Mean value loss: 0.9145
                    Mean surrogate loss: -0.0111
                      Mean entropy loss: 16.8580
                            Mean reward: -0.65
                    Mean episode length: 48.87
                        Mean action std: 0.81
       Mean episode rew_self_collisions: -0.0001
    Mean episode rew_body_pose_tracking: 0.0000
                  Mean episode rew_pose: 0.0050
        Mean episode rew_head_pose_bias: 0.0000
Mean episode rew_track_angular_velocity: 0.0016
              Mean episode rew_air_time: 0.0367
     Mean episode rew_foot_swing_height: -0.0011
        Mean episode rew_foot_clearance: -0.0007
    Mean episode rew_head_pose_tracking: 0.0806
          Mean episode rew_body_ang_vel: -0.0191
        Mean episode rew_dof_pos_limits: -0.0008
        Mean episode rew_laser_progress: 0.0134
               Mean episode rew_upright: 0.0637
            Mean episode rew_laser_stop: 0.0006
            Mean episode rew_laser_fall: -0.2500
             Mean episode rew_foot_slip: -0.0001
      Mean episode rew_angular_momentum: -0.0000
 Mean episode rew_track_linear_velocity: 0.1016
        Mean episode rew_action_rate_l2: -0.0800
--------------------------------------------------------------------------------
                         Iteration time: 1.99s
                           Time elapsed: 0:00:31
                                    ETA: 0:17:10

################################################################################
[1m                           Learning iteration 15/500                            [0m 

                               Run name: laser-follow-20260904-v1
                            Total steps: 393216 
                       Steps per second: 12163 
                        Collection time: 1.749s 
                          Learning time: 0.272s 
                        Mean value loss: 0.8807
                    Mean surrogate loss: -0.0134
                      Mean entropy loss: 16.8547
                            Mean reward: -1.17
                    Mean episode length: 45.53
                        Mean action std: 0.81
       Mean episode rew_self_collisions: -0.0001
    Mean episode rew_body_pose_tracking: 0.0000
                  Mean episode rew_pose: 0.0053
        Mean episode rew_head_pose_bias: 0.0000
Mean episode rew_track_angular_velocity: 0.0017
              Mean episode rew_air_time: 0.0375
     Mean episode rew_foot_swing_height: -0.0012
        Mean episode rew_foot_clearance: -0.0007
    Mean episode rew_head_pose_tracking: 0.0808
          Mean episode rew_body_ang_vel: -0.0189
        Mean episode rew_dof_pos_limits: -0.0007
        Mean episode rew_laser_progress: 0.0126
               Mean episode rew_upright: 0.0627
            Mean episode rew_laser_stop: 0.0004
            Mean episode rew_laser_fall: -0.2500
             Mean episode rew_foot_slip: -0.0001
      Mean episode rew_angular_momentum: -0.0000
 Mean episode rew_track_linear_velocity: 0.1003
        Mean episode rew_action_rate_l2: -0.0802
--------------------------------------------------------------------------------
                         Iteration time: 2.02s
                           Time elapsed: 0:00:33
                                    ETA: 0:17:05

################################################################################
[1m                           Learning iteration 16/500                            [0m 

                               Run name: laser-follow-20260904-v1
                            Total steps: 417792 
                       Steps per second: 12359 
                        Collection time: 1.749s 
                          Learning time: 0.240s 
                        Mean value loss: 0.9028
                    Mean surrogate loss: -0.0122
                      Mean entropy loss: 16.8507
                            Mean reward: -0.74
                    Mean episode length: 47.06
                        Mean action std: 0.81
       Mean episode rew_self_collisions: -0.0001
    Mean episode rew_body_pose_tracking: 0.0000
                  Mean episode rew_pose: 0.0055
        Mean episode rew_head_pose_bias: 0.0000
Mean episode rew_track_angular_velocity: 0.0018
              Mean episode rew_air_time: 0.0372
     Mean episode rew_foot_swing_height: -0.0012
        Mean episode rew_foot_clearance: -0.0007
    Mean episode rew_head_pose_tracking: 0.0828
          Mean episode rew_body_ang_vel: -0.0191
        Mean episode rew_dof_pos_limits: -0.0008
        Mean episode rew_laser_progress: 0.0146
               Mean episode rew_upright: 0.0663
            Mean episode rew_laser_stop: 0.0005
            Mean episode rew_laser_fall: -0.2500
             Mean episode rew_foot_slip: -0.0001
      Mean episode rew_angular_momentum: -0.0000
 Mean episode rew_track_linear_velocity: 0.1065
        Mean episode rew_action_rate_l2: -0.0825
--------------------------------------------------------------------------------
                         Iteration time: 1.99s
                           Time elapsed: 0:00:35
                                    ETA: 0:16:59

################################################################################
[1m                           Learning iteration 17/500                            [0m 

                               Run name: laser-follow-20260904-v1
                            Total steps: 442368 
                       Steps per second: 12684 
                        Collection time: 1.701s 
                          Learning time: 0.236s 
                        Mean value loss: 0.8253
                    Mean surrogate loss: -0.0112
                      Mean entropy loss: 16.8606
                            Mean reward: -1.41
                    Mean episode length: 42.38
                        Mean action std: 0.81
       Mean episode rew_self_collisions: -0.0001
    Mean episode rew_body_pose_tracking: 0.0000
                  Mean episode rew_pose: 0.0054
        Mean episode rew_head_pose_bias: 0.0000
Mean episode rew_track_angular_velocity: 0.0017
              Mean episode rew_air_time: 0.0371
     Mean episode rew_foot_swing_height: -0.0012
        Mean episode rew_foot_clearance: -0.0007
    Mean episode rew_head_pose_tracking: 0.0830
          Mean episode rew_body_ang_vel: -0.0192
        Mean episode rew_dof_pos_limits: -0.0008
        Mean episode rew_laser_progress: 0.0123
               Mean episode rew_upright: 0.0655
            Mean episode rew_laser_stop: 0.0005
            Mean episode rew_laser_fall: -0.2500
             Mean episode rew_foot_slip: -0.0001
      Mean episode rew_angular_momentum: -0.0000
 Mean episode rew_track_linear_velocity: 0.1049
        Mean episode rew_action_rate_l2: -0.0826
--------------------------------------------------------------------------------
                         Iteration time: 1.94s
                           Time elapsed: 0:00:37
                                    ETA: 0:16:52

################################################################################
[1m                           Learning iteration 18/500                            [0m 

                               Run name: laser-follow-20260904-v1
                            Total steps: 466944 
                       Steps per second: 12167 
                        Collection time: 1.775s 
                          Learning time: 0.245s 
                        Mean value loss: 0.7625
                    Mean surrogate loss: -0.0098
                      Mean entropy loss: 16.8625
                            Mean reward: -0.59
                    Mean episode length: 47.54
                        Mean action std: 0.81
       Mean episode rew_self_collisions: -0.0001
    Mean episode rew_body_pose_tracking: 0.0000
                  Mean episode rew_pose: 0.0056
        Mean episode rew_head_pose_bias: 0.0000
Mean episode rew_track_angular_velocity: 0.0018
              Mean episode rew_air_time: 0.0381
     Mean episode rew_foot_swing_height: -0.0012
        Mean episode rew_foot_clearance: -0.0007
    Mean episode rew_head_pose_tracking: 0.0851
          Mean episode rew_body_ang_vel: -0.0191
        Mean episode rew_dof_pos_limits: -0.0008
        Mean episode rew_laser_progress: 0.0160
               Mean episode rew_upright: 0.0697
            Mean episode rew_laser_stop: 0.0005
            Mean episode rew_laser_fall: -0.2500
             Mean episode rew_foot_slip: -0.0001
      Mean episode rew_angular_momentum: -0.0000
 Mean episode rew_track_linear_velocity: 0.1118
        Mean episode rew_action_rate_l2: -0.0855
--------------------------------------------------------------------------------
                         Iteration time: 2.02s
                           Time elapsed: 0:00:39
                                    ETA: 0:16:48

################################################################################
[1m                           Learning iteration 19/500                            [0m 

                               Run name: laser-follow-20260904-v1
                            Total steps: 491520 
                       Steps per second: 12279 
                        Collection time: 1.761s 
                          Learning time: 0.240s 
                        Mean value loss: 0.7458
                    Mean surrogate loss: -0.0101
                      Mean entropy loss: 16.8561
                            Mean reward: -1.11
                    Mean episode length: 44.19
                        Mean action std: 0.81
       Mean episode rew_self_collisions: -0.0001
    Mean episode rew_body_pose_tracking: 0.0000
                  Mean episode rew_pose: 0.0055
        Mean episode rew_head_pose_bias: 0.0000
Mean episode rew_track_angular_velocity: 0.0016
              Mean episode rew_air_time: 0.0373
     Mean episode rew_foot_swing_height: -0.0012
        Mean episode rew_foot_clearance: -0.0007
    Mean episode rew_head_pose_tracking: 0.0820
          Mean episode rew_body_ang_vel: -0.0186
        Mean episode rew_dof_pos_limits: -0.0008
        Mean episode rew_laser_progress: 0.0142
               Mean episode rew_upright: 0.0656
            Mean episode rew_laser_stop: 0.0004
            Mean episode rew_laser_fall: -0.2500
             Mean episode rew_foot_slip: -0.0001
      Mean episode rew_angular_momentum: -0.0000
 Mean episode rew_track_linear_velocity: 0.1053
        Mean episode rew_action_rate_l2: -0.0822
--------------------------------------------------------------------------------
                         Iteration time: 2.00s
                           Time elapsed: 0:00:41
                                    ETA: 0:16:44

################################################################################
[1m                           Learning iteration 20/500                            [0m 

                               Run name: laser-follow-20260904-v1
                            Total steps: 516096 
                       Steps per second: 12313 
                        Collection time: 1.759s 
                          Learning time: 0.237s 
                        Mean value loss: 0.7523
                    Mean surrogate loss: -0.0080
                      Mean entropy loss: 16.8545
                            Mean reward: -0.49
                    Mean episode length: 47.83
                        Mean action std: 0.81
       Mean episode rew_self_collisions: -0.0001
    Mean episode rew_body_pose_tracking: 0.0000
                  Mean episode rew_pose: 0.0054
        Mean episode rew_head_pose_bias: 0.0000
Mean episode rew_track_angular_velocity: 0.0019
              Mean episode rew_air_time: 0.0366
     Mean episode rew_foot_swing_height: -0.0011
        Mean episode rew_foot_clearance: -0.0007
    Mean episode rew_head_pose_tracking: 0.0865
          Mean episode rew_body_ang_vel: -0.0190
        Mean episode rew_dof_pos_limits: -0.0008
        Mean episode rew_laser_progress: 0.0167
               Mean episode rew_upright: 0.0719
            Mean episode rew_laser_stop: 0.0008
            Mean episode rew_laser_fall: -0.2500
             Mean episode rew_foot_slip: -0.0001
      Mean episode rew_angular_momentum: -0.0000
 Mean episode rew_track_linear_velocity: 0.1154
        Mean episode rew_action_rate_l2: -0.0862
--------------------------------------------------------------------------------
                         Iteration time: 2.00s
                           Time elapsed: 0:00:43
                                    ETA: 0:16:39

################################################################################
[1m                           Learning iteration 21/500                            [0m 

                               Run name: laser-follow-20260904-v1
                            Total steps: 540672 
                       Steps per second: 12355 
                        Collection time: 1.740s 
                          Learning time: 0.249s 
                        Mean value loss: 0.6990
                    Mean surrogate loss: -0.0073
                      Mean entropy loss: 16.8528
                            Mean reward: -0.84
                    Mean episode length: 46.06
                        Mean action std: 0.81
       Mean episode rew_self_collisions: -0.0001
    Mean episode rew_body_pose_tracking: 0.0000
                  Mean episode rew_pose: 0.0055
        Mean episode rew_head_pose_bias: 0.0000
Mean episode rew_track_angular_velocity: 0.0017
              Mean episode rew_air_time: 0.0364
     Mean episode rew_foot_swing_height: -0.0012
        Mean episode rew_foot_clearance: -0.0007
    Mean episode rew_head_pose_tracking: 0.0845
          Mean episode rew_body_ang_vel: -0.0191
        Mean episode rew_dof_pos_limits: -0.0008
        Mean episode rew_laser_progress: 0.0161
               Mean episode rew_upright: 0.0700
            Mean episode rew_laser_stop: 0.0006
            Mean episode rew_laser_fall: -0.2500
             Mean episode rew_foot_slip: -0.0001
      Mean episode rew_angular_momentum: -0.0000
 Mean episode rew_track_linear_velocity: 0.1116
        Mean episode rew_action_rate_l2: -0.0855
--------------------------------------------------------------------------------
                         Iteration time: 1.99s
                           Time elapsed: 0:00:45
                                    ETA: 0:16:35

################################################################################
[1m                           Learning iteration 22/500                            [0m 

                               Run name: laser-follow-20260904-v1
                            Total steps: 565248 
                       Steps per second: 11024 
                        Collection time: 1.960s 
                          Learning time: 0.270s 
                        Mean value loss: 0.7050
                    Mean surrogate loss: -0.0093
                      Mean entropy loss: 16.8500
                            Mean reward: -0.81
                    Mean episode length: 46.72
                        Mean action std: 0.81
       Mean episode rew_self_collisions: -0.0001
    Mean episode rew_body_pose_tracking: 0.0000
                  Mean episode rew_pose: 0.0056
        Mean episode rew_head_pose_bias: 0.0000
Mean episode rew_track_angular_velocity: 0.0019
              Mean episode rew_air_time: 0.0358
     Mean episode rew_foot_swing_height: -0.0012
        Mean episode rew_foot_clearance: -0.0007
    Mean episode rew_head_pose_tracking: 0.0860
          Mean episode rew_body_ang_vel: -0.0189
        Mean episode rew_dof_pos_limits: -0.0009
        Mean episode rew_laser_progress: 0.0166
               Mean episode rew_upright: 0.0703
            Mean episode rew_laser_stop: 0.0007
            Mean episode rew_laser_fall: -0.2500
             Mean episode rew_foot_slip: -0.0001
      Mean episode rew_angular_momentum: -0.0000
 Mean episode rew_track_linear_velocity: 0.1152
        Mean episode rew_action_rate_l2: -0.0871
--------------------------------------------------------------------------------
                         Iteration time: 2.23s
                           Time elapsed: 0:00:48
                                    ETA: 0:16:36

################################################################################
[1m                           Learning iteration 23/500                            [0m 

                               Run name: laser-follow-20260904-v1
                            Total steps: 589824 
                       Steps per second: 10288 
                        Collection time: 2.101s 
                          Learning time: 0.288s 
                        Mean value loss: 0.6893
                    Mean surrogate loss: -0.0123
                      Mean entropy loss: 16.8463
                            Mean reward: -0.66
                    Mean episode length: 47.44
                        Mean action std: 0.81
       Mean episode rew_self_collisions: -0.0001
    Mean episode rew_body_pose_tracking: 0.0000
                  Mean episode rew_pose: 0.0056
        Mean episode rew_head_pose_bias: 0.0000
Mean episode rew_track_angular_velocity: 0.0019
              Mean episode rew_air_time: 0.0370
     Mean episode rew_foot_swing_height: -0.0012
        Mean episode rew_foot_clearance: -0.0007
    Mean episode rew_head_pose_tracking: 0.0865
          Mean episode rew_body_ang_vel: -0.0194
        Mean episode rew_dof_pos_limits: -0.0009
        Mean episode rew_laser_progress: 0.0180
               Mean episode rew_upright: 0.0721
            Mean episode rew_laser_stop: 0.0006
            Mean episode rew_laser_fall: -0.2500
             Mean episode rew_foot_slip: -0.0001
      Mean episode rew_angular_momentum: -0.0000
 Mean episode rew_track_linear_velocity: 0.1188
        Mean episode rew_action_rate_l2: -0.0883
--------------------------------------------------------------------------------
                         Iteration time: 2.39s
                           Time elapsed: 0:00:50
                                    ETA: 0:16:40

################################################################################
[1m                           Learning iteration 24/500                            [0m 

                               Run name: laser-follow-20260904-v1
                            Total steps: 614400 
                       Steps per second: 10322 
                        Collection time: 2.099s 
                          Learning time: 0.282s 
                        Mean value loss: 0.6731
                    Mean surrogate loss: -0.0123
                      Mean entropy loss: 16.8297
                            Mean reward: -0.18
                    Mean episode length: 51.85
                        Mean action std: 0.81
       Mean episode rew_self_collisions: -0.0001
    Mean episode rew_body_pose_tracking: 0.0000
                  Mean episode rew_pose: 0.0055
        Mean episode rew_head_pose_bias: 0.0000
Mean episode rew_track_angular_velocity: 0.0019
              Mean episode rew_air_time: 0.0379
     Mean episode rew_foot_swing_height: -0.0012
        Mean episode rew_foot_clearance: -0.0007
    Mean episode rew_head_pose_tracking: 0.0879
          Mean episode rew_body_ang_vel: -0.0192
        Mean episode rew_dof_pos_limits: -0.0010
        Mean episode rew_laser_progress: 0.0179
               Mean episode rew_upright: 0.0741
            Mean episode rew_laser_stop: 0.0005
            Mean episode rew_laser_fall: -0.2500
             Mean episode rew_foot_slip: -0.0001
      Mean episode rew_angular_momentum: -0.0000
 Mean episode rew_track_linear_velocity: 0.1195
        Mean episode rew_action_rate_l2: -0.0894
--------------------------------------------------------------------------------
                         Iteration time: 2.38s
                           Time elapsed: 0:00:52
                                    ETA: 0:16:43

################################################################################
[1m                           Learning iteration 25/500                            [0m 

                               Run name: laser-follow-20260904-v1
                            Total steps: 638976 
                       Steps per second: 9936 
                        Collection time: 2.174s 
                          Learning time: 0.299s 
                        Mean value loss: 0.7025
                    Mean surrogate loss: -0.0126
                      Mean entropy loss: 16.8190
                            Mean reward: -0.30
                    Mean episode length: 50.03
                        Mean action std: 0.81
       Mean episode rew_self_collisions: -0.0001
    Mean episode rew_body_pose_tracking: 0.0000
                  Mean episode rew_pose: 0.0055
        Mean episode rew_head_pose_bias: 0.0000
Mean episode rew_track_angular_velocity: 0.0019
              Mean episode rew_air_time: 0.0362
     Mean episode rew_foot_swing_height: -0.0013
        Mean episode rew_foot_clearance: -0.0007
    Mean episode rew_head_pose_tracking: 0.0863
          Mean episode rew_body_ang_vel: -0.0190
        Mean episode rew_dof_pos_limits: -0.0010
        Mean episode rew_laser_progress: 0.0171
               Mean episode rew_upright: 0.0712
            Mean episode rew_laser_stop: 0.0005
            Mean episode rew_laser_fall: -0.2500
             Mean episode rew_foot_slip: -0.0001
      Mean episode rew_angular_momentum: -0.0000
 Mean episode rew_track_linear_velocity: 0.1166
        Mean episode rew_action_rate_l2: -0.0888
--------------------------------------------------------------------------------
                         Iteration time: 2.47s
                           Time elapsed: 0:00:55
                                    ETA: 0:16:48

################################################################################
[1m                           Learning iteration 26/500                            [0m 

                               Run name: laser-follow-20260904-v1
                            Total steps: 663552 
                       Steps per second: 9956 
                        Collection time: 2.184s 
                          Learning time: 0.284s 
                        Mean value loss: 0.6937
                    Mean surrogate loss: -0.0112
                      Mean entropy loss: 16.8114
                            Mean reward: 0.29
                    Mean episode length: 55.11
                        Mean action std: 0.80
       Mean episode rew_self_collisions: -0.0001
    Mean episode rew_body_pose_tracking: 0.0000
                  Mean episode rew_pose: 0.0056
        Mean episode rew_head_pose_bias: 0.0000
Mean episode rew_track_angular_velocity: 0.0019
              Mean episode rew_air_time: 0.0376
     Mean episode rew_foot_swing_height: -0.0012
        Mean episode rew_foot_clearance: -0.0007
    Mean episode rew_head_pose_tracking: 0.0874
          Mean episode rew_body_ang_vel: -0.0191
        Mean episode rew_dof_pos_limits: -0.0010
        Mean episode rew_laser_progress: 0.0181
               Mean episode rew_upright: 0.0738
            Mean episode rew_laser_stop: 0.0004
            Mean episode rew_laser_fall: -0.2500
             Mean episode rew_foot_slip: -0.0001
      Mean episode rew_angular_momentum: -0.0000
 Mean episode rew_track_linear_velocity: 0.1192
        Mean episode rew_action_rate_l2: -0.0900
--------------------------------------------------------------------------------
                         Iteration time: 2.47s
                           Time elapsed: 0:00:57
                                    ETA: 0:16:51

################################################################################
[1m                           Learning iteration 27/500                            [0m 

                               Run name: laser-follow-20260904-v1
                            Total steps: 688128 
                       Steps per second: 10062 
                        Collection time: 2.145s 
                          Learning time: 0.297s 
                        Mean value loss: 0.6905
                    Mean surrogate loss: -0.0093
                      Mean entropy loss: 16.8066
                            Mean reward: -0.32
                    Mean episode length: 49.03
                        Mean action std: 0.80
       Mean episode rew_self_collisions: -0.0001
    Mean episode rew_body_pose_tracking: 0.0000
                  Mean episode rew_pose: 0.0057
        Mean episode rew_head_pose_bias: 0.0000
Mean episode rew_track_angular_velocity: 0.0019
              Mean episode rew_air_time: 0.0380
     Mean episode rew_foot_swing_height: -0.0013
        Mean episode rew_foot_clearance: -0.0008
    Mean episode rew_head_pose_tracking: 0.0887
          Mean episode rew_body_ang_vel: -0.0191
        Mean episode rew_dof_pos_limits: -0.0010
        Mean episode rew_laser_progress: 0.0189
               Mean episode rew_upright: 0.0747
            Mean episode rew_laser_stop: 0.0005
            Mean episode rew_laser_fall: -0.2500
             Mean episode rew_foot_slip: -0.0001
      Mean episode rew_angular_momentum: -0.0000
 Mean episode rew_track_linear_velocity: 0.1210
        Mean episode rew_action_rate_l2: -0.0921
--------------------------------------------------------------------------------
                         Iteration time: 2.44s
                           Time elapsed: 0:01:00
                                    ETA: 0:16:54

################################################################################
[1m                           Learning iteration 28/500                            [0m 

                               Run name: laser-follow-20260904-v1
                            Total steps: 712704 
                       Steps per second: 10247 
                        Collection time: 2.099s 
                          Learning time: 0.299s 
                        Mean value loss: 0.6970
                    Mean surrogate loss: -0.0077
                      Mean entropy loss: 16.8014
                            Mean reward: -0.23
                    Mean episode length: 51.62
                        Mean action std: 0.80
       Mean episode rew_self_collisions: -0.0001
    Mean episode rew_body_pose_tracking: 0.0000
                  Mean episode rew_pose: 0.0058
        Mean episode rew_head_pose_bias: 0.0000
Mean episode rew_track_angular_velocity: 0.0021
              Mean episode rew_air_time: 0.0385
     Mean episode rew_foot_swing_height: -0.0013
        Mean episode rew_foot_clearance: -0.0007
    Mean episode rew_head_pose_tracking: 0.0921
          Mean episode rew_body_ang_vel: -0.0195
        Mean episode rew_dof_pos_limits: -0.0010
        Mean episode rew_laser_progress: 0.0186
               Mean episode rew_upright: 0.0800
            Mean episode rew_laser_stop: 0.0008
            Mean episode rew_laser_fall: -0.2500
             Mean episode rew_foot_slip: -0.0001
      Mean episode rew_angular_momentum: -0.0000
 Mean episode rew_track_linear_velocity: 0.1285
        Mean episode rew_action_rate_l2: -0.0961
--------------------------------------------------------------------------------
                         Iteration time: 2.40s
                           Time elapsed: 0:01:02
                                    ETA: 0:16:56

################################################################################
[1m                           Learning iteration 29/500                            [0m 

                               Run name: laser-follow-20260904-v1
                            Total steps: 737280 
                       Steps per second: 10139 
                        Collection time: 2.129s 
                          Learning time: 0.295s 
                        Mean value loss: 0.6869
                    Mean surrogate loss: -0.0090
                      Mean entropy loss: 16.7996
                            Mean reward: -0.10
                    Mean episode length: 52.98
                        Mean action std: 0.80
       Mean episode rew_self_collisions: -0.0001
    Mean episode rew_body_pose_tracking: 0.0000
                  Mean episode rew_pose: 0.0059
        Mean episode rew_head_pose_bias: 0.0000
Mean episode rew_track_angular_velocity: 0.0020
              Mean episode rew_air_time: 0.0405
     Mean episode rew_foot_swing_height: -0.0013
        Mean episode rew_foot_clearance: -0.0008
    Mean episode rew_head_pose_tracking: 0.0906
          Mean episode rew_body_ang_vel: -0.0191
        Mean episode rew_dof_pos_limits: -0.0011
        Mean episode rew_laser_progress: 0.0196
               Mean episode rew_upright: 0.0793
            Mean episode rew_laser_stop: 0.0004
            Mean episode rew_laser_fall: -0.2500
             Mean episode rew_foot_slip: -0.0001
      Mean episode rew_angular_momentum: -0.0000
 Mean episode rew_track_linear_velocity: 0.1252
        Mean episode rew_action_rate_l2: -0.0950
--------------------------------------------------------------------------------
                         Iteration time: 2.42s
                           Time elapsed: 0:01:05
                                    ETA: 0:16:58

################################################################################
[1m                           Learning iteration 30/500                            [0m 

                               Run name: laser-follow-20260904-v1
                            Total steps: 761856 
                       Steps per second: 10168 
                        Collection time: 2.150s 
                          Learning time: 0.267s 
                        Mean value loss: 0.7084
                    Mean surrogate loss: -0.0101
                      Mean entropy loss: 16.7941
                            Mean reward: -0.06
                    Mean episode length: 51.50
                        Mean action std: 0.80
       Mean episode rew_self_collisions: -0.0001
    Mean episode rew_body_pose_tracking: 0.0000
                  Mean episode rew_pose: 0.0058
        Mean episode rew_head_pose_bias: 0.0000
Mean episode rew_track_angular_velocity: 0.0019
              Mean episode rew_air_time: 0.0385
     Mean episode rew_foot_swing_height: -0.0012
        Mean episode rew_foot_clearance: -0.0007
    Mean episode rew_head_pose_tracking: 0.0896
          Mean episode rew_body_ang_vel: -0.0188
        Mean episode rew_dof_pos_limits: -0.0010
        Mean episode rew_laser_progress: 0.0217
               Mean episode rew_upright: 0.0791
            Mean episode rew_laser_stop: 0.0005
            Mean episode rew_laser_fall: -0.2500
             Mean episode rew_foot_slip: -0.0001
      Mean episode rew_angular_momentum: -0.0000
 Mean episode rew_track_linear_velocity: 0.1257
        Mean episode rew_action_rate_l2: -0.0938
--------------------------------------------------------------------------------
                         Iteration time: 2.42s
                           Time elapsed: 0:01:07
                                    ETA: 0:17:00

################################################################################
[1m                           Learning iteration 31/500                            [0m 

                               Run name: laser-follow-20260904-v1
                            Total steps: 786432 
                       Steps per second: 10119 
                        Collection time: 2.134s 
                          Learning time: 0.295s 
                        Mean value loss: 0.7587
                    Mean surrogate loss: -0.0080
                      Mean entropy loss: 16.7882
                            Mean reward: -0.46
                    Mean episode length: 49.44
                        Mean action std: 0.80
       Mean episode rew_self_collisions: -0.0001
    Mean episode rew_body_pose_tracking: 0.0000
                  Mean episode rew_pose: 0.0056
        Mean episode rew_head_pose_bias: 0.0000
Mean episode rew_track_angular_velocity: 0.0021
              Mean episode rew_air_time: 0.0366
     Mean episode rew_foot_swing_height: -0.0013
        Mean episode rew_foot_clearance: -0.0007
    Mean episode rew_head_pose_tracking: 0.0878
          Mean episode rew_body_ang_vel: -0.0190
        Mean episode rew_dof_pos_limits: -0.0010
        Mean episode rew_laser_progress: 0.0200
               Mean episode rew_upright: 0.0767
            Mean episode rew_laser_stop: 0.0005
            Mean episode rew_laser_fall: -0.2500
             Mean episode rew_foot_slip: -0.0001
      Mean episode rew_angular_momentum: -0.0000
 Mean episode rew_track_linear_velocity: 0.1218
        Mean episode rew_action_rate_l2: -0.0927
--------------------------------------------------------------------------------
                         Iteration time: 2.43s
                           Time elapsed: 0:01:09
                                    ETA: 0:17:01

################################################################################
[1m                           Learning iteration 32/500                            [0m 

                               Run name: laser-follow-20260904-v1
                            Total steps: 811008 
                       Steps per second: 9996 
                        Collection time: 2.165s 
                          Learning time: 0.293s 
                        Mean value loss: 0.7680
                    Mean surrogate loss: -0.0086
                      Mean entropy loss: 16.7815
                            Mean reward: 0.02
                    Mean episode length: 51.70
                        Mean action std: 0.80
       Mean episode rew_self_collisions: -0.0001
    Mean episode rew_body_pose_tracking: 0.0000
                  Mean episode rew_pose: 0.0061
        Mean episode rew_head_pose_bias: 0.0000
Mean episode rew_track_angular_velocity: 0.0021
              Mean episode rew_air_time: 0.0388
     Mean episode rew_foot_swing_height: -0.0013
        Mean episode rew_foot_clearance: -0.0007
    Mean episode rew_head_pose_tracking: 0.0916
          Mean episode rew_body_ang_vel: -0.0194
        Mean episode rew_dof_pos_limits: -0.0010
        Mean episode rew_laser_progress: 0.0212
               Mean episode rew_upright: 0.0820
            Mean episode rew_laser_stop: 0.0005
            Mean episode rew_laser_fall: -0.2500
             Mean episode rew_foot_slip: -0.0001
      Mean episode rew_angular_momentum: -0.0000
 Mean episode rew_track_linear_velocity: 0.1306
        Mean episode rew_action_rate_l2: -0.0968
--------------------------------------------------------------------------------
                         Iteration time: 2.46s
                           Time elapsed: 0:01:12
                                    ETA: 0:17:03

################################################################################
[1m                           Learning iteration 33/500                            [0m 

                               Run name: laser-follow-20260904-v1
                            Total steps: 835584 
                       Steps per second: 9589 
                        Collection time: 2.243s 
                          Learning time: 0.319s 
                        Mean value loss: 0.7869
                    Mean surrogate loss: -0.0088
                      Mean entropy loss: 16.7747
                            Mean reward: 0.24
                    Mean episode length: 53.18
                        Mean action std: 0.80
       Mean episode rew_self_collisions: -0.0001
    Mean episode rew_body_pose_tracking: 0.0000
                  Mean episode rew_pose: 0.0061
        Mean episode rew_head_pose_bias: 0.0000
Mean episode rew_track_angular_velocity: 0.0021
              Mean episode rew_air_time: 0.0382
     Mean episode rew_foot_swing_height: -0.0013
        Mean episode rew_foot_clearance: -0.0007
    Mean episode rew_head_pose_tracking: 0.0926
          Mean episode rew_body_ang_vel: -0.0191
        Mean episode rew_dof_pos_limits: -0.0011
        Mean episode rew_laser_progress: 0.0212
               Mean episode rew_upright: 0.0845
            Mean episode rew_laser_stop: 0.0006
            Mean episode rew_laser_fall: -0.2500
             Mean episode rew_foot_slip: -0.0001
      Mean episode rew_angular_momentum: -0.0000
 Mean episode rew_track_linear_velocity: 0.1316
        Mean episode rew_action_rate_l2: -0.0987
--------------------------------------------------------------------------------
                         Iteration time: 2.56s
                           Time elapsed: 0:01:14
                                    ETA: 0:17:06

################################################################################
[1m                           Learning iteration 34/500                            [0m 

                               Run name: laser-follow-20260904-v1
                            Total steps: 860160 
                       Steps per second: 9626 
                        Collection time: 2.255s 
                          Learning time: 0.298s 
                        Mean value loss: 0.7715
                    Mean surrogate loss: -0.0104
                      Mean entropy loss: 16.7640
                            Mean reward: 0.31
                    Mean episode length: 54.72
                        Mean action std: 0.80
       Mean episode rew_self_collisions: -0.0001
    Mean episode rew_body_pose_tracking: 0.0000
                  Mean episode rew_pose: 0.0060
        Mean episode rew_head_pose_bias: 0.0000
Mean episode rew_track_angular_velocity: 0.0022
              Mean episode rew_air_time: 0.0384
     Mean episode rew_foot_swing_height: -0.0013
        Mean episode rew_foot_clearance: -0.0007
    Mean episode rew_head_pose_tracking: 0.0909
          Mean episode rew_body_ang_vel: -0.0191
        Mean episode rew_dof_pos_limits: -0.0010
        Mean episode rew_laser_progress: 0.0219
               Mean episode rew_upright: 0.0820
            Mean episode rew_laser_stop: 0.0007
            Mean episode rew_laser_fall: -0.2500
             Mean episode rew_foot_slip: -0.0001
      Mean episode rew_angular_momentum: -0.0000
 Mean episode rew_track_linear_velocity: 0.1314
        Mean episode rew_action_rate_l2: -0.0972
--------------------------------------------------------------------------------
                         Iteration time: 2.55s
                           Time elapsed: 0:01:17
                                    ETA: 0:17:08

################################################################################
[1m                           Learning iteration 35/500                            [0m 

                               Run name: laser-follow-20260904-v1
                            Total steps: 884736 
                       Steps per second: 9652 
                        Collection time: 2.243s 
                          Learning time: 0.303s 
                        Mean value loss: 0.7979
                    Mean surrogate loss: -0.0089
                      Mean entropy loss: 16.7575
                            Mean reward: 0.53
                    Mean episode length: 55.94
                        Mean action std: 0.80
       Mean episode rew_self_collisions: -0.0001
    Mean episode rew_body_pose_tracking: 0.0000
                  Mean episode rew_pose: 0.0060
        Mean episode rew_head_pose_bias: 0.0000
Mean episode rew_track_angular_velocity: 0.0021
              Mean episode rew_air_time: 0.0378
     Mean episode rew_foot_swing_height: -0.0012
        Mean episode rew_foot_clearance: -0.0007
    Mean episode rew_head_pose_tracking: 0.0933
          Mean episode rew_body_ang_vel: -0.0189
        Mean episode rew_dof_pos_limits: -0.0011
        Mean episode rew_laser_progress: 0.0222
               Mean episode rew_upright: 0.0859
            Mean episode rew_laser_stop: 0.0007
            Mean episode rew_laser_fall: -0.2500
             Mean episode rew_foot_slip: -0.0001
      Mean episode rew_angular_momentum: -0.0000
 Mean episode rew_track_linear_velocity: 0.1360
        Mean episode rew_action_rate_l2: -0.1004
--------------------------------------------------------------------------------
                         Iteration time: 2.55s
                           Time elapsed: 0:01:19
                                    ETA: 0:17:11

################################################################################
[1m                           Learning iteration 36/500                            [0m 

                               Run name: laser-follow-20260904-v1
                            Total steps: 909312 
                       Steps per second: 9980 
                        Collection time: 2.168s 
                          Learning time: 0.294s 
                        Mean value loss: 0.8017
                    Mean surrogate loss: -0.0102
                      Mean entropy loss: 16.7481
                            Mean reward: 0.50
                    Mean episode length: 55.87
                        Mean action std: 0.80
       Mean episode rew_self_collisions: -0.0001
    Mean episode rew_body_pose_tracking: 0.0000
                  Mean episode rew_pose: 0.0063
        Mean episode rew_head_pose_bias: 0.0000
Mean episode rew_track_angular_velocity: 0.0022
              Mean episode rew_air_time: 0.0373
     Mean episode rew_foot_swing_height: -0.0013
        Mean episode rew_foot_clearance: -0.0007
    Mean episode rew_head_pose_tracking: 0.0957
          Mean episode rew_body_ang_vel: -0.0190
        Mean episode rew_dof_pos_limits: -0.0011
        Mean episode rew_laser_progress: 0.0238
               Mean episode rew_upright: 0.0903
            Mean episode rew_laser_stop: 0.0008
            Mean episode rew_laser_fall: -0.2500
             Mean episode rew_foot_slip: -0.0001
      Mean episode rew_angular_momentum: -0.0000
 Mean episode rew_track_linear_velocity: 0.1431
        Mean episode rew_action_rate_l2: -0.1037
--------------------------------------------------------------------------------
                         Iteration time: 2.46s
                           Time elapsed: 0:01:22
                                    ETA: 0:17:11

################################################################################
[1m                           Learning iteration 37/500                            [0m 

                               Run name: laser-follow-20260904-v1
                            Total steps: 933888 
                       Steps per second: 9493 
                        Collection time: 2.281s 
                          Learning time: 0.308s 
                        Mean value loss: 0.8685
                    Mean surrogate loss: -0.0097
                      Mean entropy loss: 16.7412
                            Mean reward: 0.86
                    Mean episode length: 58.18
                        Mean action std: 0.80
       Mean episode rew_self_collisions: -0.0001
    Mean episode rew_body_pose_tracking: 0.0000
                  Mean episode rew_pose: 0.0062
        Mean episode rew_head_pose_bias: 0.0000
Mean episode rew_track_angular_velocity: 0.0023
              Mean episode rew_air_time: 0.0395
     Mean episode rew_foot_swing_height: -0.0013
        Mean episode rew_foot_clearance: -0.0007
    Mean episode rew_head_pose_tracking: 0.0939
          Mean episode rew_body_ang_vel: -0.0188
        Mean episode rew_dof_pos_limits: -0.0012
        Mean episode rew_laser_progress: 0.0261
               Mean episode rew_upright: 0.0884
            Mean episode rew_laser_stop: 0.0006
            Mean episode rew_laser_fall: -0.2500
             Mean episode rew_foot_slip: -0.0001
      Mean episode rew_angular_momentum: -0.0000
 Mean episode rew_track_linear_velocity: 0.1409
        Mean episode rew_action_rate_l2: -0.1025
--------------------------------------------------------------------------------
                         Iteration time: 2.59s
                           Time elapsed: 0:01:25
                                    ETA: 0:17:13

################################################################################
[1m                           Learning iteration 38/500                            [0m 

                               Run name: laser-follow-20260904-v1
                            Total steps: 958464 
                       Steps per second: 9694 
                        Collection time: 2.223s 
                          Learning time: 0.312s 
                        Mean value loss: 0.8836
                    Mean surrogate loss: -0.0072
                      Mean entropy loss: 16.7364
                            Mean reward: 0.33
                    Mean episode length: 53.77
                        Mean action std: 0.80
       Mean episode rew_self_collisions: -0.0001
    Mean episode rew_body_pose_tracking: 0.0000
                  Mean episode rew_pose: 0.0064
        Mean episode rew_head_pose_bias: 0.0000
Mean episode rew_track_angular_velocity: 0.0023
              Mean episode rew_air_time: 0.0402
     Mean episode rew_foot_swing_height: -0.0013
        Mean episode rew_foot_clearance: -0.0008
    Mean episode rew_head_pose_tracking: 0.0951
          Mean episode rew_body_ang_vel: -0.0190
        Mean episode rew_dof_pos_limits: -0.0012
        Mean episode rew_laser_progress: 0.0267
               Mean episode rew_upright: 0.0894
            Mean episode rew_laser_stop: 0.0006
            Mean episode rew_laser_fall: -0.2500
             Mean episode rew_foot_slip: -0.0001
      Mean episode rew_angular_momentum: -0.0000
 Mean episode rew_track_linear_velocity: 0.1405
        Mean episode rew_action_rate_l2: -0.1042
--------------------------------------------------------------------------------
                         Iteration time: 2.54s
                           Time elapsed: 0:01:27
                                    ETA: 0:17:15

################################################################################
[1m                           Learning iteration 39/500                            [0m 

                               Run name: laser-follow-20260904-v1
                            Total steps: 983040 
                       Steps per second: 9682 
                        Collection time: 2.225s 
                          Learning time: 0.314s 
                        Mean value loss: 0.7962
                    Mean surrogate loss: -0.0087
                      Mean entropy loss: 16.7312
                            Mean reward: 0.94
                    Mean episode length: 59.76
                        Mean action std: 0.80
       Mean episode rew_self_collisions: -0.0001
    Mean episode rew_body_pose_tracking: 0.0000
                  Mean episode rew_pose: 0.0062
        Mean episode rew_head_pose_bias: 0.0000
Mean episode rew_track_angular_velocity: 0.0024
              Mean episode rew_air_time: 0.0388
     Mean episode rew_foot_swing_height: -0.0014
        Mean episode rew_foot_clearance: -0.0008
    Mean episode rew_head_pose_tracking: 0.0984
          Mean episode rew_body_ang_vel: -0.0194
        Mean episode rew_dof_pos_limits: -0.0012
        Mean episode rew_laser_progress: 0.0253
               Mean episode rew_upright: 0.0939
            Mean episode rew_laser_stop: 0.0009
            Mean episode rew_laser_fall: -0.2500
             Mean episode rew_foot_slip: -0.0001
      Mean episode rew_angular_momentum: -0.0000
 Mean episode rew_track_linear_velocity: 0.1486
        Mean episode rew_action_rate_l2: -0.1079
--------------------------------------------------------------------------------
                         Iteration time: 2.54s
                           Time elapsed: 0:01:30
                                    ETA: 0:17:16

################################################################################
[1m                           Learning iteration 40/500                            [0m 

                               Run name: laser-follow-20260904-v1
                            Total steps: 1007616 
                       Steps per second: 9627 
                        Collection time: 2.237s 
                          Learning time: 0.316s 
                        Mean value loss: 0.8386
                    Mean surrogate loss: -0.0091
                      Mean entropy loss: 16.7199
                            Mean reward: 0.63
                    Mean episode length: 55.70
                        Mean action std: 0.80
       Mean episode rew_self_collisions: -0.0001
    Mean episode rew_body_pose_tracking: 0.0000
                  Mean episode rew_pose: 0.0067
        Mean episode rew_head_pose_bias: 0.0000
Mean episode rew_track_angular_velocity: 0.0025
              Mean episode rew_air_time: 0.0397
     Mean episode rew_foot_swing_height: -0.0014
        Mean episode rew_foot_clearance: -0.0008
    Mean episode rew_head_pose_tracking: 0.0997
          Mean episode rew_body_ang_vel: -0.0192
        Mean episode rew_dof_pos_limits: -0.0012
        Mean episode rew_laser_progress: 0.0274
               Mean episode rew_upright: 0.0977
            Mean episode rew_laser_stop: 0.0006
            Mean episode rew_laser_fall: -0.2500
             Mean episode rew_foot_slip: -0.0001
      Mean episode rew_angular_momentum: -0.0000
 Mean episode rew_track_linear_velocity: 0.1518
        Mean episode rew_action_rate_l2: -0.1099
--------------------------------------------------------------------------------
                         Iteration time: 2.55s
                           Time elapsed: 0:01:32
                                    ETA: 0:17:17

################################################################################
[1m                           Learning iteration 41/500                            [0m 

                               Run name: laser-follow-20260904-v1
                            Total steps: 1032192 
                       Steps per second: 9674 
                        Collection time: 2.234s 
                          Learning time: 0.306s 
                        Mean value loss: 0.8789
                    Mean surrogate loss: -0.0088
                      Mean entropy loss: 16.7069
                            Mean reward: 0.66
                    Mean episode length: 56.80
                        Mean action std: 0.80
       Mean episode rew_self_collisions: -0.0001
    Mean episode rew_body_pose_tracking: 0.0000
                  Mean episode rew_pose: 0.0063
        Mean episode rew_head_pose_bias: 0.0000
Mean episode rew_track_angular_velocity: 0.0023
              Mean episode rew_air_time: 0.0374
     Mean episode rew_foot_swing_height: -0.0013
        Mean episode rew_foot_clearance: -0.0007
    Mean episode rew_head_pose_tracking: 0.0948
          Mean episode rew_body_ang_vel: -0.0194
        Mean episode rew_dof_pos_limits: -0.0012
        Mean episode rew_laser_progress: 0.0274
               Mean episode rew_upright: 0.0920
            Mean episode rew_laser_stop: 0.0008
            Mean episode rew_laser_fall: -0.2500
             Mean episode rew_foot_slip: -0.0001
      Mean episode rew_angular_momentum: -0.0000
 Mean episode rew_track_linear_velocity: 0.1437
        Mean episode rew_action_rate_l2: -0.1055
--------------------------------------------------------------------------------
                         Iteration time: 2.54s
                           Time elapsed: 0:01:35
                                    ETA: 0:17:18

################################################################################
[1m                           Learning iteration 42/500                            [0m 

                               Run name: laser-follow-20260904-v1
                            Total steps: 1056768 
                       Steps per second: 10008 
                        Collection time: 2.174s 
                          Learning time: 0.282s 
                        Mean value loss: 0.9116
                    Mean surrogate loss: -0.0092
                      Mean entropy loss: 16.6991
                            Mean reward: 0.26
                    Mean episode length: 53.62
                        Mean action std: 0.80
       Mean episode rew_self_collisions: -0.0001
    Mean episode rew_body_pose_tracking: 0.0000
                  Mean episode rew_pose: 0.0063
        Mean episode rew_head_pose_bias: 0.0000
Mean episode rew_track_angular_velocity: 0.0025
              Mean episode rew_air_time: 0.0373
     Mean episode rew_foot_swing_height: -0.0013
        Mean episode rew_foot_clearance: -0.0007
    Mean episode rew_head_pose_tracking: 0.0961
          Mean episode rew_body_ang_vel: -0.0192
        Mean episode rew_dof_pos_limits: -0.0012
        Mean episode rew_laser_progress: 0.0279
               Mean episode rew_upright: 0.0930
            Mean episode rew_laser_stop: 0.0008
            Mean episode rew_laser_fall: -0.2500
             Mean episode rew_foot_slip: -0.0001
      Mean episode rew_angular_momentum: -0.0000
 Mean episode rew_track_linear_velocity: 0.1460
        Mean episode rew_action_rate_l2: -0.1065
--------------------------------------------------------------------------------
                         Iteration time: 2.46s
                           Time elapsed: 0:01:37
                                    ETA: 0:17:17

################################################################################
[1m                           Learning iteration 43/500                            [0m 

                               Run name: laser-follow-20260904-v1
                            Total steps: 1081344 
                       Steps per second: 11005 
                        Collection time: 1.928s 
                          Learning time: 0.305s 
                        Mean value loss: 0.8591
                    Mean surrogate loss: -0.0117
                      Mean entropy loss: 16.6919
                            Mean reward: 1.09
                    Mean episode length: 61.31
                        Mean action std: 0.80
       Mean episode rew_self_collisions: -0.0001
    Mean episode rew_body_pose_tracking: 0.0000
                  Mean episode rew_pose: 0.0068
        Mean episode rew_head_pose_bias: 0.0000
Mean episode rew_track_angular_velocity: 0.0025
              Mean episode rew_air_time: 0.0388
     Mean episode rew_foot_swing_height: -0.0015
        Mean episode rew_foot_clearance: -0.0008
    Mean episode rew_head_pose_tracking: 0.1012
          Mean episode rew_body_ang_vel: -0.0203
        Mean episode rew_dof_pos_limits: -0.0013
        Mean episode rew_laser_progress: 0.0281
               Mean episode rew_upright: 0.0987
            Mean episode rew_laser_stop: 0.0008
            Mean episode rew_laser_fall: -0.2500
             Mean episode rew_foot_slip: -0.0001
      Mean episode rew_angular_momentum: -0.0000
 Mean episode rew_track_linear_velocity: 0.1550
        Mean episode rew_action_rate_l2: -0.1123
--------------------------------------------------------------------------------
                         Iteration time: 2.23s
                           Time elapsed: 0:01:39
                                    ETA: 0:17:15

################################################################################
[1m                           Learning iteration 44/500                            [0m 

                               Run name: laser-follow-20260904-v1
                            Total steps: 1105920 
                       Steps per second: 10966 
                        Collection time: 1.982s 
                          Learning time: 0.259s 
                        Mean value loss: 0.9153
                    Mean surrogate loss: -0.0103
                      Mean entropy loss: 16.6884
                            Mean reward: 1.16
                    Mean episode length: 60.93
                        Mean action std: 0.80
       Mean episode rew_self_collisions: -0.0001
    Mean episode rew_body_pose_tracking: 0.0000
                  Mean episode rew_pose: 0.0067
        Mean episode rew_head_pose_bias: 0.0000
Mean episode rew_track_angular_velocity: 0.0025
              Mean episode rew_air_time: 0.0377
     Mean episode rew_foot_swing_height: -0.0015
        Mean episode rew_foot_clearance: -0.0008
    Mean episode rew_head_pose_tracking: 0.0989
          Mean episode rew_body_ang_vel: -0.0200
        Mean episode rew_dof_pos_limits: -0.0013
        Mean episode rew_laser_progress: 0.0288
               Mean episode rew_upright: 0.0970
            Mean episode rew_laser_stop: 0.0009
            Mean episode rew_laser_fall: -0.2500
             Mean episode rew_foot_slip: -0.0001
      Mean episode rew_angular_momentum: -0.0000
 Mean episode rew_track_linear_velocity: 0.1537
        Mean episode rew_action_rate_l2: -0.1108
--------------------------------------------------------------------------------
                         Iteration time: 2.24s
                           Time elapsed: 0:01:42
                                    ETA: 0:17:12

################################################################################
[1m                           Learning iteration 45/500                            [0m 

                               Run name: laser-follow-20260904-v1
                            Total steps: 1130496 
                       Steps per second: 10874 
                        Collection time: 2.010s 
                          Learning time: 0.250s 
                        Mean value loss: 0.8990
                    Mean surrogate loss: -0.0086
                      Mean entropy loss: 16.6870
                            Mean reward: 1.35
                    Mean episode length: 60.90
                        Mean action std: 0.80
       Mean episode rew_self_collisions: -0.0001
    Mean episode rew_body_pose_tracking: 0.0000
                  Mean episode rew_pose: 0.0070
        Mean episode rew_head_pose_bias: 0.0000
Mean episode rew_track_angular_velocity: 0.0026
              Mean episode rew_air_time: 0.0387
     Mean episode rew_foot_swing_height: -0.0015
        Mean episode rew_foot_clearance: -0.0008
    Mean episode rew_head_pose_tracking: 0.1003
          Mean episode rew_body_ang_vel: -0.0203
        Mean episode rew_dof_pos_limits: -0.0013
        Mean episode rew_laser_progress: 0.0288
               Mean episode rew_upright: 0.0998
            Mean episode rew_laser_stop: 0.0007
            Mean episode rew_laser_fall: -0.2500
             Mean episode rew_foot_slip: -0.0001
      Mean episode rew_angular_momentum: -0.0000
 Mean episode rew_track_linear_velocity: 0.1556
        Mean episode rew_action_rate_l2: -0.1123
--------------------------------------------------------------------------------
                         Iteration time: 2.26s
                           Time elapsed: 0:01:44
                                    ETA: 0:17:10

################################################################################
[1m                           Learning iteration 46/500                            [0m 

                               Run name: laser-follow-20260904-v1
                            Total steps: 1155072 
                       Steps per second: 10487 
                        Collection time: 2.062s 
                          Learning time: 0.281s 
                        Mean value loss: 1.0111
                    Mean surrogate loss: -0.0080
                      Mean entropy loss: 16.6833
                            Mean reward: 1.21
                    Mean episode length: 61.39
                        Mean action std: 0.80
       Mean episode rew_self_collisions: -0.0001
    Mean episode rew_body_pose_tracking: 0.0000
                  Mean episode rew_pose: 0.0072
        Mean episode rew_head_pose_bias: 0.0000
Mean episode rew_track_angular_velocity: 0.0028
              Mean episode rew_air_time: 0.0417
     Mean episode rew_foot_swing_height: -0.0015
        Mean episode rew_foot_clearance: -0.0008
    Mean episode rew_head_pose_tracking: 0.1042
          Mean episode rew_body_ang_vel: -0.0204
        Mean episode rew_dof_pos_limits: -0.0014
        Mean episode rew_laser_progress: 0.0311
               Mean episode rew_upright: 0.1036
            Mean episode rew_laser_stop: 0.0007
            Mean episode rew_laser_fall: -0.2500
             Mean episode rew_foot_slip: -0.0001
      Mean episode rew_angular_momentum: -0.0000
 Mean episode rew_track_linear_velocity: 0.1628
        Mean episode rew_action_rate_l2: -0.1170
--------------------------------------------------------------------------------
                         Iteration time: 2.34s
                           Time elapsed: 0:01:46
                                    ETA: 0:17:08

################################################################################
[1m                           Learning iteration 47/500                            [0m 

                               Run name: laser-follow-20260904-v1
                            Total steps: 1179648 
                       Steps per second: 10297 
                        Collection time: 2.081s 
                          Learning time: 0.305s 
                        Mean value loss: 0.9285
                    Mean surrogate loss: -0.0114
                      Mean entropy loss: 16.6768
                            Mean reward: 0.73
                    Mean episode length: 58.54
                        Mean action std: 0.80
       Mean episode rew_self_collisions: -0.0001
    Mean episode rew_body_pose_tracking: 0.0000
                  Mean episode rew_pose: 0.0069
        Mean episode rew_head_pose_bias: 0.0000
Mean episode rew_track_angular_velocity: 0.0028
              Mean episode rew_air_time: 0.0404
     Mean episode rew_foot_swing_height: -0.0015
        Mean episode rew_foot_clearance: -0.0008
    Mean episode rew_head_pose_tracking: 0.1035
          Mean episode rew_body_ang_vel: -0.0204
        Mean episode rew_dof_pos_limits: -0.0014
        Mean episode rew_laser_progress: 0.0312
               Mean episode rew_upright: 0.1031
            Mean episode rew_laser_stop: 0.0008
            Mean episode rew_laser_fall: -0.2500
             Mean episode rew_foot_slip: -0.0001
      Mean episode rew_angular_momentum: -0.0000
 Mean episode rew_track_linear_velocity: 0.1599
        Mean episode rew_action_rate_l2: -0.1171
--------------------------------------------------------------------------------
                         Iteration time: 2.39s
                           Time elapsed: 0:01:49
                                    ETA: 0:17:07

################################################################################
[1m                           Learning iteration 48/500                            [0m 

                               Run name: laser-follow-20260904-v1
                            Total steps: 1204224 
                       Steps per second: 11279 
                        Collection time: 1.929s 
                          Learning time: 0.250s 
                        Mean value loss: 0.9347
                    Mean surrogate loss: -0.0121
                      Mean entropy loss: 16.6717
                            Mean reward: 1.29
                    Mean episode length: 62.36
                        Mean action std: 0.80
       Mean episode rew_self_collisions: -0.0001
    Mean episode rew_body_pose_tracking: 0.0000
                  Mean episode rew_pose: 0.0070
        Mean episode rew_head_pose_bias: 0.0000
Mean episode rew_track_angular_velocity: 0.0024
              Mean episode rew_air_time: 0.0400
     Mean episode rew_foot_swing_height: -0.0014
        Mean episode rew_foot_clearance: -0.0008
    Mean episode rew_head_pose_tracking: 0.1037
          Mean episode rew_body_ang_vel: -0.0210
        Mean episode rew_dof_pos_limits: -0.0014
        Mean episode rew_laser_progress: 0.0294
               Mean episode rew_upright: 0.1025
            Mean episode rew_laser_stop: 0.0010
            Mean episode rew_laser_fall: -0.2500
             Mean episode rew_foot_slip: -0.0001
      Mean episode rew_angular_momentum: -0.0000
 Mean episode rew_track_linear_velocity: 0.1623
        Mean episode rew_action_rate_l2: -0.1177
--------------------------------------------------------------------------------
                         Iteration time: 2.18s
                           Time elapsed: 0:01:51
                                    ETA: 0:17:04

################################################################################
[1m                           Learning iteration 49/500                            [0m 

                               Run name: laser-follow-20260904-v1
                            Total steps: 1228800 
                       Steps per second: 11470 
                        Collection time: 1.880s 
                          Learning time: 0.262s 
                        Mean value loss: 0.9914
                    Mean surrogate loss: -0.0121
                      Mean entropy loss: 16.6663
                            Mean reward: 0.65
                    Mean episode length: 57.04
                        Mean action std: 0.80
       Mean episode rew_self_collisions: -0.0001
    Mean episode rew_body_pose_tracking: 0.0000
                  Mean episode rew_pose: 0.0072
        Mean episode rew_head_pose_bias: 0.0000
Mean episode rew_track_angular_velocity: 0.0026
              Mean episode rew_air_time: 0.0417
     Mean episode rew_foot_swing_height: -0.0015
        Mean episode rew_foot_clearance: -0.0008
    Mean episode rew_head_pose_tracking: 0.1039
          Mean episode rew_body_ang_vel: -0.0208
        Mean episode rew_dof_pos_limits: -0.0014
        Mean episode rew_laser_progress: 0.0304
               Mean episode rew_upright: 0.1043
            Mean episode rew_laser_stop: 0.0008
            Mean episode rew_laser_fall: -0.2500
             Mean episode rew_foot_slip: -0.0001
      Mean episode rew_angular_momentum: -0.0000
 Mean episode rew_track_linear_velocity: 0.1635
        Mean episode rew_action_rate_l2: -0.1181
--------------------------------------------------------------------------------
                         Iteration time: 2.14s
                           Time elapsed: 0:01:53
                                    ETA: 0:17:01

################################################################################
[1m                           Learning iteration 50/500                            [0m 

                               Run name: laser-follow-20260904-v1
                            Total steps: 1253376 
                       Steps per second: 11176 
                        Collection time: 1.933s 
                          Learning time: 0.266s 
                        Mean value loss: 1.0161
                    Mean surrogate loss: -0.0124
                      Mean entropy loss: 16.6600
                            Mean reward: 1.14
                    Mean episode length: 60.78
                        Mean action std: 0.80
       Mean episode rew_self_collisions: -0.0001
    Mean episode rew_body_pose_tracking: 0.0000
                  Mean episode rew_pose: 0.0070
        Mean episode rew_head_pose_bias: 0.0000
Mean episode rew_track_angular_velocity: 0.0026
              Mean episode rew_air_time: 0.0397
     Mean episode rew_foot_swing_height: -0.0015
        Mean episode rew_foot_clearance: -0.0008
    Mean episode rew_head_pose_tracking: 0.1030
          Mean episode rew_body_ang_vel: -0.0208
        Mean episode rew_dof_pos_limits: -0.0014
        Mean episode rew_laser_progress: 0.0317
               Mean episode rew_upright: 0.1044
            Mean episode rew_laser_stop: 0.0009
            Mean episode rew_laser_fall: -0.2500
             Mean episode rew_foot_slip: -0.0001
      Mean episode rew_angular_momentum: -0.0000
 Mean episode rew_track_linear_velocity: 0.1620
        Mean episode rew_action_rate_l2: -0.1180
--------------------------------------------------------------------------------
                         Iteration time: 2.20s
                           Time elapsed: 0:01:55
                                    ETA: 0:16:58

################################################################################
[1m                           Learning iteration 51/500                            [0m 

                               Run name: laser-follow-20260904-v1
                            Total steps: 1277952 
                       Steps per second: 11405 
                        Collection time: 1.912s 
                          Learning time: 0.242s 
                        Mean value loss: 1.0114
                    Mean surrogate loss: -0.0132
                      Mean entropy loss: 16.6533
                            Mean reward: 1.27
                    Mean episode length: 61.09
                        Mean action std: 0.80
       Mean episode rew_self_collisions: -0.0001
    Mean episode rew_body_pose_tracking: 0.0000
                  Mean episode rew_pose: 0.0075
        Mean episode rew_head_pose_bias: 0.0000
Mean episode rew_track_angular_velocity: 0.0027
              Mean episode rew_air_time: 0.0407
     Mean episode rew_foot_swing_height: -0.0015
        Mean episode rew_foot_clearance: -0.0008
    Mean episode rew_head_pose_tracking: 0.1052
          Mean episode rew_body_ang_vel: -0.0208
        Mean episode rew_dof_pos_limits: -0.0015
        Mean episode rew_laser_progress: 0.0340
               Mean episode rew_upright: 0.1076
            Mean episode rew_laser_stop: 0.0007
            Mean episode rew_laser_fall: -0.2500
             Mean episode rew_foot_slip: -0.0001
      Mean episode rew_angular_momentum: -0.0000
 Mean episode rew_track_linear_velocity: 0.1660
        Mean episode rew_action_rate_l2: -0.1204
--------------------------------------------------------------------------------
                         Iteration time: 2.15s
                           Time elapsed: 0:01:57
                                    ETA: 0:16:54

################################################################################
[1m                           Learning iteration 52/500                            [0m 

                               Run name: laser-follow-20260904-v1
                            Total steps: 1302528 
                       Steps per second: 11497 
                        Collection time: 1.876s 
                          Learning time: 0.262s 
                        Mean value loss: 1.0569
                    Mean surrogate loss: -0.0129
                      Mean entropy loss: 16.6564
                            Mean reward: 1.55
                    Mean episode length: 64.25
                        Mean action std: 0.80
       Mean episode rew_self_collisions: -0.0001
    Mean episode rew_body_pose_tracking: 0.0000
                  Mean episode rew_pose: 0.0070
        Mean episode rew_head_pose_bias: 0.0000
Mean episode rew_track_angular_velocity: 0.0027
              Mean episode rew_air_time: 0.0391
     Mean episode rew_foot_swing_height: -0.0015
        Mean episode rew_foot_clearance: -0.0008
    Mean episode rew_head_pose_tracking: 0.1037
          Mean episode rew_body_ang_vel: -0.0209
        Mean episode rew_dof_pos_limits: -0.0014
        Mean episode rew_laser_progress: 0.0300
               Mean episode rew_upright: 0.1034
            Mean episode rew_laser_stop: 0.0009
            Mean episode rew_laser_fall: -0.2500
             Mean episode rew_foot_slip: -0.0001
      Mean episode rew_angular_momentum: -0.0000
 Mean episode rew_track_linear_velocity: 0.1630
        Mean episode rew_action_rate_l2: -0.1192
--------------------------------------------------------------------------------
                         Iteration time: 2.14s
                           Time elapsed: 0:01:59
                                    ETA: 0:16:51

################################################################################
[1m                           Learning iteration 53/500                            [0m 

                               Run name: laser-follow-20260904-v1
                            Total steps: 1327104 
                       Steps per second: 11320 
                        Collection time: 1.906s 
                          Learning time: 0.264s 
                        Mean value loss: 1.0754
                    Mean surrogate loss: -0.0132
                      Mean entropy loss: 16.6528
                            Mean reward: 1.32
                    Mean episode length: 61.40
                        Mean action std: 0.80
       Mean episode rew_self_collisions: -0.0001
    Mean episode rew_body_pose_tracking: 0.0000
                  Mean episode rew_pose: 0.0075
        Mean episode rew_head_pose_bias: 0.0000
Mean episode rew_track_angular_velocity: 0.0027
              Mean episode rew_air_time: 0.0424
     Mean episode rew_foot_swing_height: -0.0015
        Mean episode rew_foot_clearance: -0.0008
    Mean episode rew_head_pose_tracking: 0.1074
          Mean episode rew_body_ang_vel: -0.0209
        Mean episode rew_dof_pos_limits: -0.0015
        Mean episode rew_laser_progress: 0.0337
               Mean episode rew_upright: 0.1106
            Mean episode rew_laser_stop: 0.0010
            Mean episode rew_laser_fall: -0.2500
             Mean episode rew_foot_slip: -0.0001
      Mean episode rew_angular_momentum: -0.0000
 Mean episode rew_track_linear_velocity: 0.1701
        Mean episode rew_action_rate_l2: -0.1240
--------------------------------------------------------------------------------
                         Iteration time: 2.17s
                           Time elapsed: 0:02:02
                                    ETA: 0:16:48

################################################################################
[1m                           Learning iteration 54/500                            [0m 

                               Run name: laser-follow-20260904-v1
                            Total steps: 1351680 
                       Steps per second: 11624 
                        Collection time: 1.867s 
                          Learning time: 0.247s 
                        Mean value loss: 1.1627
                    Mean surrogate loss: -0.0125
                      Mean entropy loss: 16.6404
                            Mean reward: 1.52
                    Mean episode length: 63.51
                        Mean action std: 0.80
       Mean episode rew_self_collisions: -0.0001
    Mean episode rew_body_pose_tracking: 0.0000
                  Mean episode rew_pose: 0.0077
        Mean episode rew_head_pose_bias: 0.0000
Mean episode rew_track_angular_velocity: 0.0027
              Mean episode rew_air_time: 0.0453
     Mean episode rew_foot_swing_height: -0.0016
        Mean episode rew_foot_clearance: -0.0009
    Mean episode rew_head_pose_tracking: 0.1082
          Mean episode rew_body_ang_vel: -0.0218
        Mean episode rew_dof_pos_limits: -0.0015
        Mean episode rew_laser_progress: 0.0338
               Mean episode rew_upright: 0.1099
            Mean episode rew_laser_stop: 0.0006
            Mean episode rew_laser_fall: -0.2500
             Mean episode rew_foot_slip: -0.0001
      Mean episode rew_angular_momentum: -0.0000
 Mean episode rew_track_linear_velocity: 0.1701
        Mean episode rew_action_rate_l2: -0.1272
--------------------------------------------------------------------------------
                         Iteration time: 2.11s
                           Time elapsed: 0:02:04
                                    ETA: 0:16:45

################################################################################
[1m                           Learning iteration 55/500                            [0m 

                               Run name: laser-follow-20260904-v1
                            Total steps: 1376256 
                       Steps per second: 10777 
                        Collection time: 1.972s 
                          Learning time: 0.308s 
                        Mean value loss: 1.0764
                    Mean surrogate loss: -0.0123
                      Mean entropy loss: 16.6206
                            Mean reward: 1.14
                    Mean episode length: 62.67
                        Mean action std: 0.79
       Mean episode rew_self_collisions: -0.0000
    Mean episode rew_body_pose_tracking: 0.0000
                  Mean episode rew_pose: 0.0073
        Mean episode rew_head_pose_bias: 0.0000
Mean episode rew_track_angular_velocity: 0.0028
              Mean episode rew_air_time: 0.0386
     Mean episode rew_foot_swing_height: -0.0015
        Mean episode rew_foot_clearance: -0.0008
    Mean episode rew_head_pose_tracking: 0.1075
          Mean episode rew_body_ang_vel: -0.0216
        Mean episode rew_dof_pos_limits: -0.0015
        Mean episode rew_laser_progress: 0.0321
               Mean episode rew_upright: 0.1122
            Mean episode rew_laser_stop: 0.0012
            Mean episode rew_laser_fall: -0.2500
             Mean episode rew_foot_slip: -0.0001
      Mean episode rew_angular_momentum: -0.0000
 Mean episode rew_track_linear_velocity: 0.1712
        Mean episode rew_action_rate_l2: -0.1260
--------------------------------------------------------------------------------
                         Iteration time: 2.28s
                           Time elapsed: 0:02:06
                                    ETA: 0:16:43

################################################################################
[1m                           Learning iteration 56/500                            [0m 

                               Run name: laser-follow-20260904-v1
                            Total steps: 1400832 
                       Steps per second: 11350 
                        Collection time: 1.918s 
                          Learning time: 0.248s 
                        Mean value loss: 1.1040
                    Mean surrogate loss: -0.0115
                      Mean entropy loss: 16.6035
                            Mean reward: 2.15
                    Mean episode length: 68.13
                        Mean action std: 0.79
       Mean episode rew_self_collisions: -0.0001
    Mean episode rew_body_pose_tracking: 0.0000
                  Mean episode rew_pose: 0.0078
        Mean episode rew_head_pose_bias: 0.0000
Mean episode rew_track_angular_velocity: 0.0029
              Mean episode rew_air_time: 0.0439
     Mean episode rew_foot_swing_height: -0.0017
        Mean episode rew_foot_clearance: -0.0009
    Mean episode rew_head_pose_tracking: 0.1113
          Mean episode rew_body_ang_vel: -0.0220
        Mean episode rew_dof_pos_limits: -0.0016
        Mean episode rew_laser_progress: 0.0347
               Mean episode rew_upright: 0.1169
            Mean episode rew_laser_stop: 0.0010
            Mean episode rew_laser_fall: -0.2500
             Mean episode rew_foot_slip: -0.0001
      Mean episode rew_angular_momentum: -0.0000
 Mean episode rew_track_linear_velocity: 0.1783
        Mean episode rew_action_rate_l2: -0.1303
--------------------------------------------------------------------------------
                         Iteration time: 2.17s
                           Time elapsed: 0:02:08
                                    ETA: 0:16:40

################################################################################
[1m                           Learning iteration 57/500                            [0m 

                               Run name: laser-follow-20260904-v1
                            Total steps: 1425408 
                       Steps per second: 10948 
                        Collection time: 1.938s 
                          Learning time: 0.307s 
                        Mean value loss: 1.1365
                    Mean surrogate loss: -0.0125
                      Mean entropy loss: 16.5923
                            Mean reward: 1.60
                    Mean episode length: 66.59
                        Mean action std: 0.79
       Mean episode rew_self_collisions: -0.0001
    Mean episode rew_body_pose_tracking: 0.0000
                  Mean episode rew_pose: 0.0079
        Mean episode rew_head_pose_bias: 0.0000
Mean episode rew_track_angular_velocity: 0.0026
              Mean episode rew_air_time: 0.0430
     Mean episode rew_foot_swing_height: -0.0017
        Mean episode rew_foot_clearance: -0.0009
    Mean episode rew_head_pose_tracking: 0.1093
          Mean episode rew_body_ang_vel: -0.0225
        Mean episode rew_dof_pos_limits: -0.0016
        Mean episode rew_laser_progress: 0.0353
               Mean episode rew_upright: 0.1140
            Mean episode rew_laser_stop: 0.0008
            Mean episode rew_laser_fall: -0.2500
             Mean episode rew_foot_slip: -0.0001
      Mean episode rew_angular_momentum: -0.0000
 Mean episode rew_track_linear_velocity: 0.1721
        Mean episode rew_action_rate_l2: -0.1293
--------------------------------------------------------------------------------
                         Iteration time: 2.24s
                           Time elapsed: 0:02:10
                                    ETA: 0:16:37

################################################################################
[1m                           Learning iteration 58/500                            [0m 

                               Run name: laser-follow-20260904-v1
                            Total steps: 1449984 
                       Steps per second: 11756 
                        Collection time: 1.805s 
                          Learning time: 0.286s 
                        Mean value loss: 1.1377
                    Mean surrogate loss: -0.0133
                      Mean entropy loss: 16.5846
                            Mean reward: 1.27
                    Mean episode length: 62.88
                        Mean action std: 0.79
       Mean episode rew_self_collisions: -0.0001
    Mean episode rew_body_pose_tracking: 0.0000
                  Mean episode rew_pose: 0.0078
        Mean episode rew_head_pose_bias: 0.0000
Mean episode rew_track_angular_velocity: 0.0029
              Mean episode rew_air_time: 0.0441
     Mean episode rew_foot_swing_height: -0.0017
        Mean episode rew_foot_clearance: -0.0010
    Mean episode rew_head_pose_tracking: 0.1114
          Mean episode rew_body_ang_vel: -0.0230
        Mean episode rew_dof_pos_limits: -0.0016
        Mean episode rew_laser_progress: 0.0314
               Mean episode rew_upright: 0.1144
            Mean episode rew_laser_stop: 0.0011
            Mean episode rew_laser_fall: -0.2500
             Mean episode rew_foot_slip: -0.0001
      Mean episode rew_angular_momentum: -0.0000
 Mean episode rew_track_linear_velocity: 0.1763
        Mean episode rew_action_rate_l2: -0.1315
--------------------------------------------------------------------------------
                         Iteration time: 2.09s
                           Time elapsed: 0:02:13
                                    ETA: 0:16:34

################################################################################
[1m                           Learning iteration 59/500                            [0m 

                               Run name: laser-follow-20260904-v1
                            Total steps: 1474560 
                       Steps per second: 12466 
                        Collection time: 1.731s 
                          Learning time: 0.241s 
                        Mean value loss: 1.2053
                    Mean surrogate loss: -0.0132
                      Mean entropy loss: 16.5738
                            Mean reward: 1.71
                    Mean episode length: 66.01
                        Mean action std: 0.79
       Mean episode rew_self_collisions: -0.0001
    Mean episode rew_body_pose_tracking: 0.0000
                  Mean episode rew_pose: 0.0078
        Mean episode rew_head_pose_bias: 0.0000
Mean episode rew_track_angular_velocity: 0.0027
              Mean episode rew_air_time: 0.0442
     Mean episode rew_foot_swing_height: -0.0016
        Mean episode rew_foot_clearance: -0.0009
    Mean episode rew_head_pose_tracking: 0.1092
          Mean episode rew_body_ang_vel: -0.0224
        Mean episode rew_dof_pos_limits: -0.0017
        Mean episode rew_laser_progress: 0.0323
               Mean episode rew_upright: 0.1146
            Mean episode rew_laser_stop: 0.0009
            Mean episode rew_laser_fall: -0.2500
             Mean episode rew_foot_slip: -0.0001
      Mean episode rew_angular_momentum: -0.0000
 Mean episode rew_track_linear_velocity: 0.1712
        Mean episode rew_action_rate_l2: -0.1295
--------------------------------------------------------------------------------
                         Iteration time: 1.97s
                           Time elapsed: 0:02:14
                                    ETA: 0:16:29

################################################################################
[1m                           Learning iteration 60/500                            [0m 

                               Run name: laser-follow-20260904-v1
                            Total steps: 1499136 
                       Steps per second: 11176 
                        Collection time: 1.889s 
                          Learning time: 0.310s 
                        Mean value loss: 1.1533
                    Mean surrogate loss: -0.0129
                      Mean entropy loss: 16.5659
                            Mean reward: 1.79
                    Mean episode length: 69.35
                        Mean action std: 0.79
       Mean episode rew_self_collisions: -0.0001
    Mean episode rew_body_pose_tracking: 0.0000
                  Mean episode rew_pose: 0.0081
        Mean episode rew_head_pose_bias: 0.0000
Mean episode rew_track_angular_velocity: 0.0030
              Mean episode rew_air_time: 0.0442
     Mean episode rew_foot_swing_height: -0.0017
        Mean episode rew_foot_clearance: -0.0009
    Mean episode rew_head_pose_tracking: 0.1104
          Mean episode rew_body_ang_vel: -0.0229
        Mean episode rew_dof_pos_limits: -0.0017
        Mean episode rew_laser_progress: 0.0323
               Mean episode rew_upright: 0.1147
            Mean episode rew_laser_stop: 0.0008
            Mean episode rew_laser_fall: -0.2500
             Mean episode rew_foot_slip: -0.0001
      Mean episode rew_angular_momentum: -0.0000
 Mean episode rew_track_linear_velocity: 0.1736
        Mean episode rew_action_rate_l2: -0.1320
--------------------------------------------------------------------------------
                         Iteration time: 2.20s
                           Time elapsed: 0:02:17
                                    ETA: 0:16:27

################################################################################
[1m                           Learning iteration 61/500                            [0m 

                               Run name: laser-follow-20260904-v1
                            Total steps: 1523712 
                       Steps per second: 11086 
                        Collection time: 1.917s 
                          Learning time: 0.300s 
                        Mean value loss: 1.2627
                    Mean surrogate loss: -0.0139
                      Mean entropy loss: 16.5458
                            Mean reward: 2.86
                    Mean episode length: 74.33
                        Mean action std: 0.79
       Mean episode rew_self_collisions: -0.0001
    Mean episode rew_body_pose_tracking: 0.0000
                  Mean episode rew_pose: 0.0088
        Mean episode rew_head_pose_bias: 0.0000
Mean episode rew_track_angular_velocity: 0.0034
              Mean episode rew_air_time: 0.0488
     Mean episode rew_foot_swing_height: -0.0018
        Mean episode rew_foot_clearance: -0.0010
    Mean episode rew_head_pose_tracking: 0.1214
          Mean episode rew_body_ang_vel: -0.0237
        Mean episode rew_dof_pos_limits: -0.0018
        Mean episode rew_laser_progress: 0.0401
               Mean episode rew_upright: 0.1303
            Mean episode rew_laser_stop: 0.0012
            Mean episode rew_laser_fall: -0.2500
             Mean episode rew_foot_slip: -0.0001
      Mean episode rew_angular_momentum: -0.0000
 Mean episode rew_track_linear_velocity: 0.1978
        Mean episode rew_action_rate_l2: -0.1457
--------------------------------------------------------------------------------
                         Iteration time: 2.22s
                           Time elapsed: 0:02:19
                                    ETA: 0:16:24

################################################################################
[1m                           Learning iteration 62/500                            [0m 

                               Run name: laser-follow-20260904-v1
                            Total steps: 1548288 
                       Steps per second: 11305 
                        Collection time: 1.911s 
                          Learning time: 0.262s 
                        Mean value loss: 1.2206
                    Mean surrogate loss: -0.0128
                      Mean entropy loss: 16.5309
                            Mean reward: 2.56
                    Mean episode length: 73.46
                        Mean action std: 0.79
       Mean episode rew_self_collisions: -0.0001
    Mean episode rew_body_pose_tracking: 0.0000
                  Mean episode rew_pose: 0.0083
        Mean episode rew_head_pose_bias: 0.0000
Mean episode rew_track_angular_velocity: 0.0030
              Mean episode rew_air_time: 0.0482
     Mean episode rew_foot_swing_height: -0.0017
        Mean episode rew_foot_clearance: -0.0010
    Mean episode rew_head_pose_tracking: 0.1161
          Mean episode rew_body_ang_vel: -0.0237
        Mean episode rew_dof_pos_limits: -0.0018
        Mean episode rew_laser_progress: 0.0303
               Mean episode rew_upright: 0.1227
            Mean episode rew_laser_stop: 0.0010
            Mean episode rew_laser_fall: -0.2500
             Mean episode rew_foot_slip: -0.0001
      Mean episode rew_angular_momentum: -0.0000
 Mean episode rew_track_linear_velocity: 0.1861
        Mean episode rew_action_rate_l2: -0.1395
--------------------------------------------------------------------------------
                         Iteration time: 2.17s
                           Time elapsed: 0:02:21
                                    ETA: 0:16:21

################################################################################
[1m                           Learning iteration 63/500                            [0m 

                               Run name: laser-follow-20260904-v1
                            Total steps: 1572864 
                       Steps per second: 10859 
                        Collection time: 2.000s 
                          Learning time: 0.263s 
                        Mean value loss: 1.2918
                    Mean surrogate loss: -0.0133
                      Mean entropy loss: 16.5182
                            Mean reward: 1.81
                    Mean episode length: 68.02
                        Mean action std: 0.79
       Mean episode rew_self_collisions: -0.0001
    Mean episode rew_body_pose_tracking: 0.0000
                  Mean episode rew_pose: 0.0088
        Mean episode rew_head_pose_bias: 0.0000
Mean episode rew_track_angular_velocity: 0.0034
              Mean episode rew_air_time: 0.0495
     Mean episode rew_foot_swing_height: -0.0019
        Mean episode rew_foot_clearance: -0.0011
    Mean episode rew_head_pose_tracking: 0.1193
          Mean episode rew_body_ang_vel: -0.0245
        Mean episode rew_dof_pos_limits: -0.0020
        Mean episode rew_laser_progress: 0.0411
               Mean episode rew_upright: 0.1270
            Mean episode rew_laser_stop: 0.0006
            Mean episode rew_laser_fall: -0.2500
             Mean episode rew_foot_slip: -0.0001
      Mean episode rew_angular_momentum: -0.0000
 Mean episode rew_track_linear_velocity: 0.1888
        Mean episode rew_action_rate_l2: -0.1443
--------------------------------------------------------------------------------
                         Iteration time: 2.26s
                           Time elapsed: 0:02:23
                                    ETA: 0:16:19

################################################################################
[1m                           Learning iteration 64/500                            [0m 

                               Run name: laser-follow-20260904-v1
                            Total steps: 1597440 
                       Steps per second: 11442 
                        Collection time: 1.898s 
                          Learning time: 0.249s 
                        Mean value loss: 1.3064
                    Mean surrogate loss: -0.0143
                      Mean entropy loss: 16.4976
                            Mean reward: 2.59
                    Mean episode length: 73.12
                        Mean action std: 0.79
       Mean episode rew_self_collisions: -0.0001
    Mean episode rew_body_pose_tracking: 0.0000
                  Mean episode rew_pose: 0.0092
        Mean episode rew_head_pose_bias: 0.0000
Mean episode rew_track_angular_velocity: 0.0035
              Mean episode rew_air_time: 0.0493
     Mean episode rew_foot_swing_height: -0.0019
        Mean episode rew_foot_clearance: -0.0010
    Mean episode rew_head_pose_tracking: 0.1228
          Mean episode rew_body_ang_vel: -0.0239
        Mean episode rew_dof_pos_limits: -0.0020
        Mean episode rew_laser_progress: 0.0372
               Mean episode rew_upright: 0.1344
            Mean episode rew_laser_stop: 0.0007
            Mean episode rew_laser_fall: -0.2500
             Mean episode rew_foot_slip: -0.0001
      Mean episode rew_angular_momentum: -0.0000
 Mean episode rew_track_linear_velocity: 0.1967
        Mean episode rew_action_rate_l2: -0.1483
--------------------------------------------------------------------------------
                         Iteration time: 2.15s
                           Time elapsed: 0:02:25
                                    ETA: 0:16:16

################################################################################
[1m                           Learning iteration 65/500                            [0m 

                               Run name: laser-follow-20260904-v1
                            Total steps: 1622016 
                       Steps per second: 11640 
                        Collection time: 1.860s 
                          Learning time: 0.252s 
                        Mean value loss: 1.3208
                    Mean surrogate loss: -0.0129
                      Mean entropy loss: 16.4716
                            Mean reward: 3.04
                    Mean episode length: 77.96
                        Mean action std: 0.79
       Mean episode rew_self_collisions: -0.0001
    Mean episode rew_body_pose_tracking: 0.0000
                  Mean episode rew_pose: 0.0092
        Mean episode rew_head_pose_bias: 0.0000
Mean episode rew_track_angular_velocity: 0.0037
              Mean episode rew_air_time: 0.0530
     Mean episode rew_foot_swing_height: -0.0021
        Mean episode rew_foot_clearance: -0.0012
    Mean episode rew_head_pose_tracking: 0.1297
          Mean episode rew_body_ang_vel: -0.0259
        Mean episode rew_dof_pos_limits: -0.0022
        Mean episode rew_laser_progress: 0.0402
               Mean episode rew_upright: 0.1419
            Mean episode rew_laser_stop: 0.0011
            Mean episode rew_laser_fall: -0.2500
             Mean episode rew_foot_slip: -0.0001
      Mean episode rew_angular_momentum: -0.0000
 Mean episode rew_track_linear_velocity: 0.2116
        Mean episode rew_action_rate_l2: -0.1574
--------------------------------------------------------------------------------
                         Iteration time: 2.11s
                           Time elapsed: 0:02:28
                                    ETA: 0:16:13

################################################################################
[1m                           Learning iteration 66/500                            [0m 

                               Run name: laser-follow-20260904-v1
                            Total steps: 1646592 
                       Steps per second: 10873 
                        Collection time: 1.942s 
                          Learning time: 0.318s 
                        Mean value loss: 1.4002
                    Mean surrogate loss: -0.0133
                      Mean entropy loss: 16.4583
                            Mean reward: 1.92
                    Mean episode length: 69.82
                        Mean action std: 0.79
       Mean episode rew_self_collisions: -0.0002
    Mean episode rew_body_pose_tracking: 0.0000
                  Mean episode rew_pose: 0.0085
        Mean episode rew_head_pose_bias: 0.0000
Mean episode rew_track_angular_velocity: 0.0033
              Mean episode rew_air_time: 0.0510
     Mean episode rew_foot_swing_height: -0.0019
        Mean episode rew_foot_clearance: -0.0011
    Mean episode rew_head_pose_tracking: 0.1227
          Mean episode rew_body_ang_vel: -0.0254
        Mean episode rew_dof_pos_limits: -0.0021
        Mean episode rew_laser_progress: 0.0387
               Mean episode rew_upright: 0.1326
            Mean episode rew_laser_stop: 0.0011
            Mean episode rew_laser_fall: -0.2500
             Mean episode rew_foot_slip: -0.0001
      Mean episode rew_angular_momentum: -0.0000
 Mean episode rew_track_linear_velocity: 0.1991
        Mean episode rew_action_rate_l2: -0.1503
--------------------------------------------------------------------------------
                         Iteration time: 2.26s
                           Time elapsed: 0:02:30
                                    ETA: 0:16:11

################################################################################
[1m                           Learning iteration 67/500                            [0m 

                               Run name: laser-follow-20260904-v1
                            Total steps: 1671168 
                       Steps per second: 11365 
                        Collection time: 1.901s 
                          Learning time: 0.262s 
                        Mean value loss: 1.3460
                    Mean surrogate loss: -0.0126
                      Mean entropy loss: 16.4484
                            Mean reward: 2.69
                    Mean episode length: 74.12
                        Mean action std: 0.79
       Mean episode rew_self_collisions: -0.0001
    Mean episode rew_body_pose_tracking: 0.0000
                  Mean episode rew_pose: 0.0091
        Mean episode rew_head_pose_bias: 0.0000
Mean episode rew_track_angular_velocity: 0.0032
              Mean episode rew_air_time: 0.0513
     Mean episode rew_foot_swing_height: -0.0019
        Mean episode rew_foot_clearance: -0.0011
    Mean episode rew_head_pose_tracking: 0.1226
          Mean episode rew_body_ang_vel: -0.0245
        Mean episode rew_dof_pos_limits: -0.0020
        Mean episode rew_laser_progress: 0.0386
               Mean episode rew_upright: 0.1311
            Mean episode rew_laser_stop: 0.0011
            Mean episode rew_laser_fall: -0.2500
             Mean episode rew_foot_slip: -0.0001
      Mean episode rew_angular_momentum: -0.0000
 Mean episode rew_track_linear_velocity: 0.1989
        Mean episode rew_action_rate_l2: -0.1503
--------------------------------------------------------------------------------
                         Iteration time: 2.16s
                           Time elapsed: 0:02:32
                                    ETA: 0:16:08

################################################################################
[1m                           Learning iteration 68/500                            [0m 

                               Run name: laser-follow-20260904-v1
                            Total steps: 1695744 
                       Steps per second: 10821 
                        Collection time: 1.968s 
                          Learning time: 0.303s 
                        Mean value loss: 1.3755
                    Mean surrogate loss: -0.0127
                      Mean entropy loss: 16.4377
                            Mean reward: 3.35
                    Mean episode length: 80.65
                        Mean action std: 0.78
       Mean episode rew_self_collisions: -0.0002
    Mean episode rew_body_pose_tracking: 0.0000
                  Mean episode rew_pose: 0.0098
        Mean episode rew_head_pose_bias: 0.0000
Mean episode rew_track_angular_velocity: 0.0035
              Mean episode rew_air_time: 0.0516
     Mean episode rew_foot_swing_height: -0.0022
        Mean episode rew_foot_clearance: -0.0012
    Mean episode rew_head_pose_tracking: 0.1336
          Mean episode rew_body_ang_vel: -0.0265
        Mean episode rew_dof_pos_limits: -0.0022
        Mean episode rew_laser_progress: 0.0439
               Mean episode rew_upright: 0.1487
            Mean episode rew_laser_stop: 0.0010
            Mean episode rew_laser_fall: -0.2500
             Mean episode rew_foot_slip: -0.0001
      Mean episode rew_angular_momentum: -0.0000
 Mean episode rew_track_linear_velocity: 0.2192
        Mean episode rew_action_rate_l2: -0.1631
--------------------------------------------------------------------------------
                         Iteration time: 2.27s
                           Time elapsed: 0:02:34
                                    ETA: 0:16:06

################################################################################
[1m                           Learning iteration 69/500                            [0m 

                               Run name: laser-follow-20260904-v1
                            Total steps: 1720320 
                       Steps per second: 11263 
                        Collection time: 1.929s 
                          Learning time: 0.253s 
                        Mean value loss: 1.4119
                    Mean surrogate loss: -0.0135
                      Mean entropy loss: 16.4248
                            Mean reward: 2.89
                    Mean episode length: 78.08
                        Mean action std: 0.78
       Mean episode rew_self_collisions: -0.0001
    Mean episode rew_body_pose_tracking: 0.0000
                  Mean episode rew_pose: 0.0108
        Mean episode rew_head_pose_bias: 0.0000
Mean episode rew_track_angular_velocity: 0.0040
              Mean episode rew_air_time: 0.0573
     Mean episode rew_foot_swing_height: -0.0021
        Mean episode rew_foot_clearance: -0.0013
    Mean episode rew_head_pose_tracking: 0.1428
          Mean episode rew_body_ang_vel: -0.0272
        Mean episode rew_dof_pos_limits: -0.0024
        Mean episode rew_laser_progress: 0.0445
               Mean episode rew_upright: 0.1606
            Mean episode rew_laser_stop: 0.0011
            Mean episode rew_laser_fall: -0.2500
             Mean episode rew_foot_slip: -0.0001
      Mean episode rew_angular_momentum: -0.0000
 Mean episode rew_track_linear_velocity: 0.2341
        Mean episode rew_action_rate_l2: -0.1746
--------------------------------------------------------------------------------
                         Iteration time: 2.18s
                           Time elapsed: 0:02:36
                                    ETA: 0:16:04

################################################################################
[1m                           Learning iteration 70/500                            [0m 

                               Run name: laser-follow-20260904-v1
                            Total steps: 1744896 
                       Steps per second: 11335 
                        Collection time: 1.874s 
                          Learning time: 0.294s 
                        Mean value loss: 1.4738
                    Mean surrogate loss: -0.0138
                      Mean entropy loss: 16.4135
                            Mean reward: 3.95
                    Mean episode length: 88.14
                        Mean action std: 0.78
       Mean episode rew_self_collisions: -0.0001
    Mean episode rew_body_pose_tracking: 0.0000
                  Mean episode rew_pose: 0.0099
        Mean episode rew_head_pose_bias: 0.0000
Mean episode rew_track_angular_velocity: 0.0038
              Mean episode rew_air_time: 0.0569
     Mean episode rew_foot_swing_height: -0.0022
        Mean episode rew_foot_clearance: -0.0013
    Mean episode rew_head_pose_tracking: 0.1410
          Mean episode rew_body_ang_vel: -0.0283
        Mean episode rew_dof_pos_limits: -0.0024
        Mean episode rew_laser_progress: 0.0405
               Mean episode rew_upright: 0.1545
            Mean episode rew_laser_stop: 0.0018
            Mean episode rew_laser_fall: -0.2500
             Mean episode rew_foot_slip: -0.0001
      Mean episode rew_angular_momentum: -0.0000
 Mean episode rew_track_linear_velocity: 0.2325
        Mean episode rew_action_rate_l2: -0.1736
--------------------------------------------------------------------------------
                         Iteration time: 2.17s
                           Time elapsed: 0:02:39
                                    ETA: 0:16:01

################################################################################
[1m                           Learning iteration 71/500                            [0m 

                               Run name: laser-follow-20260904-v1
                            Total steps: 1769472 
                       Steps per second: 11849 
                        Collection time: 1.818s 
                          Learning time: 0.256s 
                        Mean value loss: 1.4854
                    Mean surrogate loss: -0.0136
                      Mean entropy loss: 16.4019
                            Mean reward: 3.45
                    Mean episode length: 82.35
                        Mean action std: 0.78
       Mean episode rew_self_collisions: -0.0002
    Mean episode rew_body_pose_tracking: 0.0000
                  Mean episode rew_pose: 0.0101
        Mean episode rew_head_pose_bias: 0.0000
Mean episode rew_track_angular_velocity: 0.0037
              Mean episode rew_air_time: 0.0519
     Mean episode rew_foot_swing_height: -0.0021
        Mean episode rew_foot_clearance: -0.0013
    Mean episode rew_head_pose_tracking: 0.1367
          Mean episode rew_body_ang_vel: -0.0265
        Mean episode rew_dof_pos_limits: -0.0023
        Mean episode rew_laser_progress: 0.0374
               Mean episode rew_upright: 0.1502
            Mean episode rew_laser_stop: 0.0017
            Mean episode rew_laser_fall: -0.2500
             Mean episode rew_foot_slip: -0.0001
      Mean episode rew_angular_momentum: -0.0000
 Mean episode rew_track_linear_velocity: 0.2250
        Mean episode rew_action_rate_l2: -0.1693
--------------------------------------------------------------------------------
                         Iteration time: 2.07s
                           Time elapsed: 0:02:41
                                    ETA: 0:15:58

################################################################################
[1m                           Learning iteration 72/500                            [0m 

                               Run name: laser-follow-20260904-v1
                            Total steps: 1794048 
                       Steps per second: 11182 
                        Collection time: 1.893s 
                          Learning time: 0.305s 
                        Mean value loss: 1.4778
                    Mean surrogate loss: -0.0129
                      Mean entropy loss: 16.3997
                            Mean reward: 4.05
                    Mean episode length: 86.71
                        Mean action std: 0.78
       Mean episode rew_self_collisions: -0.0002
    Mean episode rew_body_pose_tracking: 0.0000
                  Mean episode rew_pose: 0.0109
        Mean episode rew_head_pose_bias: 0.0000
Mean episode rew_track_angular_velocity: 0.0040
              Mean episode rew_air_time: 0.0650
     Mean episode rew_foot_swing_height: -0.0024
        Mean episode rew_foot_clearance: -0.0014
    Mean episode rew_head_pose_tracking: 0.1489
          Mean episode rew_body_ang_vel: -0.0297
        Mean episode rew_dof_pos_limits: -0.0025
        Mean episode rew_laser_progress: 0.0448
               Mean episode rew_upright: 0.1649
            Mean episode rew_laser_stop: 0.0012
            Mean episode rew_laser_fall: -0.2500
             Mean episode rew_foot_slip: -0.0001
      Mean episode rew_angular_momentum: -0.0000
 Mean episode rew_track_linear_velocity: 0.2461
        Mean episode rew_action_rate_l2: -0.1846
--------------------------------------------------------------------------------
                         Iteration time: 2.20s
                           Time elapsed: 0:02:43
                                    ETA: 0:15:55

################################################################################
[1m                           Learning iteration 73/500                            [0m 

                               Run name: laser-follow-20260904-v1
                            Total steps: 1818624 
                       Steps per second: 11417 
                        Collection time: 1.901s 
                          Learning time: 0.251s 
                        Mean value loss: 1.4602
                    Mean surrogate loss: -0.0127
                      Mean entropy loss: 16.4045
                            Mean reward: 4.33
                    Mean episode length: 89.69
                        Mean action std: 0.78
       Mean episode rew_self_collisions: -0.0002
    Mean episode rew_body_pose_tracking: 0.0000
                  Mean episode rew_pose: 0.0110
        Mean episode rew_head_pose_bias: 0.0000
Mean episode rew_track_angular_velocity: 0.0041
              Mean episode rew_air_time: 0.0579
     Mean episode rew_foot_swing_height: -0.0024
        Mean episode rew_foot_clearance: -0.0014
    Mean episode rew_head_pose_tracking: 0.1472
          Mean episode rew_body_ang_vel: -0.0299
        Mean episode rew_dof_pos_limits: -0.0025
        Mean episode rew_laser_progress: 0.0472
               Mean episode rew_upright: 0.1654
            Mean episode rew_laser_stop: 0.0014
            Mean episode rew_laser_fall: -0.2500
             Mean episode rew_foot_slip: -0.0001
      Mean episode rew_angular_momentum: -0.0000
 Mean episode rew_track_linear_velocity: 0.2412
        Mean episode rew_action_rate_l2: -0.1859
--------------------------------------------------------------------------------
                         Iteration time: 2.15s
                           Time elapsed: 0:02:45
                                    ETA: 0:15:53

################################################################################
[1m                           Learning iteration 74/500                            [0m 

                               Run name: laser-follow-20260904-v1
                            Total steps: 1843200 
                       Steps per second: 10076 
                        Collection time: 2.154s 
                          Learning time: 0.285s 
                        Mean value loss: 1.5338
                    Mean surrogate loss: -0.0127
                      Mean entropy loss: 16.4074
                            Mean reward: 4.53
                    Mean episode length: 89.74
                        Mean action std: 0.78
       Mean episode rew_self_collisions: -0.0001
    Mean episode rew_body_pose_tracking: 0.0000
                  Mean episode rew_pose: 0.0105
        Mean episode rew_head_pose_bias: 0.0000
Mean episode rew_track_angular_velocity: 0.0038
              Mean episode rew_air_time: 0.0590
     Mean episode rew_foot_swing_height: -0.0022
        Mean episode rew_foot_clearance: -0.0014
    Mean episode rew_head_pose_tracking: 0.1437
          Mean episode rew_body_ang_vel: -0.0289
        Mean episode rew_dof_pos_limits: -0.0025
        Mean episode rew_laser_progress: 0.0458
               Mean episode rew_upright: 0.1596
            Mean episode rew_laser_stop: 0.0016
            Mean episode rew_laser_fall: -0.2500
             Mean episode rew_foot_slip: -0.0001
      Mean episode rew_angular_momentum: -0.0000
 Mean episode rew_track_linear_velocity: 0.2392
        Mean episode rew_action_rate_l2: -0.1802
--------------------------------------------------------------------------------
                         Iteration time: 2.44s
                           Time elapsed: 0:02:47
                                    ETA: 0:15:51

################################################################################
[1m                           Learning iteration 75/500                            [0m 

                               Run name: laser-follow-20260904-v1
                            Total steps: 1867776 
                       Steps per second: 11101 
                        Collection time: 1.946s 
                          Learning time: 0.267s 
                        Mean value loss: 1.5246
                    Mean surrogate loss: -0.0124
                      Mean entropy loss: 16.3995
                            Mean reward: 4.76
                    Mean episode length: 94.62
                        Mean action std: 0.78
       Mean episode rew_self_collisions: -0.0001
    Mean episode rew_body_pose_tracking: 0.0000
                  Mean episode rew_pose: 0.0102
        Mean episode rew_head_pose_bias: 0.0000
Mean episode rew_track_angular_velocity: 0.0038
              Mean episode rew_air_time: 0.0617
     Mean episode rew_foot_swing_height: -0.0025
        Mean episode rew_foot_clearance: -0.0015
    Mean episode rew_head_pose_tracking: 0.1513
          Mean episode rew_body_ang_vel: -0.0322
        Mean episode rew_dof_pos_limits: -0.0026
        Mean episode rew_laser_progress: 0.0413
               Mean episode rew_upright: 0.1645
            Mean episode rew_laser_stop: 0.0022
            Mean episode rew_laser_fall: -0.2500
             Mean episode rew_foot_slip: -0.0001
      Mean episode rew_angular_momentum: -0.0000
 Mean episode rew_track_linear_velocity: 0.2483
        Mean episode rew_action_rate_l2: -0.1917
--------------------------------------------------------------------------------
                         Iteration time: 2.21s
                           Time elapsed: 0:02:50
                                    ETA: 0:15:49

################################################################################
[1m                           Learning iteration 76/500                            [0m 

                               Run name: laser-follow-20260904-v1
                            Total steps: 1892352 
                       Steps per second: 11830 
                        Collection time: 1.834s 
                          Learning time: 0.244s 
                        Mean value loss: 1.5619
                    Mean surrogate loss: -0.0140
                      Mean entropy loss: 16.3933
                            Mean reward: 4.63
                    Mean episode length: 95.09
                        Mean action std: 0.78
       Mean episode rew_self_collisions: -0.0002
    Mean episode rew_body_pose_tracking: 0.0000
                  Mean episode rew_pose: 0.0106
        Mean episode rew_head_pose_bias: 0.0000
Mean episode rew_track_angular_velocity: 0.0041
              Mean episode rew_air_time: 0.0647
     Mean episode rew_foot_swing_height: -0.0023
        Mean episode rew_foot_clearance: -0.0014
    Mean episode rew_head_pose_tracking: 0.1536
          Mean episode rew_body_ang_vel: -0.0324
        Mean episode rew_dof_pos_limits: -0.0028
        Mean episode rew_laser_progress: 0.0457
               Mean episode rew_upright: 0.1687
            Mean episode rew_laser_stop: 0.0021
            Mean episode rew_laser_fall: -0.2500
             Mean episode rew_foot_slip: -0.0001
      Mean episode rew_angular_momentum: -0.0000
 Mean episode rew_track_linear_velocity: 0.2539
        Mean episode rew_action_rate_l2: -0.1958
--------------------------------------------------------------------------------
                         Iteration time: 2.08s
                           Time elapsed: 0:02:52
                                    ETA: 0:15:46

################################################################################
[1m                           Learning iteration 77/500                            [0m 

                               Run name: laser-follow-20260904-v1
                            Total steps: 1916928 
                       Steps per second: 10996 
                        Collection time: 1.982s 
                          Learning time: 0.253s 
                        Mean value loss: 1.7118
                    Mean surrogate loss: -0.0134
                      Mean entropy loss: 16.3889
                            Mean reward: 3.61
                    Mean episode length: 84.48
                        Mean action std: 0.78
       Mean episode rew_self_collisions: -0.0001
    Mean episode rew_body_pose_tracking: 0.0000
                  Mean episode rew_pose: 0.0109
        Mean episode rew_head_pose_bias: 0.0000
Mean episode rew_track_angular_velocity: 0.0039
              Mean episode rew_air_time: 0.0600
     Mean episode rew_foot_swing_height: -0.0025
        Mean episode rew_foot_clearance: -0.0015
    Mean episode rew_head_pose_tracking: 0.1456
          Mean episode rew_body_ang_vel: -0.0301
        Mean episode rew_dof_pos_limits: -0.0026
        Mean episode rew_laser_progress: 0.0457
               Mean episode rew_upright: 0.1642
            Mean episode rew_laser_stop: 0.0014
            Mean episode rew_laser_fall: -0.2500
             Mean episode rew_foot_slip: -0.0001
      Mean episode rew_angular_momentum: -0.0000
 Mean episode rew_track_linear_velocity: 0.2465
        Mean episode rew_action_rate_l2: -0.1863
--------------------------------------------------------------------------------
                         Iteration time: 2.23s
                           Time elapsed: 0:02:54
                                    ETA: 0:15:44

################################################################################
[1m                           Learning iteration 78/500                            [0m 

                               Run name: laser-follow-20260904-v1
                            Total steps: 1941504 
                       Steps per second: 11263 
                        Collection time: 1.933s 
                          Learning time: 0.249s 
                        Mean value loss: 1.6314
                    Mean surrogate loss: -0.0127
                      Mean entropy loss: 16.3786
                            Mean reward: 4.67
                    Mean episode length: 95.71
                        Mean action std: 0.78
       Mean episode rew_self_collisions: -0.0002
    Mean episode rew_body_pose_tracking: 0.0000
                  Mean episode rew_pose: 0.0113
        Mean episode rew_head_pose_bias: 0.0000
Mean episode rew_track_angular_velocity: 0.0047
              Mean episode rew_air_time: 0.0666
     Mean episode rew_foot_swing_height: -0.0024
        Mean episode rew_foot_clearance: -0.0015
    Mean episode rew_head_pose_tracking: 0.1600
          Mean episode rew_body_ang_vel: -0.0322
        Mean episode rew_dof_pos_limits: -0.0029
        Mean episode rew_laser_progress: 0.0447
               Mean episode rew_upright: 0.1747
            Mean episode rew_laser_stop: 0.0017
            Mean episode rew_laser_fall: -0.2500
             Mean episode rew_foot_slip: -0.0001
      Mean episode rew_angular_momentum: -0.0000
 Mean episode rew_track_linear_velocity: 0.2668
        Mean episode rew_action_rate_l2: -0.2048
--------------------------------------------------------------------------------
                         Iteration time: 2.18s
                           Time elapsed: 0:02:56
                                    ETA: 0:15:41

################################################################################
[1m                           Learning iteration 79/500                            [0m 

                               Run name: laser-follow-20260904-v1
                            Total steps: 1966080 
                       Steps per second: 10706 
                        Collection time: 1.991s 
                          Learning time: 0.304s 
                        Mean value loss: 1.6364
                    Mean surrogate loss: -0.0130
                      Mean entropy loss: 16.3654
                            Mean reward: 6.01
                    Mean episode length: 105.80
                        Mean action std: 0.78
       Mean episode rew_self_collisions: -0.0002
    Mean episode rew_body_pose_tracking: 0.0000
                  Mean episode rew_pose: 0.0126
        Mean episode rew_head_pose_bias: 0.0000
Mean episode rew_track_angular_velocity: 0.0045
              Mean episode rew_air_time: 0.0776
     Mean episode rew_foot_swing_height: -0.0029
        Mean episode rew_foot_clearance: -0.0016
    Mean episode rew_head_pose_tracking: 0.1704
          Mean episode rew_body_ang_vel: -0.0352
        Mean episode rew_dof_pos_limits: -0.0031
        Mean episode rew_laser_progress: 0.0503
               Mean episode rew_upright: 0.1890
            Mean episode rew_laser_stop: 0.0011
            Mean episode rew_laser_fall: -0.2500
             Mean episode rew_foot_slip: -0.0001
      Mean episode rew_angular_momentum: -0.0000
 Mean episode rew_track_linear_velocity: 0.2839
        Mean episode rew_action_rate_l2: -0.2181
--------------------------------------------------------------------------------
                         Iteration time: 2.30s
                           Time elapsed: 0:02:59
                                    ETA: 0:15:39

################################################################################
[1m                           Learning iteration 80/500                            [0m 

                               Run name: laser-follow-20260904-v1
                            Total steps: 1990656 
                       Steps per second: 11272 
                        Collection time: 1.873s 
                          Learning time: 0.307s 
                        Mean value loss: 1.7694
                    Mean surrogate loss: -0.0127
                      Mean entropy loss: 16.3533
                            Mean reward: 5.56
                    Mean episode length: 104.33
                        Mean action std: 0.78
       Mean episode rew_self_collisions: -0.0002
    Mean episode rew_body_pose_tracking: 0.0000
                  Mean episode rew_pose: 0.0129
        Mean episode rew_head_pose_bias: 0.0000
Mean episode rew_track_angular_velocity: 0.0047
              Mean episode rew_air_time: 0.0767
     Mean episode rew_foot_swing_height: -0.0031
        Mean episode rew_foot_clearance: -0.0017
    Mean episode rew_head_pose_tracking: 0.1773
          Mean episode rew_body_ang_vel: -0.0362
        Mean episode rew_dof_pos_limits: -0.0032
        Mean episode rew_laser_progress: 0.0531
               Mean episode rew_upright: 0.2020
            Mean episode rew_laser_stop: 0.0018
            Mean episode rew_laser_fall: -0.2500
             Mean episode rew_foot_slip: -0.0001
      Mean episode rew_angular_momentum: -0.0000
 Mean episode rew_track_linear_velocity: 0.2963
        Mean episode rew_action_rate_l2: -0.2282
--------------------------------------------------------------------------------
                         Iteration time: 2.18s
                           Time elapsed: 0:03:01
                                    ETA: 0:15:37

################################################################################
[1m                           Learning iteration 81/500                            [0m 

                               Run name: laser-follow-20260904-v1
                            Total steps: 2015232 
                       Steps per second: 11297 
                        Collection time: 1.922s 
                          Learning time: 0.254s 
                        Mean value loss: 1.7516
                    Mean surrogate loss: -0.0136
                      Mean entropy loss: 16.3466
                            Mean reward: 6.66
                    Mean episode length: 110.76
                        Mean action std: 0.78
       Mean episode rew_self_collisions: -0.0001
    Mean episode rew_body_pose_tracking: 0.0000
                  Mean episode rew_pose: 0.0133
        Mean episode rew_head_pose_bias: 0.0000
Mean episode rew_track_angular_velocity: 0.0050
              Mean episode rew_air_time: 0.0783
     Mean episode rew_foot_swing_height: -0.0029
        Mean episode rew_foot_clearance: -0.0017
    Mean episode rew_head_pose_tracking: 0.1836
          Mean episode rew_body_ang_vel: -0.0383
        Mean episode rew_dof_pos_limits: -0.0034
        Mean episode rew_laser_progress: 0.0527
               Mean episode rew_upright: 0.2087
            Mean episode rew_laser_stop: 0.0020
            Mean episode rew_laser_fall: -0.2500
             Mean episode rew_foot_slip: -0.0001
      Mean episode rew_angular_momentum: -0.0000
 Mean episode rew_track_linear_velocity: 0.3117
        Mean episode rew_action_rate_l2: -0.2365
--------------------------------------------------------------------------------
                         Iteration time: 2.18s
                           Time elapsed: 0:03:03
                                    ETA: 0:15:34

################################################################################
[1m                           Learning iteration 82/500                            [0m 

                               Run name: laser-follow-20260904-v1
                            Total steps: 2039808 
                       Steps per second: 11562 
                        Collection time: 1.887s 
                          Learning time: 0.239s 
                        Mean value loss: 1.7657
                    Mean surrogate loss: -0.0131
                      Mean entropy loss: 16.3389
                            Mean reward: 5.34
                    Mean episode length: 104.04
                        Mean action std: 0.78
       Mean episode rew_self_collisions: -0.0004
    Mean episode rew_body_pose_tracking: 0.0000
                  Mean episode rew_pose: 0.0124
        Mean episode rew_head_pose_bias: 0.0000
Mean episode rew_track_angular_velocity: 0.0049
              Mean episode rew_air_time: 0.0708
     Mean episode rew_foot_swing_height: -0.0030
        Mean episode rew_foot_clearance: -0.0017
    Mean episode rew_head_pose_tracking: 0.1703
          Mean episode rew_body_ang_vel: -0.0353
        Mean episode rew_dof_pos_limits: -0.0031
        Mean episode rew_laser_progress: 0.0505
               Mean episode rew_upright: 0.1903
            Mean episode rew_laser_stop: 0.0018
            Mean episode rew_laser_fall: -0.2500
             Mean episode rew_foot_slip: -0.0001
      Mean episode rew_angular_momentum: -0.0000
 Mean episode rew_track_linear_velocity: 0.2825
        Mean episode rew_action_rate_l2: -0.2219
--------------------------------------------------------------------------------
                         Iteration time: 2.13s
                           Time elapsed: 0:03:05
                                    ETA: 0:15:31

################################################################################
[1m                           Learning iteration 83/500                            [0m 

                               Run name: laser-follow-20260904-v1
                            Total steps: 2064384 
                       Steps per second: 12148 
                        Collection time: 1.777s 
                          Learning time: 0.245s 
                        Mean value loss: 1.8319
                    Mean surrogate loss: -0.0134
                      Mean entropy loss: 16.3309
                            Mean reward: 3.96
                    Mean episode length: 92.90
                        Mean action std: 0.78
       Mean episode rew_self_collisions: -0.0003
    Mean episode rew_body_pose_tracking: 0.0000
                  Mean episode rew_pose: 0.0126
        Mean episode rew_head_pose_bias: 0.0000
Mean episode rew_track_angular_velocity: 0.0048
              Mean episode rew_air_time: 0.0771
     Mean episode rew_foot_swing_height: -0.0027
        Mean episode rew_foot_clearance: -0.0017
    Mean episode rew_head_pose_tracking: 0.1733
          Mean episode rew_body_ang_vel: -0.0358
        Mean episode rew_dof_pos_limits: -0.0032
        Mean episode rew_laser_progress: 0.0423
               Mean episode rew_upright: 0.1916
            Mean episode rew_laser_stop: 0.0019
            Mean episode rew_laser_fall: -0.2500
             Mean episode rew_foot_slip: -0.0001
      Mean episode rew_angular_momentum: -0.0000
 Mean episode rew_track_linear_velocity: 0.2905
        Mean episode rew_action_rate_l2: -0.2238
--------------------------------------------------------------------------------
                         Iteration time: 2.02s
                           Time elapsed: 0:03:07
                                    ETA: 0:15:28

################################################################################
[1m                           Learning iteration 84/500                            [0m 

                               Run name: laser-follow-20260904-v1
                            Total steps: 2088960 
                       Steps per second: 11759 
                        Collection time: 1.837s 
                          Learning time: 0.253s 
                        Mean value loss: 1.7392
                    Mean surrogate loss: -0.0148
                      Mean entropy loss: 16.3263
                            Mean reward: 5.86
                    Mean episode length: 107.15
                        Mean action std: 0.78
       Mean episode rew_self_collisions: -0.0002
    Mean episode rew_body_pose_tracking: 0.0000
                  Mean episode rew_pose: 0.0122
        Mean episode rew_head_pose_bias: 0.0000
Mean episode rew_track_angular_velocity: 0.0048
              Mean episode rew_air_time: 0.0730
     Mean episode rew_foot_swing_height: -0.0028
        Mean episode rew_foot_clearance: -0.0017
    Mean episode rew_head_pose_tracking: 0.1791
          Mean episode rew_body_ang_vel: -0.0381
        Mean episode rew_dof_pos_limits: -0.0033
        Mean episode rew_laser_progress: 0.0490
               Mean episode rew_upright: 0.2010
            Mean episode rew_laser_stop: 0.0032
            Mean episode rew_laser_fall: -0.2500
             Mean episode rew_foot_slip: -0.0001
      Mean episode rew_angular_momentum: -0.0000
 Mean episode rew_track_linear_velocity: 0.3049
        Mean episode rew_action_rate_l2: -0.2343
--------------------------------------------------------------------------------
                         Iteration time: 2.09s
                           Time elapsed: 0:03:09
                                    ETA: 0:15:25

################################################################################
[1m                           Learning iteration 85/500                            [0m 

                               Run name: laser-follow-20260904-v1
                            Total steps: 2113536 
                       Steps per second: 12518 
                        Collection time: 1.729s 
                          Learning time: 0.235s 
                        Mean value loss: 1.9545
                    Mean surrogate loss: -0.0143
                      Mean entropy loss: 16.3165
                            Mean reward: 6.97
                    Mean episode length: 114.36
                        Mean action std: 0.78
       Mean episode rew_self_collisions: -0.0002
    Mean episode rew_body_pose_tracking: 0.0000
                  Mean episode rew_pose: 0.0136
        Mean episode rew_head_pose_bias: 0.0000
Mean episode rew_track_angular_velocity: 0.0047
              Mean episode rew_air_time: 0.0833
     Mean episode rew_foot_swing_height: -0.0030
        Mean episode rew_foot_clearance: -0.0017
    Mean episode rew_head_pose_tracking: 0.1826
          Mean episode rew_body_ang_vel: -0.0389
        Mean episode rew_dof_pos_limits: -0.0034
        Mean episode rew_laser_progress: 0.0468
               Mean episode rew_upright: 0.2028
            Mean episode rew_laser_stop: 0.0017
            Mean episode rew_laser_fall: -0.2500
             Mean episode rew_foot_slip: -0.0001
      Mean episode rew_angular_momentum: -0.0000
 Mean episode rew_track_linear_velocity: 0.3047
        Mean episode rew_action_rate_l2: -0.2370
--------------------------------------------------------------------------------
                         Iteration time: 1.96s
                           Time elapsed: 0:03:11
                                    ETA: 0:15:22

################################################################################
[1m                           Learning iteration 86/500                            [0m 

                               Run name: laser-follow-20260904-v1
                            Total steps: 2138112 
                       Steps per second: 12674 
                        Collection time: 1.698s 
                          Learning time: 0.241s 
                        Mean value loss: 1.7792
                    Mean surrogate loss: -0.0146
                      Mean entropy loss: 16.3061
                            Mean reward: 5.44
                    Mean episode length: 101.49
                        Mean action std: 0.78
       Mean episode rew_self_collisions: -0.0002
    Mean episode rew_body_pose_tracking: 0.0000
                  Mean episode rew_pose: 0.0132
        Mean episode rew_head_pose_bias: 0.0000
Mean episode rew_track_angular_velocity: 0.0047
              Mean episode rew_air_time: 0.0772
     Mean episode rew_foot_swing_height: -0.0029
        Mean episode rew_foot_clearance: -0.0017
    Mean episode rew_head_pose_tracking: 0.1778
          Mean episode rew_body_ang_vel: -0.0380
        Mean episode rew_dof_pos_limits: -0.0035
        Mean episode rew_laser_progress: 0.0475
               Mean episode rew_upright: 0.2006
            Mean episode rew_laser_stop: 0.0021
            Mean episode rew_laser_fall: -0.2500
             Mean episode rew_foot_slip: -0.0001
      Mean episode rew_angular_momentum: -0.0000
 Mean episode rew_track_linear_velocity: 0.3034
        Mean episode rew_action_rate_l2: -0.2336
--------------------------------------------------------------------------------
                         Iteration time: 1.94s
                           Time elapsed: 0:03:13
                                    ETA: 0:15:18

################################################################################
[1m                           Learning iteration 87/500                            [0m 

                               Run name: laser-follow-20260904-v1
                            Total steps: 2162688 
                       Steps per second: 12456 
                        Collection time: 1.735s 
                          Learning time: 0.238s 
                        Mean value loss: 1.8992
                    Mean surrogate loss: -0.0148
                      Mean entropy loss: 16.2953
                            Mean reward: 7.29
                    Mean episode length: 116.43
                        Mean action std: 0.78
       Mean episode rew_self_collisions: -0.0003
    Mean episode rew_body_pose_tracking: 0.0000
                  Mean episode rew_pose: 0.0144
        Mean episode rew_head_pose_bias: 0.0000
Mean episode rew_track_angular_velocity: 0.0052
              Mean episode rew_air_time: 0.0876
     Mean episode rew_foot_swing_height: -0.0031
        Mean episode rew_foot_clearance: -0.0018
    Mean episode rew_head_pose_tracking: 0.1862
          Mean episode rew_body_ang_vel: -0.0385
        Mean episode rew_dof_pos_limits: -0.0038
        Mean episode rew_laser_progress: 0.0483
               Mean episode rew_upright: 0.2132
            Mean episode rew_laser_stop: 0.0013
            Mean episode rew_laser_fall: -0.2500
             Mean episode rew_foot_slip: -0.0001
      Mean episode rew_angular_momentum: -0.0000
 Mean episode rew_track_linear_velocity: 0.3162
        Mean episode rew_action_rate_l2: -0.2457
--------------------------------------------------------------------------------
                         Iteration time: 1.97s
                           Time elapsed: 0:03:15
                                    ETA: 0:15:15

################################################################################
[1m                           Learning iteration 88/500                            [0m 

                               Run name: laser-follow-20260904-v1
                            Total steps: 2187264 
                       Steps per second: 12262 
                        Collection time: 1.763s 
                          Learning time: 0.242s 
                        Mean value loss: 2.0532
                    Mean surrogate loss: -0.0140
                      Mean entropy loss: 16.2885
                            Mean reward: 8.12
                    Mean episode length: 125.56
                        Mean action std: 0.78
       Mean episode rew_self_collisions: -0.0002
    Mean episode rew_body_pose_tracking: 0.0000
                  Mean episode rew_pose: 0.0156
        Mean episode rew_head_pose_bias: 0.0000
Mean episode rew_track_angular_velocity: 0.0052
              Mean episode rew_air_time: 0.0926
     Mean episode rew_foot_swing_height: -0.0030
        Mean episode rew_foot_clearance: -0.0018
    Mean episode rew_head_pose_tracking: 0.2134
          Mean episode rew_body_ang_vel: -0.0412
        Mean episode rew_dof_pos_limits: -0.0041
        Mean episode rew_laser_progress: 0.0501
               Mean episode rew_upright: 0.2491
            Mean episode rew_laser_stop: 0.0030
            Mean episode rew_laser_fall: -0.2500
             Mean episode rew_foot_slip: -0.0001
      Mean episode rew_angular_momentum: -0.0000
 Mean episode rew_track_linear_velocity: 0.3689
        Mean episode rew_action_rate_l2: -0.2807
--------------------------------------------------------------------------------
                         Iteration time: 2.00s
                           Time elapsed: 0:03:17
                                    ETA: 0:15:11

################################################################################
[1m                           Learning iteration 89/500                            [0m 

                               Run name: laser-follow-20260904-v1
                            Total steps: 2211840 
                       Steps per second: 12368 
                        Collection time: 1.746s 
                          Learning time: 0.241s 
                        Mean value loss: 1.8654
                    Mean surrogate loss: -0.0136
                      Mean entropy loss: 16.2700
                            Mean reward: 8.38
                    Mean episode length: 124.26
                        Mean action std: 0.78
       Mean episode rew_self_collisions: -0.0003
    Mean episode rew_body_pose_tracking: 0.0000
                  Mean episode rew_pose: 0.0130
        Mean episode rew_head_pose_bias: 0.0000
Mean episode rew_track_angular_velocity: 0.0050
              Mean episode rew_air_time: 0.0772
     Mean episode rew_foot_swing_height: -0.0028
        Mean episode rew_foot_clearance: -0.0016
    Mean episode rew_head_pose_tracking: 0.1800
          Mean episode rew_body_ang_vel: -0.0367
        Mean episode rew_dof_pos_limits: -0.0037
        Mean episode rew_laser_progress: 0.0488
               Mean episode rew_upright: 0.2070
            Mean episode rew_laser_stop: 0.0025
            Mean episode rew_laser_fall: -0.2500
             Mean episode rew_foot_slip: -0.0001
      Mean episode rew_angular_momentum: -0.0000
 Mean episode rew_track_linear_velocity: 0.3142
        Mean episode rew_action_rate_l2: -0.2390
--------------------------------------------------------------------------------
                         Iteration time: 1.99s
                           Time elapsed: 0:03:19
                                    ETA: 0:15:08

################################################################################
[1m                           Learning iteration 90/500                            [0m 

                               Run name: laser-follow-20260904-v1
                            Total steps: 2236416 
                       Steps per second: 12226 
                        Collection time: 1.764s 
                          Learning time: 0.246s 
                        Mean value loss: 2.0855
                    Mean surrogate loss: -0.0142
                      Mean entropy loss: 16.2607
                            Mean reward: 7.57
                    Mean episode length: 119.35
                        Mean action std: 0.78
       Mean episode rew_self_collisions: -0.0003
    Mean episode rew_body_pose_tracking: 0.0000
                  Mean episode rew_pose: 0.0151
        Mean episode rew_head_pose_bias: 0.0000
Mean episode rew_track_angular_velocity: 0.0053
              Mean episode rew_air_time: 0.0965
     Mean episode rew_foot_swing_height: -0.0033
        Mean episode rew_foot_clearance: -0.0020
    Mean episode rew_head_pose_tracking: 0.1988
          Mean episode rew_body_ang_vel: -0.0419
        Mean episode rew_dof_pos_limits: -0.0043
        Mean episode rew_laser_progress: 0.0546
               Mean episode rew_upright: 0.2288
            Mean episode rew_laser_stop: 0.0015
            Mean episode rew_laser_fall: -0.2500
             Mean episode rew_foot_slip: -0.0001
      Mean episode rew_angular_momentum: -0.0000
 Mean episode rew_track_linear_velocity: 0.3358
        Mean episode rew_action_rate_l2: -0.2669
--------------------------------------------------------------------------------
                         Iteration time: 2.01s
                           Time elapsed: 0:03:21
                                    ETA: 0:15:05

################################################################################
[1m                           Learning iteration 91/500                            [0m 

                               Run name: laser-follow-20260904-v1
                            Total steps: 2260992 
                       Steps per second: 12339 
                        Collection time: 1.754s 
                          Learning time: 0.238s 
                        Mean value loss: 2.0390
                    Mean surrogate loss: -0.0140
                      Mean entropy loss: 16.2522
                            Mean reward: 6.13
                    Mean episode length: 113.47
                        Mean action std: 0.78
       Mean episode rew_self_collisions: -0.0004
    Mean episode rew_body_pose_tracking: 0.0000
                  Mean episode rew_pose: 0.0147
        Mean episode rew_head_pose_bias: 0.0000
Mean episode rew_track_angular_velocity: 0.0051
              Mean episode rew_air_time: 0.0830
     Mean episode rew_foot_swing_height: -0.0031
        Mean episode rew_foot_clearance: -0.0018
    Mean episode rew_head_pose_tracking: 0.1916
          Mean episode rew_body_ang_vel: -0.0399
        Mean episode rew_dof_pos_limits: -0.0039
        Mean episode rew_laser_progress: 0.0474
               Mean episode rew_upright: 0.2210
            Mean episode rew_laser_stop: 0.0021
            Mean episode rew_laser_fall: -0.2500
             Mean episode rew_foot_slip: -0.0001
      Mean episode rew_angular_momentum: -0.0000
 Mean episode rew_track_linear_velocity: 0.3225
        Mean episode rew_action_rate_l2: -0.2589
--------------------------------------------------------------------------------
                         Iteration time: 1.99s
                           Time elapsed: 0:03:23
                                    ETA: 0:15:02

################################################################################
[1m                           Learning iteration 92/500                            [0m 

                               Run name: laser-follow-20260904-v1
                            Total steps: 2285568 
                       Steps per second: 12280 
                        Collection time: 1.761s 
                          Learning time: 0.240s 
                        Mean value loss: 1.9950
                    Mean surrogate loss: -0.0134
                      Mean entropy loss: 16.2428
                            Mean reward: 9.72
                    Mean episode length: 137.71
                        Mean action std: 0.78
       Mean episode rew_self_collisions: -0.0001
    Mean episode rew_body_pose_tracking: 0.0000
                  Mean episode rew_pose: 0.0161
        Mean episode rew_head_pose_bias: 0.0000
Mean episode rew_track_angular_velocity: 0.0059
              Mean episode rew_air_time: 0.0904
     Mean episode rew_foot_swing_height: -0.0031
        Mean episode rew_foot_clearance: -0.0019
    Mean episode rew_head_pose_tracking: 0.2061
          Mean episode rew_body_ang_vel: -0.0403
        Mean episode rew_dof_pos_limits: -0.0041
        Mean episode rew_laser_progress: 0.0523
               Mean episode rew_upright: 0.2423
            Mean episode rew_laser_stop: 0.0028
            Mean episode rew_laser_fall: -0.2500
             Mean episode rew_foot_slip: -0.0001
      Mean episode rew_angular_momentum: -0.0000
 Mean episode rew_track_linear_velocity: 0.3591
        Mean episode rew_action_rate_l2: -0.2753
--------------------------------------------------------------------------------
                         Iteration time: 2.00s
                           Time elapsed: 0:03:25
                                    ETA: 0:14:59

################################################################################
[1m                           Learning iteration 93/500                            [0m 

                               Run name: laser-follow-20260904-v1
                            Total steps: 2310144 
                       Steps per second: 12599 
                        Collection time: 1.708s 
                          Learning time: 0.242s 
                        Mean value loss: 2.0179
                    Mean surrogate loss: -0.0122
                      Mean entropy loss: 16.2258
                            Mean reward: 8.40
                    Mean episode length: 129.01
                        Mean action std: 0.77
       Mean episode rew_self_collisions: -0.0003
    Mean episode rew_body_pose_tracking: 0.0000
                  Mean episode rew_pose: 0.0161
        Mean episode rew_head_pose_bias: 0.0000
Mean episode rew_track_angular_velocity: 0.0057
              Mean episode rew_air_time: 0.0974
     Mean episode rew_foot_swing_height: -0.0033
        Mean episode rew_foot_clearance: -0.0019
    Mean episode rew_head_pose_tracking: 0.2016
          Mean episode rew_body_ang_vel: -0.0411
        Mean episode rew_dof_pos_limits: -0.0044
        Mean episode rew_laser_progress: 0.0574
               Mean episode rew_upright: 0.2332
            Mean episode rew_laser_stop: 0.0011
            Mean episode rew_laser_fall: -0.2500
             Mean episode rew_foot_slip: -0.0001
      Mean episode rew_angular_momentum: -0.0000
 Mean episode rew_track_linear_velocity: 0.3402
        Mean episode rew_action_rate_l2: -0.2746
--------------------------------------------------------------------------------
                         Iteration time: 1.95s
                           Time elapsed: 0:03:27
                                    ETA: 0:14:55

################################################################################
[1m                           Learning iteration 94/500                            [0m 

                               Run name: laser-follow-20260904-v1
                            Total steps: 2334720 
                       Steps per second: 12291 
                        Collection time: 1.751s 
                          Learning time: 0.248s 
                        Mean value loss: 2.0752
                    Mean surrogate loss: -0.0136
                      Mean entropy loss: 16.2104
                            Mean reward: 8.56
                    Mean episode length: 131.33
                        Mean action std: 0.77
       Mean episode rew_self_collisions: -0.0004
    Mean episode rew_body_pose_tracking: 0.0000
                  Mean episode rew_pose: 0.0168
        Mean episode rew_head_pose_bias: 0.0000
Mean episode rew_track_angular_velocity: 0.0059
              Mean episode rew_air_time: 0.1060
     Mean episode rew_foot_swing_height: -0.0035
        Mean episode rew_foot_clearance: -0.0022
    Mean episode rew_head_pose_tracking: 0.2234
          Mean episode rew_body_ang_vel: -0.0465
        Mean episode rew_dof_pos_limits: -0.0046
        Mean episode rew_laser_progress: 0.0651
               Mean episode rew_upright: 0.2612
            Mean episode rew_laser_stop: 0.0022
            Mean episode rew_laser_fall: -0.2500
             Mean episode rew_foot_slip: -0.0001
      Mean episode rew_angular_momentum: -0.0000
 Mean episode rew_track_linear_velocity: 0.3844
        Mean episode rew_action_rate_l2: -0.3003
--------------------------------------------------------------------------------
                         Iteration time: 2.00s
                           Time elapsed: 0:03:29
                                    ETA: 0:14:52

################################################################################
[1m                           Learning iteration 95/500                            [0m 

                               Run name: laser-follow-20260904-v1
                            Total steps: 2359296 
                       Steps per second: 12241 
                        Collection time: 1.758s 
                          Learning time: 0.250s 
                        Mean value loss: 1.9949
                    Mean surrogate loss: -0.0136
                      Mean entropy loss: 16.1962
                            Mean reward: 9.59
                    Mean episode length: 139.06
                        Mean action std: 0.77
       Mean episode rew_self_collisions: -0.0002
    Mean episode rew_body_pose_tracking: 0.0000
                  Mean episode rew_pose: 0.0189
        Mean episode rew_head_pose_bias: 0.0000
Mean episode rew_track_angular_velocity: 0.0070
              Mean episode rew_air_time: 0.1077
     Mean episode rew_foot_swing_height: -0.0038
        Mean episode rew_foot_clearance: -0.0022
    Mean episode rew_head_pose_tracking: 0.2420
          Mean episode rew_body_ang_vel: -0.0465
        Mean episode rew_dof_pos_limits: -0.0050
        Mean episode rew_laser_progress: 0.0684
               Mean episode rew_upright: 0.2855
            Mean episode rew_laser_stop: 0.0028
            Mean episode rew_laser_fall: -0.2500
             Mean episode rew_foot_slip: -0.0001
      Mean episode rew_angular_momentum: -0.0000
 Mean episode rew_track_linear_velocity: 0.4251
        Mean episode rew_action_rate_l2: -0.3235
--------------------------------------------------------------------------------
                         Iteration time: 2.01s
                           Time elapsed: 0:03:31
                                    ETA: 0:14:49

################################################################################
[1m                           Learning iteration 96/500                            [0m 

                               Run name: laser-follow-20260904-v1
                            Total steps: 2383872 
                       Steps per second: 12135 
                        Collection time: 1.783s 
                          Learning time: 0.242s 
                        Mean value loss: 2.1599
                    Mean surrogate loss: -0.0128
                      Mean entropy loss: 16.1919
                            Mean reward: 9.32
                    Mean episode length: 138.41
                        Mean action std: 0.77
       Mean episode rew_self_collisions: -0.0004
    Mean episode rew_body_pose_tracking: 0.0000
                  Mean episode rew_pose: 0.0168
        Mean episode rew_head_pose_bias: 0.0000
Mean episode rew_track_angular_velocity: 0.0071
              Mean episode rew_air_time: 0.1003
     Mean episode rew_foot_swing_height: -0.0034
        Mean episode rew_foot_clearance: -0.0020
    Mean episode rew_head_pose_tracking: 0.2353
          Mean episode rew_body_ang_vel: -0.0447
        Mean episode rew_dof_pos_limits: -0.0050
        Mean episode rew_laser_progress: 0.0630
               Mean episode rew_upright: 0.2789
            Mean episode rew_laser_stop: 0.0050
            Mean episode rew_laser_fall: -0.2500
             Mean episode rew_foot_slip: -0.0001
      Mean episode rew_angular_momentum: -0.0000
 Mean episode rew_track_linear_velocity: 0.4102
        Mean episode rew_action_rate_l2: -0.3173
--------------------------------------------------------------------------------
                         Iteration time: 2.03s
                           Time elapsed: 0:03:33
                                    ETA: 0:14:46

################################################################################
[1m                           Learning iteration 97/500                            [0m 

                               Run name: laser-follow-20260904-v1
                            Total steps: 2408448 
                       Steps per second: 12346 
                        Collection time: 1.751s 
                          Learning time: 0.240s 
                        Mean value loss: 2.0383
                    Mean surrogate loss: -0.0123
                      Mean entropy loss: 16.1953
                            Mean reward: 11.37
                    Mean episode length: 155.29
                        Mean action std: 0.77
       Mean episode rew_self_collisions: -0.0005
    Mean episode rew_body_pose_tracking: 0.0000
                  Mean episode rew_pose: 0.0181
        Mean episode rew_head_pose_bias: 0.0000
Mean episode rew_track_angular_velocity: 0.0070
              Mean episode rew_air_time: 0.0976
     Mean episode rew_foot_swing_height: -0.0035
        Mean episode rew_foot_clearance: -0.0020
    Mean episode rew_head_pose_tracking: 0.2546
          Mean episode rew_body_ang_vel: -0.0468
        Mean episode rew_dof_pos_limits: -0.0050
        Mean episode rew_laser_progress: 0.0555
               Mean episode rew_upright: 0.3022
            Mean episode rew_laser_stop: 0.0053
            Mean episode rew_laser_fall: -0.2500
             Mean episode rew_foot_slip: -0.0001
      Mean episode rew_angular_momentum: -0.0000
 Mean episode rew_track_linear_velocity: 0.4443
        Mean episode rew_action_rate_l2: -0.3404
--------------------------------------------------------------------------------
                         Iteration time: 1.99s
                           Time elapsed: 0:03:35
                                    ETA: 0:14:43

################################################################################
[1m                           Learning iteration 98/500                            [0m 

                               Run name: laser-follow-20260904-v1
                            Total steps: 2433024 
                       Steps per second: 12482 
                        Collection time: 1.727s 
                          Learning time: 0.242s 
                        Mean value loss: 2.1335
                    Mean surrogate loss: -0.0124
                      Mean entropy loss: 16.1828
                            Mean reward: 11.23
                    Mean episode length: 152.13
                        Mean action std: 0.77
       Mean episode rew_self_collisions: -0.0003
    Mean episode rew_body_pose_tracking: 0.0000
                  Mean episode rew_pose: 0.0190
        Mean episode rew_head_pose_bias: 0.0000
Mean episode rew_track_angular_velocity: 0.0071
              Mean episode rew_air_time: 0.1042
     Mean episode rew_foot_swing_height: -0.0038
        Mean episode rew_foot_clearance: -0.0022
    Mean episode rew_head_pose_tracking: 0.2467
          Mean episode rew_body_ang_vel: -0.0460
        Mean episode rew_dof_pos_limits: -0.0051
        Mean episode rew_laser_progress: 0.0671
               Mean episode rew_upright: 0.2983
            Mean episode rew_laser_stop: 0.0039
            Mean episode rew_laser_fall: -0.2500
             Mean episode rew_foot_slip: -0.0001
      Mean episode rew_angular_momentum: -0.0000
 Mean episode rew_track_linear_velocity: 0.4309
        Mean episode rew_action_rate_l2: -0.3358
--------------------------------------------------------------------------------
                         Iteration time: 1.97s
                           Time elapsed: 0:03:37
                                    ETA: 0:14:40

################################################################################
[1m                           Learning iteration 99/500                            [0m 

                               Run name: laser-follow-20260904-v1
                            Total steps: 2457600 
                       Steps per second: 12308 
                        Collection time: 1.757s 
                          Learning time: 0.239s 
                        Mean value loss: 2.0096
                    Mean surrogate loss: -0.0144
                      Mean entropy loss: 16.1638
                            Mean reward: 10.04
                    Mean episode length: 148.01
                        Mean action std: 0.77
       Mean episode rew_self_collisions: -0.0004
    Mean episode rew_body_pose_tracking: 0.0000
                  Mean episode rew_pose: 0.0188
        Mean episode rew_head_pose_bias: 0.0000
Mean episode rew_track_angular_velocity: 0.0060
              Mean episode rew_air_time: 0.1101
     Mean episode rew_foot_swing_height: -0.0037
        Mean episode rew_foot_clearance: -0.0023
    Mean episode rew_head_pose_tracking: 0.2259
          Mean episode rew_body_ang_vel: -0.0458
        Mean episode rew_dof_pos_limits: -0.0050
        Mean episode rew_laser_progress: 0.0472
               Mean episode rew_upright: 0.2645
            Mean episode rew_laser_stop: 0.0009
            Mean episode rew_laser_fall: -0.2500
             Mean episode rew_foot_slip: -0.0001
      Mean episode rew_angular_momentum: -0.0000
 Mean episode rew_track_linear_velocity: 0.3872
        Mean episode rew_action_rate_l2: -0.3136
--------------------------------------------------------------------------------
                         Iteration time: 2.00s
                           Time elapsed: 0:03:39
                                    ETA: 0:14:37

################################################################################
[1m                           Learning iteration 100/500                           [0m 

                               Run name: laser-follow-20260904-v1
                            Total steps: 2482176 
                       Steps per second: 12251 
                        Collection time: 1.768s 
                          Learning time: 0.238s 
                        Mean value loss: 2.2189
                    Mean surrogate loss: -0.0138
                      Mean entropy loss: 16.1619
                            Mean reward: 13.48
                    Mean episode length: 172.52
                        Mean action std: 0.77
       Mean episode rew_self_collisions: -0.0006
    Mean episode rew_body_pose_tracking: 0.0000
                  Mean episode rew_pose: 0.0221
        Mean episode rew_head_pose_bias: 0.0000
Mean episode rew_track_angular_velocity: 0.0086
              Mean episode rew_air_time: 0.1144
     Mean episode rew_foot_swing_height: -0.0039
        Mean episode rew_foot_clearance: -0.0022
    Mean episode rew_head_pose_tracking: 0.2945
          Mean episode rew_body_ang_vel: -0.0513
        Mean episode rew_dof_pos_limits: -0.0061
        Mean episode rew_laser_progress: 0.0718
               Mean episode rew_upright: 0.3597
            Mean episode rew_laser_stop: 0.0059
            Mean episode rew_laser_fall: -0.2500
             Mean episode rew_foot_slip: -0.0001
      Mean episode rew_angular_momentum: -0.0000
 Mean episode rew_track_linear_velocity: 0.5254
        Mean episode rew_action_rate_l2: -0.3992
--------------------------------------------------------------------------------
                         Iteration time: 2.01s
                           Time elapsed: 0:03:41
                                    ETA: 0:14:34

################################################################################
[1m                           Learning iteration 101/500                           [0m 

                               Run name: laser-follow-20260904-v1
                            Total steps: 2506752 
                       Steps per second: 11971 
                        Collection time: 1.769s 
                          Learning time: 0.283s 
                        Mean value loss: 2.1286
                    Mean surrogate loss: -0.0143
                      Mean entropy loss: 16.1547
                            Mean reward: 9.67
                    Mean episode length: 143.10
                        Mean action std: 0.77
       Mean episode rew_self_collisions: -0.0003
    Mean episode rew_body_pose_tracking: 0.0000
                  Mean episode rew_pose: 0.0184
        Mean episode rew_head_pose_bias: 0.0000
Mean episode rew_track_angular_velocity: 0.0065
              Mean episode rew_air_time: 0.1027
     Mean episode rew_foot_swing_height: -0.0037
        Mean episode rew_foot_clearance: -0.0021
    Mean episode rew_head_pose_tracking: 0.2299
          Mean episode rew_body_ang_vel: -0.0447
        Mean episode rew_dof_pos_limits: -0.0054
        Mean episode rew_laser_progress: 0.0599
               Mean episode rew_upright: 0.2761
            Mean episode rew_laser_stop: 0.0017
            Mean episode rew_laser_fall: -0.2500
             Mean episode rew_foot_slip: -0.0001
      Mean episode rew_angular_momentum: -0.0000
 Mean episode rew_track_linear_velocity: 0.3990
        Mean episode rew_action_rate_l2: -0.3178
--------------------------------------------------------------------------------
                         Iteration time: 2.05s
                           Time elapsed: 0:03:43
                                    ETA: 0:14:31

################################################################################
[1m                           Learning iteration 102/500                           [0m 

                               Run name: laser-follow-20260904-v1
                            Total steps: 2531328 
                       Steps per second: 12299 
                        Collection time: 1.751s 
                          Learning time: 0.247s 
                        Mean value loss: 2.1998
                    Mean surrogate loss: -0.0126
                      Mean entropy loss: 16.1343
                            Mean reward: 11.63
                    Mean episode length: 159.90
                        Mean action std: 0.77
       Mean episode rew_self_collisions: -0.0005
    Mean episode rew_body_pose_tracking: 0.0000
                  Mean episode rew_pose: 0.0231
        Mean episode rew_head_pose_bias: 0.0000
Mean episode rew_track_angular_velocity: 0.0091
              Mean episode rew_air_time: 0.1256
     Mean episode rew_foot_swing_height: -0.0041
        Mean episode rew_foot_clearance: -0.0023
    Mean episode rew_head_pose_tracking: 0.2987
          Mean episode rew_body_ang_vel: -0.0519
        Mean episode rew_dof_pos_limits: -0.0063
        Mean episode rew_laser_progress: 0.0687
               Mean episode rew_upright: 0.3690
            Mean episode rew_laser_stop: 0.0050
            Mean episode rew_laser_fall: -0.2500
             Mean episode rew_foot_slip: -0.0001
      Mean episode rew_angular_momentum: -0.0000
 Mean episode rew_track_linear_velocity: 0.5323
        Mean episode rew_action_rate_l2: -0.4069
--------------------------------------------------------------------------------
                         Iteration time: 2.00s
                           Time elapsed: 0:03:45
                                    ETA: 0:14:29

################################################################################
[1m                           Learning iteration 103/500                           [0m 

                               Run name: laser-follow-20260904-v1
                            Total steps: 2555904 
                       Steps per second: 12326 
                        Collection time: 1.756s 
                          Learning time: 0.238s 
                        Mean value loss: 2.2363
                    Mean surrogate loss: -0.0138
                      Mean entropy loss: 16.1171
                            Mean reward: 11.56
                    Mean episode length: 156.31
                        Mean action std: 0.77
       Mean episode rew_self_collisions: -0.0003
    Mean episode rew_body_pose_tracking: 0.0000
                  Mean episode rew_pose: 0.0196
        Mean episode rew_head_pose_bias: 0.0000
Mean episode rew_track_angular_velocity: 0.0080
              Mean episode rew_air_time: 0.1072
     Mean episode rew_foot_swing_height: -0.0037
        Mean episode rew_foot_clearance: -0.0023
    Mean episode rew_head_pose_tracking: 0.2550
          Mean episode rew_body_ang_vel: -0.0475
        Mean episode rew_dof_pos_limits: -0.0057
        Mean episode rew_laser_progress: 0.0722
               Mean episode rew_upright: 0.3115
            Mean episode rew_laser_stop: 0.0039
            Mean episode rew_laser_fall: -0.2500
             Mean episode rew_foot_slip: -0.0001
      Mean episode rew_angular_momentum: -0.0000
 Mean episode rew_track_linear_velocity: 0.4540
        Mean episode rew_action_rate_l2: -0.3494
--------------------------------------------------------------------------------
                         Iteration time: 1.99s
                           Time elapsed: 0:03:47
                                    ETA: 0:14:26

################################################################################
[1m                           Learning iteration 104/500                           [0m 

                               Run name: laser-follow-20260904-v1
                            Total steps: 2580480 
                       Steps per second: 12091 
                        Collection time: 1.794s 
                          Learning time: 0.238s 
                        Mean value loss: 2.4013
                    Mean surrogate loss: -0.0131
                      Mean entropy loss: 16.1077
                            Mean reward: 15.96
                    Mean episode length: 192.53
                        Mean action std: 0.77
       Mean episode rew_self_collisions: -0.0003
    Mean episode rew_body_pose_tracking: 0.0000
                  Mean episode rew_pose: 0.0255
        Mean episode rew_head_pose_bias: 0.0000
Mean episode rew_track_angular_velocity: 0.0102
              Mean episode rew_air_time: 0.1229
     Mean episode rew_foot_swing_height: -0.0045
        Mean episode rew_foot_clearance: -0.0023
    Mean episode rew_head_pose_tracking: 0.3145
          Mean episode rew_body_ang_vel: -0.0524
        Mean episode rew_dof_pos_limits: -0.0066
        Mean episode rew_laser_progress: 0.0597
               Mean episode rew_upright: 0.3886
            Mean episode rew_laser_stop: 0.0056
            Mean episode rew_laser_fall: -0.2485
             Mean episode rew_foot_slip: -0.0001
      Mean episode rew_angular_momentum: -0.0000
 Mean episode rew_track_linear_velocity: 0.5736
        Mean episode rew_action_rate_l2: -0.4283
--------------------------------------------------------------------------------
                         Iteration time: 2.03s
                           Time elapsed: 0:03:49
                                    ETA: 0:14:23

################################################################################
[1m                           Learning iteration 105/500                           [0m 

                               Run name: laser-follow-20260904-v1
                            Total steps: 2605056 
                       Steps per second: 11959 
                        Collection time: 1.809s 
                          Learning time: 0.246s 
                        Mean value loss: 2.1244
                    Mean surrogate loss: -0.0131
                      Mean entropy loss: 16.1072
                            Mean reward: 14.88
                    Mean episode length: 181.39
                        Mean action std: 0.77
       Mean episode rew_self_collisions: -0.0002
    Mean episode rew_body_pose_tracking: 0.0000
                  Mean episode rew_pose: 0.0227
        Mean episode rew_head_pose_bias: 0.0000
Mean episode rew_track_angular_velocity: 0.0083
              Mean episode rew_air_time: 0.1222
     Mean episode rew_foot_swing_height: -0.0044
        Mean episode rew_foot_clearance: -0.0024
    Mean episode rew_head_pose_tracking: 0.2745
          Mean episode rew_body_ang_vel: -0.0490
        Mean episode rew_dof_pos_limits: -0.0062
        Mean episode rew_laser_progress: 0.0665
               Mean episode rew_upright: 0.3329
            Mean episode rew_laser_stop: 0.0033
            Mean episode rew_laser_fall: -0.2500
             Mean episode rew_foot_slip: -0.0001
      Mean episode rew_angular_momentum: -0.0000
 Mean episode rew_track_linear_velocity: 0.4912
        Mean episode rew_action_rate_l2: -0.3716
--------------------------------------------------------------------------------
                         Iteration time: 2.05s
                           Time elapsed: 0:03:51
                                    ETA: 0:14:20

################################################################################
[1m                           Learning iteration 106/500                           [0m 

                               Run name: laser-follow-20260904-v1
                            Total steps: 2629632 
                       Steps per second: 12315 
                        Collection time: 1.753s 
                          Learning time: 0.242s 
                        Mean value loss: 2.2498
                    Mean surrogate loss: -0.0124
                      Mean entropy loss: 16.1162
                            Mean reward: 11.56
                    Mean episode length: 159.66
                        Mean action std: 0.77
       Mean episode rew_self_collisions: -0.0004
    Mean episode rew_body_pose_tracking: 0.0000
                  Mean episode rew_pose: 0.0217
        Mean episode rew_head_pose_bias: 0.0000
Mean episode rew_track_angular_velocity: 0.0091
              Mean episode rew_air_time: 0.1194
     Mean episode rew_foot_swing_height: -0.0040
        Mean episode rew_foot_clearance: -0.0024
    Mean episode rew_head_pose_tracking: 0.2778
          Mean episode rew_body_ang_vel: -0.0491
        Mean episode rew_dof_pos_limits: -0.0061
        Mean episode rew_laser_progress: 0.0585
               Mean episode rew_upright: 0.3315
            Mean episode rew_laser_stop: 0.0041
            Mean episode rew_laser_fall: -0.2500
             Mean episode rew_foot_slip: -0.0001
      Mean episode rew_angular_momentum: -0.0000
 Mean episode rew_track_linear_velocity: 0.4927
        Mean episode rew_action_rate_l2: -0.3737
--------------------------------------------------------------------------------
                         Iteration time: 2.00s
                           Time elapsed: 0:03:53
                                    ETA: 0:14:17

################################################################################
[1m                           Learning iteration 107/500                           [0m 

                               Run name: laser-follow-20260904-v1
                            Total steps: 2654208 
                       Steps per second: 12301 
                        Collection time: 1.755s 
                          Learning time: 0.243s 
                        Mean value loss: 2.2562
                    Mean surrogate loss: -0.0131
                      Mean entropy loss: 16.1118
                            Mean reward: 13.93
                    Mean episode length: 176.80
                        Mean action std: 0.77
       Mean episode rew_self_collisions: -0.0004
    Mean episode rew_body_pose_tracking: 0.0000
                  Mean episode rew_pose: 0.0266
        Mean episode rew_head_pose_bias: 0.0000
Mean episode rew_track_angular_velocity: 0.0100
              Mean episode rew_air_time: 0.1405
     Mean episode rew_foot_swing_height: -0.0047
        Mean episode rew_foot_clearance: -0.0025
    Mean episode rew_head_pose_tracking: 0.3240
          Mean episode rew_body_ang_vel: -0.0542
        Mean episode rew_dof_pos_limits: -0.0071
        Mean episode rew_laser_progress: 0.0804
               Mean episode rew_upright: 0.4025
            Mean episode rew_laser_stop: 0.0037
            Mean episode rew_laser_fall: -0.2500
             Mean episode rew_foot_slip: -0.0001
      Mean episode rew_angular_momentum: -0.0000
 Mean episode rew_track_linear_velocity: 0.5849
        Mean episode rew_action_rate_l2: -0.4406
--------------------------------------------------------------------------------
                         Iteration time: 2.00s
                           Time elapsed: 0:03:55
                                    ETA: 0:14:14

################################################################################
[1m                           Learning iteration 108/500                           [0m 

                               Run name: laser-follow-20260904-v1
                            Total steps: 2678784 
                       Steps per second: 12372 
                        Collection time: 1.747s 
                          Learning time: 0.239s 
                        Mean value loss: 2.0306
                    Mean surrogate loss: -0.0123
                      Mean entropy loss: 16.1051
                            Mean reward: 8.58
                    Mean episode length: 132.36
                        Mean action std: 0.77
       Mean episode rew_self_collisions: -0.0004
    Mean episode rew_body_pose_tracking: 0.0000
                  Mean episode rew_pose: 0.0171
        Mean episode rew_head_pose_bias: 0.0000
Mean episode rew_track_angular_velocity: 0.0064
              Mean episode rew_air_time: 0.1009
     Mean episode rew_foot_swing_height: -0.0036
        Mean episode rew_foot_clearance: -0.0020
    Mean episode rew_head_pose_tracking: 0.2155
          Mean episode rew_body_ang_vel: -0.0442
        Mean episode rew_dof_pos_limits: -0.0052
        Mean episode rew_laser_progress: 0.0560
               Mean episode rew_upright: 0.2551
            Mean episode rew_laser_stop: 0.0029
            Mean episode rew_laser_fall: -0.2500
             Mean episode rew_foot_slip: -0.0001
      Mean episode rew_angular_momentum: -0.0000
 Mean episode rew_track_linear_velocity: 0.3810
        Mean episode rew_action_rate_l2: -0.3027
--------------------------------------------------------------------------------
                         Iteration time: 1.99s
                           Time elapsed: 0:03:57
                                    ETA: 0:14:12

################################################################################
[1m                           Learning iteration 109/500                           [0m 

                               Run name: laser-follow-20260904-v1
                            Total steps: 2703360 
                       Steps per second: 12513 
                        Collection time: 1.723s 
                          Learning time: 0.241s 
                        Mean value loss: 2.2054
                    Mean surrogate loss: -0.0126
                      Mean entropy loss: 16.0980
                            Mean reward: 12.05
                    Mean episode length: 161.50
                        Mean action std: 0.77
       Mean episode rew_self_collisions: -0.0004
    Mean episode rew_body_pose_tracking: 0.0000
                  Mean episode rew_pose: 0.0177
        Mean episode rew_head_pose_bias: 0.0000
Mean episode rew_track_angular_velocity: 0.0075
              Mean episode rew_air_time: 0.0993
     Mean episode rew_foot_swing_height: -0.0039
        Mean episode rew_foot_clearance: -0.0022
    Mean episode rew_head_pose_tracking: 0.2472
          Mean episode rew_body_ang_vel: -0.0492
        Mean episode rew_dof_pos_limits: -0.0059
        Mean episode rew_laser_progress: 0.0631
               Mean episode rew_upright: 0.2982
            Mean episode rew_laser_stop: 0.0050
            Mean episode rew_laser_fall: -0.2500
             Mean episode rew_foot_slip: -0.0001
      Mean episode rew_angular_momentum: -0.0000
 Mean episode rew_track_linear_velocity: 0.4305
        Mean episode rew_action_rate_l2: -0.3440
--------------------------------------------------------------------------------
                         Iteration time: 1.96s
                           Time elapsed: 0:03:59
                                    ETA: 0:14:09

################################################################################
[1m                           Learning iteration 110/500                           [0m 

                               Run name: laser-follow-20260904-v1
                            Total steps: 2727936 
                       Steps per second: 12165 
                        Collection time: 1.772s 
                          Learning time: 0.248s 
                        Mean value loss: 2.0511
                    Mean surrogate loss: -0.0143
                      Mean entropy loss: 16.0843
                            Mean reward: 18.71
                    Mean episode length: 209.90
                        Mean action std: 0.77
       Mean episode rew_self_collisions: -0.0004
    Mean episode rew_body_pose_tracking: 0.0000
                  Mean episode rew_pose: 0.0295
        Mean episode rew_head_pose_bias: 0.0000
Mean episode rew_track_angular_velocity: 0.0115
              Mean episode rew_air_time: 0.1472
     Mean episode rew_foot_swing_height: -0.0047
        Mean episode rew_foot_clearance: -0.0025
    Mean episode rew_head_pose_tracking: 0.3619
          Mean episode rew_body_ang_vel: -0.0562
        Mean episode rew_dof_pos_limits: -0.0079
        Mean episode rew_laser_progress: 0.0882
               Mean episode rew_upright: 0.4565
            Mean episode rew_laser_stop: 0.0052
            Mean episode rew_laser_fall: -0.2485
             Mean episode rew_foot_slip: -0.0001
      Mean episode rew_angular_momentum: -0.0000
 Mean episode rew_track_linear_velocity: 0.6663
        Mean episode rew_action_rate_l2: -0.4882
--------------------------------------------------------------------------------
                         Iteration time: 2.02s
                           Time elapsed: 0:04:01
                                    ETA: 0:14:06

################################################################################
[1m                           Learning iteration 111/500                           [0m 

                               Run name: laser-follow-20260904-v1
                            Total steps: 2752512 
                       Steps per second: 12459 
                        Collection time: 1.733s 
                          Learning time: 0.240s 
                        Mean value loss: 2.1610
                    Mean surrogate loss: -0.0135
                      Mean entropy loss: 16.0656
                            Mean reward: 14.99
                    Mean episode length: 183.02
                        Mean action std: 0.77
       Mean episode rew_self_collisions: -0.0003
    Mean episode rew_body_pose_tracking: 0.0000
                  Mean episode rew_pose: 0.0204
        Mean episode rew_head_pose_bias: 0.0000
Mean episode rew_track_angular_velocity: 0.0080
              Mean episode rew_air_time: 0.1148
     Mean episode rew_foot_swing_height: -0.0040
        Mean episode rew_foot_clearance: -0.0024
    Mean episode rew_head_pose_tracking: 0.2726
          Mean episode rew_body_ang_vel: -0.0502
        Mean episode rew_dof_pos_limits: -0.0063
        Mean episode rew_laser_progress: 0.0692
               Mean episode rew_upright: 0.3313
            Mean episode rew_laser_stop: 0.0059
            Mean episode rew_laser_fall: -0.2500
             Mean episode rew_foot_slip: -0.0001
      Mean episode rew_angular_momentum: -0.0000
 Mean episode rew_track_linear_velocity: 0.4909
        Mean episode rew_action_rate_l2: -0.3763
--------------------------------------------------------------------------------
                         Iteration time: 1.97s
                           Time elapsed: 0:04:03
                                    ETA: 0:14:03

################################################################################
[1m                           Learning iteration 112/500                           [0m 

                               Run name: laser-follow-20260904-v1
                            Total steps: 2777088 
                       Steps per second: 12330 
                        Collection time: 1.752s 
                          Learning time: 0.241s 
                        Mean value loss: 2.4998
                    Mean surrogate loss: -0.0124
                      Mean entropy loss: 16.0541
                            Mean reward: 14.41
                    Mean episode length: 182.44
                        Mean action std: 0.77
       Mean episode rew_self_collisions: -0.0004
    Mean episode rew_body_pose_tracking: 0.0000
                  Mean episode rew_pose: 0.0229
        Mean episode rew_head_pose_bias: 0.0000
Mean episode rew_track_angular_velocity: 0.0093
              Mean episode rew_air_time: 0.1171
     Mean episode rew_foot_swing_height: -0.0044
        Mean episode rew_foot_clearance: -0.0024
    Mean episode rew_head_pose_tracking: 0.2899
          Mean episode rew_body_ang_vel: -0.0530
        Mean episode rew_dof_pos_limits: -0.0070
        Mean episode rew_laser_progress: 0.0585
               Mean episode rew_upright: 0.3558
            Mean episode rew_laser_stop: 0.0048
            Mean episode rew_laser_fall: -0.2500
             Mean episode rew_foot_slip: -0.0001
      Mean episode rew_angular_momentum: -0.0000
 Mean episode rew_track_linear_velocity: 0.5295
        Mean episode rew_action_rate_l2: -0.4074
--------------------------------------------------------------------------------
                         Iteration time: 1.99s
                           Time elapsed: 0:04:05
                                    ETA: 0:14:00

################################################################################
[1m                           Learning iteration 113/500                           [0m 

                               Run name: laser-follow-20260904-v1
                            Total steps: 2801664 
                       Steps per second: 12322 
                        Collection time: 1.749s 
                          Learning time: 0.246s 
                        Mean value loss: 2.2206
                    Mean surrogate loss: -0.0145
                      Mean entropy loss: 16.0538
                            Mean reward: 14.23
                    Mean episode length: 181.49
                        Mean action std: 0.77
       Mean episode rew_self_collisions: -0.0004
    Mean episode rew_body_pose_tracking: 0.0000
                  Mean episode rew_pose: 0.0236
        Mean episode rew_head_pose_bias: 0.0000
Mean episode rew_track_angular_velocity: 0.0097
              Mean episode rew_air_time: 0.1222
     Mean episode rew_foot_swing_height: -0.0040
        Mean episode rew_foot_clearance: -0.0022
    Mean episode rew_head_pose_tracking: 0.2979
          Mean episode rew_body_ang_vel: -0.0537
        Mean episode rew_dof_pos_limits: -0.0070
        Mean episode rew_laser_progress: 0.0635
               Mean episode rew_upright: 0.3660
            Mean episode rew_laser_stop: 0.0048
            Mean episode rew_laser_fall: -0.2485
             Mean episode rew_foot_slip: -0.0001
      Mean episode rew_angular_momentum: -0.0000
 Mean episode rew_track_linear_velocity: 0.5431
        Mean episode rew_action_rate_l2: -0.4106
--------------------------------------------------------------------------------
                         Iteration time: 1.99s
                           Time elapsed: 0:04:07
                                    ETA: 0:13:57

################################################################################
[1m                           Learning iteration 114/500                           [0m 

                               Run name: laser-follow-20260904-v1
                            Total steps: 2826240 
                       Steps per second: 12433 
                        Collection time: 1.738s 
                          Learning time: 0.239s 
                        Mean value loss: 2.2941
                    Mean surrogate loss: -0.0137
                      Mean entropy loss: 16.0526
                            Mean reward: 15.69
                    Mean episode length: 189.05
                        Mean action std: 0.77
       Mean episode rew_self_collisions: -0.0006
    Mean episode rew_body_pose_tracking: 0.0000
                  Mean episode rew_pose: 0.0285
        Mean episode rew_head_pose_bias: 0.0000
Mean episode rew_track_angular_velocity: 0.0106
              Mean episode rew_air_time: 0.1472
     Mean episode rew_foot_swing_height: -0.0052
        Mean episode rew_foot_clearance: -0.0029
    Mean episode rew_head_pose_tracking: 0.3429
          Mean episode rew_body_ang_vel: -0.0592
        Mean episode rew_dof_pos_limits: -0.0084
        Mean episode rew_laser_progress: 0.0919
               Mean episode rew_upright: 0.4387
            Mean episode rew_laser_stop: 0.0044
            Mean episode rew_laser_fall: -0.2474
             Mean episode rew_foot_slip: -0.0001
      Mean episode rew_angular_momentum: -0.0000
 Mean episode rew_track_linear_velocity: 0.6304
        Mean episode rew_action_rate_l2: -0.4789
--------------------------------------------------------------------------------
                         Iteration time: 1.98s
                           Time elapsed: 0:04:09
                                    ETA: 0:13:55

################################################################################
[1m                           Learning iteration 115/500                           [0m 

                               Run name: laser-follow-20260904-v1
                            Total steps: 2850816 
                       Steps per second: 12597 
                        Collection time: 1.713s 
                          Learning time: 0.238s 
                        Mean value loss: 2.1822
                    Mean surrogate loss: -0.0128
                      Mean entropy loss: 16.0550
                            Mean reward: 16.13
                    Mean episode length: 205.64
                        Mean action std: 0.77
       Mean episode rew_self_collisions: -0.0004
    Mean episode rew_body_pose_tracking: 0.0000
                  Mean episode rew_pose: 0.0250
        Mean episode rew_head_pose_bias: 0.0000
Mean episode rew_track_angular_velocity: 0.0097
              Mean episode rew_air_time: 0.1448
     Mean episode rew_foot_swing_height: -0.0049
        Mean episode rew_foot_clearance: -0.0029
    Mean episode rew_head_pose_tracking: 0.3336
          Mean episode rew_body_ang_vel: -0.0635
        Mean episode rew_dof_pos_limits: -0.0082
        Mean episode rew_laser_progress: 0.0660
               Mean episode rew_upright: 0.4102
            Mean episode rew_laser_stop: 0.0049
            Mean episode rew_laser_fall: -0.2500
             Mean episode rew_foot_slip: -0.0001
      Mean episode rew_angular_momentum: -0.0000
 Mean episode rew_track_linear_velocity: 0.5988
        Mean episode rew_action_rate_l2: -0.4717
--------------------------------------------------------------------------------
                         Iteration time: 1.95s
                           Time elapsed: 0:04:11
                                    ETA: 0:13:52

################################################################################
[1m                           Learning iteration 116/500                           [0m 

                               Run name: laser-follow-20260904-v1
                            Total steps: 2875392 
                       Steps per second: 12247 
                        Collection time: 1.764s 
                          Learning time: 0.243s 
                        Mean value loss: 2.1900
                    Mean surrogate loss: -0.0127
                      Mean entropy loss: 16.0459
                            Mean reward: 15.67
                    Mean episode length: 189.45
                        Mean action std: 0.77
       Mean episode rew_self_collisions: -0.0005
    Mean episode rew_body_pose_tracking: 0.0000
                  Mean episode rew_pose: 0.0266
        Mean episode rew_head_pose_bias: 0.0000
Mean episode rew_track_angular_velocity: 0.0116
              Mean episode rew_air_time: 0.1449
     Mean episode rew_foot_swing_height: -0.0048
        Mean episode rew_foot_clearance: -0.0026
    Mean episode rew_head_pose_tracking: 0.3496
          Mean episode rew_body_ang_vel: -0.0593
        Mean episode rew_dof_pos_limits: -0.0085
        Mean episode rew_laser_progress: 0.0822
               Mean episode rew_upright: 0.4377
            Mean episode rew_laser_stop: 0.0066
            Mean episode rew_laser_fall: -0.2439
             Mean episode rew_foot_slip: -0.0001
      Mean episode rew_angular_momentum: -0.0000
 Mean episode rew_track_linear_velocity: 0.6513
        Mean episode rew_action_rate_l2: -0.4866
--------------------------------------------------------------------------------
                         Iteration time: 2.01s
                           Time elapsed: 0:04:13
                                    ETA: 0:13:49

################################################################################
[1m                           Learning iteration 117/500                           [0m 

                               Run name: laser-follow-20260904-v1
                            Total steps: 2899968 
                       Steps per second: 12301 
                        Collection time: 1.757s 
                          Learning time: 0.241s 
                        Mean value loss: 2.0680
                    Mean surrogate loss: -0.0125
                      Mean entropy loss: 16.0256
                            Mean reward: 20.12
                    Mean episode length: 224.25
                        Mean action std: 0.77
       Mean episode rew_self_collisions: -0.0005
    Mean episode rew_body_pose_tracking: 0.0000
                  Mean episode rew_pose: 0.0287
        Mean episode rew_head_pose_bias: 0.0000
Mean episode rew_track_angular_velocity: 0.0113
              Mean episode rew_air_time: 0.1486
     Mean episode rew_foot_swing_height: -0.0049
        Mean episode rew_foot_clearance: -0.0028
    Mean episode rew_head_pose_tracking: 0.3663
          Mean episode rew_body_ang_vel: -0.0620
        Mean episode rew_dof_pos_limits: -0.0086
        Mean episode rew_laser_progress: 0.0633
               Mean episode rew_upright: 0.4694
            Mean episode rew_laser_stop: 0.0080
            Mean episode rew_laser_fall: -0.2457
             Mean episode rew_foot_slip: -0.0001
      Mean episode rew_angular_momentum: -0.0000
 Mean episode rew_track_linear_velocity: 0.6760
        Mean episode rew_action_rate_l2: -0.5126
--------------------------------------------------------------------------------
                         Iteration time: 2.00s
                           Time elapsed: 0:04:15
                                    ETA: 0:13:46

################################################################################
[1m                           Learning iteration 118/500                           [0m 

                               Run name: laser-follow-20260904-v1
                            Total steps: 2924544 
                       Steps per second: 12701 
                        Collection time: 1.697s 
                          Learning time: 0.237s 
                        Mean value loss: 1.9950
                    Mean surrogate loss: -0.0140
                      Mean entropy loss: 16.0113
                            Mean reward: 22.56
                    Mean episode length: 245.77
                        Mean action std: 0.76
       Mean episode rew_self_collisions: -0.0007
    Mean episode rew_body_pose_tracking: 0.0000
                  Mean episode rew_pose: 0.0347
        Mean episode rew_head_pose_bias: 0.0000
Mean episode rew_track_angular_velocity: 0.0126
              Mean episode rew_air_time: 0.1791
     Mean episode rew_foot_swing_height: -0.0060
        Mean episode rew_foot_clearance: -0.0033
    Mean episode rew_head_pose_tracking: 0.4017
          Mean episode rew_body_ang_vel: -0.0656
        Mean episode rew_dof_pos_limits: -0.0098
        Mean episode rew_laser_progress: 0.1091
               Mean episode rew_upright: 0.5159
            Mean episode rew_laser_stop: 0.0034
            Mean episode rew_laser_fall: -0.2457
             Mean episode rew_foot_slip: -0.0002
      Mean episode rew_angular_momentum: -0.0000
 Mean episode rew_track_linear_velocity: 0.7502
        Mean episode rew_action_rate_l2: -0.5643
--------------------------------------------------------------------------------
                         Iteration time: 1.93s
                           Time elapsed: 0:04:17
                                    ETA: 0:13:43

################################################################################
[1m                           Learning iteration 119/500                           [0m 

                               Run name: laser-follow-20260904-v1
                            Total steps: 2949120 
                       Steps per second: 12418 
                        Collection time: 1.739s 
                          Learning time: 0.240s 
                        Mean value loss: 2.3494
                    Mean surrogate loss: -0.0135
                      Mean entropy loss: 16.0010
                            Mean reward: 20.98
                    Mean episode length: 234.75
                        Mean action std: 0.76
       Mean episode rew_self_collisions: -0.0005
    Mean episode rew_body_pose_tracking: 0.0000
                  Mean episode rew_pose: 0.0325
        Mean episode rew_head_pose_bias: 0.0000
Mean episode rew_track_angular_velocity: 0.0129
              Mean episode rew_air_time: 0.1372
     Mean episode rew_foot_swing_height: -0.0058
        Mean episode rew_foot_clearance: -0.0026
    Mean episode rew_head_pose_tracking: 0.3745
          Mean episode rew_body_ang_vel: -0.0564
        Mean episode rew_dof_pos_limits: -0.0091
        Mean episode rew_laser_progress: 0.0774
               Mean episode rew_upright: 0.4895
            Mean episode rew_laser_stop: 0.0052
            Mean episode rew_laser_fall: -0.2396
             Mean episode rew_foot_slip: -0.0001
      Mean episode rew_angular_momentum: -0.0000
 Mean episode rew_track_linear_velocity: 0.7079
        Mean episode rew_action_rate_l2: -0.5268
--------------------------------------------------------------------------------
                         Iteration time: 1.98s
                           Time elapsed: 0:04:19
                                    ETA: 0:13:41

################################################################################
[1m                           Learning iteration 120/500                           [0m 

                               Run name: laser-follow-20260904-v1
                            Total steps: 2973696 
                       Steps per second: 12438 
                        Collection time: 1.735s 
                          Learning time: 0.241s 
                        Mean value loss: 2.0570
                    Mean surrogate loss: -0.0142
                      Mean entropy loss: 15.9874
                            Mean reward: 20.45
                    Mean episode length: 225.21
                        Mean action std: 0.76
       Mean episode rew_self_collisions: -0.0005
    Mean episode rew_body_pose_tracking: 0.0000
                  Mean episode rew_pose: 0.0316
        Mean episode rew_head_pose_bias: 0.0000
Mean episode rew_track_angular_velocity: 0.0123
              Mean episode rew_air_time: 0.1538
     Mean episode rew_foot_swing_height: -0.0054
        Mean episode rew_foot_clearance: -0.0028
    Mean episode rew_head_pose_tracking: 0.3729
          Mean episode rew_body_ang_vel: -0.0592
        Mean episode rew_dof_pos_limits: -0.0092
        Mean episode rew_laser_progress: 0.0875
               Mean episode rew_upright: 0.4791
            Mean episode rew_laser_stop: 0.0060
            Mean episode rew_laser_fall: -0.2401
             Mean episode rew_foot_slip: -0.0001
      Mean episode rew_angular_momentum: -0.0000
 Mean episode rew_track_linear_velocity: 0.6917
        Mean episode rew_action_rate_l2: -0.5145
--------------------------------------------------------------------------------
                         Iteration time: 1.98s
                           Time elapsed: 0:04:21
                                    ETA: 0:13:38

################################################################################
[1m                           Learning iteration 121/500                           [0m 

                               Run name: laser-follow-20260904-v1
                            Total steps: 2998272 
                       Steps per second: 11943 
                        Collection time: 1.799s 
                          Learning time: 0.259s 
                        Mean value loss: 2.2066
                    Mean surrogate loss: -0.0127
                      Mean entropy loss: 15.9774
                            Mean reward: 26.14
                    Mean episode length: 268.55
                        Mean action std: 0.76
       Mean episode rew_self_collisions: -0.0006
    Mean episode rew_body_pose_tracking: 0.0000
                  Mean episode rew_pose: 0.0431
        Mean episode rew_head_pose_bias: 0.0000
Mean episode rew_track_angular_velocity: 0.0187
              Mean episode rew_air_time: 0.1922
     Mean episode rew_foot_swing_height: -0.0070
        Mean episode rew_foot_clearance: -0.0034
    Mean episode rew_head_pose_tracking: 0.5113
          Mean episode rew_body_ang_vel: -0.0721
        Mean episode rew_dof_pos_limits: -0.0118
        Mean episode rew_laser_progress: 0.1396
               Mean episode rew_upright: 0.6684
            Mean episode rew_laser_stop: 0.0108
            Mean episode rew_laser_fall: -0.2309
             Mean episode rew_foot_slip: -0.0002
      Mean episode rew_angular_momentum: -0.0000
 Mean episode rew_track_linear_velocity: 0.9751
        Mean episode rew_action_rate_l2: -0.6989
--------------------------------------------------------------------------------
                         Iteration time: 2.06s
                           Time elapsed: 0:04:23
                                    ETA: 0:13:35

################################################################################
[1m                           Learning iteration 122/500                           [0m 

                               Run name: laser-follow-20260904-v1
                            Total steps: 3022848 
                       Steps per second: 12700 
                        Collection time: 1.688s 
                          Learning time: 0.247s 
                        Mean value loss: 2.0236
                    Mean surrogate loss: -0.0124
                      Mean entropy loss: 15.9801
                            Mean reward: 25.88
                    Mean episode length: 270.05
                        Mean action std: 0.76
       Mean episode rew_self_collisions: -0.0007
    Mean episode rew_body_pose_tracking: 0.0000
                  Mean episode rew_pose: 0.0311
        Mean episode rew_head_pose_bias: 0.0000
Mean episode rew_track_angular_velocity: 0.0105
              Mean episode rew_air_time: 0.1592
     Mean episode rew_foot_swing_height: -0.0053
        Mean episode rew_foot_clearance: -0.0028
    Mean episode rew_head_pose_tracking: 0.3626
          Mean episode rew_body_ang_vel: -0.0608
        Mean episode rew_dof_pos_limits: -0.0094
        Mean episode rew_laser_progress: 0.0917
               Mean episode rew_upright: 0.4708
            Mean episode rew_laser_stop: 0.0037
            Mean episode rew_laser_fall: -0.2375
             Mean episode rew_foot_slip: -0.0001
      Mean episode rew_angular_momentum: -0.0000
 Mean episode rew_track_linear_velocity: 0.6760
        Mean episode rew_action_rate_l2: -0.5223
--------------------------------------------------------------------------------
                         Iteration time: 1.93s
                           Time elapsed: 0:04:25
                                    ETA: 0:13:33

################################################################################
[1m                           Learning iteration 123/500                           [0m 

                               Run name: laser-follow-20260904-v1
                            Total steps: 3047424 
                       Steps per second: 12328 
                        Collection time: 1.750s 
                          Learning time: 0.244s 
                        Mean value loss: 2.1223
                    Mean surrogate loss: -0.0135
                      Mean entropy loss: 15.9805
                            Mean reward: 28.32
                    Mean episode length: 286.74
                        Mean action std: 0.76
       Mean episode rew_self_collisions: -0.0008
    Mean episode rew_body_pose_tracking: 0.0000
                  Mean episode rew_pose: 0.0448
        Mean episode rew_head_pose_bias: 0.0000
Mean episode rew_track_angular_velocity: 0.0182
              Mean episode rew_air_time: 0.1972
     Mean episode rew_foot_swing_height: -0.0073
        Mean episode rew_foot_clearance: -0.0033
    Mean episode rew_head_pose_tracking: 0.5032
          Mean episode rew_body_ang_vel: -0.0672
        Mean episode rew_dof_pos_limits: -0.0128
        Mean episode rew_laser_progress: 0.1176
               Mean episode rew_upright: 0.6594
            Mean episode rew_laser_stop: 0.0062
            Mean episode rew_laser_fall: -0.2323
             Mean episode rew_foot_slip: -0.0002
      Mean episode rew_angular_momentum: -0.0000
 Mean episode rew_track_linear_velocity: 0.9554
        Mean episode rew_action_rate_l2: -0.6951
--------------------------------------------------------------------------------
                         Iteration time: 1.99s
                           Time elapsed: 0:04:27
                                    ETA: 0:13:30

################################################################################
[1m                           Learning iteration 124/500                           [0m 

                               Run name: laser-follow-20260904-v1
                            Total steps: 3072000 
                       Steps per second: 12496 
                        Collection time: 1.717s 
                          Learning time: 0.249s 
                        Mean value loss: 2.0159
                    Mean surrogate loss: -0.0141
                      Mean entropy loss: 15.9691
                            Mean reward: 24.65
                    Mean episode length: 255.50
                        Mean action std: 0.76
       Mean episode rew_self_collisions: -0.0007
    Mean episode rew_body_pose_tracking: 0.0000
                  Mean episode rew_pose: 0.0381
        Mean episode rew_head_pose_bias: 0.0000
Mean episode rew_track_angular_velocity: 0.0154
              Mean episode rew_air_time: 0.1558
     Mean episode rew_foot_swing_height: -0.0070
        Mean episode rew_foot_clearance: -0.0034
    Mean episode rew_head_pose_tracking: 0.3984
          Mean episode rew_body_ang_vel: -0.0615
        Mean episode rew_dof_pos_limits: -0.0104
        Mean episode rew_laser_progress: 0.0774
               Mean episode rew_upright: 0.5185
            Mean episode rew_laser_stop: 0.0026
            Mean episode rew_laser_fall: -0.2259
             Mean episode rew_foot_slip: -0.0002
      Mean episode rew_angular_momentum: -0.0000
 Mean episode rew_track_linear_velocity: 0.7590
        Mean episode rew_action_rate_l2: -0.5569
--------------------------------------------------------------------------------
                         Iteration time: 1.97s
                           Time elapsed: 0:04:29
                                    ETA: 0:13:27

################################################################################
[1m                           Learning iteration 125/500                           [0m 

                               Run name: laser-follow-20260904-v1
                            Total steps: 3096576 
                       Steps per second: 12402 
                        Collection time: 1.739s 
                          Learning time: 0.243s 
                        Mean value loss: 1.9129
                    Mean surrogate loss: -0.0142
                      Mean entropy loss: 15.9547
                            Mean reward: 26.96
                    Mean episode length: 282.57
                        Mean action std: 0.76
       Mean episode rew_self_collisions: -0.0005
    Mean episode rew_body_pose_tracking: 0.0000
                  Mean episode rew_pose: 0.0424
        Mean episode rew_head_pose_bias: 0.0000
Mean episode rew_track_angular_velocity: 0.0161
              Mean episode rew_air_time: 0.1918
     Mean episode rew_foot_swing_height: -0.0071
        Mean episode rew_foot_clearance: -0.0035
    Mean episode rew_head_pose_tracking: 0.5014
          Mean episode rew_body_ang_vel: -0.0735
        Mean episode rew_dof_pos_limits: -0.0128
        Mean episode rew_laser_progress: 0.1114
               Mean episode rew_upright: 0.6719
            Mean episode rew_laser_stop: 0.0073
            Mean episode rew_laser_fall: -0.2418
             Mean episode rew_foot_slip: -0.0002
      Mean episode rew_angular_momentum: -0.0000
 Mean episode rew_track_linear_velocity: 0.9521
        Mean episode rew_action_rate_l2: -0.7126
--------------------------------------------------------------------------------
                         Iteration time: 1.98s
                           Time elapsed: 0:04:31
                                    ETA: 0:13:25

################################################################################
[1m                           Learning iteration 126/500                           [0m 

                               Run name: laser-follow-20260904-v1
                            Total steps: 3121152 
                       Steps per second: 12306 
                        Collection time: 1.759s 
                          Learning time: 0.238s 
                        Mean value loss: 2.0392
                    Mean surrogate loss: -0.0146
                      Mean entropy loss: 15.9373
                            Mean reward: 27.52
                    Mean episode length: 287.90
                        Mean action std: 0.76
       Mean episode rew_self_collisions: -0.0007
    Mean episode rew_body_pose_tracking: 0.0000
                  Mean episode rew_pose: 0.0391
        Mean episode rew_head_pose_bias: 0.0000
Mean episode rew_track_angular_velocity: 0.0162
              Mean episode rew_air_time: 0.1874
     Mean episode rew_foot_swing_height: -0.0064
        Mean episode rew_foot_clearance: -0.0031
    Mean episode rew_head_pose_tracking: 0.4643
          Mean episode rew_body_ang_vel: -0.0737
        Mean episode rew_dof_pos_limits: -0.0127
        Mean episode rew_laser_progress: 0.1036
               Mean episode rew_upright: 0.6150
            Mean episode rew_laser_stop: 0.0079
            Mean episode rew_laser_fall: -0.2431
             Mean episode rew_foot_slip: -0.0001
      Mean episode rew_angular_momentum: -0.0000
 Mean episode rew_track_linear_velocity: 0.8864
        Mean episode rew_action_rate_l2: -0.6639
--------------------------------------------------------------------------------
                         Iteration time: 2.00s
                           Time elapsed: 0:04:33
                                    ETA: 0:13:22

################################################################################
[1m                           Learning iteration 127/500                           [0m 

                               Run name: laser-follow-20260904-v1
                            Total steps: 3145728 
                       Steps per second: 12553 
                        Collection time: 1.719s 
                          Learning time: 0.238s 
                        Mean value loss: 2.0946
                    Mean surrogate loss: -0.0123
                      Mean entropy loss: 15.9117
                            Mean reward: 25.93
                    Mean episode length: 273.53
                        Mean action std: 0.76
       Mean episode rew_self_collisions: -0.0007
    Mean episode rew_body_pose_tracking: 0.0000
                  Mean episode rew_pose: 0.0319
        Mean episode rew_head_pose_bias: 0.0000
Mean episode rew_track_angular_velocity: 0.0137
              Mean episode rew_air_time: 0.1655
     Mean episode rew_foot_swing_height: -0.0061
        Mean episode rew_foot_clearance: -0.0034
    Mean episode rew_head_pose_tracking: 0.3981
          Mean episode rew_body_ang_vel: -0.0665
        Mean episode rew_dof_pos_limits: -0.0113
        Mean episode rew_laser_progress: 0.1078
               Mean episode rew_upright: 0.5126
            Mean episode rew_laser_stop: 0.0067
            Mean episode rew_laser_fall: -0.2442
             Mean episode rew_foot_slip: -0.0002
      Mean episode rew_angular_momentum: -0.0000
 Mean episode rew_track_linear_velocity: 0.7355
        Mean episode rew_action_rate_l2: -0.5748
--------------------------------------------------------------------------------
                         Iteration time: 1.96s
                           Time elapsed: 0:04:35
                                    ETA: 0:13:19

################################################################################
[1m                           Learning iteration 128/500                           [0m 

                               Run name: laser-follow-20260904-v1
                            Total steps: 3170304 
                       Steps per second: 12239 
                        Collection time: 1.766s 
                          Learning time: 0.242s 
                        Mean value loss: 1.7810
                    Mean surrogate loss: -0.0125
                      Mean entropy loss: 15.8995
                            Mean reward: 29.49
                    Mean episode length: 301.20
                        Mean action std: 0.76
       Mean episode rew_self_collisions: -0.0008
    Mean episode rew_body_pose_tracking: 0.0000
                  Mean episode rew_pose: 0.0426
        Mean episode rew_head_pose_bias: 0.0000
Mean episode rew_track_angular_velocity: 0.0205
              Mean episode rew_air_time: 0.1837
     Mean episode rew_foot_swing_height: -0.0065
        Mean episode rew_foot_clearance: -0.0032
    Mean episode rew_head_pose_tracking: 0.5253
          Mean episode rew_body_ang_vel: -0.0703
        Mean episode rew_dof_pos_limits: -0.0138
        Mean episode rew_laser_progress: 0.1022
               Mean episode rew_upright: 0.7093
            Mean episode rew_laser_stop: 0.0152
            Mean episode rew_laser_fall: -0.2135
             Mean episode rew_foot_slip: -0.0002
      Mean episode rew_angular_momentum: -0.0000
 Mean episode rew_track_linear_velocity: 1.0304
        Mean episode rew_action_rate_l2: -0.7394
--------------------------------------------------------------------------------
                         Iteration time: 2.01s
                           Time elapsed: 0:04:37
                                    ETA: 0:13:17

################################################################################
[1m                           Learning iteration 129/500                           [0m 

                               Run name: laser-follow-20260904-v1
                            Total steps: 3194880 
                       Steps per second: 12785 
                        Collection time: 1.682s 
                          Learning time: 0.240s 
                        Mean value loss: 1.9299
                    Mean surrogate loss: -0.0133
                      Mean entropy loss: 15.8799
                            Mean reward: 31.64
                    Mean episode length: 322.61
                        Mean action std: 0.76
       Mean episode rew_self_collisions: -0.0012
    Mean episode rew_body_pose_tracking: 0.0000
                  Mean episode rew_pose: 0.0425
        Mean episode rew_head_pose_bias: 0.0000
Mean episode rew_track_angular_velocity: 0.0155
              Mean episode rew_air_time: 0.2141
     Mean episode rew_foot_swing_height: -0.0073
        Mean episode rew_foot_clearance: -0.0038
    Mean episode rew_head_pose_tracking: 0.5120
          Mean episode rew_body_ang_vel: -0.0852
        Mean episode rew_dof_pos_limits: -0.0138
        Mean episode rew_laser_progress: 0.1001
               Mean episode rew_upright: 0.6727
            Mean episode rew_laser_stop: 0.0065
            Mean episode rew_laser_fall: -0.2323
             Mean episode rew_foot_slip: -0.0002
      Mean episode rew_angular_momentum: -0.0000
 Mean episode rew_track_linear_velocity: 0.9460
        Mean episode rew_action_rate_l2: -0.7449
--------------------------------------------------------------------------------
                         Iteration time: 1.92s
                           Time elapsed: 0:04:39
                                    ETA: 0:13:14

################################################################################
[1m                           Learning iteration 130/500                           [0m 

                               Run name: laser-follow-20260904-v1
                            Total steps: 3219456 
                       Steps per second: 12350 
                        Collection time: 1.746s 
                          Learning time: 0.244s 
                        Mean value loss: 1.9480
                    Mean surrogate loss: -0.0135
                      Mean entropy loss: 15.8773
                            Mean reward: 36.53
                    Mean episode length: 349.06
                        Mean action std: 0.76
       Mean episode rew_self_collisions: -0.0004
    Mean episode rew_body_pose_tracking: 0.0000
                  Mean episode rew_pose: 0.0577
        Mean episode rew_head_pose_bias: 0.0000
Mean episode rew_track_angular_velocity: 0.0244
              Mean episode rew_air_time: 0.2417
     Mean episode rew_foot_swing_height: -0.0089
        Mean episode rew_foot_clearance: -0.0041
    Mean episode rew_head_pose_tracking: 0.6336
          Mean episode rew_body_ang_vel: -0.0771
        Mean episode rew_dof_pos_limits: -0.0162
        Mean episode rew_laser_progress: 0.1631
               Mean episode rew_upright: 0.8545
            Mean episode rew_laser_stop: 0.0096
            Mean episode rew_laser_fall: -0.2068
             Mean episode rew_foot_slip: -0.0002
      Mean episode rew_angular_momentum: -0.0000
 Mean episode rew_track_linear_velocity: 1.2620
        Mean episode rew_action_rate_l2: -0.8735
--------------------------------------------------------------------------------
                         Iteration time: 1.99s
                           Time elapsed: 0:04:41
                                    ETA: 0:13:11

################################################################################
[1m                           Learning iteration 131/500                           [0m 

                               Run name: laser-follow-20260904-v1
                            Total steps: 3244032 
                       Steps per second: 12485 
                        Collection time: 1.734s 
                          Learning time: 0.235s 
                        Mean value loss: 1.8361
                    Mean surrogate loss: -0.0140
                      Mean entropy loss: 15.8817
                            Mean reward: 36.80
                    Mean episode length: 344.34
                        Mean action std: 0.76
       Mean episode rew_self_collisions: -0.0004
    Mean episode rew_body_pose_tracking: 0.0000
                  Mean episode rew_pose: 0.0498
        Mean episode rew_head_pose_bias: 0.0000
Mean episode rew_track_angular_velocity: 0.0222
              Mean episode rew_air_time: 0.2105
     Mean episode rew_foot_swing_height: -0.0076
        Mean episode rew_foot_clearance: -0.0036
    Mean episode rew_head_pose_tracking: 0.5730
          Mean episode rew_body_ang_vel: -0.0721
        Mean episode rew_dof_pos_limits: -0.0157
        Mean episode rew_laser_progress: 0.1404
               Mean episode rew_upright: 0.7726
            Mean episode rew_laser_stop: 0.0121
            Mean episode rew_laser_fall: -0.2153
             Mean episode rew_foot_slip: -0.0002
      Mean episode rew_angular_momentum: -0.0000
 Mean episode rew_track_linear_velocity: 1.1092
        Mean episode rew_action_rate_l2: -0.7920
--------------------------------------------------------------------------------
                         Iteration time: 1.97s
                           Time elapsed: 0:04:43
                                    ETA: 0:13:09

################################################################################
[1m                           Learning iteration 132/500                           [0m 

                               Run name: laser-follow-20260904-v1
                            Total steps: 3268608 
                       Steps per second: 12520 
                        Collection time: 1.712s 
                          Learning time: 0.251s 
                        Mean value loss: 1.9972
                    Mean surrogate loss: -0.0137
                      Mean entropy loss: 15.8782
                            Mean reward: 34.80
                    Mean episode length: 340.90
                        Mean action std: 0.76
       Mean episode rew_self_collisions: -0.0005
    Mean episode rew_body_pose_tracking: 0.0000
                  Mean episode rew_pose: 0.0535
        Mean episode rew_head_pose_bias: 0.0000
Mean episode rew_track_angular_velocity: 0.0225
              Mean episode rew_air_time: 0.2338
     Mean episode rew_foot_swing_height: -0.0085
        Mean episode rew_foot_clearance: -0.0040
    Mean episode rew_head_pose_tracking: 0.6235
          Mean episode rew_body_ang_vel: -0.0835
        Mean episode rew_dof_pos_limits: -0.0168
        Mean episode rew_laser_progress: 0.1555
               Mean episode rew_upright: 0.8363
            Mean episode rew_laser_stop: 0.0105
            Mean episode rew_laser_fall: -0.2179
             Mean episode rew_foot_slip: -0.0002
      Mean episode rew_angular_momentum: -0.0000
 Mean episode rew_track_linear_velocity: 1.2047
        Mean episode rew_action_rate_l2: -0.8879
--------------------------------------------------------------------------------
                         Iteration time: 1.96s
                           Time elapsed: 0:04:45
                                    ETA: 0:13:06

################################################################################
[1m                           Learning iteration 133/500                           [0m 

                               Run name: laser-follow-20260904-v1
                            Total steps: 3293184 
                       Steps per second: 12383 
                        Collection time: 1.744s 
                          Learning time: 0.241s 
                        Mean value loss: 2.0533
                    Mean surrogate loss: -0.0135
                      Mean entropy loss: 15.8791
                            Mean reward: 37.16
                    Mean episode length: 356.73
                        Mean action std: 0.76
       Mean episode rew_self_collisions: -0.0009
    Mean episode rew_body_pose_tracking: 0.0000
                  Mean episode rew_pose: 0.0490
        Mean episode rew_head_pose_bias: 0.0000
Mean episode rew_track_angular_velocity: 0.0232
              Mean episode rew_air_time: 0.2014
     Mean episode rew_foot_swing_height: -0.0078
        Mean episode rew_foot_clearance: -0.0036
    Mean episode rew_head_pose_tracking: 0.5926
          Mean episode rew_body_ang_vel: -0.0751
        Mean episode rew_dof_pos_limits: -0.0159
        Mean episode rew_laser_progress: 0.1378
               Mean episode rew_upright: 0.8018
            Mean episode rew_laser_stop: 0.0158
            Mean episode rew_laser_fall: -0.2045
             Mean episode rew_foot_slip: -0.0002
      Mean episode rew_angular_momentum: -0.0000
 Mean episode rew_track_linear_velocity: 1.1646
        Mean episode rew_action_rate_l2: -0.8249
--------------------------------------------------------------------------------
                         Iteration time: 1.98s
                           Time elapsed: 0:04:47
                                    ETA: 0:13:03

################################################################################
[1m                           Learning iteration 134/500                           [0m 

                               Run name: laser-follow-20260904-v1
                            Total steps: 3317760 
                       Steps per second: 12346 
                        Collection time: 1.749s 
                          Learning time: 0.241s 
                        Mean value loss: 2.1091
                    Mean surrogate loss: -0.0117
                      Mean entropy loss: 15.8928
                            Mean reward: 33.18
                    Mean episode length: 321.36
                        Mean action std: 0.76
       Mean episode rew_self_collisions: -0.0007
    Mean episode rew_body_pose_tracking: 0.0000
                  Mean episode rew_pose: 0.0567
        Mean episode rew_head_pose_bias: 0.0000
Mean episode rew_track_angular_velocity: 0.0239
              Mean episode rew_air_time: 0.2247
     Mean episode rew_foot_swing_height: -0.0089
        Mean episode rew_foot_clearance: -0.0038
    Mean episode rew_head_pose_tracking: 0.6360
          Mean episode rew_body_ang_vel: -0.0823
        Mean episode rew_dof_pos_limits: -0.0177
        Mean episode rew_laser_progress: 0.1124
               Mean episode rew_upright: 0.8698
            Mean episode rew_laser_stop: 0.0114
            Mean episode rew_laser_fall: -0.2102
             Mean episode rew_foot_slip: -0.0002
      Mean episode rew_angular_momentum: -0.0000
 Mean episode rew_track_linear_velocity: 1.2660
        Mean episode rew_action_rate_l2: -0.8969
--------------------------------------------------------------------------------
                         Iteration time: 1.99s
                           Time elapsed: 0:04:49
                                    ETA: 0:13:01

################################################################################
[1m                           Learning iteration 135/500                           [0m 

                               Run name: laser-follow-20260904-v1
                            Total steps: 3342336 
                       Steps per second: 12851 
                        Collection time: 1.673s 
                          Learning time: 0.239s 
                        Mean value loss: 1.8741
                    Mean surrogate loss: -0.0132
                      Mean entropy loss: 15.8937
                            Mean reward: 38.58
                    Mean episode length: 368.31
                        Mean action std: 0.76
       Mean episode rew_self_collisions: -0.0016
    Mean episode rew_body_pose_tracking: 0.0000
                  Mean episode rew_pose: 0.0507
        Mean episode rew_head_pose_bias: 0.0000
Mean episode rew_track_angular_velocity: 0.0214
              Mean episode rew_air_time: 0.2540
     Mean episode rew_foot_swing_height: -0.0088
        Mean episode rew_foot_clearance: -0.0045
    Mean episode rew_head_pose_tracking: 0.6772
          Mean episode rew_body_ang_vel: -0.1002
        Mean episode rew_dof_pos_limits: -0.0195
        Mean episode rew_laser_progress: 0.1529
               Mean episode rew_upright: 0.8880
            Mean episode rew_laser_stop: 0.0177
            Mean episode rew_laser_fall: -0.2314
             Mean episode rew_foot_slip: -0.0002
      Mean episode rew_angular_momentum: -0.0000
 Mean episode rew_track_linear_velocity: 1.3214
        Mean episode rew_action_rate_l2: -0.9634
--------------------------------------------------------------------------------
                         Iteration time: 1.91s
                           Time elapsed: 0:04:50
                                    ETA: 0:12:58

################################################################################
[1m                           Learning iteration 136/500                           [0m 

                               Run name: laser-follow-20260904-v1
                            Total steps: 3366912 
                       Steps per second: 12425 
                        Collection time: 1.735s 
                          Learning time: 0.243s 
                        Mean value loss: 1.7892
                    Mean surrogate loss: -0.0128
                      Mean entropy loss: 15.9026
                            Mean reward: 42.72
                    Mean episode length: 398.61
                        Mean action std: 0.76
       Mean episode rew_self_collisions: -0.0005
    Mean episode rew_body_pose_tracking: 0.0000
                  Mean episode rew_pose: 0.0555
        Mean episode rew_head_pose_bias: 0.0000
Mean episode rew_track_angular_velocity: 0.0269
              Mean episode rew_air_time: 0.2434
     Mean episode rew_foot_swing_height: -0.0085
        Mean episode rew_foot_clearance: -0.0040
    Mean episode rew_head_pose_tracking: 0.6534
          Mean episode rew_body_ang_vel: -0.0818
        Mean episode rew_dof_pos_limits: -0.0184
        Mean episode rew_laser_progress: 0.1278
               Mean episode rew_upright: 0.8799
            Mean episode rew_laser_stop: 0.0143
            Mean episode rew_laser_fall: -0.2005
             Mean episode rew_foot_slip: -0.0002
      Mean episode rew_angular_momentum: -0.0000
 Mean episode rew_track_linear_velocity: 1.2823
        Mean episode rew_action_rate_l2: -0.9087
--------------------------------------------------------------------------------
                         Iteration time: 1.98s
                           Time elapsed: 0:04:52
                                    ETA: 0:12:56

################################################################################
[1m                           Learning iteration 137/500                           [0m 

                               Run name: laser-follow-20260904-v1
                            Total steps: 3391488 
                       Steps per second: 12375 
                        Collection time: 1.743s 
                          Learning time: 0.243s 
                        Mean value loss: 2.0640
                    Mean surrogate loss: -0.0140
                      Mean entropy loss: 15.9066
                            Mean reward: 44.82
                    Mean episode length: 416.68
                        Mean action std: 0.76
       Mean episode rew_self_collisions: -0.0003
    Mean episode rew_body_pose_tracking: 0.0000
                  Mean episode rew_pose: 0.0591
        Mean episode rew_head_pose_bias: 0.0000
Mean episode rew_track_angular_velocity: 0.0254
              Mean episode rew_air_time: 0.2792
     Mean episode rew_foot_swing_height: -0.0097
        Mean episode rew_foot_clearance: -0.0045
    Mean episode rew_head_pose_tracking: 0.6988
          Mean episode rew_body_ang_vel: -0.0948
        Mean episode rew_dof_pos_limits: -0.0192
        Mean episode rew_laser_progress: 0.1439
               Mean episode rew_upright: 0.9425
            Mean episode rew_laser_stop: 0.0114
            Mean episode rew_laser_fall: -0.1976
             Mean episode rew_foot_slip: -0.0002
      Mean episode rew_angular_momentum: -0.0000
 Mean episode rew_track_linear_velocity: 1.3456
        Mean episode rew_action_rate_l2: -0.9948
--------------------------------------------------------------------------------
                         Iteration time: 1.99s
                           Time elapsed: 0:04:54
                                    ETA: 0:12:53

################################################################################
[1m                           Learning iteration 138/500                           [0m 

                               Run name: laser-follow-20260904-v1
                            Total steps: 3416064 
                       Steps per second: 12376 
                        Collection time: 1.746s 
                          Learning time: 0.240s 
                        Mean value loss: 1.6795
                    Mean surrogate loss: -0.0139
                      Mean entropy loss: 15.8946
                            Mean reward: 42.64
                    Mean episode length: 400.54
                        Mean action std: 0.76
       Mean episode rew_self_collisions: -0.0002
    Mean episode rew_body_pose_tracking: 0.0000
                  Mean episode rew_pose: 0.0548
        Mean episode rew_head_pose_bias: 0.0000
Mean episode rew_track_angular_velocity: 0.0229
              Mean episode rew_air_time: 0.2302
     Mean episode rew_foot_swing_height: -0.0087
        Mean episode rew_foot_clearance: -0.0042
    Mean episode rew_head_pose_tracking: 0.6152
          Mean episode rew_body_ang_vel: -0.0821
        Mean episode rew_dof_pos_limits: -0.0177
        Mean episode rew_laser_progress: 0.1032
               Mean episode rew_upright: 0.8291
            Mean episode rew_laser_stop: 0.0119
            Mean episode rew_laser_fall: -0.1984
             Mean episode rew_foot_slip: -0.0002
      Mean episode rew_angular_momentum: -0.0000
 Mean episode rew_track_linear_velocity: 1.2036
        Mean episode rew_action_rate_l2: -0.8753
--------------------------------------------------------------------------------
                         Iteration time: 1.99s
                           Time elapsed: 0:04:56
                                    ETA: 0:12:50

################################################################################
[1m                           Learning iteration 139/500                           [0m 

                               Run name: laser-follow-20260904-v1
                            Total steps: 3440640 
                       Steps per second: 12553 
                        Collection time: 1.716s 
                          Learning time: 0.241s 
                        Mean value loss: 1.8679
                    Mean surrogate loss: -0.0132
                      Mean entropy loss: 15.8901
                            Mean reward: 39.49
                    Mean episode length: 378.38
                        Mean action std: 0.76
       Mean episode rew_self_collisions: -0.0013
    Mean episode rew_body_pose_tracking: 0.0000
                  Mean episode rew_pose: 0.0526
        Mean episode rew_head_pose_bias: 0.0000
Mean episode rew_track_angular_velocity: 0.0252
              Mean episode rew_air_time: 0.2173
     Mean episode rew_foot_swing_height: -0.0086
        Mean episode rew_foot_clearance: -0.0039
    Mean episode rew_head_pose_tracking: 0.6172
          Mean episode rew_body_ang_vel: -0.0788
        Mean episode rew_dof_pos_limits: -0.0193
        Mean episode rew_laser_progress: 0.1303
               Mean episode rew_upright: 0.8264
            Mean episode rew_laser_stop: 0.0109
            Mean episode rew_laser_fall: -0.2231
             Mean episode rew_foot_slip: -0.0002
      Mean episode rew_angular_momentum: -0.0000
 Mean episode rew_track_linear_velocity: 1.2023
        Mean episode rew_action_rate_l2: -0.8762
--------------------------------------------------------------------------------
                         Iteration time: 1.96s
                           Time elapsed: 0:04:58
                                    ETA: 0:12:48

################################################################################
[1m                           Learning iteration 140/500                           [0m 

                               Run name: laser-follow-20260904-v1
                            Total steps: 3465216 
                       Steps per second: 12891 
                        Collection time: 1.664s 
                          Learning time: 0.242s 
                        Mean value loss: 1.9316
                    Mean surrogate loss: -0.0118
                      Mean entropy loss: 15.8845
                            Mean reward: 38.19
                    Mean episode length: 365.19
                        Mean action std: 0.76
       Mean episode rew_self_collisions: -0.0008
    Mean episode rew_body_pose_tracking: 0.0000
                  Mean episode rew_pose: 0.0587
        Mean episode rew_head_pose_bias: 0.0000
Mean episode rew_track_angular_velocity: 0.0270
              Mean episode rew_air_time: 0.2224
     Mean episode rew_foot_swing_height: -0.0101
        Mean episode rew_foot_clearance: -0.0041
    Mean episode rew_head_pose_tracking: 0.7380
          Mean episode rew_body_ang_vel: -0.0923
        Mean episode rew_dof_pos_limits: -0.0217
        Mean episode rew_laser_progress: 0.1550
               Mean episode rew_upright: 1.0180
            Mean episode rew_laser_stop: 0.0240
            Mean episode rew_laser_fall: -0.1915
             Mean episode rew_foot_slip: -0.0002
      Mean episode rew_angular_momentum: -0.0000
 Mean episode rew_track_linear_velocity: 1.4641
        Mean episode rew_action_rate_l2: -1.0545
--------------------------------------------------------------------------------
                         Iteration time: 1.91s
                           Time elapsed: 0:05:00
                                    ETA: 0:12:45

################################################################################
[1m                           Learning iteration 141/500                           [0m 

                               Run name: laser-follow-20260904-v1
                            Total steps: 3489792 
                       Steps per second: 12426 
                        Collection time: 1.736s 
                          Learning time: 0.242s 
                        Mean value loss: 1.8457
                    Mean surrogate loss: -0.0137
                      Mean entropy loss: 15.8804
                            Mean reward: 41.41
                    Mean episode length: 387.87
                        Mean action std: 0.76
       Mean episode rew_self_collisions: -0.0004
    Mean episode rew_body_pose_tracking: 0.0000
                  Mean episode rew_pose: 0.0532
        Mean episode rew_head_pose_bias: 0.0000
Mean episode rew_track_angular_velocity: 0.0271
              Mean episode rew_air_time: 0.2349
     Mean episode rew_foot_swing_height: -0.0083
        Mean episode rew_foot_clearance: -0.0038
    Mean episode rew_head_pose_tracking: 0.7219
          Mean episode rew_body_ang_vel: -0.0920
        Mean episode rew_dof_pos_limits: -0.0212
        Mean episode rew_laser_progress: 0.1692
               Mean episode rew_upright: 0.9836
            Mean episode rew_laser_stop: 0.0257
            Mean episode rew_laser_fall: -0.1950
             Mean episode rew_foot_slip: -0.0002
      Mean episode rew_angular_momentum: -0.0000
 Mean episode rew_track_linear_velocity: 1.4414
        Mean episode rew_action_rate_l2: -1.0271
--------------------------------------------------------------------------------
                         Iteration time: 1.98s
                           Time elapsed: 0:05:02
                                    ETA: 0:12:43

################################################################################
[1m                           Learning iteration 142/500                           [0m 

                               Run name: laser-follow-20260904-v1
                            Total steps: 3514368 
                       Steps per second: 12511 
                        Collection time: 1.723s 
                          Learning time: 0.241s 
                        Mean value loss: 1.8645
                    Mean surrogate loss: -0.0126
                      Mean entropy loss: 15.8747
                            Mean reward: 42.82
                    Mean episode length: 402.72
                        Mean action std: 0.76
       Mean episode rew_self_collisions: -0.0003
    Mean episode rew_body_pose_tracking: 0.0000
                  Mean episode rew_pose: 0.0664
        Mean episode rew_head_pose_bias: 0.0000
Mean episode rew_track_angular_velocity: 0.0297
              Mean episode rew_air_time: 0.2690
     Mean episode rew_foot_swing_height: -0.0110
        Mean episode rew_foot_clearance: -0.0046
    Mean episode rew_head_pose_tracking: 0.7483
          Mean episode rew_body_ang_vel: -0.1025
        Mean episode rew_dof_pos_limits: -0.0226
        Mean episode rew_laser_progress: 0.1579
               Mean episode rew_upright: 1.0007
            Mean episode rew_laser_stop: 0.0091
            Mean episode rew_laser_fall: -0.1806
             Mean episode rew_foot_slip: -0.0002
      Mean episode rew_angular_momentum: -0.0000
 Mean episode rew_track_linear_velocity: 1.4760
        Mean episode rew_action_rate_l2: -1.0726
--------------------------------------------------------------------------------
                         Iteration time: 1.96s
                           Time elapsed: 0:05:04
                                    ETA: 0:12:40

################################################################################
[1m                           Learning iteration 143/500                           [0m 

                               Run name: laser-follow-20260904-v1
                            Total steps: 3538944 
                       Steps per second: 12342 
                        Collection time: 1.749s 
                          Learning time: 0.242s 
                        Mean value loss: 1.5575
                    Mean surrogate loss: -0.0127
                      Mean entropy loss: 15.8754
                            Mean reward: 50.75
                    Mean episode length: 455.49
                        Mean action std: 0.76
       Mean episode rew_self_collisions: -0.0006
    Mean episode rew_body_pose_tracking: 0.0000
                  Mean episode rew_pose: 0.0725
        Mean episode rew_head_pose_bias: 0.0000
Mean episode rew_track_angular_velocity: 0.0301
              Mean episode rew_air_time: 0.2851
     Mean episode rew_foot_swing_height: -0.0112
        Mean episode rew_foot_clearance: -0.0048
    Mean episode rew_head_pose_tracking: 0.8137
          Mean episode rew_body_ang_vel: -0.0955
        Mean episode rew_dof_pos_limits: -0.0244
        Mean episode rew_laser_progress: 0.2350
               Mean episode rew_upright: 1.1384
            Mean episode rew_laser_stop: 0.0125
            Mean episode rew_laser_fall: -0.1802
             Mean episode rew_foot_slip: -0.0002
      Mean episode rew_angular_momentum: -0.0000
 Mean episode rew_track_linear_velocity: 1.6433
        Mean episode rew_action_rate_l2: -1.1465
--------------------------------------------------------------------------------
                         Iteration time: 1.99s
                           Time elapsed: 0:05:06
                                    ETA: 0:12:38

################################################################################
[1m                           Learning iteration 144/500                           [0m 

                               Run name: laser-follow-20260904-v1
                            Total steps: 3563520 
                       Steps per second: 13110 
                        Collection time: 1.632s 
                          Learning time: 0.242s 
                        Mean value loss: 1.7102
                    Mean surrogate loss: -0.0112
                      Mean entropy loss: 15.8685
                            Mean reward: 56.64
                    Mean episode length: 494.46
                        Mean action std: 0.76
       Mean episode rew_self_collisions: -0.0004
    Mean episode rew_body_pose_tracking: 0.0000
                  Mean episode rew_pose: 0.0860
        Mean episode rew_head_pose_bias: 0.0000
Mean episode rew_track_angular_velocity: 0.0383
              Mean episode rew_air_time: 0.3223
     Mean episode rew_foot_swing_height: -0.0120
        Mean episode rew_foot_clearance: -0.0053
    Mean episode rew_head_pose_tracking: 0.9320
          Mean episode rew_body_ang_vel: -0.1029
        Mean episode rew_dof_pos_limits: -0.0276
        Mean episode rew_laser_progress: 0.2273
               Mean episode rew_upright: 1.3127
            Mean episode rew_laser_stop: 0.0162
            Mean episode rew_laser_fall: -0.1612
             Mean episode rew_foot_slip: -0.0002
      Mean episode rew_angular_momentum: -0.0000
 Mean episode rew_track_linear_velocity: 1.8820
        Mean episode rew_action_rate_l2: -1.3166
--------------------------------------------------------------------------------
                         Iteration time: 1.87s
                           Time elapsed: 0:05:08
                                    ETA: 0:12:35

################################################################################
[1m                           Learning iteration 145/500                           [0m 

                               Run name: laser-follow-20260904-v1
                            Total steps: 3588096 
                       Steps per second: 13005 
                        Collection time: 1.636s 
                          Learning time: 0.254s 
                        Mean value loss: 1.8855
                    Mean surrogate loss: -0.0123
                      Mean entropy loss: 15.8467
                            Mean reward: 60.84
                    Mean episode length: 526.03
                        Mean action std: 0.76
       Mean episode rew_self_collisions: -0.0007
    Mean episode rew_body_pose_tracking: 0.0000
                  Mean episode rew_pose: 0.0775
        Mean episode rew_head_pose_bias: 0.0000
Mean episode rew_track_angular_velocity: 0.0361
              Mean episode rew_air_time: 0.2951
     Mean episode rew_foot_swing_height: -0.0133
        Mean episode rew_foot_clearance: -0.0053
    Mean episode rew_head_pose_tracking: 0.8397
          Mean episode rew_body_ang_vel: -0.0951
        Mean episode rew_dof_pos_limits: -0.0255
        Mean episode rew_laser_progress: 0.2311
               Mean episode rew_upright: 1.1709
            Mean episode rew_laser_stop: 0.0100
            Mean episode rew_laser_fall: -0.1748
             Mean episode rew_foot_slip: -0.0002
      Mean episode rew_angular_momentum: -0.0000
 Mean episode rew_track_linear_velocity: 1.6833
        Mean episode rew_action_rate_l2: -1.1806
--------------------------------------------------------------------------------
                         Iteration time: 1.89s
                           Time elapsed: 0:05:10
                                    ETA: 0:12:32

################################################################################
[1m                           Learning iteration 146/500                           [0m 

                               Run name: laser-follow-20260904-v1
                            Total steps: 3612672 
                       Steps per second: 11890 
                        Collection time: 1.802s 
                          Learning time: 0.265s 
                        Mean value loss: 1.6748
                    Mean surrogate loss: -0.0135
                      Mean entropy loss: 15.8459
                            Mean reward: 56.95
                    Mean episode length: 503.17
                        Mean action std: 0.76
       Mean episode rew_self_collisions: -0.0004
    Mean episode rew_body_pose_tracking: 0.0000
                  Mean episode rew_pose: 0.0649
        Mean episode rew_head_pose_bias: 0.0000
Mean episode rew_track_angular_velocity: 0.0283
              Mean episode rew_air_time: 0.2517
     Mean episode rew_foot_swing_height: -0.0103
        Mean episode rew_foot_clearance: -0.0046
    Mean episode rew_head_pose_tracking: 0.7609
          Mean episode rew_body_ang_vel: -0.0941
        Mean episode rew_dof_pos_limits: -0.0241
        Mean episode rew_laser_progress: 0.1984
               Mean episode rew_upright: 1.0587
            Mean episode rew_laser_stop: 0.0162
            Mean episode rew_laser_fall: -0.1958
             Mean episode rew_foot_slip: -0.0002
      Mean episode rew_angular_momentum: -0.0000
 Mean episode rew_track_linear_velocity: 1.5103
        Mean episode rew_action_rate_l2: -1.0898
--------------------------------------------------------------------------------
                         Iteration time: 2.07s
                           Time elapsed: 0:05:12
                                    ETA: 0:12:30

################################################################################
[1m                           Learning iteration 147/500                           [0m 

                               Run name: laser-follow-20260904-v1
                            Total steps: 3637248 
                       Steps per second: 11282 
                        Collection time: 1.915s 
                          Learning time: 0.263s 
                        Mean value loss: 1.7334
                    Mean surrogate loss: -0.0136
                      Mean entropy loss: 15.8381
                            Mean reward: 49.92
                    Mean episode length: 455.83
                        Mean action std: 0.76
       Mean episode rew_self_collisions: -0.0014
    Mean episode rew_body_pose_tracking: 0.0000
                  Mean episode rew_pose: 0.0662
        Mean episode rew_head_pose_bias: 0.0000
Mean episode rew_track_angular_velocity: 0.0318
              Mean episode rew_air_time: 0.2456
     Mean episode rew_foot_swing_height: -0.0099
        Mean episode rew_foot_clearance: -0.0044
    Mean episode rew_head_pose_tracking: 0.7695
          Mean episode rew_body_ang_vel: -0.0901
        Mean episode rew_dof_pos_limits: -0.0248
        Mean episode rew_laser_progress: 0.1766
               Mean episode rew_upright: 1.0684
            Mean episode rew_laser_stop: 0.0170
            Mean episode rew_laser_fall: -0.1799
             Mean episode rew_foot_slip: -0.0002
      Mean episode rew_angular_momentum: -0.0000
 Mean episode rew_track_linear_velocity: 1.5244
        Mean episode rew_action_rate_l2: -1.0878
--------------------------------------------------------------------------------
                         Iteration time: 2.18s
                           Time elapsed: 0:05:14
                                    ETA: 0:12:28

################################################################################
[1m                           Learning iteration 148/500                           [0m 

                               Run name: laser-follow-20260904-v1
                            Total steps: 3661824 
                       Steps per second: 12353 
                        Collection time: 1.748s 
                          Learning time: 0.241s 
                        Mean value loss: 1.5888
                    Mean surrogate loss: -0.0143
                      Mean entropy loss: 15.8328
                            Mean reward: 48.57
                    Mean episode length: 448.20
                        Mean action std: 0.76
       Mean episode rew_self_collisions: -0.0005
    Mean episode rew_body_pose_tracking: 0.0000
                  Mean episode rew_pose: 0.0592
        Mean episode rew_head_pose_bias: 0.0000
Mean episode rew_track_angular_velocity: 0.0264
              Mean episode rew_air_time: 0.2249
     Mean episode rew_foot_swing_height: -0.0099
        Mean episode rew_foot_clearance: -0.0040
    Mean episode rew_head_pose_tracking: 0.6723
          Mean episode rew_body_ang_vel: -0.0838
        Mean episode rew_dof_pos_limits: -0.0227
        Mean episode rew_laser_progress: 0.1201
               Mean episode rew_upright: 0.9353
            Mean episode rew_laser_stop: 0.0122
            Mean episode rew_laser_fall: -0.2049
             Mean episode rew_foot_slip: -0.0002
      Mean episode rew_angular_momentum: -0.0000
 Mean episode rew_track_linear_velocity: 1.3279
        Mean episode rew_action_rate_l2: -0.9657
--------------------------------------------------------------------------------
                         Iteration time: 1.99s
                           Time elapsed: 0:05:16
                                    ETA: 0:12:25

################################################################################
[1m                           Learning iteration 149/500                           [0m 

                               Run name: laser-follow-20260904-v1
                            Total steps: 3686400 
                       Steps per second: 12701 
                        Collection time: 1.692s 
                          Learning time: 0.242s 
                        Mean value loss: 1.3956
                    Mean surrogate loss: -0.0136
                      Mean entropy loss: 15.8202
                            Mean reward: 46.01
                    Mean episode length: 435.90
                        Mean action std: 0.76
       Mean episode rew_self_collisions: -0.0005
    Mean episode rew_body_pose_tracking: 0.0000
                  Mean episode rew_pose: 0.0692
        Mean episode rew_head_pose_bias: 0.0000
Mean episode rew_track_angular_velocity: 0.0281
              Mean episode rew_air_time: 0.3083
     Mean episode rew_foot_swing_height: -0.0111
        Mean episode rew_foot_clearance: -0.0053
    Mean episode rew_head_pose_tracking: 0.7660
          Mean episode rew_body_ang_vel: -0.1039
        Mean episode rew_dof_pos_limits: -0.0249
        Mean episode rew_laser_progress: 0.1679
               Mean episode rew_upright: 1.0477
            Mean episode rew_laser_stop: 0.0066
            Mean episode rew_laser_fall: -0.1997
             Mean episode rew_foot_slip: -0.0002
      Mean episode rew_angular_momentum: -0.0000
 Mean episode rew_track_linear_velocity: 1.5331
        Mean episode rew_action_rate_l2: -1.1104
--------------------------------------------------------------------------------
                         Iteration time: 1.93s
                           Time elapsed: 0:05:18
                                    ETA: 0:12:23

################################################################################
[1m                           Learning iteration 150/500                           [0m 

                               Run name: laser-follow-20260904-v1
                            Total steps: 3710976 
                       Steps per second: 13094 
                        Collection time: 1.637s 
                          Learning time: 0.240s 
                        Mean value loss: 1.5690
                    Mean surrogate loss: -0.0139
                      Mean entropy loss: 15.8184
                            Mean reward: 53.31
                    Mean episode length: 490.03
                        Mean action std: 0.76
       Mean episode rew_self_collisions: -0.0008
    Mean episode rew_body_pose_tracking: 0.0000
                  Mean episode rew_pose: 0.0724
        Mean episode rew_head_pose_bias: 0.0000
Mean episode rew_track_angular_velocity: 0.0326
              Mean episode rew_air_time: 0.2859
     Mean episode rew_foot_swing_height: -0.0106
        Mean episode rew_foot_clearance: -0.0045
    Mean episode rew_head_pose_tracking: 0.8778
          Mean episode rew_body_ang_vel: -0.1046
        Mean episode rew_dof_pos_limits: -0.0288
        Mean episode rew_laser_progress: 0.1471
               Mean episode rew_upright: 1.2191
            Mean episode rew_laser_stop: 0.0225
            Mean episode rew_laser_fall: -0.1719
             Mean episode rew_foot_slip: -0.0002
      Mean episode rew_angular_momentum: -0.0000
 Mean episode rew_track_linear_velocity: 1.7666
        Mean episode rew_action_rate_l2: -1.2639
--------------------------------------------------------------------------------
                         Iteration time: 1.88s
                           Time elapsed: 0:05:20
                                    ETA: 0:12:20

################################################################################
[1m                           Learning iteration 151/500                           [0m 

                               Run name: laser-follow-20260904-v1
                            Total steps: 3735552 
                       Steps per second: 13218 
                        Collection time: 1.618s 
                          Learning time: 0.241s 
                        Mean value loss: 1.7612
                    Mean surrogate loss: -0.0128
                      Mean entropy loss: 15.8158
                            Mean reward: 55.08
                    Mean episode length: 491.78
                        Mean action std: 0.76
       Mean episode rew_self_collisions: -0.0007
    Mean episode rew_body_pose_tracking: 0.0000
                  Mean episode rew_pose: 0.0623
        Mean episode rew_head_pose_bias: 0.0000
Mean episode rew_track_angular_velocity: 0.0301
              Mean episode rew_air_time: 0.2485
     Mean episode rew_foot_swing_height: -0.0101
        Mean episode rew_foot_clearance: -0.0044
    Mean episode rew_head_pose_tracking: 0.7538
          Mean episode rew_body_ang_vel: -0.0915
        Mean episode rew_dof_pos_limits: -0.0254
        Mean episode rew_laser_progress: 0.1743
               Mean episode rew_upright: 1.0535
            Mean episode rew_laser_stop: 0.0191
            Mean episode rew_laser_fall: -0.1851
             Mean episode rew_foot_slip: -0.0002
      Mean episode rew_angular_momentum: -0.0000
 Mean episode rew_track_linear_velocity: 1.5083
        Mean episode rew_action_rate_l2: -1.0757
--------------------------------------------------------------------------------
                         Iteration time: 1.86s
                           Time elapsed: 0:05:22
                                    ETA: 0:12:17

################################################################################
[1m                           Learning iteration 152/500                           [0m 

                               Run name: laser-follow-20260904-v1
                            Total steps: 3760128 
                       Steps per second: 12884 
                        Collection time: 1.666s 
                          Learning time: 0.241s 
                        Mean value loss: 1.4530
                    Mean surrogate loss: -0.0124
                      Mean entropy loss: 15.8056
                            Mean reward: 53.04
                    Mean episode length: 474.85
                        Mean action std: 0.76
       Mean episode rew_self_collisions: -0.0004
    Mean episode rew_body_pose_tracking: 0.0000
                  Mean episode rew_pose: 0.0724
        Mean episode rew_head_pose_bias: 0.0000
Mean episode rew_track_angular_velocity: 0.0353
              Mean episode rew_air_time: 0.2963
     Mean episode rew_foot_swing_height: -0.0109
        Mean episode rew_foot_clearance: -0.0048
    Mean episode rew_head_pose_tracking: 0.8046
          Mean episode rew_body_ang_vel: -0.1001
        Mean episode rew_dof_pos_limits: -0.0268
        Mean episode rew_laser_progress: 0.1781
               Mean episode rew_upright: 1.1345
            Mean episode rew_laser_stop: 0.0160
            Mean episode rew_laser_fall: -0.1745
             Mean episode rew_foot_slip: -0.0002
      Mean episode rew_angular_momentum: -0.0000
 Mean episode rew_track_linear_velocity: 1.6083
        Mean episode rew_action_rate_l2: -1.1719
--------------------------------------------------------------------------------
                         Iteration time: 1.91s
                           Time elapsed: 0:05:24
                                    ETA: 0:12:15

################################################################################
[1m                           Learning iteration 153/500                           [0m 

                               Run name: laser-follow-20260904-v1
                            Total steps: 3784704 
                       Steps per second: 12944 
                        Collection time: 1.659s 
                          Learning time: 0.240s 
                        Mean value loss: 1.4705
                    Mean surrogate loss: -0.0133
                      Mean entropy loss: 15.7933
                            Mean reward: 52.12
                    Mean episode length: 471.15
                        Mean action std: 0.76
       Mean episode rew_self_collisions: -0.0004
    Mean episode rew_body_pose_tracking: 0.0000
                  Mean episode rew_pose: 0.0463
        Mean episode rew_head_pose_bias: 0.0000
Mean episode rew_track_angular_velocity: 0.0267
              Mean episode rew_air_time: 0.1936
     Mean episode rew_foot_swing_height: -0.0071
        Mean episode rew_foot_clearance: -0.0035
    Mean episode rew_head_pose_tracking: 0.6398
          Mean episode rew_body_ang_vel: -0.0847
        Mean episode rew_dof_pos_limits: -0.0221
        Mean episode rew_laser_progress: 0.1091
               Mean episode rew_upright: 0.8713
            Mean episode rew_laser_stop: 0.0284
            Mean episode rew_laser_fall: -0.1962
             Mean episode rew_foot_slip: -0.0002
      Mean episode rew_angular_momentum: -0.0000
 Mean episode rew_track_linear_velocity: 1.2777
        Mean episode rew_action_rate_l2: -0.9631
--------------------------------------------------------------------------------
                         Iteration time: 1.90s
                           Time elapsed: 0:05:26
                                    ETA: 0:12:12

################################################################################
[1m                           Learning iteration 154/500                           [0m 

                               Run name: laser-follow-20260904-v1
                            Total steps: 3809280 
                       Steps per second: 13144 
                        Collection time: 1.630s 
                          Learning time: 0.240s 
                        Mean value loss: 1.5390
                    Mean surrogate loss: -0.0127
                      Mean entropy loss: 15.7871
                            Mean reward: 52.09
                    Mean episode length: 474.03
                        Mean action std: 0.76
       Mean episode rew_self_collisions: -0.0002
    Mean episode rew_body_pose_tracking: 0.0000
                  Mean episode rew_pose: 0.0711
        Mean episode rew_head_pose_bias: 0.0000
Mean episode rew_track_angular_velocity: 0.0360
              Mean episode rew_air_time: 0.2553
     Mean episode rew_foot_swing_height: -0.0121
        Mean episode rew_foot_clearance: -0.0049
    Mean episode rew_head_pose_tracking: 0.8533
          Mean episode rew_body_ang_vel: -0.0970
        Mean episode rew_dof_pos_limits: -0.0291
        Mean episode rew_laser_progress: 0.1874
               Mean episode rew_upright: 1.2019
            Mean episode rew_laser_stop: 0.0260
            Mean episode rew_laser_fall: -0.1753
             Mean episode rew_foot_slip: -0.0002
      Mean episode rew_angular_momentum: -0.0000
 Mean episode rew_track_linear_velocity: 1.7456
        Mean episode rew_action_rate_l2: -1.2155
--------------------------------------------------------------------------------
                         Iteration time: 1.87s
                           Time elapsed: 0:05:28
                                    ETA: 0:12:10

################################################################################
[1m                           Learning iteration 155/500                           [0m 

                               Run name: laser-follow-20260904-v1
                            Total steps: 3833856 
                       Steps per second: 11698 
                        Collection time: 1.790s 
                          Learning time: 0.311s 
                        Mean value loss: 1.3559
                    Mean surrogate loss: -0.0118
                      Mean entropy loss: 15.7790
                            Mean reward: 62.54
                    Mean episode length: 537.63
                        Mean action std: 0.76
       Mean episode rew_self_collisions: -0.0002
    Mean episode rew_body_pose_tracking: 0.0000
                  Mean episode rew_pose: 0.0898
        Mean episode rew_head_pose_bias: 0.0000
Mean episode rew_track_angular_velocity: 0.0453
              Mean episode rew_air_time: 0.3001
     Mean episode rew_foot_swing_height: -0.0137
        Mean episode rew_foot_clearance: -0.0051
    Mean episode rew_head_pose_tracking: 0.9651
          Mean episode rew_body_ang_vel: -0.0958
        Mean episode rew_dof_pos_limits: -0.0329
        Mean episode rew_laser_progress: 0.2639
               Mean episode rew_upright: 1.3625
            Mean episode rew_laser_stop: 0.0165
            Mean episode rew_laser_fall: -0.1526
             Mean episode rew_foot_slip: -0.0002
      Mean episode rew_angular_momentum: -0.0000
 Mean episode rew_track_linear_velocity: 1.9591
        Mean episode rew_action_rate_l2: -1.3652
--------------------------------------------------------------------------------
                         Iteration time: 2.10s
                           Time elapsed: 0:05:30
                                    ETA: 0:12:07

################################################################################
[1m                           Learning iteration 156/500                           [0m 

                               Run name: laser-follow-20260904-v1
                            Total steps: 3858432 
                       Steps per second: 12880 
                        Collection time: 1.652s 
                          Learning time: 0.256s 
                        Mean value loss: 1.4746
                    Mean surrogate loss: -0.0125
                      Mean entropy loss: 15.7813
                            Mean reward: 65.93
                    Mean episode length: 563.67
                        Mean action std: 0.76
       Mean episode rew_self_collisions: -0.0002
    Mean episode rew_body_pose_tracking: 0.0000
                  Mean episode rew_pose: 0.0911
        Mean episode rew_head_pose_bias: 0.0000
Mean episode rew_track_angular_velocity: 0.0412
              Mean episode rew_air_time: 0.3676
     Mean episode rew_foot_swing_height: -0.0129
        Mean episode rew_foot_clearance: -0.0058
    Mean episode rew_head_pose_tracking: 1.0679
          Mean episode rew_body_ang_vel: -0.1253
        Mean episode rew_dof_pos_limits: -0.0352
        Mean episode rew_laser_progress: 0.2613
               Mean episode rew_upright: 1.4915
            Mean episode rew_laser_stop: 0.0235
            Mean episode rew_laser_fall: -0.1260
             Mean episode rew_foot_slip: -0.0003
      Mean episode rew_angular_momentum: -0.0000
 Mean episode rew_track_linear_velocity: 2.1570
        Mean episode rew_action_rate_l2: -1.5496
--------------------------------------------------------------------------------
                         Iteration time: 1.91s
                           Time elapsed: 0:05:32
                                    ETA: 0:12:05

################################################################################
[1m                           Learning iteration 157/500                           [0m 

                               Run name: laser-follow-20260904-v1
                            Total steps: 3883008 
                       Steps per second: 12379 
                        Collection time: 1.746s 
                          Learning time: 0.239s 
                        Mean value loss: 1.2717
                    Mean surrogate loss: -0.0116
                      Mean entropy loss: 15.7814
                            Mean reward: 56.93
                    Mean episode length: 500.94
                        Mean action std: 0.76
       Mean episode rew_self_collisions: -0.0003
    Mean episode rew_body_pose_tracking: 0.0000
                  Mean episode rew_pose: 0.0742
        Mean episode rew_head_pose_bias: 0.0000
Mean episode rew_track_angular_velocity: 0.0362
              Mean episode rew_air_time: 0.2761
     Mean episode rew_foot_swing_height: -0.0120
        Mean episode rew_foot_clearance: -0.0046
    Mean episode rew_head_pose_tracking: 0.8363
          Mean episode rew_body_ang_vel: -0.0917
        Mean episode rew_dof_pos_limits: -0.0293
        Mean episode rew_laser_progress: 0.2148
               Mean episode rew_upright: 1.1843
            Mean episode rew_laser_stop: 0.0169
            Mean episode rew_laser_fall: -0.1693
             Mean episode rew_foot_slip: -0.0002
      Mean episode rew_angular_momentum: -0.0000
 Mean episode rew_track_linear_velocity: 1.6738
        Mean episode rew_action_rate_l2: -1.2008
--------------------------------------------------------------------------------
                         Iteration time: 1.99s
                           Time elapsed: 0:05:33
                                    ETA: 0:12:02

################################################################################
[1m                           Learning iteration 158/500                           [0m 

                               Run name: laser-follow-20260904-v1
                            Total steps: 3907584 
                       Steps per second: 13040 
                        Collection time: 1.641s 
                          Learning time: 0.244s 
                        Mean value loss: 1.2801
                    Mean surrogate loss: -0.0126
                      Mean entropy loss: 15.7739
                            Mean reward: 57.20
                    Mean episode length: 502.27
                        Mean action std: 0.75
       Mean episode rew_self_collisions: -0.0008
    Mean episode rew_body_pose_tracking: 0.0000
                  Mean episode rew_pose: 0.0852
        Mean episode rew_head_pose_bias: 0.0000
Mean episode rew_track_angular_velocity: 0.0386
              Mean episode rew_air_time: 0.3211
     Mean episode rew_foot_swing_height: -0.0136
        Mean episode rew_foot_clearance: -0.0055
    Mean episode rew_head_pose_tracking: 0.9799
          Mean episode rew_body_ang_vel: -0.1103
        Mean episode rew_dof_pos_limits: -0.0347
        Mean episode rew_laser_progress: 0.2574
               Mean episode rew_upright: 1.4008
            Mean episode rew_laser_stop: 0.0194
            Mean episode rew_laser_fall: -0.1597
             Mean episode rew_foot_slip: -0.0002
      Mean episode rew_angular_momentum: -0.0000
 Mean episode rew_track_linear_velocity: 2.0016
        Mean episode rew_action_rate_l2: -1.4247
--------------------------------------------------------------------------------
                         Iteration time: 1.88s
                           Time elapsed: 0:05:35
                                    ETA: 0:12:00

################################################################################
[1m                           Learning iteration 159/500                           [0m 

                               Run name: laser-follow-20260904-v1
                            Total steps: 3932160 
                       Steps per second: 12961 
                        Collection time: 1.624s 
                          Learning time: 0.272s 
                        Mean value loss: 1.4590
                    Mean surrogate loss: -0.0132
                      Mean entropy loss: 15.7628
                            Mean reward: 58.70
                    Mean episode length: 519.01
                        Mean action std: 0.75
       Mean episode rew_self_collisions: -0.0006
    Mean episode rew_body_pose_tracking: 0.0000
                  Mean episode rew_pose: 0.0910
        Mean episode rew_head_pose_bias: 0.0000
Mean episode rew_track_angular_velocity: 0.0392
              Mean episode rew_air_time: 0.3267
     Mean episode rew_foot_swing_height: -0.0147
        Mean episode rew_foot_clearance: -0.0057
    Mean episode rew_head_pose_tracking: 1.0411
          Mean episode rew_body_ang_vel: -0.1228
        Mean episode rew_dof_pos_limits: -0.0368
        Mean episode rew_laser_progress: 0.2086
               Mean episode rew_upright: 1.4829
            Mean episode rew_laser_stop: 0.0226
            Mean episode rew_laser_fall: -0.1319
             Mean episode rew_foot_slip: -0.0003
      Mean episode rew_angular_momentum: -0.0000
 Mean episode rew_track_linear_velocity: 2.0879
        Mean episode rew_action_rate_l2: -1.5147
--------------------------------------------------------------------------------
                         Iteration time: 1.90s
                           Time elapsed: 0:05:37
                                    ETA: 0:11:57

################################################################################
[1m                           Learning iteration 160/500                           [0m 

                               Run name: laser-follow-20260904-v1
                            Total steps: 3956736 
                       Steps per second: 12575 
                        Collection time: 1.713s 
                          Learning time: 0.241s 
                        Mean value loss: 1.5240
                    Mean surrogate loss: -0.0127
                      Mean entropy loss: 15.7628
                            Mean reward: 66.91
                    Mean episode length: 580.15
                        Mean action std: 0.75
       Mean episode rew_self_collisions: -0.0005
    Mean episode rew_body_pose_tracking: 0.0000
                  Mean episode rew_pose: 0.0996
        Mean episode rew_head_pose_bias: 0.0000
Mean episode rew_track_angular_velocity: 0.0488
              Mean episode rew_air_time: 0.3745
     Mean episode rew_foot_swing_height: -0.0161
        Mean episode rew_foot_clearance: -0.0063
    Mean episode rew_head_pose_tracking: 1.1575
          Mean episode rew_body_ang_vel: -0.1245
        Mean episode rew_dof_pos_limits: -0.0407
        Mean episode rew_laser_progress: 0.2519
               Mean episode rew_upright: 1.6373
            Mean episode rew_laser_stop: 0.0275
            Mean episode rew_laser_fall: -0.1172
             Mean episode rew_foot_slip: -0.0003
      Mean episode rew_angular_momentum: -0.0000
 Mean episode rew_track_linear_velocity: 2.3643
        Mean episode rew_action_rate_l2: -1.6685
--------------------------------------------------------------------------------
                         Iteration time: 1.95s
                           Time elapsed: 0:05:39
                                    ETA: 0:11:55

################################################################################
[1m                           Learning iteration 161/500                           [0m 

                               Run name: laser-follow-20260904-v1
                            Total steps: 3981312 
                       Steps per second: 12686 
                        Collection time: 1.689s 
                          Learning time: 0.248s 
                        Mean value loss: 1.4016
                    Mean surrogate loss: -0.0121
                      Mean entropy loss: 15.7646
                            Mean reward: 65.59
                    Mean episode length: 568.15
                        Mean action std: 0.75
       Mean episode rew_self_collisions: -0.0008
    Mean episode rew_body_pose_tracking: 0.0000
                  Mean episode rew_pose: 0.0772
        Mean episode rew_head_pose_bias: 0.0000
Mean episode rew_track_angular_velocity: 0.0359
              Mean episode rew_air_time: 0.2817
     Mean episode rew_foot_swing_height: -0.0120
        Mean episode rew_foot_clearance: -0.0053
    Mean episode rew_head_pose_tracking: 0.8889
          Mean episode rew_body_ang_vel: -0.1073
        Mean episode rew_dof_pos_limits: -0.0323
        Mean episode rew_laser_progress: 0.2497
               Mean episode rew_upright: 1.2505
            Mean episode rew_laser_stop: 0.0181
            Mean episode rew_laser_fall: -0.1753
             Mean episode rew_foot_slip: -0.0002
      Mean episode rew_angular_momentum: -0.0000
 Mean episode rew_track_linear_velocity: 1.8212
        Mean episode rew_action_rate_l2: -1.3100
--------------------------------------------------------------------------------
                         Iteration time: 1.94s
                           Time elapsed: 0:05:41
                                    ETA: 0:11:52

################################################################################
[1m                           Learning iteration 162/500                           [0m 

                               Run name: laser-follow-20260904-v1
                            Total steps: 4005888 
                       Steps per second: 13289 
                        Collection time: 1.590s 
                          Learning time: 0.259s 
                        Mean value loss: 1.5757
                    Mean surrogate loss: -0.0116
                      Mean entropy loss: 15.7621
                            Mean reward: 69.67
                    Mean episode length: 587.06
                        Mean action std: 0.75
       Mean episode rew_self_collisions: -0.0008
    Mean episode rew_body_pose_tracking: 0.0000
                  Mean episode rew_pose: 0.0783
        Mean episode rew_head_pose_bias: 0.0000
Mean episode rew_track_angular_velocity: 0.0409
              Mean episode rew_air_time: 0.2717
     Mean episode rew_foot_swing_height: -0.0129
        Mean episode rew_foot_clearance: -0.0049
    Mean episode rew_head_pose_tracking: 0.8491
          Mean episode rew_body_ang_vel: -0.0868
        Mean episode rew_dof_pos_limits: -0.0323
        Mean episode rew_laser_progress: 0.2175
               Mean episode rew_upright: 1.2083
            Mean episode rew_laser_stop: 0.0173
            Mean episode rew_laser_fall: -0.1689
             Mean episode rew_foot_slip: -0.0002
      Mean episode rew_angular_momentum: -0.0000
 Mean episode rew_track_linear_velocity: 1.7747
        Mean episode rew_action_rate_l2: -1.2112
--------------------------------------------------------------------------------
                         Iteration time: 1.85s
                           Time elapsed: 0:05:43
                                    ETA: 0:11:50

################################################################################
[1m                           Learning iteration 163/500                           [0m 

                               Run name: laser-follow-20260904-v1
                            Total steps: 4030464 
                       Steps per second: 12752 
                        Collection time: 1.685s 
                          Learning time: 0.242s 
                        Mean value loss: 1.4852
                    Mean surrogate loss: -0.0127
                      Mean entropy loss: 15.7552
                            Mean reward: 66.01
                    Mean episode length: 562.90
                        Mean action std: 0.75
       Mean episode rew_self_collisions: -0.0007
    Mean episode rew_body_pose_tracking: 0.0000
                  Mean episode rew_pose: 0.0772
        Mean episode rew_head_pose_bias: 0.0000
Mean episode rew_track_angular_velocity: 0.0398
              Mean episode rew_air_time: 0.2760
     Mean episode rew_foot_swing_height: -0.0116
        Mean episode rew_foot_clearance: -0.0050
    Mean episode rew_head_pose_tracking: 0.8729
          Mean episode rew_body_ang_vel: -0.1017
        Mean episode rew_dof_pos_limits: -0.0327
        Mean episode rew_laser_progress: 0.1924
               Mean episode rew_upright: 1.2107
            Mean episode rew_laser_stop: 0.0179
            Mean episode rew_laser_fall: -0.1736
             Mean episode rew_foot_slip: -0.0002
      Mean episode rew_angular_momentum: -0.0000
 Mean episode rew_track_linear_velocity: 1.7688
        Mean episode rew_action_rate_l2: -1.2681
--------------------------------------------------------------------------------
                         Iteration time: 1.93s
                           Time elapsed: 0:05:45
                                    ETA: 0:11:47

################################################################################
[1m                           Learning iteration 164/500                           [0m 

                               Run name: laser-follow-20260904-v1
                            Total steps: 4055040 
                       Steps per second: 12661 
                        Collection time: 1.696s 
                          Learning time: 0.245s 
                        Mean value loss: 1.6263
                    Mean surrogate loss: -0.0128
                      Mean entropy loss: 15.7443
                            Mean reward: 64.01
                    Mean episode length: 554.56
                        Mean action std: 0.75
       Mean episode rew_self_collisions: -0.0009
    Mean episode rew_body_pose_tracking: 0.0000
                  Mean episode rew_pose: 0.0674
        Mean episode rew_head_pose_bias: 0.0000
Mean episode rew_track_angular_velocity: 0.0366
              Mean episode rew_air_time: 0.2984
     Mean episode rew_foot_swing_height: -0.0116
        Mean episode rew_foot_clearance: -0.0055
    Mean episode rew_head_pose_tracking: 0.8770
          Mean episode rew_body_ang_vel: -0.1100
        Mean episode rew_dof_pos_limits: -0.0336
        Mean episode rew_laser_progress: 0.2527
               Mean episode rew_upright: 1.2254
            Mean episode rew_laser_stop: 0.0241
            Mean episode rew_laser_fall: -0.1976
             Mean episode rew_foot_slip: -0.0002
      Mean episode rew_angular_momentum: -0.0000
 Mean episode rew_track_linear_velocity: 1.7950
        Mean episode rew_action_rate_l2: -1.2798
--------------------------------------------------------------------------------
                         Iteration time: 1.94s
                           Time elapsed: 0:05:47
                                    ETA: 0:11:45

################################################################################
[1m                           Learning iteration 165/500                           [0m 

                               Run name: laser-follow-20260904-v1
                            Total steps: 4079616 
                       Steps per second: 13664 
                        Collection time: 1.548s 
                          Learning time: 0.251s 
                        Mean value loss: 1.2935
                    Mean surrogate loss: -0.0126
                      Mean entropy loss: 15.7426
                            Mean reward: 64.44
                    Mean episode length: 558.23
                        Mean action std: 0.75
       Mean episode rew_self_collisions: -0.0005
    Mean episode rew_body_pose_tracking: 0.0000
                  Mean episode rew_pose: 0.0669
        Mean episode rew_head_pose_bias: 0.0000
Mean episode rew_track_angular_velocity: 0.0369
              Mean episode rew_air_time: 0.2232
     Mean episode rew_foot_swing_height: -0.0108
        Mean episode rew_foot_clearance: -0.0041
    Mean episode rew_head_pose_tracking: 0.7644
          Mean episode rew_body_ang_vel: -0.0893
        Mean episode rew_dof_pos_limits: -0.0296
        Mean episode rew_laser_progress: 0.1945
               Mean episode rew_upright: 1.0799
            Mean episode rew_laser_stop: 0.0225
            Mean episode rew_laser_fall: -0.1979
             Mean episode rew_foot_slip: -0.0002
      Mean episode rew_angular_momentum: -0.0000
 Mean episode rew_track_linear_velocity: 1.5697
        Mean episode rew_action_rate_l2: -1.1205
--------------------------------------------------------------------------------
                         Iteration time: 1.80s
                           Time elapsed: 0:05:49
                                    ETA: 0:11:42

################################################################################
[1m                           Learning iteration 166/500                           [0m 

                               Run name: laser-follow-20260904-v1
                            Total steps: 4104192 
                       Steps per second: 12628 
                        Collection time: 1.702s 
                          Learning time: 0.244s 
                        Mean value loss: 1.3916
                    Mean surrogate loss: -0.0139
                      Mean entropy loss: 15.7369
                            Mean reward: 65.71
                    Mean episode length: 571.81
                        Mean action std: 0.75
       Mean episode rew_self_collisions: -0.0008
    Mean episode rew_body_pose_tracking: 0.0000
                  Mean episode rew_pose: 0.0950
        Mean episode rew_head_pose_bias: 0.0000
Mean episode rew_track_angular_velocity: 0.0473
              Mean episode rew_air_time: 0.3345
     Mean episode rew_foot_swing_height: -0.0155
        Mean episode rew_foot_clearance: -0.0061
    Mean episode rew_head_pose_tracking: 1.1256
          Mean episode rew_body_ang_vel: -0.1273
        Mean episode rew_dof_pos_limits: -0.0427
        Mean episode rew_laser_progress: 0.2900
               Mean episode rew_upright: 1.6051
            Mean episode rew_laser_stop: 0.0262
            Mean episode rew_laser_fall: -0.1408
             Mean episode rew_foot_slip: -0.0003
      Mean episode rew_angular_momentum: -0.0000
 Mean episode rew_track_linear_velocity: 2.2986
        Mean episode rew_action_rate_l2: -1.6411
--------------------------------------------------------------------------------
                         Iteration time: 1.95s
                           Time elapsed: 0:05:51
                                    ETA: 0:11:40

################################################################################
[1m                           Learning iteration 167/500                           [0m 

                               Run name: laser-follow-20260904-v1
                            Total steps: 4128768 
                       Steps per second: 13392 
                        Collection time: 1.589s 
                          Learning time: 0.246s 
                        Mean value loss: 1.3506
                    Mean surrogate loss: -0.0137
                      Mean entropy loss: 15.7404
                            Mean reward: 72.21
                    Mean episode length: 622.91
                        Mean action std: 0.75
       Mean episode rew_self_collisions: -0.0009
    Mean episode rew_body_pose_tracking: 0.0000
                  Mean episode rew_pose: 0.0810
        Mean episode rew_head_pose_bias: 0.0000
Mean episode rew_track_angular_velocity: 0.0362
              Mean episode rew_air_time: 0.3461
     Mean episode rew_foot_swing_height: -0.0129
        Mean episode rew_foot_clearance: -0.0058
    Mean episode rew_head_pose_tracking: 1.0211
          Mean episode rew_body_ang_vel: -0.1258
        Mean episode rew_dof_pos_limits: -0.0386
        Mean episode rew_laser_progress: 0.2601
               Mean episode rew_upright: 1.4300
            Mean episode rew_laser_stop: 0.0224
            Mean episode rew_laser_fall: -0.1547
             Mean episode rew_foot_slip: -0.0003
      Mean episode rew_angular_momentum: -0.0000
 Mean episode rew_track_linear_velocity: 2.0810
        Mean episode rew_action_rate_l2: -1.5125
--------------------------------------------------------------------------------
                         Iteration time: 1.84s
                           Time elapsed: 0:05:52
                                    ETA: 0:11:37

################################################################################
[1m                           Learning iteration 168/500                           [0m 

                               Run name: laser-follow-20260904-v1
                            Total steps: 4153344 
                       Steps per second: 12984 
                        Collection time: 1.655s 
                          Learning time: 0.237s 
                        Mean value loss: 1.2789
                    Mean surrogate loss: -0.0130
                      Mean entropy loss: 15.7306
                            Mean reward: 73.51
                    Mean episode length: 635.47
                        Mean action std: 0.75
       Mean episode rew_self_collisions: -0.0015
    Mean episode rew_body_pose_tracking: 0.0000
                  Mean episode rew_pose: 0.0876
        Mean episode rew_head_pose_bias: 0.0000
Mean episode rew_track_angular_velocity: 0.0483
              Mean episode rew_air_time: 0.2917
     Mean episode rew_foot_swing_height: -0.0143
        Mean episode rew_foot_clearance: -0.0057
    Mean episode rew_head_pose_tracking: 0.9985
          Mean episode rew_body_ang_vel: -0.1066
        Mean episode rew_dof_pos_limits: -0.0392
        Mean episode rew_laser_progress: 0.3033
               Mean episode rew_upright: 1.4411
            Mean episode rew_laser_stop: 0.0226
            Mean episode rew_laser_fall: -0.1580
             Mean episode rew_foot_slip: -0.0002
      Mean episode rew_angular_momentum: -0.0000
 Mean episode rew_track_linear_velocity: 2.0394
        Mean episode rew_action_rate_l2: -1.4380
--------------------------------------------------------------------------------
                         Iteration time: 1.89s
                           Time elapsed: 0:05:54
                                    ETA: 0:11:35

################################################################################
[1m                           Learning iteration 169/500                           [0m 

                               Run name: laser-follow-20260904-v1
                            Total steps: 4177920 
                       Steps per second: 13213 
                        Collection time: 1.619s 
                          Learning time: 0.241s 
                        Mean value loss: 1.4431
                    Mean surrogate loss: -0.0117
                      Mean entropy loss: 15.7134
                            Mean reward: 72.93
                    Mean episode length: 626.16
                        Mean action std: 0.75
       Mean episode rew_self_collisions: -0.0006
    Mean episode rew_body_pose_tracking: 0.0000
                  Mean episode rew_pose: 0.0867
        Mean episode rew_head_pose_bias: 0.0000
Mean episode rew_track_angular_velocity: 0.0447
              Mean episode rew_air_time: 0.3524
     Mean episode rew_foot_swing_height: -0.0135
        Mean episode rew_foot_clearance: -0.0059
    Mean episode rew_head_pose_tracking: 1.0502
          Mean episode rew_body_ang_vel: -0.1210
        Mean episode rew_dof_pos_limits: -0.0401
        Mean episode rew_laser_progress: 0.2175
               Mean episode rew_upright: 1.4694
            Mean episode rew_laser_stop: 0.0255
            Mean episode rew_laser_fall: -0.1389
             Mean episode rew_foot_slip: -0.0002
      Mean episode rew_angular_momentum: -0.0000
 Mean episode rew_track_linear_velocity: 2.1724
        Mean episode rew_action_rate_l2: -1.5371
--------------------------------------------------------------------------------
                         Iteration time: 1.86s
                           Time elapsed: 0:05:56
                                    ETA: 0:11:32

################################################################################
[1m                           Learning iteration 170/500                           [0m 

                               Run name: laser-follow-20260904-v1
                            Total steps: 4202496 
                       Steps per second: 13143 
                        Collection time: 1.633s 
                          Learning time: 0.237s 
                        Mean value loss: 1.2051
                    Mean surrogate loss: -0.0119
                      Mean entropy loss: 15.6942
                            Mean reward: 75.30
                    Mean episode length: 641.12
                        Mean action std: 0.75
       Mean episode rew_self_collisions: -0.0009
    Mean episode rew_body_pose_tracking: 0.0000
                  Mean episode rew_pose: 0.1003
        Mean episode rew_head_pose_bias: 0.0000
Mean episode rew_track_angular_velocity: 0.0490
              Mean episode rew_air_time: 0.3524
     Mean episode rew_foot_swing_height: -0.0146
        Mean episode rew_foot_clearance: -0.0062
    Mean episode rew_head_pose_tracking: 1.1483
          Mean episode rew_body_ang_vel: -0.1242
        Mean episode rew_dof_pos_limits: -0.0441
        Mean episode rew_laser_progress: 0.3056
               Mean episode rew_upright: 1.6364
            Mean episode rew_laser_stop: 0.0252
            Mean episode rew_laser_fall: -0.1243
             Mean episode rew_foot_slip: -0.0003
      Mean episode rew_angular_momentum: -0.0000
 Mean episode rew_track_linear_velocity: 2.3770
        Mean episode rew_action_rate_l2: -1.6783
--------------------------------------------------------------------------------
                         Iteration time: 1.87s
                           Time elapsed: 0:05:58
                                    ETA: 0:11:29

################################################################################
[1m                           Learning iteration 171/500                           [0m 

                               Run name: laser-follow-20260904-v1
                            Total steps: 4227072 
                       Steps per second: 13099 
                        Collection time: 1.636s 
                          Learning time: 0.240s 
                        Mean value loss: 1.3606
                    Mean surrogate loss: -0.0128
                      Mean entropy loss: 15.6962
                            Mean reward: 77.09
                    Mean episode length: 654.60
                        Mean action std: 0.75
       Mean episode rew_self_collisions: -0.0007
    Mean episode rew_body_pose_tracking: 0.0000
                  Mean episode rew_pose: 0.0851
        Mean episode rew_head_pose_bias: 0.0000
Mean episode rew_track_angular_velocity: 0.0391
              Mean episode rew_air_time: 0.3349
     Mean episode rew_foot_swing_height: -0.0145
        Mean episode rew_foot_clearance: -0.0060
    Mean episode rew_head_pose_tracking: 0.9533
          Mean episode rew_body_ang_vel: -0.1151
        Mean episode rew_dof_pos_limits: -0.0374
        Mean episode rew_laser_progress: 0.2559
               Mean episode rew_upright: 1.3420
            Mean episode rew_laser_stop: 0.0134
            Mean episode rew_laser_fall: -0.1649
             Mean episode rew_foot_slip: -0.0003
      Mean episode rew_angular_momentum: -0.0000
 Mean episode rew_track_linear_velocity: 1.9331
        Mean episode rew_action_rate_l2: -1.4119
--------------------------------------------------------------------------------
                         Iteration time: 1.88s
                           Time elapsed: 0:06:00
                                    ETA: 0:11:27

################################################################################
[1m                           Learning iteration 172/500                           [0m 

                               Run name: laser-follow-20260904-v1
                            Total steps: 4251648 
                       Steps per second: 12935 
                        Collection time: 1.632s 
                          Learning time: 0.267s 
                        Mean value loss: 1.1450
                    Mean surrogate loss: -0.0114
                      Mean entropy loss: 15.6886
                            Mean reward: 67.79
                    Mean episode length: 580.62
                        Mean action std: 0.75
       Mean episode rew_self_collisions: -0.0009
    Mean episode rew_body_pose_tracking: 0.0000
                  Mean episode rew_pose: 0.0685
        Mean episode rew_head_pose_bias: 0.0000
Mean episode rew_track_angular_velocity: 0.0409
              Mean episode rew_air_time: 0.2599
     Mean episode rew_foot_swing_height: -0.0112
        Mean episode rew_foot_clearance: -0.0044
    Mean episode rew_head_pose_tracking: 0.8214
          Mean episode rew_body_ang_vel: -0.0848
        Mean episode rew_dof_pos_limits: -0.0328
        Mean episode rew_laser_progress: 0.2208
               Mean episode rew_upright: 1.1504
            Mean episode rew_laser_stop: 0.0206
            Mean episode rew_laser_fall: -0.1656
             Mean episode rew_foot_slip: -0.0002
      Mean episode rew_angular_momentum: -0.0000
 Mean episode rew_track_linear_velocity: 1.6953
        Mean episode rew_action_rate_l2: -1.1662
--------------------------------------------------------------------------------
                         Iteration time: 1.90s
                           Time elapsed: 0:06:02
                                    ETA: 0:11:24

################################################################################
[1m                           Learning iteration 173/500                           [0m 

                               Run name: laser-follow-20260904-v1
                            Total steps: 4276224 
                       Steps per second: 12787 
                        Collection time: 1.685s 
                          Learning time: 0.236s 
                        Mean value loss: 1.3117
                    Mean surrogate loss: -0.0125
                      Mean entropy loss: 15.6783
                            Mean reward: 72.46
                    Mean episode length: 603.27
                        Mean action std: 0.75
       Mean episode rew_self_collisions: -0.0008
    Mean episode rew_body_pose_tracking: 0.0000
                  Mean episode rew_pose: 0.0998
        Mean episode rew_head_pose_bias: 0.0000
Mean episode rew_track_angular_velocity: 0.0549
              Mean episode rew_air_time: 0.3288
     Mean episode rew_foot_swing_height: -0.0153
        Mean episode rew_foot_clearance: -0.0059
    Mean episode rew_head_pose_tracking: 1.1262
          Mean episode rew_body_ang_vel: -0.1070
        Mean episode rew_dof_pos_limits: -0.0438
        Mean episode rew_laser_progress: 0.2947
               Mean episode rew_upright: 1.6121
            Mean episode rew_laser_stop: 0.0259
            Mean episode rew_laser_fall: -0.1181
             Mean episode rew_foot_slip: -0.0002
      Mean episode rew_angular_momentum: -0.0000
 Mean episode rew_track_linear_velocity: 2.3204
        Mean episode rew_action_rate_l2: -1.5803
--------------------------------------------------------------------------------
                         Iteration time: 1.92s
                           Time elapsed: 0:06:04
                                    ETA: 0:11:22

################################################################################
[1m                           Learning iteration 174/500                           [0m 

                               Run name: laser-follow-20260904-v1
                            Total steps: 4300800 
                       Steps per second: 12978 
                        Collection time: 1.639s 
                          Learning time: 0.254s 
                        Mean value loss: 1.2136
                    Mean surrogate loss: -0.0130
                      Mean entropy loss: 15.6725
                            Mean reward: 77.11
                    Mean episode length: 636.01
                        Mean action std: 0.75
       Mean episode rew_self_collisions: -0.0010
    Mean episode rew_body_pose_tracking: 0.0000
                  Mean episode rew_pose: 0.0984
        Mean episode rew_head_pose_bias: 0.0000
Mean episode rew_track_angular_velocity: 0.0541
              Mean episode rew_air_time: 0.3289
     Mean episode rew_foot_swing_height: -0.0157
        Mean episode rew_foot_clearance: -0.0059
    Mean episode rew_head_pose_tracking: 1.1199
          Mean episode rew_body_ang_vel: -0.1101
        Mean episode rew_dof_pos_limits: -0.0441
        Mean episode rew_laser_progress: 0.3050
               Mean episode rew_upright: 1.5909
            Mean episode rew_laser_stop: 0.0254
            Mean episode rew_laser_fall: -0.1250
             Mean episode rew_foot_slip: -0.0002
      Mean episode rew_angular_momentum: -0.0000
 Mean episode rew_track_linear_velocity: 2.3319
        Mean episode rew_action_rate_l2: -1.5979
--------------------------------------------------------------------------------
                         Iteration time: 1.89s
                           Time elapsed: 0:06:06
                                    ETA: 0:11:20

################################################################################
[1m                           Learning iteration 175/500                           [0m 

                               Run name: laser-follow-20260904-v1
                            Total steps: 4325376 
                       Steps per second: 13374 
                        Collection time: 1.598s 
                          Learning time: 0.239s 
                        Mean value loss: 1.6227
                    Mean surrogate loss: -0.0124
                      Mean entropy loss: 15.6703
                            Mean reward: 77.91
                    Mean episode length: 648.71
                        Mean action std: 0.75
       Mean episode rew_self_collisions: -0.0015
    Mean episode rew_body_pose_tracking: 0.0000
                  Mean episode rew_pose: 0.0769
        Mean episode rew_head_pose_bias: 0.0000
Mean episode rew_track_angular_velocity: 0.0411
              Mean episode rew_air_time: 0.2716
     Mean episode rew_foot_swing_height: -0.0127
        Mean episode rew_foot_clearance: -0.0051
    Mean episode rew_head_pose_tracking: 0.8841
          Mean episode rew_body_ang_vel: -0.1013
        Mean episode rew_dof_pos_limits: -0.0363
        Mean episode rew_laser_progress: 0.2474
               Mean episode rew_upright: 1.2503
            Mean episode rew_laser_stop: 0.0196
            Mean episode rew_laser_fall: -0.1823
             Mean episode rew_foot_slip: -0.0002
      Mean episode rew_angular_momentum: -0.0000
 Mean episode rew_track_linear_velocity: 1.8075
        Mean episode rew_action_rate_l2: -1.2858
--------------------------------------------------------------------------------
                         Iteration time: 1.84s
                           Time elapsed: 0:06:08
                                    ETA: 0:11:17

################################################################################
[1m                           Learning iteration 176/500                           [0m 

                               Run name: laser-follow-20260904-v1
                            Total steps: 4349952 
                       Steps per second: 12638 
                        Collection time: 1.703s 
                          Learning time: 0.242s 
                        Mean value loss: 1.4452
                    Mean surrogate loss: -0.0132
                      Mean entropy loss: 15.6603
                            Mean reward: 71.39
                    Mean episode length: 602.50
                        Mean action std: 0.75
       Mean episode rew_self_collisions: -0.0010
    Mean episode rew_body_pose_tracking: 0.0000
                  Mean episode rew_pose: 0.0775
        Mean episode rew_head_pose_bias: 0.0000
Mean episode rew_track_angular_velocity: 0.0387
              Mean episode rew_air_time: 0.2986
     Mean episode rew_foot_swing_height: -0.0126
        Mean episode rew_foot_clearance: -0.0052
    Mean episode rew_head_pose_tracking: 0.9029
          Mean episode rew_body_ang_vel: -0.1020
        Mean episode rew_dof_pos_limits: -0.0372
        Mean episode rew_laser_progress: 0.1955
               Mean episode rew_upright: 1.2573
            Mean episode rew_laser_stop: 0.0209
            Mean episode rew_laser_fall: -0.1651
             Mean episode rew_foot_slip: -0.0002
      Mean episode rew_angular_momentum: -0.0000
 Mean episode rew_track_linear_velocity: 1.8639
        Mean episode rew_action_rate_l2: -1.3053
--------------------------------------------------------------------------------
                         Iteration time: 1.94s
                           Time elapsed: 0:06:09
                                    ETA: 0:11:15

################################################################################
[1m                           Learning iteration 177/500                           [0m 

                               Run name: laser-follow-20260904-v1
                            Total steps: 4374528 
                       Steps per second: 13093 
                        Collection time: 1.635s 
                          Learning time: 0.242s 
                        Mean value loss: 1.3963
                    Mean surrogate loss: -0.0139
                      Mean entropy loss: 15.6540
                            Mean reward: 66.02
                    Mean episode length: 561.98
                        Mean action std: 0.75
       Mean episode rew_self_collisions: -0.0011
    Mean episode rew_body_pose_tracking: 0.0000
                  Mean episode rew_pose: 0.0719
        Mean episode rew_head_pose_bias: 0.0000
Mean episode rew_track_angular_velocity: 0.0453
              Mean episode rew_air_time: 0.2638
     Mean episode rew_foot_swing_height: -0.0113
        Mean episode rew_foot_clearance: -0.0049
    Mean episode rew_head_pose_tracking: 0.9032
          Mean episode rew_body_ang_vel: -0.1020
        Mean episode rew_dof_pos_limits: -0.0372
        Mean episode rew_laser_progress: 0.2615
               Mean episode rew_upright: 1.2930
            Mean episode rew_laser_stop: 0.0350
            Mean episode rew_laser_fall: -0.1632
             Mean episode rew_foot_slip: -0.0002
      Mean episode rew_angular_momentum: -0.0000
 Mean episode rew_track_linear_velocity: 1.8981
        Mean episode rew_action_rate_l2: -1.2899
--------------------------------------------------------------------------------
                         Iteration time: 1.88s
                           Time elapsed: 0:06:11
                                    ETA: 0:11:12

################################################################################
[1m                           Learning iteration 178/500                           [0m 

                               Run name: laser-follow-20260904-v1
                            Total steps: 4399104 
                       Steps per second: 12956 
                        Collection time: 1.654s 
                          Learning time: 0.242s 
                        Mean value loss: 1.5544
                    Mean surrogate loss: -0.0116
                      Mean entropy loss: 15.6551
                            Mean reward: 70.19
                    Mean episode length: 582.78
                        Mean action std: 0.75
       Mean episode rew_self_collisions: -0.0010
    Mean episode rew_body_pose_tracking: 0.0000
                  Mean episode rew_pose: 0.0895
        Mean episode rew_head_pose_bias: 0.0000
Mean episode rew_track_angular_velocity: 0.0478
              Mean episode rew_air_time: 0.3054
     Mean episode rew_foot_swing_height: -0.0132
        Mean episode rew_foot_clearance: -0.0052
    Mean episode rew_head_pose_tracking: 1.0313
          Mean episode rew_body_ang_vel: -0.1011
        Mean episode rew_dof_pos_limits: -0.0417
        Mean episode rew_laser_progress: 0.3076
               Mean episode rew_upright: 1.4860
            Mean episode rew_laser_stop: 0.0264
            Mean episode rew_laser_fall: -0.1387
             Mean episode rew_foot_slip: -0.0002
      Mean episode rew_angular_momentum: -0.0000
 Mean episode rew_track_linear_velocity: 2.1720
        Mean episode rew_action_rate_l2: -1.4475
--------------------------------------------------------------------------------
                         Iteration time: 1.90s
                           Time elapsed: 0:06:13
                                    ETA: 0:11:10

################################################################################
[1m                           Learning iteration 179/500                           [0m 

                               Run name: laser-follow-20260904-v1
                            Total steps: 4423680 
                       Steps per second: 12675 
                        Collection time: 1.698s 
                          Learning time: 0.241s 
                        Mean value loss: 1.2759
                    Mean surrogate loss: -0.0113
                      Mean entropy loss: 15.6527
                            Mean reward: 69.56
                    Mean episode length: 580.70
                        Mean action std: 0.75
       Mean episode rew_self_collisions: -0.0006
    Mean episode rew_body_pose_tracking: 0.0000
                  Mean episode rew_pose: 0.0782
        Mean episode rew_head_pose_bias: 0.0000
Mean episode rew_track_angular_velocity: 0.0433
              Mean episode rew_air_time: 0.2850
     Mean episode rew_foot_swing_height: -0.0119
        Mean episode rew_foot_clearance: -0.0053
    Mean episode rew_head_pose_tracking: 0.9505
          Mean episode rew_body_ang_vel: -0.1040
        Mean episode rew_dof_pos_limits: -0.0383
        Mean episode rew_laser_progress: 0.2249
               Mean episode rew_upright: 1.3511
            Mean episode rew_laser_stop: 0.0272
            Mean episode rew_laser_fall: -0.1441
             Mean episode rew_foot_slip: -0.0002
      Mean episode rew_angular_momentum: -0.0000
 Mean episode rew_track_linear_velocity: 1.9662
        Mean episode rew_action_rate_l2: -1.3726
--------------------------------------------------------------------------------
                         Iteration time: 1.94s
                           Time elapsed: 0:06:15
                                    ETA: 0:11:07

################################################################################
[1m                           Learning iteration 180/500                           [0m 

                               Run name: laser-follow-20260904-v1
                            Total steps: 4448256 
                       Steps per second: 13400 
                        Collection time: 1.598s 
                          Learning time: 0.236s 
                        Mean value loss: 0.9853
                    Mean surrogate loss: -0.0121
                      Mean entropy loss: 15.6421
                            Mean reward: 68.69
                    Mean episode length: 578.96
                        Mean action std: 0.75
       Mean episode rew_self_collisions: -0.0009
    Mean episode rew_body_pose_tracking: 0.0000
                  Mean episode rew_pose: 0.0694
        Mean episode rew_head_pose_bias: 0.0000
Mean episode rew_track_angular_velocity: 0.0396
              Mean episode rew_air_time: 0.2335
     Mean episode rew_foot_swing_height: -0.0100
        Mean episode rew_foot_clearance: -0.0042
    Mean episode rew_head_pose_tracking: 0.8608
          Mean episode rew_body_ang_vel: -0.0894
        Mean episode rew_dof_pos_limits: -0.0359
        Mean episode rew_laser_progress: 0.1935
               Mean episode rew_upright: 1.2144
            Mean episode rew_laser_stop: 0.0306
            Mean episode rew_laser_fall: -0.1910
             Mean episode rew_foot_slip: -0.0002
      Mean episode rew_angular_momentum: -0.0000
 Mean episode rew_track_linear_velocity: 1.8001
        Mean episode rew_action_rate_l2: -1.2128
--------------------------------------------------------------------------------
                         Iteration time: 1.83s
                           Time elapsed: 0:06:17
                                    ETA: 0:11:05

################################################################################
[1m                           Learning iteration 181/500                           [0m 

                               Run name: laser-follow-20260904-v1
                            Total steps: 4472832 
                       Steps per second: 13239 
                        Collection time: 1.615s 
                          Learning time: 0.241s 
                        Mean value loss: 1.2957
                    Mean surrogate loss: -0.0119
                      Mean entropy loss: 15.6310
                            Mean reward: 73.80
                    Mean episode length: 618.06
                        Mean action std: 0.75
       Mean episode rew_self_collisions: -0.0006
    Mean episode rew_body_pose_tracking: 0.0000
                  Mean episode rew_pose: 0.1054
        Mean episode rew_head_pose_bias: 0.0000
Mean episode rew_track_angular_velocity: 0.0517
              Mean episode rew_air_time: 0.3703
     Mean episode rew_foot_swing_height: -0.0174
        Mean episode rew_foot_clearance: -0.0074
    Mean episode rew_head_pose_tracking: 1.2185
          Mean episode rew_body_ang_vel: -0.1364
        Mean episode rew_dof_pos_limits: -0.0495
        Mean episode rew_laser_progress: 0.2591
               Mean episode rew_upright: 1.7046
            Mean episode rew_laser_stop: 0.0248
            Mean episode rew_laser_fall: -0.0972
             Mean episode rew_foot_slip: -0.0003
      Mean episode rew_angular_momentum: -0.0000
 Mean episode rew_track_linear_velocity: 2.4894
        Mean episode rew_action_rate_l2: -1.7515
--------------------------------------------------------------------------------
                         Iteration time: 1.86s
                           Time elapsed: 0:06:19
                                    ETA: 0:11:02

################################################################################
[1m                           Learning iteration 182/500                           [0m 

                               Run name: laser-follow-20260904-v1
                            Total steps: 4497408 
                       Steps per second: 13091 
                        Collection time: 1.639s 
                          Learning time: 0.238s 
                        Mean value loss: 1.0201
                    Mean surrogate loss: -0.0130
                      Mean entropy loss: 15.6219
                            Mean reward: 74.16
                    Mean episode length: 626.44
                        Mean action std: 0.75
       Mean episode rew_self_collisions: -0.0006
    Mean episode rew_body_pose_tracking: 0.0000
                  Mean episode rew_pose: 0.0870
        Mean episode rew_head_pose_bias: 0.0000
Mean episode rew_track_angular_velocity: 0.0501
              Mean episode rew_air_time: 0.3595
     Mean episode rew_foot_swing_height: -0.0132
        Mean episode rew_foot_clearance: -0.0059
    Mean episode rew_head_pose_tracking: 1.0394
          Mean episode rew_body_ang_vel: -0.1157
        Mean episode rew_dof_pos_limits: -0.0439
        Mean episode rew_laser_progress: 0.2422
               Mean episode rew_upright: 1.4543
            Mean episode rew_laser_stop: 0.0275
            Mean episode rew_laser_fall: -0.1484
             Mean episode rew_foot_slip: -0.0002
      Mean episode rew_angular_momentum: -0.0000
 Mean episode rew_track_linear_velocity: 2.1153
        Mean episode rew_action_rate_l2: -1.4960
--------------------------------------------------------------------------------
                         Iteration time: 1.88s
                           Time elapsed: 0:06:21
                                    ETA: 0:11:00

################################################################################
[1m                           Learning iteration 183/500                           [0m 

                               Run name: laser-follow-20260904-v1
                            Total steps: 4521984 
                       Steps per second: 12659 
                        Collection time: 1.686s 
                          Learning time: 0.255s 
                        Mean value loss: 1.3365
                    Mean surrogate loss: -0.0099
                      Mean entropy loss: 15.6170
                            Mean reward: 82.38
                    Mean episode length: 694.67
                        Mean action std: 0.75
       Mean episode rew_self_collisions: -0.0006
    Mean episode rew_body_pose_tracking: 0.0000
                  Mean episode rew_pose: 0.1089
        Mean episode rew_head_pose_bias: 0.0000
Mean episode rew_track_angular_velocity: 0.0605
              Mean episode rew_air_time: 0.4003
     Mean episode rew_foot_swing_height: -0.0172
        Mean episode rew_foot_clearance: -0.0069
    Mean episode rew_head_pose_tracking: 1.3221
          Mean episode rew_body_ang_vel: -0.1334
        Mean episode rew_dof_pos_limits: -0.0544
        Mean episode rew_laser_progress: 0.3299
               Mean episode rew_upright: 1.8836
            Mean episode rew_laser_stop: 0.0356
            Mean episode rew_laser_fall: -0.0885
             Mean episode rew_foot_slip: -0.0003
      Mean episode rew_angular_momentum: -0.0000
 Mean episode rew_track_linear_velocity: 2.7555
        Mean episode rew_action_rate_l2: -1.8769
--------------------------------------------------------------------------------
                         Iteration time: 1.94s
                           Time elapsed: 0:06:23
                                    ETA: 0:10:58

################################################################################
[1m                           Learning iteration 184/500                           [0m 

                               Run name: laser-follow-20260904-v1
                            Total steps: 4546560 
                       Steps per second: 12767 
                        Collection time: 1.682s 
                          Learning time: 0.243s 
                        Mean value loss: 1.3364
                    Mean surrogate loss: -0.0126
                      Mean entropy loss: 15.6106
                            Mean reward: 80.22
                    Mean episode length: 677.69
                        Mean action std: 0.75
       Mean episode rew_self_collisions: -0.0010
    Mean episode rew_body_pose_tracking: 0.0000
                  Mean episode rew_pose: 0.0773
        Mean episode rew_head_pose_bias: 0.0000
Mean episode rew_track_angular_velocity: 0.0463
              Mean episode rew_air_time: 0.2982
     Mean episode rew_foot_swing_height: -0.0135
        Mean episode rew_foot_clearance: -0.0056
    Mean episode rew_head_pose_tracking: 0.9831
          Mean episode rew_body_ang_vel: -0.1174
        Mean episode rew_dof_pos_limits: -0.0416
        Mean episode rew_laser_progress: 0.2608
               Mean episode rew_upright: 1.3595
            Mean episode rew_laser_stop: 0.0318
            Mean episode rew_laser_fall: -0.1606
             Mean episode rew_foot_slip: -0.0002
      Mean episode rew_angular_momentum: -0.0000
 Mean episode rew_track_linear_velocity: 2.0398
        Mean episode rew_action_rate_l2: -1.4157
--------------------------------------------------------------------------------
                         Iteration time: 1.92s
                           Time elapsed: 0:06:25
                                    ETA: 0:10:55

################################################################################
[1m                           Learning iteration 185/500                           [0m 

                               Run name: laser-follow-20260904-v1
                            Total steps: 4571136 
                       Steps per second: 12427 
                        Collection time: 1.732s 
                          Learning time: 0.246s 
                        Mean value loss: 1.2391
                    Mean surrogate loss: -0.0117
                      Mean entropy loss: 15.5999
                            Mean reward: 81.91
                    Mean episode length: 677.10
                        Mean action std: 0.75
       Mean episode rew_self_collisions: -0.0004
    Mean episode rew_body_pose_tracking: 0.0000
                  Mean episode rew_pose: 0.0986
        Mean episode rew_head_pose_bias: 0.0000
Mean episode rew_track_angular_velocity: 0.0510
              Mean episode rew_air_time: 0.3325
     Mean episode rew_foot_swing_height: -0.0143
        Mean episode rew_foot_clearance: -0.0060
    Mean episode rew_head_pose_tracking: 1.1274
          Mean episode rew_body_ang_vel: -0.1163
        Mean episode rew_dof_pos_limits: -0.0474
        Mean episode rew_laser_progress: 0.3499
               Mean episode rew_upright: 1.6217
            Mean episode rew_laser_stop: 0.0290
            Mean episode rew_laser_fall: -0.1444
             Mean episode rew_foot_slip: -0.0002
      Mean episode rew_angular_momentum: -0.0000
 Mean episode rew_track_linear_velocity: 2.3654
        Mean episode rew_action_rate_l2: -1.5992
--------------------------------------------------------------------------------
                         Iteration time: 1.98s
                           Time elapsed: 0:06:27
                                    ETA: 0:10:53

################################################################################
[1m                           Learning iteration 186/500                           [0m 

                               Run name: laser-follow-20260904-v1
                            Total steps: 4595712 
                       Steps per second: 12424 
                        Collection time: 1.736s 
                          Learning time: 0.242s 
                        Mean value loss: 1.2330
                    Mean surrogate loss: -0.0116
                      Mean entropy loss: 15.5919
                            Mean reward: 83.74
                    Mean episode length: 682.50
                        Mean action std: 0.75
       Mean episode rew_self_collisions: -0.0006
    Mean episode rew_body_pose_tracking: 0.0000
                  Mean episode rew_pose: 0.1019
        Mean episode rew_head_pose_bias: 0.0000
Mean episode rew_track_angular_velocity: 0.0533
              Mean episode rew_air_time: 0.3898
     Mean episode rew_foot_swing_height: -0.0152
        Mean episode rew_foot_clearance: -0.0064
    Mean episode rew_head_pose_tracking: 1.1498
          Mean episode rew_body_ang_vel: -0.1162
        Mean episode rew_dof_pos_limits: -0.0486
        Mean episode rew_laser_progress: 0.3030
               Mean episode rew_upright: 1.6299
            Mean episode rew_laser_stop: 0.0214
            Mean episode rew_laser_fall: -0.1201
             Mean episode rew_foot_slip: -0.0002
      Mean episode rew_angular_momentum: -0.0000
 Mean episode rew_track_linear_velocity: 2.4194
        Mean episode rew_action_rate_l2: -1.6422
--------------------------------------------------------------------------------
                         Iteration time: 1.98s
                           Time elapsed: 0:06:29
                                    ETA: 0:10:51

################################################################################
[1m                           Learning iteration 187/500                           [0m 

                               Run name: laser-follow-20260904-v1
                            Total steps: 4620288 
                       Steps per second: 12564 
                        Collection time: 1.708s 
                          Learning time: 0.248s 
                        Mean value loss: 1.3020
                    Mean surrogate loss: -0.0127
                      Mean entropy loss: 15.5759
                            Mean reward: 85.99
                    Mean episode length: 687.66
                        Mean action std: 0.75
       Mean episode rew_self_collisions: -0.0012
    Mean episode rew_body_pose_tracking: 0.0000
                  Mean episode rew_pose: 0.1087
        Mean episode rew_head_pose_bias: 0.0000
Mean episode rew_track_angular_velocity: 0.0680
              Mean episode rew_air_time: 0.3272
     Mean episode rew_foot_swing_height: -0.0171
        Mean episode rew_foot_clearance: -0.0061
    Mean episode rew_head_pose_tracking: 1.2632
          Mean episode rew_body_ang_vel: -0.1083
        Mean episode rew_dof_pos_limits: -0.0530
        Mean episode rew_laser_progress: 0.3639
               Mean episode rew_upright: 1.8329
            Mean episode rew_laser_stop: 0.0435
            Mean episode rew_laser_fall: -0.1137
             Mean episode rew_foot_slip: -0.0002
      Mean episode rew_angular_momentum: -0.0000
 Mean episode rew_track_linear_velocity: 2.7170
        Mean episode rew_action_rate_l2: -1.7485
--------------------------------------------------------------------------------
                         Iteration time: 1.96s
                           Time elapsed: 0:06:31
                                    ETA: 0:10:48

################################################################################
[1m                           Learning iteration 188/500                           [0m 

                               Run name: laser-follow-20260904-v1
                            Total steps: 4644864 
                       Steps per second: 13045 
                        Collection time: 1.648s 
                          Learning time: 0.236s 
                        Mean value loss: 1.3479
                    Mean surrogate loss: -0.0131
                      Mean entropy loss: 15.5738
                            Mean reward: 87.17
                    Mean episode length: 694.53
                        Mean action std: 0.75
       Mean episode rew_self_collisions: -0.0007
    Mean episode rew_body_pose_tracking: 0.0000
                  Mean episode rew_pose: 0.0902
        Mean episode rew_head_pose_bias: 0.0000
Mean episode rew_track_angular_velocity: 0.0537
              Mean episode rew_air_time: 0.3108
     Mean episode rew_foot_swing_height: -0.0135
        Mean episode rew_foot_clearance: -0.0054
    Mean episode rew_head_pose_tracking: 1.0971
          Mean episode rew_body_ang_vel: -0.1058
        Mean episode rew_dof_pos_limits: -0.0470
        Mean episode rew_laser_progress: 0.2947
               Mean episode rew_upright: 1.5846
            Mean episode rew_laser_stop: 0.0348
            Mean episode rew_laser_fall: -0.1424
             Mean episode rew_foot_slip: -0.0002
      Mean episode rew_angular_momentum: -0.0000
 Mean episode rew_track_linear_velocity: 2.3658
        Mean episode rew_action_rate_l2: -1.5338
--------------------------------------------------------------------------------
                         Iteration time: 1.88s
                           Time elapsed: 0:06:32
                                    ETA: 0:10:46

################################################################################
[1m                           Learning iteration 189/500                           [0m 

                               Run name: laser-follow-20260904-v1
                            Total steps: 4669440 
                       Steps per second: 13977 
                        Collection time: 1.516s 
                          Learning time: 0.243s 
                        Mean value loss: 1.3803
                    Mean surrogate loss: -0.0126
                      Mean entropy loss: 15.5704
                            Mean reward: 80.96
                    Mean episode length: 656.68
                        Mean action std: 0.75
       Mean episode rew_self_collisions: -0.0008
    Mean episode rew_body_pose_tracking: 0.0000
                  Mean episode rew_pose: 0.1091
        Mean episode rew_head_pose_bias: 0.0000
Mean episode rew_track_angular_velocity: 0.0625
              Mean episode rew_air_time: 0.3853
     Mean episode rew_foot_swing_height: -0.0165
        Mean episode rew_foot_clearance: -0.0067
    Mean episode rew_head_pose_tracking: 1.2424
          Mean episode rew_body_ang_vel: -0.1270
        Mean episode rew_dof_pos_limits: -0.0529
        Mean episode rew_laser_progress: 0.2949
               Mean episode rew_upright: 1.7515
            Mean episode rew_laser_stop: 0.0243
            Mean episode rew_laser_fall: -0.1189
             Mean episode rew_foot_slip: -0.0003
      Mean episode rew_angular_momentum: -0.0000
 Mean episode rew_track_linear_velocity: 2.5705
        Mean episode rew_action_rate_l2: -1.7420
--------------------------------------------------------------------------------
                         Iteration time: 1.76s
                           Time elapsed: 0:06:34
                                    ETA: 0:10:43

################################################################################
[1m                           Learning iteration 190/500                           [0m 

                               Run name: laser-follow-20260904-v1
                            Total steps: 4694016 
                       Steps per second: 12974 
                        Collection time: 1.652s 
                          Learning time: 0.242s 
                        Mean value loss: 1.0239
                    Mean surrogate loss: -0.0124
                      Mean entropy loss: 15.5686
                            Mean reward: 84.55
                    Mean episode length: 690.96
                        Mean action std: 0.75
       Mean episode rew_self_collisions: -0.0009
    Mean episode rew_body_pose_tracking: 0.0000
                  Mean episode rew_pose: 0.1042
        Mean episode rew_head_pose_bias: 0.0000
Mean episode rew_track_angular_velocity: 0.0639
              Mean episode rew_air_time: 0.3663
     Mean episode rew_foot_swing_height: -0.0174
        Mean episode rew_foot_clearance: -0.0072
    Mean episode rew_head_pose_tracking: 1.3351
          Mean episode rew_body_ang_vel: -0.1427
        Mean episode rew_dof_pos_limits: -0.0577
        Mean episode rew_laser_progress: 0.3958
               Mean episode rew_upright: 1.9074
            Mean episode rew_laser_stop: 0.0481
            Mean episode rew_laser_fall: -0.1181
             Mean episode rew_foot_slip: -0.0003
      Mean episode rew_angular_momentum: -0.0000
 Mean episode rew_track_linear_velocity: 2.8276
        Mean episode rew_action_rate_l2: -1.8746
--------------------------------------------------------------------------------
                         Iteration time: 1.89s
                           Time elapsed: 0:06:36
                                    ETA: 0:10:41

################################################################################
[1m                           Learning iteration 191/500                           [0m 

                               Run name: laser-follow-20260904-v1
                            Total steps: 4718592 
                       Steps per second: 12882 
                        Collection time: 1.666s 
                          Learning time: 0.242s 
                        Mean value loss: 1.4547
                    Mean surrogate loss: -0.0118
                      Mean entropy loss: 15.5766
                            Mean reward: 82.30
                    Mean episode length: 685.42
                        Mean action std: 0.75
       Mean episode rew_self_collisions: -0.0010
    Mean episode rew_body_pose_tracking: 0.0000
                  Mean episode rew_pose: 0.0932
        Mean episode rew_head_pose_bias: 0.0000
Mean episode rew_track_angular_velocity: 0.0500
              Mean episode rew_air_time: 0.3352
     Mean episode rew_foot_swing_height: -0.0137
        Mean episode rew_foot_clearance: -0.0058
    Mean episode rew_head_pose_tracking: 1.0854
          Mean episode rew_body_ang_vel: -0.1100
        Mean episode rew_dof_pos_limits: -0.0470
        Mean episode rew_laser_progress: 0.2593
               Mean episode rew_upright: 1.5063
            Mean episode rew_laser_stop: 0.0256
            Mean episode rew_laser_fall: -0.1503
             Mean episode rew_foot_slip: -0.0002
      Mean episode rew_angular_momentum: -0.0000
 Mean episode rew_track_linear_velocity: 2.2740
        Mean episode rew_action_rate_l2: -1.5119
--------------------------------------------------------------------------------
                         Iteration time: 1.91s
                           Time elapsed: 0:06:38
                                    ETA: 0:10:39

################################################################################
[1m                           Learning iteration 192/500                           [0m 

                               Run name: laser-follow-20260904-v1
                            Total steps: 4743168 
                       Steps per second: 12336 
                        Collection time: 1.725s 
                          Learning time: 0.267s 
                        Mean value loss: 1.0183
                    Mean surrogate loss: -0.0129
                      Mean entropy loss: 15.5798
                            Mean reward: 76.09
                    Mean episode length: 635.34
                        Mean action std: 0.75
       Mean episode rew_self_collisions: -0.0006
    Mean episode rew_body_pose_tracking: 0.0000
                  Mean episode rew_pose: 0.0835
        Mean episode rew_head_pose_bias: 0.0000
Mean episode rew_track_angular_velocity: 0.0438
              Mean episode rew_air_time: 0.3017
     Mean episode rew_foot_swing_height: -0.0123
        Mean episode rew_foot_clearance: -0.0053
    Mean episode rew_head_pose_tracking: 0.9247
          Mean episode rew_body_ang_vel: -0.1010
        Mean episode rew_dof_pos_limits: -0.0406
        Mean episode rew_laser_progress: 0.2755
               Mean episode rew_upright: 1.3227
            Mean episode rew_laser_stop: 0.0159
            Mean episode rew_laser_fall: -0.1528
             Mean episode rew_foot_slip: -0.0002
      Mean episode rew_angular_momentum: -0.0000
 Mean episode rew_track_linear_velocity: 1.9257
        Mean episode rew_action_rate_l2: -1.3168
--------------------------------------------------------------------------------
                         Iteration time: 1.99s
                           Time elapsed: 0:06:40
                                    ETA: 0:10:36

################################################################################
[1m                           Learning iteration 193/500                           [0m 

                               Run name: laser-follow-20260904-v1
                            Total steps: 4767744 
                       Steps per second: 13163 
                        Collection time: 1.626s 
                          Learning time: 0.241s 
                        Mean value loss: 1.0896
                    Mean surrogate loss: -0.0119
                      Mean entropy loss: 15.5755
                            Mean reward: 75.16
                    Mean episode length: 623.65
                        Mean action std: 0.75
       Mean episode rew_self_collisions: -0.0011
    Mean episode rew_body_pose_tracking: 0.0000
                  Mean episode rew_pose: 0.0986
        Mean episode rew_head_pose_bias: 0.0000
Mean episode rew_track_angular_velocity: 0.0544
              Mean episode rew_air_time: 0.3176
     Mean episode rew_foot_swing_height: -0.0157
        Mean episode rew_foot_clearance: -0.0062
    Mean episode rew_head_pose_tracking: 1.1490
          Mean episode rew_body_ang_vel: -0.1134
        Mean episode rew_dof_pos_limits: -0.0500
        Mean episode rew_laser_progress: 0.2541
               Mean episode rew_upright: 1.6353
            Mean episode rew_laser_stop: 0.0312
            Mean episode rew_laser_fall: -0.1198
             Mean episode rew_foot_slip: -0.0002
      Mean episode rew_angular_momentum: -0.0000
 Mean episode rew_track_linear_velocity: 2.4122
        Mean episode rew_action_rate_l2: -1.6103
--------------------------------------------------------------------------------
                         Iteration time: 1.87s
                           Time elapsed: 0:06:42
                                    ETA: 0:10:34

################################################################################
[1m                           Learning iteration 194/500                           [0m 

                               Run name: laser-follow-20260904-v1
                            Total steps: 4792320 
                       Steps per second: 12756 
                        Collection time: 1.687s 
                          Learning time: 0.239s 
                        Mean value loss: 1.1309
                    Mean surrogate loss: -0.0134
                      Mean entropy loss: 15.5591
                            Mean reward: 72.44
                    Mean episode length: 598.07
                        Mean action std: 0.75
       Mean episode rew_self_collisions: -0.0005
    Mean episode rew_body_pose_tracking: 0.0000
                  Mean episode rew_pose: 0.0928
        Mean episode rew_head_pose_bias: 0.0000
Mean episode rew_track_angular_velocity: 0.0585
              Mean episode rew_air_time: 0.3178
     Mean episode rew_foot_swing_height: -0.0131
        Mean episode rew_foot_clearance: -0.0056
    Mean episode rew_head_pose_tracking: 1.1569
          Mean episode rew_body_ang_vel: -0.1107
        Mean episode rew_dof_pos_limits: -0.0509
        Mean episode rew_laser_progress: 0.3452
               Mean episode rew_upright: 1.6766
            Mean episode rew_laser_stop: 0.0451
            Mean episode rew_laser_fall: -0.1328
             Mean episode rew_foot_slip: -0.0002
      Mean episode rew_angular_momentum: -0.0000
 Mean episode rew_track_linear_velocity: 2.5054
        Mean episode rew_action_rate_l2: -1.6107
--------------------------------------------------------------------------------
                         Iteration time: 1.93s
                           Time elapsed: 0:06:44
                                    ETA: 0:10:32

################################################################################
[1m                           Learning iteration 195/500                           [0m 

                               Run name: laser-follow-20260904-v1
                            Total steps: 4816896 
                       Steps per second: 12542 
                        Collection time: 1.697s 
                          Learning time: 0.262s 
                        Mean value loss: 1.0603
                    Mean surrogate loss: -0.0111
                      Mean entropy loss: 15.5465
                            Mean reward: 83.56
                    Mean episode length: 674.52
                        Mean action std: 0.75
       Mean episode rew_self_collisions: -0.0008
    Mean episode rew_body_pose_tracking: 0.0000
                  Mean episode rew_pose: 0.0846
        Mean episode rew_head_pose_bias: 0.0000
Mean episode rew_track_angular_velocity: 0.0525
              Mean episode rew_air_time: 0.3066
     Mean episode rew_foot_swing_height: -0.0131
        Mean episode rew_foot_clearance: -0.0057
    Mean episode rew_head_pose_tracking: 1.0774
          Mean episode rew_body_ang_vel: -0.1178
        Mean episode rew_dof_pos_limits: -0.0484
        Mean episode rew_laser_progress: 0.3514
               Mean episode rew_upright: 1.5485
            Mean episode rew_laser_stop: 0.0413
            Mean episode rew_laser_fall: -0.1649
             Mean episode rew_foot_slip: -0.0002
      Mean episode rew_angular_momentum: -0.0000
 Mean episode rew_track_linear_velocity: 2.2931
        Mean episode rew_action_rate_l2: -1.5270
--------------------------------------------------------------------------------
                         Iteration time: 1.96s
                           Time elapsed: 0:06:46
                                    ETA: 0:10:30

################################################################################
[1m                           Learning iteration 196/500                           [0m 

                               Run name: laser-follow-20260904-v1
                            Total steps: 4841472 
                       Steps per second: 12658 
                        Collection time: 1.699s 
                          Learning time: 0.243s 
                        Mean value loss: 1.2647
                    Mean surrogate loss: -0.0125
                      Mean entropy loss: 15.5451
                            Mean reward: 79.53
                    Mean episode length: 645.61
                        Mean action std: 0.75
       Mean episode rew_self_collisions: -0.0008
    Mean episode rew_body_pose_tracking: 0.0000
                  Mean episode rew_pose: 0.0842
        Mean episode rew_head_pose_bias: 0.0000
Mean episode rew_track_angular_velocity: 0.0467
              Mean episode rew_air_time: 0.2930
     Mean episode rew_foot_swing_height: -0.0132
        Mean episode rew_foot_clearance: -0.0056
    Mean episode rew_head_pose_tracking: 1.0354
          Mean episode rew_body_ang_vel: -0.1130
        Mean episode rew_dof_pos_limits: -0.0460
        Mean episode rew_laser_progress: 0.3078
               Mean episode rew_upright: 1.4948
            Mean episode rew_laser_stop: 0.0315
            Mean episode rew_laser_fall: -0.1462
             Mean episode rew_foot_slip: -0.0002
      Mean episode rew_angular_momentum: -0.0000
 Mean episode rew_track_linear_velocity: 2.2042
        Mean episode rew_action_rate_l2: -1.4499
--------------------------------------------------------------------------------
                         Iteration time: 1.94s
                           Time elapsed: 0:06:48
                                    ETA: 0:10:27

################################################################################
[1m                           Learning iteration 197/500                           [0m 

                               Run name: laser-follow-20260904-v1
                            Total steps: 4866048 
                       Steps per second: 12902 
                        Collection time: 1.661s 
                          Learning time: 0.244s 
                        Mean value loss: 0.9818
                    Mean surrogate loss: -0.0130
                      Mean entropy loss: 15.5451
                            Mean reward: 82.80
                    Mean episode length: 670.31
                        Mean action std: 0.75
       Mean episode rew_self_collisions: -0.0004
    Mean episode rew_body_pose_tracking: 0.0000
                  Mean episode rew_pose: 0.0984
        Mean episode rew_head_pose_bias: 0.0000
Mean episode rew_track_angular_velocity: 0.0670
              Mean episode rew_air_time: 0.3250
     Mean episode rew_foot_swing_height: -0.0149
        Mean episode rew_foot_clearance: -0.0058
    Mean episode rew_head_pose_tracking: 1.2350
          Mean episode rew_body_ang_vel: -0.1154
        Mean episode rew_dof_pos_limits: -0.0552
        Mean episode rew_laser_progress: 0.3849
               Mean episode rew_upright: 1.7662
            Mean episode rew_laser_stop: 0.0503
            Mean episode rew_laser_fall: -0.1049
             Mean episode rew_foot_slip: -0.0002
      Mean episode rew_angular_momentum: -0.0000
 Mean episode rew_track_linear_velocity: 2.6753
        Mean episode rew_action_rate_l2: -1.6893
--------------------------------------------------------------------------------
                         Iteration time: 1.90s
                           Time elapsed: 0:06:50
                                    ETA: 0:10:25

################################################################################
[1m                           Learning iteration 198/500                           [0m 

                               Run name: laser-follow-20260904-v1
                            Total steps: 4890624 
                       Steps per second: 12854 
                        Collection time: 1.669s 
                          Learning time: 0.243s 
                        Mean value loss: 1.3336
                    Mean surrogate loss: -0.0133
                      Mean entropy loss: 15.5348
                            Mean reward: 86.91
                    Mean episode length: 696.75
                        Mean action std: 0.75
       Mean episode rew_self_collisions: -0.0020
    Mean episode rew_body_pose_tracking: 0.0000
                  Mean episode rew_pose: 0.1058
        Mean episode rew_head_pose_bias: 0.0000
Mean episode rew_track_angular_velocity: 0.0587
              Mean episode rew_air_time: 0.3285
     Mean episode rew_foot_swing_height: -0.0155
        Mean episode rew_foot_clearance: -0.0061
    Mean episode rew_head_pose_tracking: 1.2194
          Mean episode rew_body_ang_vel: -0.1144
        Mean episode rew_dof_pos_limits: -0.0538
        Mean episode rew_laser_progress: 0.3666
               Mean episode rew_upright: 1.7600
            Mean episode rew_laser_stop: 0.0297
            Mean episode rew_laser_fall: -0.0955
             Mean episode rew_foot_slip: -0.0002
      Mean episode rew_angular_momentum: -0.0000
 Mean episode rew_track_linear_velocity: 2.6505
        Mean episode rew_action_rate_l2: -1.6980
--------------------------------------------------------------------------------
                         Iteration time: 1.91s
                           Time elapsed: 0:06:51
                                    ETA: 0:10:23

################################################################################
[1m                           Learning iteration 199/500                           [0m 

                               Run name: laser-follow-20260904-v1
                            Total steps: 4915200 
                       Steps per second: 12955 
                        Collection time: 1.637s 
                          Learning time: 0.260s 
                        Mean value loss: 1.2654
                    Mean surrogate loss: -0.0112
                      Mean entropy loss: 15.5375
                            Mean reward: 93.53
                    Mean episode length: 746.00
                        Mean action std: 0.75
       Mean episode rew_self_collisions: -0.0005
    Mean episode rew_body_pose_tracking: 0.0000
                  Mean episode rew_pose: 0.1099
        Mean episode rew_head_pose_bias: 0.0000
Mean episode rew_track_angular_velocity: 0.0688
              Mean episode rew_air_time: 0.3584
     Mean episode rew_foot_swing_height: -0.0188
        Mean episode rew_foot_clearance: -0.0073
    Mean episode rew_head_pose_tracking: 1.4225
          Mean episode rew_body_ang_vel: -0.1345
        Mean episode rew_dof_pos_limits: -0.0631
        Mean episode rew_laser_progress: 0.3580
               Mean episode rew_upright: 2.0391
            Mean episode rew_laser_stop: 0.0602
            Mean episode rew_laser_fall: -0.0816
             Mean episode rew_foot_slip: -0.0003
      Mean episode rew_angular_momentum: -0.0000
 Mean episode rew_track_linear_velocity: 3.0564
        Mean episode rew_action_rate_l2: -1.9759
--------------------------------------------------------------------------------
                         Iteration time: 1.90s
                           Time elapsed: 0:06:53
                                    ETA: 0:10:20

################################################################################
[1m                           Learning iteration 200/500                           [0m 

                               Run name: laser-follow-20260904-v1
                            Total steps: 4939776 
                       Steps per second: 13659 
                        Collection time: 1.551s 
                          Learning time: 0.248s 
                        Mean value loss: 1.0104
                    Mean surrogate loss: -0.0111
                      Mean entropy loss: 15.5386
                            Mean reward: 88.48
                    Mean episode length: 709.91
                        Mean action std: 0.75
       Mean episode rew_self_collisions: -0.0008
    Mean episode rew_body_pose_tracking: 0.0000
                  Mean episode rew_pose: 0.0858
        Mean episode rew_head_pose_bias: 0.0000
Mean episode rew_track_angular_velocity: 0.0489
              Mean episode rew_air_time: 0.2927
     Mean episode rew_foot_swing_height: -0.0128
        Mean episode rew_foot_clearance: -0.0055
    Mean episode rew_head_pose_tracking: 1.0075
          Mean episode rew_body_ang_vel: -0.1147
        Mean episode rew_dof_pos_limits: -0.0453
        Mean episode rew_laser_progress: 0.3063
               Mean episode rew_upright: 1.4604
            Mean episode rew_laser_stop: 0.0264
            Mean episode rew_laser_fall: -0.1424
             Mean episode rew_foot_slip: -0.0002
      Mean episode rew_angular_momentum: -0.0000
 Mean episode rew_track_linear_velocity: 2.1494
        Mean episode rew_action_rate_l2: -1.4296
--------------------------------------------------------------------------------
                         Iteration time: 1.80s
                           Time elapsed: 0:06:55
                                    ETA: 0:10:18

################################################################################
[1m                           Learning iteration 201/500                           [0m 

                               Run name: laser-follow-20260904-v1
                            Total steps: 4964352 
                       Steps per second: 13183 
                        Collection time: 1.606s 
                          Learning time: 0.258s 
                        Mean value loss: 1.3839
                    Mean surrogate loss: -0.0107
                      Mean entropy loss: 15.5396
                            Mean reward: 84.32
                    Mean episode length: 687.38
                        Mean action std: 0.75
       Mean episode rew_self_collisions: -0.0016
    Mean episode rew_body_pose_tracking: 0.0000
                  Mean episode rew_pose: 0.0778
        Mean episode rew_head_pose_bias: 0.0000
Mean episode rew_track_angular_velocity: 0.0531
              Mean episode rew_air_time: 0.2690
     Mean episode rew_foot_swing_height: -0.0120
        Mean episode rew_foot_clearance: -0.0054
    Mean episode rew_head_pose_tracking: 1.1014
          Mean episode rew_body_ang_vel: -0.1179
        Mean episode rew_dof_pos_limits: -0.0503
        Mean episode rew_laser_progress: 0.2633
               Mean episode rew_upright: 1.6036
            Mean episode rew_laser_stop: 0.0519
            Mean episode rew_laser_fall: -0.1337
             Mean episode rew_foot_slip: -0.0002
      Mean episode rew_angular_momentum: -0.0000
 Mean episode rew_track_linear_velocity: 2.3580
        Mean episode rew_action_rate_l2: -1.5721
--------------------------------------------------------------------------------
                         Iteration time: 1.86s
                           Time elapsed: 0:06:57
                                    ETA: 0:10:15

################################################################################
[1m                           Learning iteration 202/500                           [0m 

                               Run name: laser-follow-20260904-v1
                            Total steps: 4988928 
                       Steps per second: 12019 
                        Collection time: 1.755s 
                          Learning time: 0.289s 
                        Mean value loss: 1.0272
                    Mean surrogate loss: -0.0128
                      Mean entropy loss: 15.5386
                            Mean reward: 81.61
                    Mean episode length: 655.47
                        Mean action std: 0.75
       Mean episode rew_self_collisions: -0.0007
    Mean episode rew_body_pose_tracking: 0.0000
                  Mean episode rew_pose: 0.1141
        Mean episode rew_head_pose_bias: 0.0000
Mean episode rew_track_angular_velocity: 0.0619
              Mean episode rew_air_time: 0.3336
     Mean episode rew_foot_swing_height: -0.0174
        Mean episode rew_foot_clearance: -0.0067
    Mean episode rew_head_pose_tracking: 1.2752
          Mean episode rew_body_ang_vel: -0.1137
        Mean episode rew_dof_pos_limits: -0.0566
        Mean episode rew_laser_progress: 0.5223
               Mean episode rew_upright: 1.8605
            Mean episode rew_laser_stop: 0.0289
            Mean episode rew_laser_fall: -0.0990
             Mean episode rew_foot_slip: -0.0002
      Mean episode rew_angular_momentum: -0.0000
 Mean episode rew_track_linear_velocity: 2.7280
        Mean episode rew_action_rate_l2: -1.7591
--------------------------------------------------------------------------------
                         Iteration time: 2.04s
                           Time elapsed: 0:06:59
                                    ETA: 0:10:13

################################################################################
[1m                           Learning iteration 203/500                           [0m 

                               Run name: laser-follow-20260904-v1
                            Total steps: 5013504 
                       Steps per second: 13886 
                        Collection time: 1.521s 
                          Learning time: 0.249s 
                        Mean value loss: 1.2656
                    Mean surrogate loss: -0.0119
                      Mean entropy loss: 15.5275
                            Mean reward: 82.28
                    Mean episode length: 661.26
                        Mean action std: 0.74
       Mean episode rew_self_collisions: -0.0007
    Mean episode rew_body_pose_tracking: 0.0000
                  Mean episode rew_pose: 0.0981
        Mean episode rew_head_pose_bias: 0.0000
Mean episode rew_track_angular_velocity: 0.0541
              Mean episode rew_air_time: 0.2827
     Mean episode rew_foot_swing_height: -0.0152
        Mean episode rew_foot_clearance: -0.0058
    Mean episode rew_head_pose_tracking: 1.0745
          Mean episode rew_body_ang_vel: -0.1076
        Mean episode rew_dof_pos_limits: -0.0484
        Mean episode rew_laser_progress: 0.3401
               Mean episode rew_upright: 1.5487
            Mean episode rew_laser_stop: 0.0199
            Mean episode rew_laser_fall: -0.1389
             Mean episode rew_foot_slip: -0.0002
      Mean episode rew_angular_momentum: -0.0000
 Mean episode rew_track_linear_velocity: 2.2946
        Mean episode rew_action_rate_l2: -1.4911
--------------------------------------------------------------------------------
                         Iteration time: 1.77s
                           Time elapsed: 0:07:01
                                    ETA: 0:10:11

################################################################################
[1m                           Learning iteration 204/500                           [0m 

                               Run name: laser-follow-20260904-v1
                            Total steps: 5038080 
                       Steps per second: 13874 
                        Collection time: 1.532s 
                          Learning time: 0.240s 
                        Mean value loss: 1.0641
                    Mean surrogate loss: -0.0112
                      Mean entropy loss: 15.5200
                            Mean reward: 87.89
                    Mean episode length: 683.32
                        Mean action std: 0.74
       Mean episode rew_self_collisions: -0.0004
    Mean episode rew_body_pose_tracking: 0.0000
                  Mean episode rew_pose: 0.1093
        Mean episode rew_head_pose_bias: 0.0000
Mean episode rew_track_angular_velocity: 0.0717
              Mean episode rew_air_time: 0.3500
     Mean episode rew_foot_swing_height: -0.0174
        Mean episode rew_foot_clearance: -0.0064
    Mean episode rew_head_pose_tracking: 1.3021
          Mean episode rew_body_ang_vel: -0.1131
        Mean episode rew_dof_pos_limits: -0.0582
        Mean episode rew_laser_progress: 0.4487
               Mean episode rew_upright: 1.8928
            Mean episode rew_laser_stop: 0.0455
            Mean episode rew_laser_fall: -0.0970
             Mean episode rew_foot_slip: -0.0002
      Mean episode rew_angular_momentum: -0.0000
 Mean episode rew_track_linear_velocity: 2.8538
        Mean episode rew_action_rate_l2: -1.7674
--------------------------------------------------------------------------------
                         Iteration time: 1.77s
                           Time elapsed: 0:07:03
                                    ETA: 0:10:08

################################################################################
[1m                           Learning iteration 205/500                           [0m 

                               Run name: laser-follow-20260904-v1
                            Total steps: 5062656 
                       Steps per second: 12637 
                        Collection time: 1.705s 
                          Learning time: 0.240s 
                        Mean value loss: 1.0109
                    Mean surrogate loss: -0.0128
                      Mean entropy loss: 15.5018
                            Mean reward: 86.74
                    Mean episode length: 680.21
                        Mean action std: 0.74
       Mean episode rew_self_collisions: -0.0008
    Mean episode rew_body_pose_tracking: 0.0000
                  Mean episode rew_pose: 0.0888
        Mean episode rew_head_pose_bias: 0.0000
Mean episode rew_track_angular_velocity: 0.0678
              Mean episode rew_air_time: 0.2884
     Mean episode rew_foot_swing_height: -0.0130
        Mean episode rew_foot_clearance: -0.0057
    Mean episode rew_head_pose_tracking: 1.1839
          Mean episode rew_body_ang_vel: -0.1095
        Mean episode rew_dof_pos_limits: -0.0541
        Mean episode rew_laser_progress: 0.3794
               Mean episode rew_upright: 1.7164
            Mean episode rew_laser_stop: 0.0566
            Mean episode rew_laser_fall: -0.1181
             Mean episode rew_foot_slip: -0.0002
      Mean episode rew_angular_momentum: -0.0000
 Mean episode rew_track_linear_velocity: 2.5586
        Mean episode rew_action_rate_l2: -1.6329
--------------------------------------------------------------------------------
                         Iteration time: 1.94s
                           Time elapsed: 0:07:05
                                    ETA: 0:10:06

################################################################################
[1m                           Learning iteration 206/500                           [0m 

                               Run name: laser-follow-20260904-v1
                            Total steps: 5087232 
                       Steps per second: 13020 
                        Collection time: 1.647s 
                          Learning time: 0.240s 
                        Mean value loss: 1.0398
                    Mean surrogate loss: -0.0123
                      Mean entropy loss: 15.4933
                            Mean reward: 89.55
                    Mean episode length: 700.22
                        Mean action std: 0.74
       Mean episode rew_self_collisions: -0.0005
    Mean episode rew_body_pose_tracking: 0.0000
                  Mean episode rew_pose: 0.1003
        Mean episode rew_head_pose_bias: 0.0000
Mean episode rew_track_angular_velocity: 0.0551
              Mean episode rew_air_time: 0.3526
     Mean episode rew_foot_swing_height: -0.0143
        Mean episode rew_foot_clearance: -0.0065
    Mean episode rew_head_pose_tracking: 1.2073
          Mean episode rew_body_ang_vel: -0.1247
        Mean episode rew_dof_pos_limits: -0.0542
        Mean episode rew_laser_progress: 0.4243
               Mean episode rew_upright: 1.7548
            Mean episode rew_laser_stop: 0.0377
            Mean episode rew_laser_fall: -0.1068
             Mean episode rew_foot_slip: -0.0003
      Mean episode rew_angular_momentum: -0.0000
 Mean episode rew_track_linear_velocity: 2.5656
        Mean episode rew_action_rate_l2: -1.7023
--------------------------------------------------------------------------------
                         Iteration time: 1.89s
                           Time elapsed: 0:07:06
                                    ETA: 0:10:04

################################################################################
[1m                           Learning iteration 207/500                           [0m 

                               Run name: laser-follow-20260904-v1
                            Total steps: 5111808 
                       Steps per second: 13228 
                        Collection time: 1.615s 
                          Learning time: 0.243s 
                        Mean value loss: 0.9895
                    Mean surrogate loss: -0.0125
                      Mean entropy loss: 15.4861
                            Mean reward: 89.97
                    Mean episode length: 701.29
                        Mean action std: 0.74
       Mean episode rew_self_collisions: -0.0014
    Mean episode rew_body_pose_tracking: 0.0000
                  Mean episode rew_pose: 0.0849
        Mean episode rew_head_pose_bias: 0.0000
Mean episode rew_track_angular_velocity: 0.0603
              Mean episode rew_air_time: 0.2687
     Mean episode rew_foot_swing_height: -0.0134
        Mean episode rew_foot_clearance: -0.0054
    Mean episode rew_head_pose_tracking: 1.0963
          Mean episode rew_body_ang_vel: -0.1117
        Mean episode rew_dof_pos_limits: -0.0504
        Mean episode rew_laser_progress: 0.3710
               Mean episode rew_upright: 1.5990
            Mean episode rew_laser_stop: 0.0507
            Mean episode rew_laser_fall: -0.1198
             Mean episode rew_foot_slip: -0.0002
      Mean episode rew_angular_momentum: -0.0000
 Mean episode rew_track_linear_velocity: 2.4020
        Mean episode rew_action_rate_l2: -1.5122
--------------------------------------------------------------------------------
                         Iteration time: 1.86s
                           Time elapsed: 0:07:08
                                    ETA: 0:10:01

################################################################################
[1m                           Learning iteration 208/500                           [0m 

                               Run name: laser-follow-20260904-v1
                            Total steps: 5136384 
                       Steps per second: 12906 
                        Collection time: 1.660s 
                          Learning time: 0.244s 
                        Mean value loss: 0.9266
                    Mean surrogate loss: -0.0124
                      Mean entropy loss: 15.4796
                            Mean reward: 95.97
                    Mean episode length: 744.88
                        Mean action std: 0.74
       Mean episode rew_self_collisions: -0.0014
    Mean episode rew_body_pose_tracking: 0.0000
                  Mean episode rew_pose: 0.1063
        Mean episode rew_head_pose_bias: 0.0000
Mean episode rew_track_angular_velocity: 0.0621
              Mean episode rew_air_time: 0.3649
     Mean episode rew_foot_swing_height: -0.0160
        Mean episode rew_foot_clearance: -0.0071
    Mean episode rew_head_pose_tracking: 1.3885
          Mean episode rew_body_ang_vel: -0.1377
        Mean episode rew_dof_pos_limits: -0.0634
        Mean episode rew_laser_progress: 0.4598
               Mean episode rew_upright: 2.0299
            Mean episode rew_laser_stop: 0.0530
            Mean episode rew_laser_fall: -0.0955
             Mean episode rew_foot_slip: -0.0003
      Mean episode rew_angular_momentum: -0.0000
 Mean episode rew_track_linear_velocity: 3.0081
        Mean episode rew_action_rate_l2: -1.9435
--------------------------------------------------------------------------------
                         Iteration time: 1.90s
                           Time elapsed: 0:07:10
                                    ETA: 0:09:59

################################################################################
[1m                           Learning iteration 209/500                           [0m 

                               Run name: laser-follow-20260904-v1
                            Total steps: 5160960 
                       Steps per second: 12827 
                        Collection time: 1.665s 
                          Learning time: 0.251s 
                        Mean value loss: 0.8178
                    Mean surrogate loss: -0.0119
                      Mean entropy loss: 15.4667
                            Mean reward: 99.37
                    Mean episode length: 762.20
                        Mean action std: 0.74
       Mean episode rew_self_collisions: -0.0012
    Mean episode rew_body_pose_tracking: 0.0000
                  Mean episode rew_pose: 0.0893
        Mean episode rew_head_pose_bias: 0.0000
Mean episode rew_track_angular_velocity: 0.0748
              Mean episode rew_air_time: 0.2915
     Mean episode rew_foot_swing_height: -0.0135
        Mean episode rew_foot_clearance: -0.0053
    Mean episode rew_head_pose_tracking: 1.2454
          Mean episode rew_body_ang_vel: -0.1089
        Mean episode rew_dof_pos_limits: -0.0576
        Mean episode rew_laser_progress: 0.3823
               Mean episode rew_upright: 1.8175
            Mean episode rew_laser_stop: 0.0657
            Mean episode rew_laser_fall: -0.1033
             Mean episode rew_foot_slip: -0.0002
      Mean episode rew_angular_momentum: -0.0000
 Mean episode rew_track_linear_velocity: 2.7566
        Mean episode rew_action_rate_l2: -1.7009
--------------------------------------------------------------------------------
                         Iteration time: 1.92s
                           Time elapsed: 0:07:12
                                    ETA: 0:09:57

################################################################################
[1m                           Learning iteration 210/500                           [0m 

                               Run name: laser-follow-20260904-v1
                            Total steps: 5185536 
                       Steps per second: 14041 
                        Collection time: 1.499s 
                          Learning time: 0.252s 
                        Mean value loss: 0.9147
                    Mean surrogate loss: -0.0128
                      Mean entropy loss: 15.4614
                            Mean reward: 98.28
                    Mean episode length: 756.92
                        Mean action std: 0.74
       Mean episode rew_self_collisions: -0.0009
    Mean episode rew_body_pose_tracking: 0.0000
                  Mean episode rew_pose: 0.0975
        Mean episode rew_head_pose_bias: 0.0000
Mean episode rew_track_angular_velocity: 0.0650
              Mean episode rew_air_time: 0.2998
     Mean episode rew_foot_swing_height: -0.0139
        Mean episode rew_foot_clearance: -0.0057
    Mean episode rew_head_pose_tracking: 1.3142
          Mean episode rew_body_ang_vel: -0.1212
        Mean episode rew_dof_pos_limits: -0.0596
        Mean episode rew_laser_progress: 0.4646
               Mean episode rew_upright: 1.9277
            Mean episode rew_laser_stop: 0.0633
            Mean episode rew_laser_fall: -0.0781
             Mean episode rew_foot_slip: -0.0002
      Mean episode rew_angular_momentum: -0.0000
 Mean episode rew_track_linear_velocity: 2.8762
        Mean episode rew_action_rate_l2: -1.7970
--------------------------------------------------------------------------------
                         Iteration time: 1.75s
                           Time elapsed: 0:07:14
                                    ETA: 0:09:54

################################################################################
[1m                           Learning iteration 211/500                           [0m 

                               Run name: laser-follow-20260904-v1
                            Total steps: 5210112 
                       Steps per second: 12847 
                        Collection time: 1.666s 
                          Learning time: 0.247s 
                        Mean value loss: 1.1126
                    Mean surrogate loss: -0.0120
                      Mean entropy loss: 15.4613
                            Mean reward: 98.97
                    Mean episode length: 765.55
                        Mean action std: 0.74
       Mean episode rew_self_collisions: -0.0006
    Mean episode rew_body_pose_tracking: 0.0000
                  Mean episode rew_pose: 0.0814
        Mean episode rew_head_pose_bias: 0.0000
Mean episode rew_track_angular_velocity: 0.0570
              Mean episode rew_air_time: 0.3090
     Mean episode rew_foot_swing_height: -0.0123
        Mean episode rew_foot_clearance: -0.0057
    Mean episode rew_head_pose_tracking: 1.0882
          Mean episode rew_body_ang_vel: -0.1150
        Mean episode rew_dof_pos_limits: -0.0513
        Mean episode rew_laser_progress: 0.3318
               Mean episode rew_upright: 1.5521
            Mean episode rew_laser_stop: 0.0461
            Mean episode rew_laser_fall: -0.1285
             Mean episode rew_foot_slip: -0.0002
      Mean episode rew_angular_momentum: -0.0000
 Mean episode rew_track_linear_velocity: 2.3404
        Mean episode rew_action_rate_l2: -1.5159
--------------------------------------------------------------------------------
                         Iteration time: 1.91s
                           Time elapsed: 0:07:16
                                    ETA: 0:09:52

################################################################################
[1m                           Learning iteration 212/500                           [0m 

                               Run name: laser-follow-20260904-v1
                            Total steps: 5234688 
                       Steps per second: 12428 
                        Collection time: 1.736s 
                          Learning time: 0.242s 
                        Mean value loss: 0.8180
                    Mean surrogate loss: -0.0107
                      Mean entropy loss: 15.4558
                            Mean reward: 100.10
                    Mean episode length: 778.19
                        Mean action std: 0.74
       Mean episode rew_self_collisions: -0.0005
    Mean episode rew_body_pose_tracking: 0.0000
                  Mean episode rew_pose: 0.1066
        Mean episode rew_head_pose_bias: 0.0000
Mean episode rew_track_angular_velocity: 0.0683
              Mean episode rew_air_time: 0.3156
     Mean episode rew_foot_swing_height: -0.0169
        Mean episode rew_foot_clearance: -0.0065
    Mean episode rew_head_pose_tracking: 1.3145
          Mean episode rew_body_ang_vel: -0.1216
        Mean episode rew_dof_pos_limits: -0.0609
        Mean episode rew_laser_progress: 0.4009
               Mean episode rew_upright: 1.9224
            Mean episode rew_laser_stop: 0.0497
            Mean episode rew_laser_fall: -0.0892
             Mean episode rew_foot_slip: -0.0002
      Mean episode rew_angular_momentum: -0.0000
 Mean episode rew_track_linear_velocity: 2.8624
        Mean episode rew_action_rate_l2: -1.8238
--------------------------------------------------------------------------------
                         Iteration time: 1.98s
                           Time elapsed: 0:07:18
                                    ETA: 0:09:50

################################################################################
[1m                           Learning iteration 213/500                           [0m 

                               Run name: laser-follow-20260904-v1
                            Total steps: 5259264 
                       Steps per second: 13350 
                        Collection time: 1.596s 
                          Learning time: 0.245s 
                        Mean value loss: 1.0779
                    Mean surrogate loss: -0.0120
                      Mean entropy loss: 15.4467
                            Mean reward: 99.31
                    Mean episode length: 767.75
                        Mean action std: 0.74
       Mean episode rew_self_collisions: -0.0008
    Mean episode rew_body_pose_tracking: 0.0000
                  Mean episode rew_pose: 0.1098
        Mean episode rew_head_pose_bias: 0.0000
Mean episode rew_track_angular_velocity: 0.0714
              Mean episode rew_air_time: 0.3738
     Mean episode rew_foot_swing_height: -0.0150
        Mean episode rew_foot_clearance: -0.0065
    Mean episode rew_head_pose_tracking: 1.2789
          Mean episode rew_body_ang_vel: -0.1103
        Mean episode rew_dof_pos_limits: -0.0601
        Mean episode rew_laser_progress: 0.5077
               Mean episode rew_upright: 1.8844
            Mean episode rew_laser_stop: 0.0390
            Mean episode rew_laser_fall: -0.1172
             Mean episode rew_foot_slip: -0.0002
      Mean episode rew_angular_momentum: -0.0000
 Mean episode rew_track_linear_velocity: 2.8151
        Mean episode rew_action_rate_l2: -1.7486
--------------------------------------------------------------------------------
                         Iteration time: 1.84s
                           Time elapsed: 0:07:20
                                    ETA: 0:09:48

################################################################################
[1m                           Learning iteration 214/500                           [0m 

                               Run name: laser-follow-20260904-v1
                            Total steps: 5283840 
                       Steps per second: 13695 
                        Collection time: 1.553s 
                          Learning time: 0.241s 
                        Mean value loss: 1.0174
                    Mean surrogate loss: -0.0114
                      Mean entropy loss: 15.4456
                            Mean reward: 97.47
                    Mean episode length: 751.71
                        Mean action std: 0.74
       Mean episode rew_self_collisions: -0.0010
    Mean episode rew_body_pose_tracking: 0.0000
                  Mean episode rew_pose: 0.0851
        Mean episode rew_head_pose_bias: 0.0000
Mean episode rew_track_angular_velocity: 0.0647
              Mean episode rew_air_time: 0.2525
     Mean episode rew_foot_swing_height: -0.0142
        Mean episode rew_foot_clearance: -0.0055
    Mean episode rew_head_pose_tracking: 1.0567
          Mean episode rew_body_ang_vel: -0.1025
        Mean episode rew_dof_pos_limits: -0.0497
        Mean episode rew_laser_progress: 0.3783
               Mean episode rew_upright: 1.5584
            Mean episode rew_laser_stop: 0.0438
            Mean episode rew_laser_fall: -0.1384
             Mean episode rew_foot_slip: -0.0002
      Mean episode rew_angular_momentum: -0.0000
 Mean episode rew_track_linear_velocity: 2.3058
        Mean episode rew_action_rate_l2: -1.4559
--------------------------------------------------------------------------------
                         Iteration time: 1.79s
                           Time elapsed: 0:07:21
                                    ETA: 0:09:45

################################################################################
[1m                           Learning iteration 215/500                           [0m 

                               Run name: laser-follow-20260904-v1
                            Total steps: 5308416 
                       Steps per second: 12765 
                        Collection time: 1.685s 
                          Learning time: 0.241s 
                        Mean value loss: 0.9538
                    Mean surrogate loss: -0.0120
                      Mean entropy loss: 15.4531
                            Mean reward: 91.38
                    Mean episode length: 702.34
                        Mean action std: 0.74
       Mean episode rew_self_collisions: -0.0009
    Mean episode rew_body_pose_tracking: 0.0000
                  Mean episode rew_pose: 0.0875
        Mean episode rew_head_pose_bias: 0.0000
Mean episode rew_track_angular_velocity: 0.0665
              Mean episode rew_air_time: 0.2783
     Mean episode rew_foot_swing_height: -0.0140
        Mean episode rew_foot_clearance: -0.0055
    Mean episode rew_head_pose_tracking: 1.1320
          Mean episode rew_body_ang_vel: -0.1086
        Mean episode rew_dof_pos_limits: -0.0533
        Mean episode rew_laser_progress: 0.3966
               Mean episode rew_upright: 1.6640
            Mean episode rew_laser_stop: 0.0547
            Mean episode rew_laser_fall: -0.1372
             Mean episode rew_foot_slip: -0.0002
      Mean episode rew_angular_momentum: -0.0000
 Mean episode rew_track_linear_velocity: 2.4854
        Mean episode rew_action_rate_l2: -1.5534
--------------------------------------------------------------------------------
                         Iteration time: 1.93s
                           Time elapsed: 0:07:23
                                    ETA: 0:09:43

################################################################################
[1m                           Learning iteration 216/500                           [0m 

                               Run name: laser-follow-20260904-v1
                            Total steps: 5332992 
                       Steps per second: 12148 
                        Collection time: 1.762s 
                          Learning time: 0.261s 
                        Mean value loss: 1.0524
                    Mean surrogate loss: -0.0131
                      Mean entropy loss: 15.4661
                            Mean reward: 89.61
                    Mean episode length: 687.04
                        Mean action std: 0.74
       Mean episode rew_self_collisions: -0.0009
    Mean episode rew_body_pose_tracking: 0.0000
                  Mean episode rew_pose: 0.1038
        Mean episode rew_head_pose_bias: 0.0000
Mean episode rew_track_angular_velocity: 0.0669
              Mean episode rew_air_time: 0.3006
     Mean episode rew_foot_swing_height: -0.0157
        Mean episode rew_foot_clearance: -0.0059
    Mean episode rew_head_pose_tracking: 1.2567
          Mean episode rew_body_ang_vel: -0.1077
        Mean episode rew_dof_pos_limits: -0.0597
        Mean episode rew_laser_progress: 0.4039
               Mean episode rew_upright: 1.8542
            Mean episode rew_laser_stop: 0.0515
            Mean episode rew_laser_fall: -0.1094
             Mean episode rew_foot_slip: -0.0002
      Mean episode rew_angular_momentum: -0.0000
 Mean episode rew_track_linear_velocity: 2.8207
        Mean episode rew_action_rate_l2: -1.7092
--------------------------------------------------------------------------------
                         Iteration time: 2.02s
                           Time elapsed: 0:07:25
                                    ETA: 0:09:41

################################################################################
[1m                           Learning iteration 217/500                           [0m 

                               Run name: laser-follow-20260904-v1
                            Total steps: 5357568 
                       Steps per second: 11856 
                        Collection time: 1.800s 
                          Learning time: 0.272s 
                        Mean value loss: 1.0438
                    Mean surrogate loss: -0.0116
                      Mean entropy loss: 15.4582
                            Mean reward: 93.18
                    Mean episode length: 710.55
                        Mean action std: 0.74
       Mean episode rew_self_collisions: -0.0013
    Mean episode rew_body_pose_tracking: 0.0000
                  Mean episode rew_pose: 0.0878
        Mean episode rew_head_pose_bias: 0.0000
Mean episode rew_track_angular_velocity: 0.0651
              Mean episode rew_air_time: 0.2729
     Mean episode rew_foot_swing_height: -0.0129
        Mean episode rew_foot_clearance: -0.0054
    Mean episode rew_head_pose_tracking: 1.2128
          Mean episode rew_body_ang_vel: -0.1094
        Mean episode rew_dof_pos_limits: -0.0578
        Mean episode rew_laser_progress: 0.3918
               Mean episode rew_upright: 1.7854
            Mean episode rew_laser_stop: 0.0658
            Mean episode rew_laser_fall: -0.1198
             Mean episode rew_foot_slip: -0.0002
      Mean episode rew_angular_momentum: -0.0000
 Mean episode rew_track_linear_velocity: 2.6679
        Mean episode rew_action_rate_l2: -1.6590
--------------------------------------------------------------------------------
                         Iteration time: 2.07s
                           Time elapsed: 0:07:27
                                    ETA: 0:09:39

################################################################################
[1m                           Learning iteration 218/500                           [0m 

                               Run name: laser-follow-20260904-v1
                            Total steps: 5382144 
                       Steps per second: 11596 
                        Collection time: 1.874s 
                          Learning time: 0.245s 
                        Mean value loss: 0.9432
                    Mean surrogate loss: -0.0122
                      Mean entropy loss: 15.4528
                            Mean reward: 97.20
                    Mean episode length: 737.65
                        Mean action std: 0.74
       Mean episode rew_self_collisions: -0.0011
    Mean episode rew_body_pose_tracking: 0.0000
                  Mean episode rew_pose: 0.1014
        Mean episode rew_head_pose_bias: 0.0000
Mean episode rew_track_angular_velocity: 0.0649
              Mean episode rew_air_time: 0.3146
     Mean episode rew_foot_swing_height: -0.0156
        Mean episode rew_foot_clearance: -0.0063
    Mean episode rew_head_pose_tracking: 1.2296
          Mean episode rew_body_ang_vel: -0.1179
        Mean episode rew_dof_pos_limits: -0.0589
        Mean episode rew_laser_progress: 0.4678
               Mean episode rew_upright: 1.8072
            Mean episode rew_laser_stop: 0.0404
            Mean episode rew_laser_fall: -0.1236
             Mean episode rew_foot_slip: -0.0002
      Mean episode rew_angular_momentum: -0.0000
 Mean episode rew_track_linear_velocity: 2.7074
        Mean episode rew_action_rate_l2: -1.6866
--------------------------------------------------------------------------------
                         Iteration time: 2.12s
                           Time elapsed: 0:07:30
                                    ETA: 0:09:37

################################################################################
[1m                           Learning iteration 219/500                           [0m 

                               Run name: laser-follow-20260904-v1
                            Total steps: 5406720 
                       Steps per second: 13066 
                        Collection time: 1.634s 
                          Learning time: 0.247s 
                        Mean value loss: 1.2860
                    Mean surrogate loss: -0.0102
                      Mean entropy loss: 15.4517
                            Mean reward: 100.85
                    Mean episode length: 762.86
                        Mean action std: 0.74
       Mean episode rew_self_collisions: -0.0012
    Mean episode rew_body_pose_tracking: 0.0000
                  Mean episode rew_pose: 0.1064
        Mean episode rew_head_pose_bias: 0.0000
Mean episode rew_track_angular_velocity: 0.0677
              Mean episode rew_air_time: 0.3542
     Mean episode rew_foot_swing_height: -0.0161
        Mean episode rew_foot_clearance: -0.0067
    Mean episode rew_head_pose_tracking: 1.2565
          Mean episode rew_body_ang_vel: -0.1234
        Mean episode rew_dof_pos_limits: -0.0600
        Mean episode rew_laser_progress: 0.5605
               Mean episode rew_upright: 1.8457
            Mean episode rew_laser_stop: 0.0318
            Mean episode rew_laser_fall: -0.1128
             Mean episode rew_foot_slip: -0.0002
      Mean episode rew_angular_momentum: -0.0000
 Mean episode rew_track_linear_velocity: 2.7526
        Mean episode rew_action_rate_l2: -1.7334
--------------------------------------------------------------------------------
                         Iteration time: 1.88s
                           Time elapsed: 0:07:31
                                    ETA: 0:09:35

################################################################################
[1m                           Learning iteration 220/500                           [0m 

                               Run name: laser-follow-20260904-v1
                            Total steps: 5431296 
                       Steps per second: 12218 
                        Collection time: 1.764s 
                          Learning time: 0.247s 
                        Mean value loss: 1.2635
                    Mean surrogate loss: -0.0119
                      Mean entropy loss: 15.4577
                            Mean reward: 106.36
                    Mean episode length: 797.93
                        Mean action std: 0.74
       Mean episode rew_self_collisions: -0.0008
    Mean episode rew_body_pose_tracking: 0.0000
                  Mean episode rew_pose: 0.1024
        Mean episode rew_head_pose_bias: 0.0000
Mean episode rew_track_angular_velocity: 0.0798
              Mean episode rew_air_time: 0.3318
     Mean episode rew_foot_swing_height: -0.0153
        Mean episode rew_foot_clearance: -0.0062
    Mean episode rew_head_pose_tracking: 1.3487
          Mean episode rew_body_ang_vel: -0.1159
        Mean episode rew_dof_pos_limits: -0.0642
        Mean episode rew_laser_progress: 0.5219
               Mean episode rew_upright: 1.9913
            Mean episode rew_laser_stop: 0.0620
            Mean episode rew_laser_fall: -0.0957
             Mean episode rew_foot_slip: -0.0002
      Mean episode rew_angular_momentum: -0.0000
 Mean episode rew_track_linear_velocity: 3.0148
        Mean episode rew_action_rate_l2: -1.8252
--------------------------------------------------------------------------------
                         Iteration time: 2.01s
                           Time elapsed: 0:07:33
                                    ETA: 0:09:33

################################################################################
[1m                           Learning iteration 221/500                           [0m 

                               Run name: laser-follow-20260904-v1
                            Total steps: 5455872 
                       Steps per second: 12736 
                        Collection time: 1.688s 
                          Learning time: 0.242s 
                        Mean value loss: 1.0036
                    Mean surrogate loss: -0.0118
                      Mean entropy loss: 15.4647
                            Mean reward: 95.89
                    Mean episode length: 729.40
                        Mean action std: 0.74
       Mean episode rew_self_collisions: -0.0015
    Mean episode rew_body_pose_tracking: 0.0000
                  Mean episode rew_pose: 0.0738
        Mean episode rew_head_pose_bias: 0.0000
Mean episode rew_track_angular_velocity: 0.0452
              Mean episode rew_air_time: 0.2424
     Mean episode rew_foot_swing_height: -0.0119
        Mean episode rew_foot_clearance: -0.0051
    Mean episode rew_head_pose_tracking: 0.9085
          Mean episode rew_body_ang_vel: -0.0956
        Mean episode rew_dof_pos_limits: -0.0439
        Mean episode rew_laser_progress: 0.2955
               Mean episode rew_upright: 1.3085
            Mean episode rew_laser_stop: 0.0314
            Mean episode rew_laser_fall: -0.1649
             Mean episode rew_foot_slip: -0.0002
      Mean episode rew_angular_momentum: -0.0000
 Mean episode rew_track_linear_velocity: 1.9910
        Mean episode rew_action_rate_l2: -1.2533
--------------------------------------------------------------------------------
                         Iteration time: 1.93s
                           Time elapsed: 0:07:35
                                    ETA: 0:09:30

################################################################################
[1m                           Learning iteration 222/500                           [0m 

                               Run name: laser-follow-20260904-v1
                            Total steps: 5480448 
                       Steps per second: 13139 
                        Collection time: 1.630s 
                          Learning time: 0.241s 
                        Mean value loss: 1.1099
                    Mean surrogate loss: -0.0123
                      Mean entropy loss: 15.4710
                            Mean reward: 94.70
                    Mean episode length: 729.02
                        Mean action std: 0.74
       Mean episode rew_self_collisions: -0.0007
    Mean episode rew_body_pose_tracking: 0.0000
                  Mean episode rew_pose: 0.1013
        Mean episode rew_head_pose_bias: 0.0000
Mean episode rew_track_angular_velocity: 0.0739
              Mean episode rew_air_time: 0.3448
     Mean episode rew_foot_swing_height: -0.0149
        Mean episode rew_foot_clearance: -0.0065
    Mean episode rew_head_pose_tracking: 1.3533
          Mean episode rew_body_ang_vel: -0.1236
        Mean episode rew_dof_pos_limits: -0.0656
        Mean episode rew_laser_progress: 0.5097
               Mean episode rew_upright: 2.0071
            Mean episode rew_laser_stop: 0.0603
            Mean episode rew_laser_fall: -0.0903
             Mean episode rew_foot_slip: -0.0002
      Mean episode rew_angular_momentum: -0.0000
 Mean episode rew_track_linear_velocity: 2.9940
        Mean episode rew_action_rate_l2: -1.8495
--------------------------------------------------------------------------------
                         Iteration time: 1.87s
                           Time elapsed: 0:07:37
                                    ETA: 0:09:28

################################################################################
[1m                           Learning iteration 223/500                           [0m 

                               Run name: laser-follow-20260904-v1
                            Total steps: 5505024 
                       Steps per second: 13190 
                        Collection time: 1.620s 
                          Learning time: 0.243s 
                        Mean value loss: 0.8151
                    Mean surrogate loss: -0.0119
                      Mean entropy loss: 15.4684
                            Mean reward: 89.73
                    Mean episode length: 687.84
                        Mean action std: 0.74
       Mean episode rew_self_collisions: -0.0010
    Mean episode rew_body_pose_tracking: 0.0000
                  Mean episode rew_pose: 0.1112
        Mean episode rew_head_pose_bias: 0.0000
Mean episode rew_track_angular_velocity: 0.0751
              Mean episode rew_air_time: 0.3419
     Mean episode rew_foot_swing_height: -0.0178
        Mean episode rew_foot_clearance: -0.0069
    Mean episode rew_head_pose_tracking: 1.3499
          Mean episode rew_body_ang_vel: -0.1162
        Mean episode rew_dof_pos_limits: -0.0654
        Mean episode rew_laser_progress: 0.5663
               Mean episode rew_upright: 2.0048
            Mean episode rew_laser_stop: 0.0468
            Mean episode rew_laser_fall: -0.1059
             Mean episode rew_foot_slip: -0.0002
      Mean episode rew_angular_momentum: -0.0000
 Mean episode rew_track_linear_velocity: 2.9940
        Mean episode rew_action_rate_l2: -1.8090
--------------------------------------------------------------------------------
                         Iteration time: 1.86s
                           Time elapsed: 0:07:39
                                    ETA: 0:09:26

################################################################################
[1m                           Learning iteration 224/500                           [0m 

                               Run name: laser-follow-20260904-v1
                            Total steps: 5529600 
                       Steps per second: 13245 
                        Collection time: 1.606s 
                          Learning time: 0.250s 
                        Mean value loss: 1.1756
                    Mean surrogate loss: -0.0123
                      Mean entropy loss: 15.4642
                            Mean reward: 92.77
                    Mean episode length: 707.22
                        Mean action std: 0.74
       Mean episode rew_self_collisions: -0.0017
    Mean episode rew_body_pose_tracking: 0.0000
                  Mean episode rew_pose: 0.0916
        Mean episode rew_head_pose_bias: 0.0000
Mean episode rew_track_angular_velocity: 0.0621
              Mean episode rew_air_time: 0.3771
     Mean episode rew_foot_swing_height: -0.0133
        Mean episode rew_foot_clearance: -0.0061
    Mean episode rew_head_pose_tracking: 1.1706
          Mean episode rew_body_ang_vel: -0.1133
        Mean episode rew_dof_pos_limits: -0.0575
        Mean episode rew_laser_progress: 0.4515
               Mean episode rew_upright: 1.6897
            Mean episode rew_laser_stop: 0.0376
            Mean episode rew_laser_fall: -0.1198
             Mean episode rew_foot_slip: -0.0002
      Mean episode rew_angular_momentum: -0.0000
 Mean episode rew_track_linear_velocity: 2.5767
        Mean episode rew_action_rate_l2: -1.5899
--------------------------------------------------------------------------------
                         Iteration time: 1.86s
                           Time elapsed: 0:07:41
                                    ETA: 0:09:23

################################################################################
[1m                           Learning iteration 225/500                           [0m 

                               Run name: laser-follow-20260904-v1
                            Total steps: 5554176 
                       Steps per second: 13448 
                        Collection time: 1.586s 
                          Learning time: 0.242s 
                        Mean value loss: 1.6059
                    Mean surrogate loss: -0.0124
                      Mean entropy loss: 15.4773
                            Mean reward: 87.37
                    Mean episode length: 675.71
                        Mean action std: 0.74
       Mean episode rew_self_collisions: -0.0005
    Mean episode rew_body_pose_tracking: 0.0000
                  Mean episode rew_pose: 0.0782
        Mean episode rew_head_pose_bias: 0.0000
Mean episode rew_track_angular_velocity: 0.0554
              Mean episode rew_air_time: 0.2371
     Mean episode rew_foot_swing_height: -0.0118
        Mean episode rew_foot_clearance: -0.0050
    Mean episode rew_head_pose_tracking: 1.0186
          Mean episode rew_body_ang_vel: -0.1060
        Mean episode rew_dof_pos_limits: -0.0501
        Mean episode rew_laser_progress: 0.3402
               Mean episode rew_upright: 1.4948
            Mean episode rew_laser_stop: 0.0384
            Mean episode rew_laser_fall: -0.1212
             Mean episode rew_foot_slip: -0.0002
      Mean episode rew_angular_momentum: -0.0000
 Mean episode rew_track_linear_velocity: 2.2314
        Mean episode rew_action_rate_l2: -1.4122
--------------------------------------------------------------------------------
                         Iteration time: 1.83s
                           Time elapsed: 0:07:43
                                    ETA: 0:09:21

################################################################################
[1m                           Learning iteration 226/500                           [0m 

                               Run name: laser-follow-20260904-v1
                            Total steps: 5578752 
                       Steps per second: 12539 
                        Collection time: 1.720s 
                          Learning time: 0.240s 
                        Mean value loss: 1.0239
                    Mean surrogate loss: -0.0123
                      Mean entropy loss: 15.4888
                            Mean reward: 84.19
                    Mean episode length: 672.60
                        Mean action std: 0.74
       Mean episode rew_self_collisions: -0.0007
    Mean episode rew_body_pose_tracking: 0.0000
                  Mean episode rew_pose: 0.0906
        Mean episode rew_head_pose_bias: 0.0000
Mean episode rew_track_angular_velocity: 0.0655
              Mean episode rew_air_time: 0.3183
     Mean episode rew_foot_swing_height: -0.0145
        Mean episode rew_foot_clearance: -0.0061
    Mean episode rew_head_pose_tracking: 1.2301
          Mean episode rew_body_ang_vel: -0.1274
        Mean episode rew_dof_pos_limits: -0.0614
        Mean episode rew_laser_progress: 0.4163
               Mean episode rew_upright: 1.8052
            Mean episode rew_laser_stop: 0.0511
            Mean episode rew_laser_fall: -0.1514
             Mean episode rew_foot_slip: -0.0002
      Mean episode rew_angular_momentum: -0.0000
 Mean episode rew_track_linear_velocity: 2.6817
        Mean episode rew_action_rate_l2: -1.6919
--------------------------------------------------------------------------------
                         Iteration time: 1.96s
                           Time elapsed: 0:07:45
                                    ETA: 0:09:19

################################################################################
[1m                           Learning iteration 227/500                           [0m 

                               Run name: laser-follow-20260904-v1
                            Total steps: 5603328 
                       Steps per second: 13029 
                        Collection time: 1.630s 
                          Learning time: 0.256s 
                        Mean value loss: 1.1738
                    Mean surrogate loss: -0.0119
                      Mean entropy loss: 15.4938
                            Mean reward: 88.36
                    Mean episode length: 690.55
                        Mean action std: 0.74
       Mean episode rew_self_collisions: -0.0009
    Mean episode rew_body_pose_tracking: 0.0000
                  Mean episode rew_pose: 0.0977
        Mean episode rew_head_pose_bias: 0.0000
Mean episode rew_track_angular_velocity: 0.0706
              Mean episode rew_air_time: 0.2874
     Mean episode rew_foot_swing_height: -0.0158
        Mean episode rew_foot_clearance: -0.0061
    Mean episode rew_head_pose_tracking: 1.3044
          Mean episode rew_body_ang_vel: -0.1192
        Mean episode rew_dof_pos_limits: -0.0631
        Mean episode rew_laser_progress: 0.4868
               Mean episode rew_upright: 1.9470
            Mean episode rew_laser_stop: 0.0606
            Mean episode rew_laser_fall: -0.0849
             Mean episode rew_foot_slip: -0.0002
      Mean episode rew_angular_momentum: -0.0000
 Mean episode rew_track_linear_velocity: 2.8989
        Mean episode rew_action_rate_l2: -1.7860
--------------------------------------------------------------------------------
                         Iteration time: 1.89s
                           Time elapsed: 0:07:47
                                    ETA: 0:09:17

################################################################################
[1m                           Learning iteration 228/500                           [0m 

                               Run name: laser-follow-20260904-v1
                            Total steps: 5627904 
                       Steps per second: 12683 
                        Collection time: 1.681s 
                          Learning time: 0.257s 
                        Mean value loss: 1.3459
                    Mean surrogate loss: -0.0130
                      Mean entropy loss: 15.4911
                            Mean reward: 101.71
                    Mean episode length: 769.20
                        Mean action std: 0.74
       Mean episode rew_self_collisions: -0.0013
    Mean episode rew_body_pose_tracking: 0.0000
                  Mean episode rew_pose: 0.0976
        Mean episode rew_head_pose_bias: 0.0000
Mean episode rew_track_angular_velocity: 0.0635
              Mean episode rew_air_time: 0.3309
     Mean episode rew_foot_swing_height: -0.0155
        Mean episode rew_foot_clearance: -0.0066
    Mean episode rew_head_pose_tracking: 1.2574
          Mean episode rew_body_ang_vel: -0.1280
        Mean episode rew_dof_pos_limits: -0.0615
        Mean episode rew_laser_progress: 0.5325
               Mean episode rew_upright: 1.8392
            Mean episode rew_laser_stop: 0.0437
            Mean episode rew_laser_fall: -0.1144
             Mean episode rew_foot_slip: -0.0002
      Mean episode rew_angular_momentum: -0.0000
 Mean episode rew_track_linear_velocity: 2.7474
        Mean episode rew_action_rate_l2: -1.7221
--------------------------------------------------------------------------------
                         Iteration time: 1.94s
                           Time elapsed: 0:07:49
                                    ETA: 0:09:15

################################################################################
[1m                           Learning iteration 229/500                           [0m 

                               Run name: laser-follow-20260904-v1
                            Total steps: 5652480 
                       Steps per second: 13079 
                        Collection time: 1.645s 
                          Learning time: 0.234s 
                        Mean value loss: 1.1186
                    Mean surrogate loss: -0.0128
                      Mean entropy loss: 15.5001
                            Mean reward: 100.11
                    Mean episode length: 746.99
                        Mean action std: 0.74
       Mean episode rew_self_collisions: -0.0010
    Mean episode rew_body_pose_tracking: 0.0000
                  Mean episode rew_pose: 0.0849
        Mean episode rew_head_pose_bias: 0.0000
Mean episode rew_track_angular_velocity: 0.0647
              Mean episode rew_air_time: 0.2621
     Mean episode rew_foot_swing_height: -0.0126
        Mean episode rew_foot_clearance: -0.0054
    Mean episode rew_head_pose_tracking: 1.1363
          Mean episode rew_body_ang_vel: -0.1075
        Mean episode rew_dof_pos_limits: -0.0557
        Mean episode rew_laser_progress: 0.4999
               Mean episode rew_upright: 1.6902
            Mean episode rew_laser_stop: 0.0564
            Mean episode rew_laser_fall: -0.1243
             Mean episode rew_foot_slip: -0.0002
      Mean episode rew_angular_momentum: -0.0000
 Mean episode rew_track_linear_velocity: 2.5541
        Mean episode rew_action_rate_l2: -1.5387
--------------------------------------------------------------------------------
                         Iteration time: 1.88s
                           Time elapsed: 0:07:50
                                    ETA: 0:09:12

################################################################################
[1m                           Learning iteration 230/500                           [0m 

                               Run name: laser-follow-20260904-v1
                            Total steps: 5677056 
                       Steps per second: 13197 
                        Collection time: 1.618s 
                          Learning time: 0.244s 
                        Mean value loss: 0.8361
                    Mean surrogate loss: -0.0127
                      Mean entropy loss: 15.4965
                            Mean reward: 94.75
                    Mean episode length: 714.78
                        Mean action std: 0.74
       Mean episode rew_self_collisions: -0.0011
    Mean episode rew_body_pose_tracking: 0.0000
                  Mean episode rew_pose: 0.0897
        Mean episode rew_head_pose_bias: 0.0000
Mean episode rew_track_angular_velocity: 0.0651
              Mean episode rew_air_time: 0.2870
     Mean episode rew_foot_swing_height: -0.0139
        Mean episode rew_foot_clearance: -0.0057
    Mean episode rew_head_pose_tracking: 1.1612
          Mean episode rew_body_ang_vel: -0.1072
        Mean episode rew_dof_pos_limits: -0.0578
        Mean episode rew_laser_progress: 0.4283
               Mean episode rew_upright: 1.6888
            Mean episode rew_laser_stop: 0.0457
            Mean episode rew_laser_fall: -0.1250
             Mean episode rew_foot_slip: -0.0002
      Mean episode rew_angular_momentum: -0.0000
 Mean episode rew_track_linear_velocity: 2.5534
        Mean episode rew_action_rate_l2: -1.5784
--------------------------------------------------------------------------------
                         Iteration time: 1.86s
                           Time elapsed: 0:07:52
                                    ETA: 0:09:10

################################################################################
[1m                           Learning iteration 231/500                           [0m 

                               Run name: laser-follow-20260904-v1
                            Total steps: 5701632 
                       Steps per second: 13468 
                        Collection time: 1.580s 
                          Learning time: 0.245s 
                        Mean value loss: 1.0101
                    Mean surrogate loss: -0.0115
                      Mean entropy loss: 15.4771
                            Mean reward: 88.74
                    Mean episode length: 669.57
                        Mean action std: 0.74
       Mean episode rew_self_collisions: -0.0012
    Mean episode rew_body_pose_tracking: 0.0000
                  Mean episode rew_pose: 0.0752
        Mean episode rew_head_pose_bias: 0.0000
Mean episode rew_track_angular_velocity: 0.0527
              Mean episode rew_air_time: 0.2121
     Mean episode rew_foot_swing_height: -0.0124
        Mean episode rew_foot_clearance: -0.0045
    Mean episode rew_head_pose_tracking: 0.9275
          Mean episode rew_body_ang_vel: -0.0844
        Mean episode rew_dof_pos_limits: -0.0456
        Mean episode rew_laser_progress: 0.3452
               Mean episode rew_upright: 1.3739
            Mean episode rew_laser_stop: 0.0358
            Mean episode rew_laser_fall: -0.1510
             Mean episode rew_foot_slip: -0.0001
      Mean episode rew_angular_momentum: -0.0000
 Mean episode rew_track_linear_velocity: 2.0848
        Mean episode rew_action_rate_l2: -1.2608
--------------------------------------------------------------------------------
                         Iteration time: 1.82s
                           Time elapsed: 0:07:54
                                    ETA: 0:09:08

################################################################################
[1m                           Learning iteration 232/500                           [0m 

                               Run name: laser-follow-20260904-v1
                            Total steps: 5726208 
                       Steps per second: 13060 
                        Collection time: 1.641s 
                          Learning time: 0.240s 
                        Mean value loss: 0.9061
                    Mean surrogate loss: -0.0122
                      Mean entropy loss: 15.4721
                            Mean reward: 89.15
                    Mean episode length: 675.97
                        Mean action std: 0.74
       Mean episode rew_self_collisions: -0.0005
    Mean episode rew_body_pose_tracking: 0.0000
                  Mean episode rew_pose: 0.1037
        Mean episode rew_head_pose_bias: 0.0000
Mean episode rew_track_angular_velocity: 0.0748
              Mean episode rew_air_time: 0.2963
     Mean episode rew_foot_swing_height: -0.0163
        Mean episode rew_foot_clearance: -0.0063
    Mean episode rew_head_pose_tracking: 1.2971
          Mean episode rew_body_ang_vel: -0.1126
        Mean episode rew_dof_pos_limits: -0.0648
        Mean episode rew_laser_progress: 0.5456
               Mean episode rew_upright: 1.9288
            Mean episode rew_laser_stop: 0.0485
            Mean episode rew_laser_fall: -0.1059
             Mean episode rew_foot_slip: -0.0002
      Mean episode rew_angular_momentum: -0.0000
 Mean episode rew_track_linear_velocity: 2.9066
        Mean episode rew_action_rate_l2: -1.7259
--------------------------------------------------------------------------------
                         Iteration time: 1.88s
                           Time elapsed: 0:07:56
                                    ETA: 0:09:06

################################################################################
[1m                           Learning iteration 233/500                           [0m 

                               Run name: laser-follow-20260904-v1
                            Total steps: 5750784 
                       Steps per second: 13425 
                        Collection time: 1.588s 
                          Learning time: 0.242s 
                        Mean value loss: 0.9694
                    Mean surrogate loss: -0.0123
                      Mean entropy loss: 15.4631
                            Mean reward: 101.53
                    Mean episode length: 760.81
                        Mean action std: 0.74
       Mean episode rew_self_collisions: -0.0012
    Mean episode rew_body_pose_tracking: 0.0000
                  Mean episode rew_pose: 0.1045
        Mean episode rew_head_pose_bias: 0.0000
Mean episode rew_track_angular_velocity: 0.0666
              Mean episode rew_air_time: 0.3504
     Mean episode rew_foot_swing_height: -0.0154
        Mean episode rew_foot_clearance: -0.0068
    Mean episode rew_head_pose_tracking: 1.3319
          Mean episode rew_body_ang_vel: -0.1285
        Mean episode rew_dof_pos_limits: -0.0660
        Mean episode rew_laser_progress: 0.5468
               Mean episode rew_upright: 1.9869
            Mean episode rew_laser_stop: 0.0484
            Mean episode rew_laser_fall: -0.1042
             Mean episode rew_foot_slip: -0.0002
      Mean episode rew_angular_momentum: -0.0000
 Mean episode rew_track_linear_velocity: 2.9501
        Mean episode rew_action_rate_l2: -1.8239
--------------------------------------------------------------------------------
                         Iteration time: 1.83s
                           Time elapsed: 0:07:58
                                    ETA: 0:09:03

################################################################################
[1m                           Learning iteration 234/500                           [0m 

                               Run name: laser-follow-20260904-v1
                            Total steps: 5775360 
                       Steps per second: 12419 
                        Collection time: 1.719s 
                          Learning time: 0.260s 
                        Mean value loss: 1.0556
                    Mean surrogate loss: -0.0115
                      Mean entropy loss: 15.4499
                            Mean reward: 103.38
                    Mean episode length: 777.64
                        Mean action std: 0.74
       Mean episode rew_self_collisions: -0.0007
    Mean episode rew_body_pose_tracking: 0.0000
                  Mean episode rew_pose: 0.1051
        Mean episode rew_head_pose_bias: 0.0000
Mean episode rew_track_angular_velocity: 0.0638
              Mean episode rew_air_time: 0.3165
     Mean episode rew_foot_swing_height: -0.0172
        Mean episode rew_foot_clearance: -0.0069
    Mean episode rew_head_pose_tracking: 1.3022
          Mean episode rew_body_ang_vel: -0.1330
        Mean episode rew_dof_pos_limits: -0.0659
        Mean episode rew_laser_progress: 0.4414
               Mean episode rew_upright: 1.9337
            Mean episode rew_laser_stop: 0.0400
            Mean episode rew_laser_fall: -0.0842
             Mean episode rew_foot_slip: -0.0002
      Mean episode rew_angular_momentum: -0.0000
 Mean episode rew_track_linear_velocity: 2.8563
        Mean episode rew_action_rate_l2: -1.8083
--------------------------------------------------------------------------------
                         Iteration time: 1.98s
                           Time elapsed: 0:08:00
                                    ETA: 0:09:01

################################################################################
[1m                           Learning iteration 235/500                           [0m 

                               Run name: laser-follow-20260904-v1
                            Total steps: 5799936 
                       Steps per second: 12553 
                        Collection time: 1.717s 
                          Learning time: 0.241s 
                        Mean value loss: 1.3275
                    Mean surrogate loss: -0.0128
                      Mean entropy loss: 15.4509
                            Mean reward: 103.32
                    Mean episode length: 769.12
                        Mean action std: 0.74
       Mean episode rew_self_collisions: -0.0002
    Mean episode rew_body_pose_tracking: 0.0000
                  Mean episode rew_pose: 0.1016
        Mean episode rew_head_pose_bias: 0.0000
Mean episode rew_track_angular_velocity: 0.0834
              Mean episode rew_air_time: 0.2964
     Mean episode rew_foot_swing_height: -0.0135
        Mean episode rew_foot_clearance: -0.0059
    Mean episode rew_head_pose_tracking: 1.3258
          Mean episode rew_body_ang_vel: -0.1069
        Mean episode rew_dof_pos_limits: -0.0661
        Mean episode rew_laser_progress: 0.6182
               Mean episode rew_upright: 1.9855
            Mean episode rew_laser_stop: 0.0688
            Mean episode rew_laser_fall: -0.0747
             Mean episode rew_foot_slip: -0.0002
      Mean episode rew_angular_momentum: -0.0000
 Mean episode rew_track_linear_velocity: 3.0241
        Mean episode rew_action_rate_l2: -1.7587
--------------------------------------------------------------------------------
                         Iteration time: 1.96s
                           Time elapsed: 0:08:02
                                    ETA: 0:08:59

################################################################################
[1m                           Learning iteration 236/500                           [0m 

                               Run name: laser-follow-20260904-v1
                            Total steps: 5824512 
                       Steps per second: 13040 
                        Collection time: 1.647s 
                          Learning time: 0.238s 
                        Mean value loss: 1.1344
                    Mean surrogate loss: -0.0120
                      Mean entropy loss: 15.4482
                            Mean reward: 93.37
                    Mean episode length: 703.73
                        Mean action std: 0.74
       Mean episode rew_self_collisions: -0.0012
    Mean episode rew_body_pose_tracking: 0.0000
                  Mean episode rew_pose: 0.0772
        Mean episode rew_head_pose_bias: 0.0000
Mean episode rew_track_angular_velocity: 0.0576
              Mean episode rew_air_time: 0.2598
     Mean episode rew_foot_swing_height: -0.0114
        Mean episode rew_foot_clearance: -0.0050
    Mean episode rew_head_pose_tracking: 1.0850
          Mean episode rew_body_ang_vel: -0.1046
        Mean episode rew_dof_pos_limits: -0.0545
        Mean episode rew_laser_progress: 0.4250
               Mean episode rew_upright: 1.6162
            Mean episode rew_laser_stop: 0.0526
            Mean episode rew_laser_fall: -0.1201
             Mean episode rew_foot_slip: -0.0002
      Mean episode rew_angular_momentum: -0.0000
 Mean episode rew_track_linear_velocity: 2.4157
        Mean episode rew_action_rate_l2: -1.4834
--------------------------------------------------------------------------------
                         Iteration time: 1.88s
                           Time elapsed: 0:08:04
                                    ETA: 0:08:57

################################################################################
[1m                           Learning iteration 237/500                           [0m 

                               Run name: laser-follow-20260904-v1
                            Total steps: 5849088 
                       Steps per second: 13415 
                        Collection time: 1.577s 
                          Learning time: 0.255s 
                        Mean value loss: 1.2849
                    Mean surrogate loss: -0.0120
                      Mean entropy loss: 15.4455
                            Mean reward: 99.78
                    Mean episode length: 736.40
                        Mean action std: 0.74
       Mean episode rew_self_collisions: -0.0018
    Mean episode rew_body_pose_tracking: 0.0000
                  Mean episode rew_pose: 0.1021
        Mean episode rew_head_pose_bias: 0.0000
Mean episode rew_track_angular_velocity: 0.0705
              Mean episode rew_air_time: 0.3009
     Mean episode rew_foot_swing_height: -0.0150
        Mean episode rew_foot_clearance: -0.0060
    Mean episode rew_head_pose_tracking: 1.2367
          Mean episode rew_body_ang_vel: -0.1031
        Mean episode rew_dof_pos_limits: -0.0616
        Mean episode rew_laser_progress: 0.5573
               Mean episode rew_upright: 1.8359
            Mean episode rew_laser_stop: 0.0425
            Mean episode rew_laser_fall: -0.0972
             Mean episode rew_foot_slip: -0.0002
      Mean episode rew_angular_momentum: -0.0000
 Mean episode rew_track_linear_velocity: 2.7692
        Mean episode rew_action_rate_l2: -1.6420
--------------------------------------------------------------------------------
                         Iteration time: 1.83s
                           Time elapsed: 0:08:05
                                    ETA: 0:08:55

################################################################################
[1m                           Learning iteration 238/500                           [0m 

                               Run name: laser-follow-20260904-v1
                            Total steps: 5873664 
                       Steps per second: 12693 
                        Collection time: 1.697s 
                          Learning time: 0.239s 
                        Mean value loss: 1.2249
                    Mean surrogate loss: -0.0107
                      Mean entropy loss: 15.4447
                            Mean reward: 93.90
                    Mean episode length: 710.95
                        Mean action std: 0.74
       Mean episode rew_self_collisions: -0.0008
    Mean episode rew_body_pose_tracking: 0.0000
                  Mean episode rew_pose: 0.0860
        Mean episode rew_head_pose_bias: 0.0000
Mean episode rew_track_angular_velocity: 0.0655
              Mean episode rew_air_time: 0.2741
     Mean episode rew_foot_swing_height: -0.0138
        Mean episode rew_foot_clearance: -0.0056
    Mean episode rew_head_pose_tracking: 1.1635
          Mean episode rew_body_ang_vel: -0.1159
        Mean episode rew_dof_pos_limits: -0.0593
        Mean episode rew_laser_progress: 0.4806
               Mean episode rew_upright: 1.7207
            Mean episode rew_laser_stop: 0.0549
            Mean episode rew_laser_fall: -0.1198
             Mean episode rew_foot_slip: -0.0002
      Mean episode rew_angular_momentum: -0.0000
 Mean episode rew_track_linear_velocity: 2.6158
        Mean episode rew_action_rate_l2: -1.5657
--------------------------------------------------------------------------------
                         Iteration time: 1.94s
                           Time elapsed: 0:08:07
                                    ETA: 0:08:52

################################################################################
[1m                           Learning iteration 239/500                           [0m 

                               Run name: laser-follow-20260904-v1
                            Total steps: 5898240 
                       Steps per second: 13028 
                        Collection time: 1.648s 
                          Learning time: 0.238s 
                        Mean value loss: 1.4117
                    Mean surrogate loss: -0.0118
                      Mean entropy loss: 15.4461
                            Mean reward: 95.37
                    Mean episode length: 720.15
                        Mean action std: 0.74
       Mean episode rew_self_collisions: -0.0021
    Mean episode rew_body_pose_tracking: 0.0000
                  Mean episode rew_pose: 0.0905
        Mean episode rew_head_pose_bias: 0.0000
Mean episode rew_track_angular_velocity: 0.0660
              Mean episode rew_air_time: 0.2818
     Mean episode rew_foot_swing_height: -0.0139
        Mean episode rew_foot_clearance: -0.0057
    Mean episode rew_head_pose_tracking: 1.1817
          Mean episode rew_body_ang_vel: -0.1109
        Mean episode rew_dof_pos_limits: -0.0597
        Mean episode rew_laser_progress: 0.4203
               Mean episode rew_upright: 1.7270
            Mean episode rew_laser_stop: 0.0481
            Mean episode rew_laser_fall: -0.1076
             Mean episode rew_foot_slip: -0.0002
      Mean episode rew_angular_momentum: -0.0000
 Mean episode rew_track_linear_velocity: 2.6388
        Mean episode rew_action_rate_l2: -1.5988
--------------------------------------------------------------------------------
                         Iteration time: 1.89s
                           Time elapsed: 0:08:09
                                    ETA: 0:08:50

################################################################################
[1m                           Learning iteration 240/500                           [0m 

                               Run name: laser-follow-20260904-v1
                            Total steps: 5922816 
                       Steps per second: 13667 
                        Collection time: 1.555s 
                          Learning time: 0.243s 
                        Mean value loss: 0.9614
                    Mean surrogate loss: -0.0122
                      Mean entropy loss: 15.4518
                            Mean reward: 92.90
                    Mean episode length: 712.80
                        Mean action std: 0.74
       Mean episode rew_self_collisions: -0.0011
    Mean episode rew_body_pose_tracking: 0.0000
                  Mean episode rew_pose: 0.0989
        Mean episode rew_head_pose_bias: 0.0000
Mean episode rew_track_angular_velocity: 0.0650
              Mean episode rew_air_time: 0.3110
     Mean episode rew_foot_swing_height: -0.0150
        Mean episode rew_foot_clearance: -0.0063
    Mean episode rew_head_pose_tracking: 1.2085
          Mean episode rew_body_ang_vel: -0.1214
        Mean episode rew_dof_pos_limits: -0.0619
        Mean episode rew_laser_progress: 0.4760
               Mean episode rew_upright: 1.7826
            Mean episode rew_laser_stop: 0.0398
            Mean episode rew_laser_fall: -0.1174
             Mean episode rew_foot_slip: -0.0002
      Mean episode rew_angular_momentum: -0.0000
 Mean episode rew_track_linear_velocity: 2.7106
        Mean episode rew_action_rate_l2: -1.6336
--------------------------------------------------------------------------------
                         Iteration time: 1.80s
                           Time elapsed: 0:08:11
                                    ETA: 0:08:48

################################################################################
[1m                           Learning iteration 241/500                           [0m 

                               Run name: laser-follow-20260904-v1
                            Total steps: 5947392 
                       Steps per second: 13092 
                        Collection time: 1.638s 
                          Learning time: 0.239s 
                        Mean value loss: 1.2723
                    Mean surrogate loss: -0.0110
                      Mean entropy loss: 15.4500
                            Mean reward: 97.00
                    Mean episode length: 734.73
                        Mean action std: 0.74
       Mean episode rew_self_collisions: -0.0006
    Mean episode rew_body_pose_tracking: 0.0000
                  Mean episode rew_pose: 0.1045
        Mean episode rew_head_pose_bias: 0.0000
Mean episode rew_track_angular_velocity: 0.0754
              Mean episode rew_air_time: 0.3048
     Mean episode rew_foot_swing_height: -0.0161
        Mean episode rew_foot_clearance: -0.0067
    Mean episode rew_head_pose_tracking: 1.3286
          Mean episode rew_body_ang_vel: -0.1157
        Mean episode rew_dof_pos_limits: -0.0663
        Mean episode rew_laser_progress: 0.5246
               Mean episode rew_upright: 1.9789
            Mean episode rew_laser_stop: 0.0593
            Mean episode rew_laser_fall: -0.0972
             Mean episode rew_foot_slip: -0.0002
      Mean episode rew_angular_momentum: -0.0000
 Mean episode rew_track_linear_velocity: 2.9725
        Mean episode rew_action_rate_l2: -1.7756
--------------------------------------------------------------------------------
                         Iteration time: 1.88s
                           Time elapsed: 0:08:13
                                    ETA: 0:08:46

################################################################################
[1m                           Learning iteration 242/500                           [0m 

                               Run name: laser-follow-20260904-v1
                            Total steps: 5971968 
                       Steps per second: 12867 
                        Collection time: 1.670s 
                          Learning time: 0.240s 
                        Mean value loss: 1.1910
                    Mean surrogate loss: -0.0132
                      Mean entropy loss: 15.4518
                            Mean reward: 92.30
                    Mean episode length: 704.85
                        Mean action std: 0.74
       Mean episode rew_self_collisions: -0.0019
    Mean episode rew_body_pose_tracking: 0.0000
                  Mean episode rew_pose: 0.0817
        Mean episode rew_head_pose_bias: 0.0000
Mean episode rew_track_angular_velocity: 0.0526
              Mean episode rew_air_time: 0.3404
     Mean episode rew_foot_swing_height: -0.0141
        Mean episode rew_foot_clearance: -0.0065
    Mean episode rew_head_pose_tracking: 1.1411
          Mean episode rew_body_ang_vel: -0.1366
        Mean episode rew_dof_pos_limits: -0.0600
        Mean episode rew_laser_progress: 0.4384
               Mean episode rew_upright: 1.6545
            Mean episode rew_laser_stop: 0.0349
            Mean episode rew_laser_fall: -0.1528
             Mean episode rew_foot_slip: -0.0002
      Mean episode rew_angular_momentum: -0.0000
 Mean episode rew_track_linear_velocity: 2.4847
        Mean episode rew_action_rate_l2: -1.5643
--------------------------------------------------------------------------------
                         Iteration time: 1.91s
                           Time elapsed: 0:08:15
                                    ETA: 0:08:43

################################################################################
[1m                           Learning iteration 243/500                           [0m 

                               Run name: laser-follow-20260904-v1
                            Total steps: 5996544 
                       Steps per second: 13325 
                        Collection time: 1.600s 
                          Learning time: 0.245s 
                        Mean value loss: 1.2664
                    Mean surrogate loss: -0.0129
                      Mean entropy loss: 15.4583
                            Mean reward: 94.26
                    Mean episode length: 706.76
                        Mean action std: 0.74
       Mean episode rew_self_collisions: -0.0012
    Mean episode rew_body_pose_tracking: 0.0000
                  Mean episode rew_pose: 0.0758
        Mean episode rew_head_pose_bias: 0.0000
Mean episode rew_track_angular_velocity: 0.0530
              Mean episode rew_air_time: 0.2842
     Mean episode rew_foot_swing_height: -0.0121
        Mean episode rew_foot_clearance: -0.0055
    Mean episode rew_head_pose_tracking: 1.0219
          Mean episode rew_body_ang_vel: -0.1032
        Mean episode rew_dof_pos_limits: -0.0517
        Mean episode rew_laser_progress: 0.5105
               Mean episode rew_upright: 1.5056
            Mean episode rew_laser_stop: 0.0419
            Mean episode rew_laser_fall: -0.1441
             Mean episode rew_foot_slip: -0.0002
      Mean episode rew_angular_momentum: -0.0000
 Mean episode rew_track_linear_velocity: 2.2735
        Mean episode rew_action_rate_l2: -1.3635
--------------------------------------------------------------------------------
                         Iteration time: 1.84s
                           Time elapsed: 0:08:17
                                    ETA: 0:08:41

################################################################################
[1m                           Learning iteration 244/500                           [0m 

                               Run name: laser-follow-20260904-v1
                            Total steps: 6021120 
                       Steps per second: 12715 
                        Collection time: 1.699s 
                          Learning time: 0.234s 
                        Mean value loss: 1.3993
                    Mean surrogate loss: -0.0111
                      Mean entropy loss: 15.4573
                            Mean reward: 92.53
                    Mean episode length: 706.16
                        Mean action std: 0.74
       Mean episode rew_self_collisions: -0.0008
    Mean episode rew_body_pose_tracking: 0.0000
                  Mean episode rew_pose: 0.1083
        Mean episode rew_head_pose_bias: 0.0000
Mean episode rew_track_angular_velocity: 0.0646
              Mean episode rew_air_time: 0.3510
     Mean episode rew_foot_swing_height: -0.0181
        Mean episode rew_foot_clearance: -0.0074
    Mean episode rew_head_pose_tracking: 1.3626
          Mean episode rew_body_ang_vel: -0.1453
        Mean episode rew_dof_pos_limits: -0.0705
        Mean episode rew_laser_progress: 0.5382
               Mean episode rew_upright: 2.0182
            Mean episode rew_laser_stop: 0.0498
            Mean episode rew_laser_fall: -0.0990
             Mean episode rew_foot_slip: -0.0002
      Mean episode rew_angular_momentum: -0.0000
 Mean episode rew_track_linear_velocity: 3.0224
        Mean episode rew_action_rate_l2: -1.8764
--------------------------------------------------------------------------------
                         Iteration time: 1.93s
                           Time elapsed: 0:08:19
                                    ETA: 0:08:39

################################################################################
[1m                           Learning iteration 245/500                           [0m 

                               Run name: laser-follow-20260904-v1
                            Total steps: 6045696 
                       Steps per second: 14024 
                        Collection time: 1.507s 
                          Learning time: 0.245s 
                        Mean value loss: 0.7835
                    Mean surrogate loss: -0.0126
                      Mean entropy loss: 15.4575
                            Mean reward: 94.86
                    Mean episode length: 714.58
                        Mean action std: 0.74
       Mean episode rew_self_collisions: -0.0003
    Mean episode rew_body_pose_tracking: 0.0000
                  Mean episode rew_pose: 0.0859
        Mean episode rew_head_pose_bias: 0.0000
Mean episode rew_track_angular_velocity: 0.0649
              Mean episode rew_air_time: 0.2641
     Mean episode rew_foot_swing_height: -0.0128
        Mean episode rew_foot_clearance: -0.0057
    Mean episode rew_head_pose_tracking: 1.1480
          Mean episode rew_body_ang_vel: -0.1076
        Mean episode rew_dof_pos_limits: -0.0588
        Mean episode rew_laser_progress: 0.5249
               Mean episode rew_upright: 1.7105
            Mean episode rew_laser_stop: 0.0557
            Mean episode rew_laser_fall: -0.1424
             Mean episode rew_foot_slip: -0.0002
      Mean episode rew_angular_momentum: -0.0000
 Mean episode rew_track_linear_velocity: 2.5525
        Mean episode rew_action_rate_l2: -1.5379
--------------------------------------------------------------------------------
                         Iteration time: 1.75s
                           Time elapsed: 0:08:20
                                    ETA: 0:08:37

################################################################################
[1m                           Learning iteration 246/500                           [0m 

                               Run name: laser-follow-20260904-v1
                            Total steps: 6070272 
                       Steps per second: 13334 
                        Collection time: 1.601s 
                          Learning time: 0.242s 
                        Mean value loss: 0.9236
                    Mean surrogate loss: -0.0112
                      Mean entropy loss: 15.4541
                            Mean reward: 96.51
                    Mean episode length: 725.03
                        Mean action std: 0.74
       Mean episode rew_self_collisions: -0.0004
    Mean episode rew_body_pose_tracking: 0.0000
                  Mean episode rew_pose: 0.0934
        Mean episode rew_head_pose_bias: 0.0000
Mean episode rew_track_angular_velocity: 0.0722
              Mean episode rew_air_time: 0.2965
     Mean episode rew_foot_swing_height: -0.0139
        Mean episode rew_foot_clearance: -0.0060
    Mean episode rew_head_pose_tracking: 1.2180
          Mean episode rew_body_ang_vel: -0.1083
        Mean episode rew_dof_pos_limits: -0.0624
        Mean episode rew_laser_progress: 0.5373
               Mean episode rew_upright: 1.7974
            Mean episode rew_laser_stop: 0.0495
            Mean episode rew_laser_fall: -0.1076
             Mean episode rew_foot_slip: -0.0002
      Mean episode rew_angular_momentum: -0.0000
 Mean episode rew_track_linear_velocity: 2.7322
        Mean episode rew_action_rate_l2: -1.6032
--------------------------------------------------------------------------------
                         Iteration time: 1.84s
                           Time elapsed: 0:08:22
                                    ETA: 0:08:34

################################################################################
[1m                           Learning iteration 247/500                           [0m 

                               Run name: laser-follow-20260904-v1
                            Total steps: 6094848 
                       Steps per second: 13560 
                        Collection time: 1.573s 
                          Learning time: 0.239s 
                        Mean value loss: 1.0207
                    Mean surrogate loss: -0.0114
                      Mean entropy loss: 15.4535
                            Mean reward: 99.76
                    Mean episode length: 743.14
                        Mean action std: 0.74
       Mean episode rew_self_collisions: -0.0009
    Mean episode rew_body_pose_tracking: 0.0000
                  Mean episode rew_pose: 0.1127
        Mean episode rew_head_pose_bias: 0.0000
Mean episode rew_track_angular_velocity: 0.0764
              Mean episode rew_air_time: 0.3423
     Mean episode rew_foot_swing_height: -0.0160
        Mean episode rew_foot_clearance: -0.0068
    Mean episode rew_head_pose_tracking: 1.3842
          Mean episode rew_body_ang_vel: -0.1241
        Mean episode rew_dof_pos_limits: -0.0701
        Mean episode rew_laser_progress: 0.6259
               Mean episode rew_upright: 2.0678
            Mean episode rew_laser_stop: 0.0571
            Mean episode rew_laser_fall: -0.0885
             Mean episode rew_foot_slip: -0.0002
      Mean episode rew_angular_momentum: -0.0000
 Mean episode rew_track_linear_velocity: 3.1154
        Mean episode rew_action_rate_l2: -1.8456
--------------------------------------------------------------------------------
                         Iteration time: 1.81s
                           Time elapsed: 0:08:24
                                    ETA: 0:08:32

################################################################################
[1m                           Learning iteration 248/500                           [0m 

                               Run name: laser-follow-20260904-v1
                            Total steps: 6119424 
                       Steps per second: 13026 
                        Collection time: 1.643s 
                          Learning time: 0.244s 
                        Mean value loss: 1.0955
                    Mean surrogate loss: -0.0123
                      Mean entropy loss: 15.4522
                            Mean reward: 108.01
                    Mean episode length: 792.24
                        Mean action std: 0.74
       Mean episode rew_self_collisions: -0.0004
    Mean episode rew_body_pose_tracking: 0.0000
                  Mean episode rew_pose: 0.1102
        Mean episode rew_head_pose_bias: 0.0000
Mean episode rew_track_angular_velocity: 0.0808
              Mean episode rew_air_time: 0.3034
     Mean episode rew_foot_swing_height: -0.0168
        Mean episode rew_foot_clearance: -0.0066
    Mean episode rew_head_pose_tracking: 1.4520
          Mean episode rew_body_ang_vel: -0.1241
        Mean episode rew_dof_pos_limits: -0.0737
        Mean episode rew_laser_progress: 0.6256
               Mean episode rew_upright: 2.1643
            Mean episode rew_laser_stop: 0.0704
            Mean episode rew_laser_fall: -0.0608
             Mean episode rew_foot_slip: -0.0002
      Mean episode rew_angular_momentum: -0.0000
 Mean episode rew_track_linear_velocity: 3.2977
        Mean episode rew_action_rate_l2: -1.9200
--------------------------------------------------------------------------------
                         Iteration time: 1.89s
                           Time elapsed: 0:08:26
                                    ETA: 0:08:30

################################################################################
[1m                           Learning iteration 249/500                           [0m 

                               Run name: laser-follow-20260904-v1
                            Total steps: 6144000 
                       Steps per second: 13993 
                        Collection time: 1.515s 
                          Learning time: 0.241s 
                        Mean value loss: 1.0027
                    Mean surrogate loss: -0.0110
                      Mean entropy loss: 15.4472
                            Mean reward: 110.48
                    Mean episode length: 809.18
                        Mean action std: 0.74
       Mean episode rew_self_collisions: -0.0003
    Mean episode rew_body_pose_tracking: 0.0000
                  Mean episode rew_pose: 0.1007
        Mean episode rew_head_pose_bias: 0.0000
Mean episode rew_track_angular_velocity: 0.0821
              Mean episode rew_air_time: 0.2553
     Mean episode rew_foot_swing_height: -0.0167
        Mean episode rew_foot_clearance: -0.0059
    Mean episode rew_head_pose_tracking: 1.3094
          Mean episode rew_body_ang_vel: -0.1143
        Mean episode rew_dof_pos_limits: -0.0672
        Mean episode rew_laser_progress: 0.4871
               Mean episode rew_upright: 1.9686
            Mean episode rew_laser_stop: 0.0648
            Mean episode rew_laser_fall: -0.0868
             Mean episode rew_foot_slip: -0.0002
      Mean episode rew_angular_momentum: -0.0000
 Mean episode rew_track_linear_velocity: 2.9726
        Mean episode rew_action_rate_l2: -1.7511
--------------------------------------------------------------------------------
                         Iteration time: 1.76s
                           Time elapsed: 0:08:28
                                    ETA: 0:08:28

################################################################################
[1m                           Learning iteration 250/500                           [0m 

                               Run name: laser-follow-20260904-v1
                            Total steps: 6168576 
                       Steps per second: 13101 
                        Collection time: 1.637s 
                          Learning time: 0.239s 
                        Mean value loss: 0.9767
                    Mean surrogate loss: -0.0129
                      Mean entropy loss: 15.4412
                            Mean reward: 111.22
                    Mean episode length: 816.44
                        Mean action std: 0.74
       Mean episode rew_self_collisions: -0.0009
    Mean episode rew_body_pose_tracking: 0.0000
                  Mean episode rew_pose: 0.1117
        Mean episode rew_head_pose_bias: 0.0000
Mean episode rew_track_angular_velocity: 0.0810
              Mean episode rew_air_time: 0.3994
     Mean episode rew_foot_swing_height: -0.0163
        Mean episode rew_foot_clearance: -0.0071
    Mean episode rew_head_pose_tracking: 1.4277
          Mean episode rew_body_ang_vel: -0.1260
        Mean episode rew_dof_pos_limits: -0.0738
        Mean episode rew_laser_progress: 0.4974
               Mean episode rew_upright: 2.1051
            Mean episode rew_laser_stop: 0.0547
            Mean episode rew_laser_fall: -0.0781
             Mean episode rew_foot_slip: -0.0002
      Mean episode rew_angular_momentum: -0.0000
 Mean episode rew_track_linear_velocity: 3.2306
        Mean episode rew_action_rate_l2: -1.8817
--------------------------------------------------------------------------------
                         Iteration time: 1.88s
                           Time elapsed: 0:08:30
                                    ETA: 0:08:26

################################################################################
[1m                           Learning iteration 251/500                           [0m 

                               Run name: laser-follow-20260904-v1
                            Total steps: 6193152 
                       Steps per second: 13247 
                        Collection time: 1.611s 
                          Learning time: 0.244s 
                        Mean value loss: 1.0613
                    Mean surrogate loss: -0.0137
                      Mean entropy loss: 15.4256
                            Mean reward: 104.47
                    Mean episode length: 775.88
                        Mean action std: 0.74
       Mean episode rew_self_collisions: -0.0010
    Mean episode rew_body_pose_tracking: 0.0000
                  Mean episode rew_pose: 0.1039
        Mean episode rew_head_pose_bias: 0.0000
Mean episode rew_track_angular_velocity: 0.0710
              Mean episode rew_air_time: 0.3044
     Mean episode rew_foot_swing_height: -0.0166
        Mean episode rew_foot_clearance: -0.0065
    Mean episode rew_head_pose_tracking: 1.2944
          Mean episode rew_body_ang_vel: -0.1219
        Mean episode rew_dof_pos_limits: -0.0664
        Mean episode rew_laser_progress: 0.5042
               Mean episode rew_upright: 1.9137
            Mean episode rew_laser_stop: 0.0530
            Mean episode rew_laser_fall: -0.0927
             Mean episode rew_foot_slip: -0.0002
      Mean episode rew_angular_momentum: -0.0000
 Mean episode rew_track_linear_velocity: 2.9322
        Mean episode rew_action_rate_l2: -1.7216
--------------------------------------------------------------------------------
                         Iteration time: 1.86s
                           Time elapsed: 0:08:31
                                    ETA: 0:08:23

################################################################################
[1m                           Learning iteration 252/500                           [0m 

                               Run name: laser-follow-20260904-v1
                            Total steps: 6217728 
                       Steps per second: 12957 
                        Collection time: 1.643s 
                          Learning time: 0.254s 
                        Mean value loss: 0.9121
                    Mean surrogate loss: -0.0113
                      Mean entropy loss: 15.4189
                            Mean reward: 96.52
                    Mean episode length: 724.02
                        Mean action std: 0.74
       Mean episode rew_self_collisions: -0.0005
    Mean episode rew_body_pose_tracking: 0.0000
                  Mean episode rew_pose: 0.0808
        Mean episode rew_head_pose_bias: 0.0000
Mean episode rew_track_angular_velocity: 0.0586
              Mean episode rew_air_time: 0.2702
     Mean episode rew_foot_swing_height: -0.0127
        Mean episode rew_foot_clearance: -0.0057
    Mean episode rew_head_pose_tracking: 1.0972
          Mean episode rew_body_ang_vel: -0.1160
        Mean episode rew_dof_pos_limits: -0.0566
        Mean episode rew_laser_progress: 0.4946
               Mean episode rew_upright: 1.6180
            Mean episode rew_laser_stop: 0.0481
            Mean episode rew_laser_fall: -0.1285
             Mean episode rew_foot_slip: -0.0002
      Mean episode rew_angular_momentum: -0.0000
 Mean episode rew_track_linear_velocity: 2.4759
        Mean episode rew_action_rate_l2: -1.4581
--------------------------------------------------------------------------------
                         Iteration time: 1.90s
                           Time elapsed: 0:08:33
                                    ETA: 0:08:21

################################################################################
[1m                           Learning iteration 253/500                           [0m 

                               Run name: laser-follow-20260904-v1
                            Total steps: 6242304 
                       Steps per second: 13293 
                        Collection time: 1.608s 
                          Learning time: 0.241s 
                        Mean value loss: 0.6804
                    Mean surrogate loss: -0.0122
                      Mean entropy loss: 15.4129
                            Mean reward: 92.82
                    Mean episode length: 703.53
                        Mean action std: 0.74
       Mean episode rew_self_collisions: -0.0004
    Mean episode rew_body_pose_tracking: 0.0000
                  Mean episode rew_pose: 0.1001
        Mean episode rew_head_pose_bias: 0.0000
Mean episode rew_track_angular_velocity: 0.0727
              Mean episode rew_air_time: 0.2703
     Mean episode rew_foot_swing_height: -0.0146
        Mean episode rew_foot_clearance: -0.0057
    Mean episode rew_head_pose_tracking: 1.2943
          Mean episode rew_body_ang_vel: -0.1150
        Mean episode rew_dof_pos_limits: -0.0662
        Mean episode rew_laser_progress: 0.5185
               Mean episode rew_upright: 1.9359
            Mean episode rew_laser_stop: 0.0622
            Mean episode rew_laser_fall: -0.0833
             Mean episode rew_foot_slip: -0.0002
      Mean episode rew_angular_momentum: -0.0000
 Mean episode rew_track_linear_velocity: 2.9088
        Mean episode rew_action_rate_l2: -1.7235
--------------------------------------------------------------------------------
                         Iteration time: 1.85s
                           Time elapsed: 0:08:35
                                    ETA: 0:08:19

################################################################################
[1m                           Learning iteration 254/500                           [0m 

                               Run name: laser-follow-20260904-v1
                            Total steps: 6266880 
                       Steps per second: 14184 
                        Collection time: 1.495s 
                          Learning time: 0.237s 
                        Mean value loss: 0.8845
                    Mean surrogate loss: -0.0120
                      Mean entropy loss: 15.4012
                            Mean reward: 98.72
                    Mean episode length: 738.11
                        Mean action std: 0.74
       Mean episode rew_self_collisions: -0.0012
    Mean episode rew_body_pose_tracking: 0.0000
                  Mean episode rew_pose: 0.1079
        Mean episode rew_head_pose_bias: 0.0000
Mean episode rew_track_angular_velocity: 0.0757
              Mean episode rew_air_time: 0.2981
     Mean episode rew_foot_swing_height: -0.0170
        Mean episode rew_foot_clearance: -0.0069
    Mean episode rew_head_pose_tracking: 1.4435
          Mean episode rew_body_ang_vel: -0.1223
        Mean episode rew_dof_pos_limits: -0.0741
        Mean episode rew_laser_progress: 0.5673
               Mean episode rew_upright: 2.1742
            Mean episode rew_laser_stop: 0.0683
            Mean episode rew_laser_fall: -0.0521
             Mean episode rew_foot_slip: -0.0002
      Mean episode rew_angular_momentum: -0.0000
 Mean episode rew_track_linear_velocity: 3.3198
        Mean episode rew_action_rate_l2: -1.9090
--------------------------------------------------------------------------------
                         Iteration time: 1.73s
                           Time elapsed: 0:08:37
                                    ETA: 0:08:17

################################################################################
[1m                           Learning iteration 255/500                           [0m 

                               Run name: laser-follow-20260904-v1
                            Total steps: 6291456 
                       Steps per second: 13512 
                        Collection time: 1.569s 
                          Learning time: 0.250s 
                        Mean value loss: 1.0568
                    Mean surrogate loss: -0.0116
                      Mean entropy loss: 15.3979
                            Mean reward: 98.03
                    Mean episode length: 733.31
                        Mean action std: 0.74
       Mean episode rew_self_collisions: -0.0012
    Mean episode rew_body_pose_tracking: 0.0000
                  Mean episode rew_pose: 0.0924
        Mean episode rew_head_pose_bias: 0.0000
Mean episode rew_track_angular_velocity: 0.0761
              Mean episode rew_air_time: 0.2651
     Mean episode rew_foot_swing_height: -0.0141
        Mean episode rew_foot_clearance: -0.0058
    Mean episode rew_head_pose_tracking: 1.2645
          Mean episode rew_body_ang_vel: -0.1157
        Mean episode rew_dof_pos_limits: -0.0648
        Mean episode rew_laser_progress: 0.5359
               Mean episode rew_upright: 1.8705
            Mean episode rew_laser_stop: 0.0638
            Mean episode rew_laser_fall: -0.1044
             Mean episode rew_foot_slip: -0.0002
      Mean episode rew_angular_momentum: -0.0000
 Mean episode rew_track_linear_velocity: 2.8467
        Mean episode rew_action_rate_l2: -1.6659
--------------------------------------------------------------------------------
                         Iteration time: 1.82s
                           Time elapsed: 0:08:39
                                    ETA: 0:08:14

################################################################################
[1m                           Learning iteration 256/500                           [0m 

                               Run name: laser-follow-20260904-v1
                            Total steps: 6316032 
                       Steps per second: 12859 
                        Collection time: 1.666s 
                          Learning time: 0.245s 
                        Mean value loss: 0.8294
                    Mean surrogate loss: -0.0125
                      Mean entropy loss: 15.3861
                            Mean reward: 106.49
                    Mean episode length: 786.77
                        Mean action std: 0.74
       Mean episode rew_self_collisions: -0.0010
    Mean episode rew_body_pose_tracking: 0.0000
                  Mean episode rew_pose: 0.1103
        Mean episode rew_head_pose_bias: 0.0000
Mean episode rew_track_angular_velocity: 0.0795
              Mean episode rew_air_time: 0.3198
     Mean episode rew_foot_swing_height: -0.0156
        Mean episode rew_foot_clearance: -0.0065
    Mean episode rew_head_pose_tracking: 1.3820
          Mean episode rew_body_ang_vel: -0.1264
        Mean episode rew_dof_pos_limits: -0.0709
        Mean episode rew_laser_progress: 0.5544
               Mean episode rew_upright: 2.0384
            Mean episode rew_laser_stop: 0.0612
            Mean episode rew_laser_fall: -0.1224
             Mean episode rew_foot_slip: -0.0002
      Mean episode rew_angular_momentum: -0.0000
 Mean episode rew_track_linear_velocity: 3.1284
        Mean episode rew_action_rate_l2: -1.7871
--------------------------------------------------------------------------------
                         Iteration time: 1.91s
                           Time elapsed: 0:08:41
                                    ETA: 0:08:12

################################################################################
[1m                           Learning iteration 257/500                           [0m 

                               Run name: laser-follow-20260904-v1
                            Total steps: 6340608 
                       Steps per second: 13279 
                        Collection time: 1.609s 
                          Learning time: 0.242s 
                        Mean value loss: 0.7398
                    Mean surrogate loss: -0.0094
                      Mean entropy loss: 15.3741
                            Mean reward: 102.17
                    Mean episode length: 758.37
                        Mean action std: 0.74
       Mean episode rew_self_collisions: -0.0004
    Mean episode rew_body_pose_tracking: 0.0000
                  Mean episode rew_pose: 0.0911
        Mean episode rew_head_pose_bias: 0.0000
Mean episode rew_track_angular_velocity: 0.0790
              Mean episode rew_air_time: 0.2775
     Mean episode rew_foot_swing_height: -0.0132
        Mean episode rew_foot_clearance: -0.0057
    Mean episode rew_head_pose_tracking: 1.3102
          Mean episode rew_body_ang_vel: -0.1140
        Mean episode rew_dof_pos_limits: -0.0676
        Mean episode rew_laser_progress: 0.5264
               Mean episode rew_upright: 1.9394
            Mean episode rew_laser_stop: 0.0846
            Mean episode rew_laser_fall: -0.0938
             Mean episode rew_foot_slip: -0.0002
      Mean episode rew_angular_momentum: -0.0000
 Mean episode rew_track_linear_velocity: 2.9906
        Mean episode rew_action_rate_l2: -1.7303
--------------------------------------------------------------------------------
                         Iteration time: 1.85s
                           Time elapsed: 0:08:43
                                    ETA: 0:08:10

################################################################################
[1m                           Learning iteration 258/500                           [0m 

                               Run name: laser-follow-20260904-v1
                            Total steps: 6365184 
                       Steps per second: 13327 
                        Collection time: 1.601s 
                          Learning time: 0.243s 
                        Mean value loss: 1.0579
                    Mean surrogate loss: -0.0107
                      Mean entropy loss: 15.3709
                            Mean reward: 106.57
                    Mean episode length: 781.26
                        Mean action std: 0.74
       Mean episode rew_self_collisions: -0.0001
    Mean episode rew_body_pose_tracking: 0.0000
                  Mean episode rew_pose: 0.1146
        Mean episode rew_head_pose_bias: 0.0000
Mean episode rew_track_angular_velocity: 0.0745
              Mean episode rew_air_time: 0.3086
     Mean episode rew_foot_swing_height: -0.0175
        Mean episode rew_foot_clearance: -0.0066
    Mean episode rew_head_pose_tracking: 1.3429
          Mean episode rew_body_ang_vel: -0.1164
        Mean episode rew_dof_pos_limits: -0.0691
        Mean episode rew_laser_progress: 0.6292
               Mean episode rew_upright: 2.0015
            Mean episode rew_laser_stop: 0.0437
            Mean episode rew_laser_fall: -0.0799
             Mean episode rew_foot_slip: -0.0002
      Mean episode rew_angular_momentum: -0.0000
 Mean episode rew_track_linear_velocity: 3.0541
        Mean episode rew_action_rate_l2: -1.7670
--------------------------------------------------------------------------------
                         Iteration time: 1.84s
                           Time elapsed: 0:08:44
                                    ETA: 0:08:08

################################################################################
[1m                           Learning iteration 259/500                           [0m 

                               Run name: laser-follow-20260904-v1
                            Total steps: 6389760 
                       Steps per second: 12896 
                        Collection time: 1.663s 
                          Learning time: 0.243s 
                        Mean value loss: 0.5845
                    Mean surrogate loss: -0.0133
                      Mean entropy loss: 15.3472
                            Mean reward: 103.97
                    Mean episode length: 765.04
                        Mean action std: 0.74
       Mean episode rew_self_collisions: -0.0009
    Mean episode rew_body_pose_tracking: 0.0000
                  Mean episode rew_pose: 0.0972
        Mean episode rew_head_pose_bias: 0.0000
Mean episode rew_track_angular_velocity: 0.0673
              Mean episode rew_air_time: 0.3134
     Mean episode rew_foot_swing_height: -0.0162
        Mean episode rew_foot_clearance: -0.0067
    Mean episode rew_head_pose_tracking: 1.2868
          Mean episode rew_body_ang_vel: -0.1279
        Mean episode rew_dof_pos_limits: -0.0668
        Mean episode rew_laser_progress: 0.5497
               Mean episode rew_upright: 1.8942
            Mean episode rew_laser_stop: 0.0575
            Mean episode rew_laser_fall: -0.1094
             Mean episode rew_foot_slip: -0.0002
      Mean episode rew_angular_momentum: -0.0000
 Mean episode rew_track_linear_velocity: 2.8965
        Mean episode rew_action_rate_l2: -1.7221
--------------------------------------------------------------------------------
                         Iteration time: 1.91s
                           Time elapsed: 0:08:46
                                    ETA: 0:08:06

################################################################################
[1m                           Learning iteration 260/500                           [0m 

                               Run name: laser-follow-20260904-v1
                            Total steps: 6414336 
                       Steps per second: 13026 
                        Collection time: 1.649s 
                          Learning time: 0.237s 
                        Mean value loss: 0.6483
                    Mean surrogate loss: -0.0132
                      Mean entropy loss: 15.3147
                            Mean reward: 110.44
                    Mean episode length: 804.30
                        Mean action std: 0.74
       Mean episode rew_self_collisions: -0.0006
    Mean episode rew_body_pose_tracking: 0.0000
                  Mean episode rew_pose: 0.1156
        Mean episode rew_head_pose_bias: 0.0000
Mean episode rew_track_angular_velocity: 0.0895
              Mean episode rew_air_time: 0.3483
     Mean episode rew_foot_swing_height: -0.0161
        Mean episode rew_foot_clearance: -0.0071
    Mean episode rew_head_pose_tracking: 1.5343
          Mean episode rew_body_ang_vel: -0.1359
        Mean episode rew_dof_pos_limits: -0.0789
        Mean episode rew_laser_progress: 0.7232
               Mean episode rew_upright: 2.2806
            Mean episode rew_laser_stop: 0.0749
            Mean episode rew_laser_fall: -0.0316
             Mean episode rew_foot_slip: -0.0002
      Mean episode rew_angular_momentum: -0.0000
 Mean episode rew_track_linear_velocity: 3.4796
        Mean episode rew_action_rate_l2: -2.0424
--------------------------------------------------------------------------------
                         Iteration time: 1.89s
                           Time elapsed: 0:08:48
                                    ETA: 0:08:04

################################################################################
[1m                           Learning iteration 261/500                           [0m 

                               Run name: laser-follow-20260904-v1
                            Total steps: 6438912 
                       Steps per second: 13242 
                        Collection time: 1.603s 
                          Learning time: 0.253s 
                        Mean value loss: 0.6676
                    Mean surrogate loss: -0.0128
                      Mean entropy loss: 15.2962
                            Mean reward: 107.63
                    Mean episode length: 792.71
                        Mean action std: 0.74
       Mean episode rew_self_collisions: -0.0007
    Mean episode rew_body_pose_tracking: 0.0000
                  Mean episode rew_pose: 0.0908
        Mean episode rew_head_pose_bias: 0.0000
Mean episode rew_track_angular_velocity: 0.0771
              Mean episode rew_air_time: 0.2647
     Mean episode rew_foot_swing_height: -0.0141
        Mean episode rew_foot_clearance: -0.0058
    Mean episode rew_head_pose_tracking: 1.2670
          Mean episode rew_body_ang_vel: -0.1169
        Mean episode rew_dof_pos_limits: -0.0668
        Mean episode rew_laser_progress: 0.5107
               Mean episode rew_upright: 1.8588
            Mean episode rew_laser_stop: 0.0645
            Mean episode rew_laser_fall: -0.1042
             Mean episode rew_foot_slip: -0.0002
      Mean episode rew_angular_momentum: -0.0000
 Mean episode rew_track_linear_velocity: 2.8321
        Mean episode rew_action_rate_l2: -1.6763
--------------------------------------------------------------------------------
                         Iteration time: 1.86s
                           Time elapsed: 0:08:50
                                    ETA: 0:08:01

################################################################################
[1m                           Learning iteration 262/500                           [0m 

                               Run name: laser-follow-20260904-v1
                            Total steps: 6463488 
                       Steps per second: 13273 
                        Collection time: 1.609s 
                          Learning time: 0.242s 
                        Mean value loss: 0.7231
                    Mean surrogate loss: -0.0111
                      Mean entropy loss: 15.2918
                            Mean reward: 119.81
                    Mean episode length: 867.04
                        Mean action std: 0.74
       Mean episode rew_self_collisions: -0.0008
    Mean episode rew_body_pose_tracking: 0.0000
                  Mean episode rew_pose: 0.1141
        Mean episode rew_head_pose_bias: 0.0000
Mean episode rew_track_angular_velocity: 0.0885
              Mean episode rew_air_time: 0.3101
     Mean episode rew_foot_swing_height: -0.0165
        Mean episode rew_foot_clearance: -0.0065
    Mean episode rew_head_pose_tracking: 1.5041
          Mean episode rew_body_ang_vel: -0.1282
        Mean episode rew_dof_pos_limits: -0.0784
        Mean episode rew_laser_progress: 0.6637
               Mean episode rew_upright: 2.2484
            Mean episode rew_laser_stop: 0.0800
            Mean episode rew_laser_fall: -0.0399
             Mean episode rew_foot_slip: -0.0002
      Mean episode rew_angular_momentum: -0.0000
 Mean episode rew_track_linear_velocity: 3.4608
        Mean episode rew_action_rate_l2: -1.9901
--------------------------------------------------------------------------------
                         Iteration time: 1.85s
                           Time elapsed: 0:08:52
                                    ETA: 0:07:59

################################################################################
[1m                           Learning iteration 263/500                           [0m 

                               Run name: laser-follow-20260904-v1
                            Total steps: 6488064 
                       Steps per second: 13240 
                        Collection time: 1.617s 
                          Learning time: 0.239s 
                        Mean value loss: 0.8362
                    Mean surrogate loss: -0.0114
                      Mean entropy loss: 15.2786
                            Mean reward: 113.01
                    Mean episode length: 821.83
                        Mean action std: 0.73
       Mean episode rew_self_collisions: -0.0005
    Mean episode rew_body_pose_tracking: 0.0000
                  Mean episode rew_pose: 0.1115
        Mean episode rew_head_pose_bias: 0.0000
Mean episode rew_track_angular_velocity: 0.0816
              Mean episode rew_air_time: 0.3064
     Mean episode rew_foot_swing_height: -0.0174
        Mean episode rew_foot_clearance: -0.0070
    Mean episode rew_head_pose_tracking: 1.3868
          Mean episode rew_body_ang_vel: -0.1247
        Mean episode rew_dof_pos_limits: -0.0721
        Mean episode rew_laser_progress: 0.6732
               Mean episode rew_upright: 2.0254
            Mean episode rew_laser_stop: 0.0576
            Mean episode rew_laser_fall: -0.0773
             Mean episode rew_foot_slip: -0.0002
      Mean episode rew_angular_momentum: -0.0000
 Mean episode rew_track_linear_velocity: 3.1747
        Mean episode rew_action_rate_l2: -1.8380
--------------------------------------------------------------------------------
                         Iteration time: 1.86s
                           Time elapsed: 0:08:54
                                    ETA: 0:07:57

################################################################################
[1m                           Learning iteration 264/500                           [0m 

                               Run name: laser-follow-20260904-v1
                            Total steps: 6512640 
                       Steps per second: 13461 
                        Collection time: 1.586s 
                          Learning time: 0.240s 
                        Mean value loss: 0.7175
                    Mean surrogate loss: -0.0100
                      Mean entropy loss: 15.2673
                            Mean reward: 114.61
                    Mean episode length: 827.24
                        Mean action std: 0.73
       Mean episode rew_self_collisions: -0.0002
    Mean episode rew_body_pose_tracking: 0.0000
                  Mean episode rew_pose: 0.1388
        Mean episode rew_head_pose_bias: 0.0000
Mean episode rew_track_angular_velocity: 0.0884
              Mean episode rew_air_time: 0.3692
     Mean episode rew_foot_swing_height: -0.0197
        Mean episode rew_foot_clearance: -0.0079
    Mean episode rew_head_pose_tracking: 1.6127
          Mean episode rew_body_ang_vel: -0.1366
        Mean episode rew_dof_pos_limits: -0.0822
        Mean episode rew_laser_progress: 0.7991
               Mean episode rew_upright: 2.4162
            Mean episode rew_laser_stop: 0.0594
            Mean episode rew_laser_fall: -0.0382
             Mean episode rew_foot_slip: -0.0002
      Mean episode rew_angular_momentum: -0.0000
 Mean episode rew_track_linear_velocity: 3.6560
        Mean episode rew_action_rate_l2: -2.0975
--------------------------------------------------------------------------------
                         Iteration time: 1.83s
                           Time elapsed: 0:08:56
                                    ETA: 0:07:55

################################################################################
[1m                           Learning iteration 265/500                           [0m 

                               Run name: laser-follow-20260904-v1
                            Total steps: 6537216 
                       Steps per second: 13487 
                        Collection time: 1.579s 
                          Learning time: 0.243s 
                        Mean value loss: 0.7793
                    Mean surrogate loss: -0.0097
                      Mean entropy loss: 15.2595
                            Mean reward: 112.28
                    Mean episode length: 814.88
                        Mean action std: 0.73
       Mean episode rew_self_collisions: -0.0010
    Mean episode rew_body_pose_tracking: 0.0000
                  Mean episode rew_pose: 0.1081
        Mean episode rew_head_pose_bias: 0.0000
Mean episode rew_track_angular_velocity: 0.0656
              Mean episode rew_air_time: 0.3173
     Mean episode rew_foot_swing_height: -0.0155
        Mean episode rew_foot_clearance: -0.0070
    Mean episode rew_head_pose_tracking: 1.3263
          Mean episode rew_body_ang_vel: -0.1273
        Mean episode rew_dof_pos_limits: -0.0682
        Mean episode rew_laser_progress: 0.5963
               Mean episode rew_upright: 1.9402
            Mean episode rew_laser_stop: 0.0528
            Mean episode rew_laser_fall: -0.0998
             Mean episode rew_foot_slip: -0.0002
      Mean episode rew_angular_momentum: -0.0000
 Mean episode rew_track_linear_velocity: 2.9190
        Mean episode rew_action_rate_l2: -1.7522
--------------------------------------------------------------------------------
                         Iteration time: 1.82s
                           Time elapsed: 0:08:57
                                    ETA: 0:07:53

################################################################################
[1m                           Learning iteration 266/500                           [0m 

                               Run name: laser-follow-20260904-v1
                            Total steps: 6561792 
                       Steps per second: 13886 
                        Collection time: 1.530s 
                          Learning time: 0.240s 
                        Mean value loss: 0.7922
                    Mean surrogate loss: -0.0120
                      Mean entropy loss: 15.2559
                            Mean reward: 111.72
                    Mean episode length: 818.40
                        Mean action std: 0.73
       Mean episode rew_self_collisions: -0.0010
    Mean episode rew_body_pose_tracking: 0.0000
                  Mean episode rew_pose: 0.0858
        Mean episode rew_head_pose_bias: 0.0000
Mean episode rew_track_angular_velocity: 0.0585
              Mean episode rew_air_time: 0.3072
     Mean episode rew_foot_swing_height: -0.0128
        Mean episode rew_foot_clearance: -0.0058
    Mean episode rew_head_pose_tracking: 1.1381
          Mean episode rew_body_ang_vel: -0.1168
        Mean episode rew_dof_pos_limits: -0.0599
        Mean episode rew_laser_progress: 0.4620
               Mean episode rew_upright: 1.6423
            Mean episode rew_laser_stop: 0.0464
            Mean episode rew_laser_fall: -0.1170
             Mean episode rew_foot_slip: -0.0002
      Mean episode rew_angular_momentum: -0.0000
 Mean episode rew_track_linear_velocity: 2.5017
        Mean episode rew_action_rate_l2: -1.5288
--------------------------------------------------------------------------------
                         Iteration time: 1.77s
                           Time elapsed: 0:08:59
                                    ETA: 0:07:50

################################################################################
[1m                           Learning iteration 267/500                           [0m 

                               Run name: laser-follow-20260904-v1
                            Total steps: 6586368 
                       Steps per second: 13011 
                        Collection time: 1.634s 
                          Learning time: 0.254s 
                        Mean value loss: 0.7419
                    Mean surrogate loss: -0.0117
                      Mean entropy loss: 15.2523
                            Mean reward: 113.92
                    Mean episode length: 838.90
                        Mean action std: 0.73
       Mean episode rew_self_collisions: -0.0009
    Mean episode rew_body_pose_tracking: 0.0000
                  Mean episode rew_pose: 0.1183
        Mean episode rew_head_pose_bias: 0.0000
Mean episode rew_track_angular_velocity: 0.1018
              Mean episode rew_air_time: 0.2982
     Mean episode rew_foot_swing_height: -0.0179
        Mean episode rew_foot_clearance: -0.0066
    Mean episode rew_head_pose_tracking: 1.5049
          Mean episode rew_body_ang_vel: -0.1175
        Mean episode rew_dof_pos_limits: -0.0777
        Mean episode rew_laser_progress: 0.5377
               Mean episode rew_upright: 2.2205
            Mean episode rew_laser_stop: 0.0711
            Mean episode rew_laser_fall: -0.0399
             Mean episode rew_foot_slip: -0.0002
      Mean episode rew_angular_momentum: -0.0000
 Mean episode rew_track_linear_velocity: 3.4482
        Mean episode rew_action_rate_l2: -1.9162
--------------------------------------------------------------------------------
                         Iteration time: 1.89s
                           Time elapsed: 0:09:01
                                    ETA: 0:07:48

################################################################################
[1m                           Learning iteration 268/500                           [0m 

                               Run name: laser-follow-20260904-v1
                            Total steps: 6610944 
                       Steps per second: 11421 
                        Collection time: 1.845s 
                          Learning time: 0.306s 
                        Mean value loss: 0.7280
                    Mean surrogate loss: -0.0106
                      Mean entropy loss: 15.2448
                            Mean reward: 108.86
                    Mean episode length: 813.87
                        Mean action std: 0.73
       Mean episode rew_self_collisions: -0.0014
    Mean episode rew_body_pose_tracking: 0.0000
                  Mean episode rew_pose: 0.1034
        Mean episode rew_head_pose_bias: 0.0000
Mean episode rew_track_angular_velocity: 0.0734
              Mean episode rew_air_time: 0.3500
     Mean episode rew_foot_swing_height: -0.0149
        Mean episode rew_foot_clearance: -0.0066
    Mean episode rew_head_pose_tracking: 1.3857
          Mean episode rew_body_ang_vel: -0.1316
        Mean episode rew_dof_pos_limits: -0.0729
        Mean episode rew_laser_progress: 0.5359
               Mean episode rew_upright: 2.0405
            Mean episode rew_laser_stop: 0.0638
            Mean episode rew_laser_fall: -0.0828
             Mean episode rew_foot_slip: -0.0002
      Mean episode rew_angular_momentum: -0.0000
 Mean episode rew_track_linear_velocity: 3.0835
        Mean episode rew_action_rate_l2: -1.8281
--------------------------------------------------------------------------------
                         Iteration time: 2.15s
                           Time elapsed: 0:09:03
                                    ETA: 0:07:46

################################################################################
[1m                           Learning iteration 269/500                           [0m 

                               Run name: laser-follow-20260904-v1
                            Total steps: 6635520 
                       Steps per second: 12368 
                        Collection time: 1.701s 
                          Learning time: 0.286s 
                        Mean value loss: 0.6915
                    Mean surrogate loss: -0.0115
                      Mean entropy loss: 15.2376
                            Mean reward: 115.21
                    Mean episode length: 842.95
                        Mean action std: 0.73
       Mean episode rew_self_collisions: -0.0008
    Mean episode rew_body_pose_tracking: 0.0000
                  Mean episode rew_pose: 0.1059
        Mean episode rew_head_pose_bias: 0.0000
Mean episode rew_track_angular_velocity: 0.0849
              Mean episode rew_air_time: 0.3274
     Mean episode rew_foot_swing_height: -0.0151
        Mean episode rew_foot_clearance: -0.0065
    Mean episode rew_head_pose_tracking: 1.5283
          Mean episode rew_body_ang_vel: -0.1362
        Mean episode rew_dof_pos_limits: -0.0791
        Mean episode rew_laser_progress: 0.6828
               Mean episode rew_upright: 2.2794
            Mean episode rew_laser_stop: 0.1005
            Mean episode rew_laser_fall: -0.0662
             Mean episode rew_foot_slip: -0.0002
      Mean episode rew_angular_momentum: -0.0000
 Mean episode rew_track_linear_velocity: 3.4496
        Mean episode rew_action_rate_l2: -2.0147
--------------------------------------------------------------------------------
                         Iteration time: 1.99s
                           Time elapsed: 0:09:05
                                    ETA: 0:07:44

################################################################################
[1m                           Learning iteration 270/500                           [0m 

                               Run name: laser-follow-20260904-v1
                            Total steps: 6660096 
                       Steps per second: 12596 
                        Collection time: 1.667s 
                          Learning time: 0.283s 
                        Mean value loss: 0.6628
                    Mean surrogate loss: -0.0113
                      Mean entropy loss: 15.2205
                            Mean reward: 119.16
                    Mean episode length: 861.16
                        Mean action std: 0.73
       Mean episode rew_self_collisions: -0.0006
    Mean episode rew_body_pose_tracking: 0.0000
                  Mean episode rew_pose: 0.1296
        Mean episode rew_head_pose_bias: 0.0000
Mean episode rew_track_angular_velocity: 0.0900
              Mean episode rew_air_time: 0.3958
     Mean episode rew_foot_swing_height: -0.0177
        Mean episode rew_foot_clearance: -0.0074
    Mean episode rew_head_pose_tracking: 1.5628
          Mean episode rew_body_ang_vel: -0.1274
        Mean episode rew_dof_pos_limits: -0.0807
        Mean episode rew_laser_progress: 0.6905
               Mean episode rew_upright: 2.3091
            Mean episode rew_laser_stop: 0.0586
            Mean episode rew_laser_fall: -0.0321
             Mean episode rew_foot_slip: -0.0002
      Mean episode rew_angular_momentum: -0.0000
 Mean episode rew_track_linear_velocity: 3.5285
        Mean episode rew_action_rate_l2: -2.0037
--------------------------------------------------------------------------------
                         Iteration time: 1.95s
                           Time elapsed: 0:09:07
                                    ETA: 0:07:42

################################################################################
[1m                           Learning iteration 271/500                           [0m 

                               Run name: laser-follow-20260904-v1
                            Total steps: 6684672 
                       Steps per second: 12162 
                        Collection time: 1.715s 
                          Learning time: 0.306s 
                        Mean value loss: 0.7300
                    Mean surrogate loss: -0.0114
                      Mean entropy loss: 15.2120
                            Mean reward: 120.93
                    Mean episode length: 874.30
                        Mean action std: 0.73
       Mean episode rew_self_collisions: -0.0007
    Mean episode rew_body_pose_tracking: 0.0000
                  Mean episode rew_pose: 0.1165
        Mean episode rew_head_pose_bias: 0.0000
Mean episode rew_track_angular_velocity: 0.0794
              Mean episode rew_air_time: 0.3743
     Mean episode rew_foot_swing_height: -0.0153
        Mean episode rew_foot_clearance: -0.0073
    Mean episode rew_head_pose_tracking: 1.5071
          Mean episode rew_body_ang_vel: -0.1410
        Mean episode rew_dof_pos_limits: -0.0783
        Mean episode rew_laser_progress: 0.6997
               Mean episode rew_upright: 2.2152
            Mean episode rew_laser_stop: 0.0630
            Mean episode rew_laser_fall: -0.0646
             Mean episode rew_foot_slip: -0.0002
      Mean episode rew_angular_momentum: -0.0000
 Mean episode rew_track_linear_velocity: 3.3595
        Mean episode rew_action_rate_l2: -1.9810
--------------------------------------------------------------------------------
                         Iteration time: 2.02s
                           Time elapsed: 0:09:09
                                    ETA: 0:07:40

################################################################################
[1m                           Learning iteration 272/500                           [0m 

                               Run name: laser-follow-20260904-v1
                            Total steps: 6709248 
                       Steps per second: 11596 
                        Collection time: 1.811s 
                          Learning time: 0.308s 
                        Mean value loss: 0.8709
                    Mean surrogate loss: -0.0120
                      Mean entropy loss: 15.2208
                            Mean reward: 119.58
                    Mean episode length: 857.60
                        Mean action std: 0.73
       Mean episode rew_self_collisions: -0.0020
    Mean episode rew_body_pose_tracking: 0.0000
                  Mean episode rew_pose: 0.1056
        Mean episode rew_head_pose_bias: 0.0000
Mean episode rew_track_angular_velocity: 0.0770
              Mean episode rew_air_time: 0.2964
     Mean episode rew_foot_swing_height: -0.0149
        Mean episode rew_foot_clearance: -0.0060
    Mean episode rew_head_pose_tracking: 1.2782
          Mean episode rew_body_ang_vel: -0.1085
        Mean episode rew_dof_pos_limits: -0.0659
        Mean episode rew_laser_progress: 0.5464
               Mean episode rew_upright: 1.8707
            Mean episode rew_laser_stop: 0.0550
            Mean episode rew_laser_fall: -0.0990
             Mean episode rew_foot_slip: -0.0002
      Mean episode rew_angular_momentum: -0.0000
 Mean episode rew_track_linear_velocity: 2.8994
        Mean episode rew_action_rate_l2: -1.6348
--------------------------------------------------------------------------------
                         Iteration time: 2.12s
                           Time elapsed: 0:09:11
                                    ETA: 0:07:38

################################################################################
[1m                           Learning iteration 273/500                           [0m 

                               Run name: laser-follow-20260904-v1
                            Total steps: 6733824 
                       Steps per second: 11863 
                        Collection time: 1.751s 
                          Learning time: 0.321s 
                        Mean value loss: 0.6435
                    Mean surrogate loss: -0.0125
                      Mean entropy loss: 15.2171
                            Mean reward: 118.36
                    Mean episode length: 850.21
                        Mean action std: 0.73
       Mean episode rew_self_collisions: -0.0011
    Mean episode rew_body_pose_tracking: 0.0000
                  Mean episode rew_pose: 0.1049
        Mean episode rew_head_pose_bias: 0.0000
Mean episode rew_track_angular_velocity: 0.0955
              Mean episode rew_air_time: 0.3250
     Mean episode rew_foot_swing_height: -0.0150
        Mean episode rew_foot_clearance: -0.0063
    Mean episode rew_head_pose_tracking: 1.4096
          Mean episode rew_body_ang_vel: -0.1166
        Mean episode rew_dof_pos_limits: -0.0738
        Mean episode rew_laser_progress: 0.6451
               Mean episode rew_upright: 2.0787
            Mean episode rew_laser_stop: 0.0828
            Mean episode rew_laser_fall: -0.0885
             Mean episode rew_foot_slip: -0.0002
      Mean episode rew_angular_momentum: -0.0000
 Mean episode rew_track_linear_velocity: 3.1920
        Mean episode rew_action_rate_l2: -1.8015
--------------------------------------------------------------------------------
                         Iteration time: 2.07s
                           Time elapsed: 0:09:13
                                    ETA: 0:07:36

################################################################################
[1m                           Learning iteration 274/500                           [0m 

                               Run name: laser-follow-20260904-v1
                            Total steps: 6758400 
                       Steps per second: 11736 
                        Collection time: 1.791s 
                          Learning time: 0.303s 
                        Mean value loss: 0.8149
                    Mean surrogate loss: -0.0111
                      Mean entropy loss: 15.2064
                            Mean reward: 113.97
                    Mean episode length: 825.62
                        Mean action std: 0.73
       Mean episode rew_self_collisions: -0.0010
    Mean episode rew_body_pose_tracking: 0.0000
                  Mean episode rew_pose: 0.0964
        Mean episode rew_head_pose_bias: 0.0000
Mean episode rew_track_angular_velocity: 0.0688
              Mean episode rew_air_time: 0.2895
     Mean episode rew_foot_swing_height: -0.0127
        Mean episode rew_foot_clearance: -0.0057
    Mean episode rew_head_pose_tracking: 1.2692
          Mean episode rew_body_ang_vel: -0.1186
        Mean episode rew_dof_pos_limits: -0.0669
        Mean episode rew_laser_progress: 0.5501
               Mean episode rew_upright: 1.8712
            Mean episode rew_laser_stop: 0.0616
            Mean episode rew_laser_fall: -0.0903
             Mean episode rew_foot_slip: -0.0002
      Mean episode rew_angular_momentum: -0.0000
 Mean episode rew_track_linear_velocity: 2.8616
        Mean episode rew_action_rate_l2: -1.6750
--------------------------------------------------------------------------------
                         Iteration time: 2.09s
                           Time elapsed: 0:09:15
                                    ETA: 0:07:34

################################################################################
[1m                           Learning iteration 275/500                           [0m 

                               Run name: laser-follow-20260904-v1
                            Total steps: 6782976 
                       Steps per second: 11666 
                        Collection time: 1.783s 
                          Learning time: 0.323s 
                        Mean value loss: 0.8128
                    Mean surrogate loss: -0.0077
                      Mean entropy loss: 15.1997
                            Mean reward: 115.24
                    Mean episode length: 832.55
                        Mean action std: 0.73
       Mean episode rew_self_collisions: -0.0004
    Mean episode rew_body_pose_tracking: 0.0000
                  Mean episode rew_pose: 0.1153
        Mean episode rew_head_pose_bias: 0.0000
Mean episode rew_track_angular_velocity: 0.0815
              Mean episode rew_air_time: 0.3263
     Mean episode rew_foot_swing_height: -0.0170
        Mean episode rew_foot_clearance: -0.0070
    Mean episode rew_head_pose_tracking: 1.5022
          Mean episode rew_body_ang_vel: -0.1446
        Mean episode rew_dof_pos_limits: -0.0783
        Mean episode rew_laser_progress: 0.6456
               Mean episode rew_upright: 2.2085
            Mean episode rew_laser_stop: 0.0709
            Mean episode rew_laser_fall: -0.0677
             Mean episode rew_foot_slip: -0.0002
      Mean episode rew_angular_momentum: -0.0000
 Mean episode rew_track_linear_velocity: 3.3855
        Mean episode rew_action_rate_l2: -1.9585
--------------------------------------------------------------------------------
                         Iteration time: 2.11s
                           Time elapsed: 0:09:18
                                    ETA: 0:07:32

################################################################################
[1m                           Learning iteration 276/500                           [0m 

                               Run name: laser-follow-20260904-v1
                            Total steps: 6807552 
                       Steps per second: 12548 
                        Collection time: 1.649s 
                          Learning time: 0.309s 
                        Mean value loss: 0.8721
                    Mean surrogate loss: -0.0102
                      Mean entropy loss: 15.1970
                            Mean reward: 112.06
                    Mean episode length: 811.75
                        Mean action std: 0.73
       Mean episode rew_self_collisions: -0.0012
    Mean episode rew_body_pose_tracking: 0.0000
                  Mean episode rew_pose: 0.1041
        Mean episode rew_head_pose_bias: 0.0000
Mean episode rew_track_angular_velocity: 0.0851
              Mean episode rew_air_time: 0.3001
     Mean episode rew_foot_swing_height: -0.0139
        Mean episode rew_foot_clearance: -0.0062
    Mean episode rew_head_pose_tracking: 1.3544
          Mean episode rew_body_ang_vel: -0.1166
        Mean episode rew_dof_pos_limits: -0.0698
        Mean episode rew_laser_progress: 0.6495
               Mean episode rew_upright: 1.9995
            Mean episode rew_laser_stop: 0.0757
            Mean episode rew_laser_fall: -0.0868
             Mean episode rew_foot_slip: -0.0002
      Mean episode rew_angular_momentum: -0.0000
 Mean episode rew_track_linear_velocity: 3.0725
        Mean episode rew_action_rate_l2: -1.7376
--------------------------------------------------------------------------------
                         Iteration time: 1.96s
                           Time elapsed: 0:09:19
                                    ETA: 0:07:30

################################################################################
[1m                           Learning iteration 277/500                           [0m 

                               Run name: laser-follow-20260904-v1
                            Total steps: 6832128 
                       Steps per second: 12520 
                        Collection time: 1.696s 
                          Learning time: 0.267s 
                        Mean value loss: 0.7875
                    Mean surrogate loss: -0.0115
                      Mean entropy loss: 15.1862
                            Mean reward: 111.95
                    Mean episode length: 810.10
                        Mean action std: 0.73
       Mean episode rew_self_collisions: -0.0011
    Mean episode rew_body_pose_tracking: 0.0000
                  Mean episode rew_pose: 0.1163
        Mean episode rew_head_pose_bias: 0.0000
Mean episode rew_track_angular_velocity: 0.0932
              Mean episode rew_air_time: 0.3049
     Mean episode rew_foot_swing_height: -0.0160
        Mean episode rew_foot_clearance: -0.0066
    Mean episode rew_head_pose_tracking: 1.4895
          Mean episode rew_body_ang_vel: -0.1204
        Mean episode rew_dof_pos_limits: -0.0775
        Mean episode rew_laser_progress: 0.5895
               Mean episode rew_upright: 2.2325
            Mean episode rew_laser_stop: 0.0830
            Mean episode rew_laser_fall: -0.0460
             Mean episode rew_foot_slip: -0.0002
      Mean episode rew_angular_momentum: -0.0000
 Mean episode rew_track_linear_velocity: 3.4124
        Mean episode rew_action_rate_l2: -1.9095
--------------------------------------------------------------------------------
                         Iteration time: 1.96s
                           Time elapsed: 0:09:21
                                    ETA: 0:07:28

################################################################################
[1m                           Learning iteration 278/500                           [0m 

                               Run name: laser-follow-20260904-v1
                            Total steps: 6856704 
                       Steps per second: 12035 
                        Collection time: 1.731s 
                          Learning time: 0.311s 
                        Mean value loss: 0.8638
                    Mean surrogate loss: -0.0120
                      Mean entropy loss: 15.1806
                            Mean reward: 110.88
                    Mean episode length: 796.89
                        Mean action std: 0.73
       Mean episode rew_self_collisions: -0.0007
    Mean episode rew_body_pose_tracking: 0.0000
                  Mean episode rew_pose: 0.1096
        Mean episode rew_head_pose_bias: 0.0000
Mean episode rew_track_angular_velocity: 0.0754
              Mean episode rew_air_time: 0.3574
     Mean episode rew_foot_swing_height: -0.0142
        Mean episode rew_foot_clearance: -0.0065
    Mean episode rew_head_pose_tracking: 1.3611
          Mean episode rew_body_ang_vel: -0.1208
        Mean episode rew_dof_pos_limits: -0.0714
        Mean episode rew_laser_progress: 0.5898
               Mean episode rew_upright: 1.9890
            Mean episode rew_laser_stop: 0.0591
            Mean episode rew_laser_fall: -0.0729
             Mean episode rew_foot_slip: -0.0002
      Mean episode rew_angular_momentum: -0.0000
 Mean episode rew_track_linear_velocity: 3.0511
        Mean episode rew_action_rate_l2: -1.7443
--------------------------------------------------------------------------------
                         Iteration time: 2.04s
                           Time elapsed: 0:09:23
                                    ETA: 0:07:26

################################################################################
[1m                           Learning iteration 279/500                           [0m 

                               Run name: laser-follow-20260904-v1
                            Total steps: 6881280 
                       Steps per second: 11656 
                        Collection time: 1.809s 
                          Learning time: 0.299s 
                        Mean value loss: 0.6158
                    Mean surrogate loss: -0.0115
                      Mean entropy loss: 15.1767
                            Mean reward: 113.82
                    Mean episode length: 809.70
                        Mean action std: 0.73
       Mean episode rew_self_collisions: -0.0004
    Mean episode rew_body_pose_tracking: 0.0000
                  Mean episode rew_pose: 0.1084
        Mean episode rew_head_pose_bias: 0.0000
Mean episode rew_track_angular_velocity: 0.0826
              Mean episode rew_air_time: 0.3225
     Mean episode rew_foot_swing_height: -0.0155
        Mean episode rew_foot_clearance: -0.0062
    Mean episode rew_head_pose_tracking: 1.4247
          Mean episode rew_body_ang_vel: -0.1126
        Mean episode rew_dof_pos_limits: -0.0734
        Mean episode rew_laser_progress: 0.6144
               Mean episode rew_upright: 2.1167
            Mean episode rew_laser_stop: 0.0787
            Mean episode rew_laser_fall: -0.0660
             Mean episode rew_foot_slip: -0.0002
      Mean episode rew_angular_momentum: -0.0000
 Mean episode rew_track_linear_velocity: 3.2318
        Mean episode rew_action_rate_l2: -1.7922
--------------------------------------------------------------------------------
                         Iteration time: 2.11s
                           Time elapsed: 0:09:26
                                    ETA: 0:07:24

################################################################################
[1m                           Learning iteration 280/500                           [0m 

                               Run name: laser-follow-20260904-v1
                            Total steps: 6905856 
                       Steps per second: 10966 
                        Collection time: 1.951s 
                          Learning time: 0.290s 
                        Mean value loss: 0.5699
                    Mean surrogate loss: -0.0126
                      Mean entropy loss: 15.1625
                            Mean reward: 114.64
                    Mean episode length: 820.21
                        Mean action std: 0.73
       Mean episode rew_self_collisions: -0.0007
    Mean episode rew_body_pose_tracking: 0.0000
                  Mean episode rew_pose: 0.1099
        Mean episode rew_head_pose_bias: 0.0000
Mean episode rew_track_angular_velocity: 0.0858
              Mean episode rew_air_time: 0.3186
     Mean episode rew_foot_swing_height: -0.0144
        Mean episode rew_foot_clearance: -0.0063
    Mean episode rew_head_pose_tracking: 1.4758
          Mean episode rew_body_ang_vel: -0.1231
        Mean episode rew_dof_pos_limits: -0.0771
        Mean episode rew_laser_progress: 0.6588
               Mean episode rew_upright: 2.1828
            Mean episode rew_laser_stop: 0.0835
            Mean episode rew_laser_fall: -0.0477
             Mean episode rew_foot_slip: -0.0002
      Mean episode rew_angular_momentum: -0.0000
 Mean episode rew_track_linear_velocity: 3.3463
        Mean episode rew_action_rate_l2: -1.8839
--------------------------------------------------------------------------------
                         Iteration time: 2.24s
                           Time elapsed: 0:09:28
                                    ETA: 0:07:22

################################################################################
[1m                           Learning iteration 281/500                           [0m 

                               Run name: laser-follow-20260904-v1
                            Total steps: 6930432 
                       Steps per second: 11617 
                        Collection time: 1.836s 
                          Learning time: 0.279s 
                        Mean value loss: 0.9485
                    Mean surrogate loss: -0.0102
                      Mean entropy loss: 15.1537
                            Mean reward: 115.66
                    Mean episode length: 827.00
                        Mean action std: 0.73
       Mean episode rew_self_collisions: -0.0006
    Mean episode rew_body_pose_tracking: 0.0000
                  Mean episode rew_pose: 0.1063
        Mean episode rew_head_pose_bias: 0.0000
Mean episode rew_track_angular_velocity: 0.0819
              Mean episode rew_air_time: 0.3003
     Mean episode rew_foot_swing_height: -0.0138
        Mean episode rew_foot_clearance: -0.0060
    Mean episode rew_head_pose_tracking: 1.4175
          Mean episode rew_body_ang_vel: -0.1201
        Mean episode rew_dof_pos_limits: -0.0728
        Mean episode rew_laser_progress: 0.4860
               Mean episode rew_upright: 2.0522
            Mean episode rew_laser_stop: 0.0823
            Mean episode rew_laser_fall: -0.0764
             Mean episode rew_foot_slip: -0.0002
      Mean episode rew_angular_momentum: -0.0000
 Mean episode rew_track_linear_velocity: 3.1979
        Mean episode rew_action_rate_l2: -1.8193
--------------------------------------------------------------------------------
                         Iteration time: 2.12s
                           Time elapsed: 0:09:30
                                    ETA: 0:07:20

################################################################################
[1m                           Learning iteration 282/500                           [0m 

                               Run name: laser-follow-20260904-v1
                            Total steps: 6955008 
                       Steps per second: 11322 
                        Collection time: 1.857s 
                          Learning time: 0.313s 
                        Mean value loss: 0.9827
                    Mean surrogate loss: -0.0113
                      Mean entropy loss: 15.1568
                            Mean reward: 114.51
                    Mean episode length: 827.50
                        Mean action std: 0.73
       Mean episode rew_self_collisions: -0.0008
    Mean episode rew_body_pose_tracking: 0.0000
                  Mean episode rew_pose: 0.1203
        Mean episode rew_head_pose_bias: 0.0000
Mean episode rew_track_angular_velocity: 0.0855
              Mean episode rew_air_time: 0.3293
     Mean episode rew_foot_swing_height: -0.0152
        Mean episode rew_foot_clearance: -0.0065
    Mean episode rew_head_pose_tracking: 1.5122
          Mean episode rew_body_ang_vel: -0.1232
        Mean episode rew_dof_pos_limits: -0.0778
        Mean episode rew_laser_progress: 0.6300
               Mean episode rew_upright: 2.2065
            Mean episode rew_laser_stop: 0.0801
            Mean episode rew_laser_fall: -0.0634
             Mean episode rew_foot_slip: -0.0002
      Mean episode rew_angular_momentum: -0.0000
 Mean episode rew_track_linear_velocity: 3.4146
        Mean episode rew_action_rate_l2: -1.9012
--------------------------------------------------------------------------------
                         Iteration time: 2.17s
                           Time elapsed: 0:09:32
                                    ETA: 0:07:19

################################################################################
[1m                           Learning iteration 283/500                           [0m 

                               Run name: laser-follow-20260904-v1
                            Total steps: 6979584 
                       Steps per second: 11590 
                        Collection time: 1.806s 
                          Learning time: 0.314s 
                        Mean value loss: 0.9243
                    Mean surrogate loss: -0.0128
                      Mean entropy loss: 15.1562
                            Mean reward: 109.36
                    Mean episode length: 794.63
                        Mean action std: 0.73
       Mean episode rew_self_collisions: -0.0011
    Mean episode rew_body_pose_tracking: 0.0000
                  Mean episode rew_pose: 0.1142
        Mean episode rew_head_pose_bias: 0.0000
Mean episode rew_track_angular_velocity: 0.0709
              Mean episode rew_air_time: 0.3364
     Mean episode rew_foot_swing_height: -0.0155
        Mean episode rew_foot_clearance: -0.0067
    Mean episode rew_head_pose_tracking: 1.3517
          Mean episode rew_body_ang_vel: -0.1242
        Mean episode rew_dof_pos_limits: -0.0698
        Mean episode rew_laser_progress: 0.6028
               Mean episode rew_upright: 1.9804
            Mean episode rew_laser_stop: 0.0550
            Mean episode rew_laser_fall: -0.0938
             Mean episode rew_foot_slip: -0.0002
      Mean episode rew_angular_momentum: -0.0000
 Mean episode rew_track_linear_velocity: 2.9974
        Mean episode rew_action_rate_l2: -1.7323
--------------------------------------------------------------------------------
                         Iteration time: 2.12s
                           Time elapsed: 0:09:34
                                    ETA: 0:07:17

################################################################################
[1m                           Learning iteration 284/500                           [0m 

                               Run name: laser-follow-20260904-v1
                            Total steps: 7004160 
                       Steps per second: 12136 
                        Collection time: 1.713s 
                          Learning time: 0.312s 
                        Mean value loss: 0.7947
                    Mean surrogate loss: -0.0122
                      Mean entropy loss: 15.1529
                            Mean reward: 105.65
                    Mean episode length: 770.04
                        Mean action std: 0.73
       Mean episode rew_self_collisions: -0.0015
    Mean episode rew_body_pose_tracking: 0.0000
                  Mean episode rew_pose: 0.0949
        Mean episode rew_head_pose_bias: 0.0000
Mean episode rew_track_angular_velocity: 0.0593
              Mean episode rew_air_time: 0.3376
     Mean episode rew_foot_swing_height: -0.0134
        Mean episode rew_foot_clearance: -0.0064
    Mean episode rew_head_pose_tracking: 1.2580
          Mean episode rew_body_ang_vel: -0.1277
        Mean episode rew_dof_pos_limits: -0.0665
        Mean episode rew_laser_progress: 0.5221
               Mean episode rew_upright: 1.8224
            Mean episode rew_laser_stop: 0.0525
            Mean episode rew_laser_fall: -0.1028
             Mean episode rew_foot_slip: -0.0002
      Mean episode rew_angular_momentum: -0.0000
 Mean episode rew_track_linear_velocity: 2.7700
        Mean episode rew_action_rate_l2: -1.6268
--------------------------------------------------------------------------------
                         Iteration time: 2.03s
                           Time elapsed: 0:09:36
                                    ETA: 0:07:15

################################################################################
[1m                           Learning iteration 285/500                           [0m 

                               Run name: laser-follow-20260904-v1
                            Total steps: 7028736 
                       Steps per second: 12007 
                        Collection time: 1.746s 
                          Learning time: 0.301s 
                        Mean value loss: 0.4811
                    Mean surrogate loss: -0.0125
                      Mean entropy loss: 15.1345
                            Mean reward: 105.76
                    Mean episode length: 765.31
                        Mean action std: 0.73
       Mean episode rew_self_collisions: -0.0007
    Mean episode rew_body_pose_tracking: 0.0000
                  Mean episode rew_pose: 0.1118
        Mean episode rew_head_pose_bias: 0.0000
Mean episode rew_track_angular_velocity: 0.0872
              Mean episode rew_air_time: 0.3040
     Mean episode rew_foot_swing_height: -0.0153
        Mean episode rew_foot_clearance: -0.0061
    Mean episode rew_head_pose_tracking: 1.4715
          Mean episode rew_body_ang_vel: -0.1219
        Mean episode rew_dof_pos_limits: -0.0767
        Mean episode rew_laser_progress: 0.5679
               Mean episode rew_upright: 2.1807
            Mean episode rew_laser_stop: 0.0868
            Mean episode rew_laser_fall: -0.0727
             Mean episode rew_foot_slip: -0.0002
      Mean episode rew_angular_momentum: -0.0000
 Mean episode rew_track_linear_velocity: 3.3642
        Mean episode rew_action_rate_l2: -1.8696
--------------------------------------------------------------------------------
                         Iteration time: 2.05s
                           Time elapsed: 0:09:38
                                    ETA: 0:07:13

################################################################################
[1m                           Learning iteration 286/500                           [0m 

                               Run name: laser-follow-20260904-v1
                            Total steps: 7053312 
                       Steps per second: 12193 
                        Collection time: 1.716s 
                          Learning time: 0.300s 
                        Mean value loss: 0.9263
                    Mean surrogate loss: -0.0106
                      Mean entropy loss: 15.1058
                            Mean reward: 115.07
                    Mean episode length: 824.36
                        Mean action std: 0.73
       Mean episode rew_self_collisions: -0.0004
    Mean episode rew_body_pose_tracking: 0.0000
                  Mean episode rew_pose: 0.1322
        Mean episode rew_head_pose_bias: 0.0000
Mean episode rew_track_angular_velocity: 0.1036
              Mean episode rew_air_time: 0.3591
     Mean episode rew_foot_swing_height: -0.0174
        Mean episode rew_foot_clearance: -0.0073
    Mean episode rew_head_pose_tracking: 1.6436
          Mean episode rew_body_ang_vel: -0.1350
        Mean episode rew_dof_pos_limits: -0.0864
        Mean episode rew_laser_progress: 0.6728
               Mean episode rew_upright: 2.4238
            Mean episode rew_laser_stop: 0.0861
            Mean episode rew_laser_fall: -0.0191
             Mean episode rew_foot_slip: -0.0002
      Mean episode rew_angular_momentum: -0.0000
 Mean episode rew_track_linear_velocity: 3.7539
        Mean episode rew_action_rate_l2: -2.1028
--------------------------------------------------------------------------------
                         Iteration time: 2.02s
                           Time elapsed: 0:09:40
                                    ETA: 0:07:11

################################################################################
[1m                           Learning iteration 287/500                           [0m 

                               Run name: laser-follow-20260904-v1
                            Total steps: 7077888 
                       Steps per second: 12611 
                        Collection time: 1.650s 
                          Learning time: 0.299s 
                        Mean value loss: 0.8193
                    Mean surrogate loss: -0.0109
                      Mean entropy loss: 15.0891
                            Mean reward: 117.25
                    Mean episode length: 823.54
                        Mean action std: 0.73
       Mean episode rew_self_collisions: -0.0011
    Mean episode rew_body_pose_tracking: 0.0000
                  Mean episode rew_pose: 0.1169
        Mean episode rew_head_pose_bias: 0.0000
Mean episode rew_track_angular_velocity: 0.0854
              Mean episode rew_air_time: 0.3337
     Mean episode rew_foot_swing_height: -0.0155
        Mean episode rew_foot_clearance: -0.0064
    Mean episode rew_head_pose_tracking: 1.3211
          Mean episode rew_body_ang_vel: -0.0995
        Mean episode rew_dof_pos_limits: -0.0687
        Mean episode rew_laser_progress: 0.6804
               Mean episode rew_upright: 1.9428
            Mean episode rew_laser_stop: 0.0577
            Mean episode rew_laser_fall: -0.0990
             Mean episode rew_foot_slip: -0.0002
      Mean episode rew_angular_momentum: -0.0000
 Mean episode rew_track_linear_velocity: 2.9839
        Mean episode rew_action_rate_l2: -1.6435
--------------------------------------------------------------------------------
                         Iteration time: 1.95s
                           Time elapsed: 0:09:42
                                    ETA: 0:07:08

################################################################################
[1m                           Learning iteration 288/500                           [0m 

                               Run name: laser-follow-20260904-v1
                            Total steps: 7102464 
                       Steps per second: 11861 
                        Collection time: 1.817s 
                          Learning time: 0.255s 
                        Mean value loss: 0.8662
                    Mean surrogate loss: -0.0110
                      Mean entropy loss: 15.0768
                            Mean reward: 121.11
                    Mean episode length: 848.93
                        Mean action std: 0.73
       Mean episode rew_self_collisions: -0.0008
    Mean episode rew_body_pose_tracking: 0.0000
                  Mean episode rew_pose: 0.0977
        Mean episode rew_head_pose_bias: 0.0000
Mean episode rew_track_angular_velocity: 0.0811
              Mean episode rew_air_time: 0.2543
     Mean episode rew_foot_swing_height: -0.0148
        Mean episode rew_foot_clearance: -0.0058
    Mean episode rew_head_pose_tracking: 1.3176
          Mean episode rew_body_ang_vel: -0.1128
        Mean episode rew_dof_pos_limits: -0.0687
        Mean episode rew_laser_progress: 0.5879
               Mean episode rew_upright: 1.9468
            Mean episode rew_laser_stop: 0.0864
            Mean episode rew_laser_fall: -0.0958
             Mean episode rew_foot_slip: -0.0002
      Mean episode rew_angular_momentum: -0.0000
 Mean episode rew_track_linear_velocity: 2.9787
        Mean episode rew_action_rate_l2: -1.6773
--------------------------------------------------------------------------------
                         Iteration time: 2.07s
                           Time elapsed: 0:09:44
                                    ETA: 0:07:07

################################################################################
[1m                           Learning iteration 289/500                           [0m 

                               Run name: laser-follow-20260904-v1
                            Total steps: 7127040 
                       Steps per second: 11771 
                        Collection time: 1.786s 
                          Learning time: 0.301s 
                        Mean value loss: 0.8067
                    Mean surrogate loss: -0.0124
                      Mean entropy loss: 15.0683
                            Mean reward: 118.08
                    Mean episode length: 822.52
                        Mean action std: 0.73
       Mean episode rew_self_collisions: -0.0011
    Mean episode rew_body_pose_tracking: 0.0000
                  Mean episode rew_pose: 0.1199
        Mean episode rew_head_pose_bias: 0.0000
Mean episode rew_track_angular_velocity: 0.0734
              Mean episode rew_air_time: 0.3686
     Mean episode rew_foot_swing_height: -0.0158
        Mean episode rew_foot_clearance: -0.0072
    Mean episode rew_head_pose_tracking: 1.4024
          Mean episode rew_body_ang_vel: -0.1247
        Mean episode rew_dof_pos_limits: -0.0728
        Mean episode rew_laser_progress: 0.6916
               Mean episode rew_upright: 2.0537
            Mean episode rew_laser_stop: 0.0516
            Mean episode rew_laser_fall: -0.0868
             Mean episode rew_foot_slip: -0.0002
      Mean episode rew_angular_momentum: -0.0000
 Mean episode rew_track_linear_velocity: 3.1246
        Mean episode rew_action_rate_l2: -1.7838
--------------------------------------------------------------------------------
                         Iteration time: 2.09s
                           Time elapsed: 0:09:46
                                    ETA: 0:07:05

################################################################################
[1m                           Learning iteration 290/500                           [0m 

                               Run name: laser-follow-20260904-v1
                            Total steps: 7151616 
                       Steps per second: 11882 
                        Collection time: 1.758s 
                          Learning time: 0.311s 
                        Mean value loss: 0.6738
                    Mean surrogate loss: -0.0122
                      Mean entropy loss: 15.0642
                            Mean reward: 116.22
                    Mean episode length: 817.10
                        Mean action std: 0.73
       Mean episode rew_self_collisions: -0.0007
    Mean episode rew_body_pose_tracking: 0.0000
                  Mean episode rew_pose: 0.1198
        Mean episode rew_head_pose_bias: 0.0000
Mean episode rew_track_angular_velocity: 0.0908
              Mean episode rew_air_time: 0.3098
     Mean episode rew_foot_swing_height: -0.0150
        Mean episode rew_foot_clearance: -0.0064
    Mean episode rew_head_pose_tracking: 1.4791
          Mean episode rew_body_ang_vel: -0.1215
        Mean episode rew_dof_pos_limits: -0.0768
        Mean episode rew_laser_progress: 0.7631
               Mean episode rew_upright: 2.2071
            Mean episode rew_laser_stop: 0.0833
            Mean episode rew_laser_fall: -0.0946
             Mean episode rew_foot_slip: -0.0002
      Mean episode rew_angular_momentum: -0.0000
 Mean episode rew_track_linear_velocity: 3.3447
        Mean episode rew_action_rate_l2: -1.8423
--------------------------------------------------------------------------------
                         Iteration time: 2.07s
                           Time elapsed: 0:09:49
                                    ETA: 0:07:03

################################################################################
[1m                           Learning iteration 291/500                           [0m 

                               Run name: laser-follow-20260904-v1
                            Total steps: 7176192 
                       Steps per second: 12147 
                        Collection time: 1.727s 
                          Learning time: 0.297s 
                        Mean value loss: 0.9999
                    Mean surrogate loss: -0.0107
                      Mean entropy loss: 15.0586
                            Mean reward: 118.53
                    Mean episode length: 824.71
                        Mean action std: 0.72
       Mean episode rew_self_collisions: -0.0011
    Mean episode rew_body_pose_tracking: 0.0000
                  Mean episode rew_pose: 0.1156
        Mean episode rew_head_pose_bias: 0.0000
Mean episode rew_track_angular_velocity: 0.0854
              Mean episode rew_air_time: 0.3444
     Mean episode rew_foot_swing_height: -0.0133
        Mean episode rew_foot_clearance: -0.0062
    Mean episode rew_head_pose_tracking: 1.3674
          Mean episode rew_body_ang_vel: -0.1084
        Mean episode rew_dof_pos_limits: -0.0723
        Mean episode rew_laser_progress: 0.6785
               Mean episode rew_upright: 2.0327
            Mean episode rew_laser_stop: 0.0658
            Mean episode rew_laser_fall: -0.0938
             Mean episode rew_foot_slip: -0.0002
      Mean episode rew_angular_momentum: -0.0000
 Mean episode rew_track_linear_velocity: 3.1167
        Mean episode rew_action_rate_l2: -1.7031
--------------------------------------------------------------------------------
                         Iteration time: 2.02s
                           Time elapsed: 0:09:51
                                    ETA: 0:07:01

################################################################################
[1m                           Learning iteration 292/500                           [0m 

                               Run name: laser-follow-20260904-v1
                            Total steps: 7200768 
                       Steps per second: 11974 
                        Collection time: 1.745s 
                          Learning time: 0.307s 
                        Mean value loss: 0.8582
                    Mean surrogate loss: -0.0119
                      Mean entropy loss: 15.0539
                            Mean reward: 121.48
                    Mean episode length: 848.60
                        Mean action std: 0.72
       Mean episode rew_self_collisions: -0.0008
    Mean episode rew_body_pose_tracking: 0.0000
                  Mean episode rew_pose: 0.1152
        Mean episode rew_head_pose_bias: 0.0000
Mean episode rew_track_angular_velocity: 0.0876
              Mean episode rew_air_time: 0.3701
     Mean episode rew_foot_swing_height: -0.0150
        Mean episode rew_foot_clearance: -0.0066
    Mean episode rew_head_pose_tracking: 1.5088
          Mean episode rew_body_ang_vel: -0.1276
        Mean episode rew_dof_pos_limits: -0.0785
        Mean episode rew_laser_progress: 0.6583
               Mean episode rew_upright: 2.2029
            Mean episode rew_laser_stop: 0.0838
            Mean episode rew_laser_fall: -0.0694
             Mean episode rew_foot_slip: -0.0002
      Mean episode rew_angular_momentum: -0.0000
 Mean episode rew_track_linear_velocity: 3.4099
        Mean episode rew_action_rate_l2: -1.8907
--------------------------------------------------------------------------------
                         Iteration time: 2.05s
                           Time elapsed: 0:09:53
                                    ETA: 0:06:59

################################################################################
[1m                           Learning iteration 293/500                           [0m 

                               Run name: laser-follow-20260904-v1
                            Total steps: 7225344 
                       Steps per second: 12230 
                        Collection time: 1.750s 
                          Learning time: 0.259s 
                        Mean value loss: 0.8838
                    Mean surrogate loss: -0.0087
                      Mean entropy loss: 15.0437
                            Mean reward: 117.52
                    Mean episode length: 824.41
                        Mean action std: 0.72
       Mean episode rew_self_collisions: -0.0003
    Mean episode rew_body_pose_tracking: 0.0000
                  Mean episode rew_pose: 0.1232
        Mean episode rew_head_pose_bias: 0.0000
Mean episode rew_track_angular_velocity: 0.0932
              Mean episode rew_air_time: 0.3249
     Mean episode rew_foot_swing_height: -0.0167
        Mean episode rew_foot_clearance: -0.0067
    Mean episode rew_head_pose_tracking: 1.4912
          Mean episode rew_body_ang_vel: -0.1208
        Mean episode rew_dof_pos_limits: -0.0777
        Mean episode rew_laser_progress: 0.7017
               Mean episode rew_upright: 2.1963
            Mean episode rew_laser_stop: 0.0758
            Mean episode rew_laser_fall: -0.0712
             Mean episode rew_foot_slip: -0.0002
      Mean episode rew_angular_momentum: -0.0000
 Mean episode rew_track_linear_velocity: 3.4168
        Mean episode rew_action_rate_l2: -1.8725
--------------------------------------------------------------------------------
                         Iteration time: 2.01s
                           Time elapsed: 0:09:55
                                    ETA: 0:06:56

################################################################################
[1m                           Learning iteration 294/500                           [0m 

                               Run name: laser-follow-20260904-v1
                            Total steps: 7249920 
                       Steps per second: 12978 
                        Collection time: 1.634s 
                          Learning time: 0.260s 
                        Mean value loss: 0.5916
                    Mean surrogate loss: -0.0106
                      Mean entropy loss: 15.0244
                            Mean reward: 116.34
                    Mean episode length: 827.68
                        Mean action std: 0.72
       Mean episode rew_self_collisions: -0.0006
    Mean episode rew_body_pose_tracking: 0.0000
                  Mean episode rew_pose: 0.1012
        Mean episode rew_head_pose_bias: 0.0000
Mean episode rew_track_angular_velocity: 0.0955
              Mean episode rew_air_time: 0.3117
     Mean episode rew_foot_swing_height: -0.0143
        Mean episode rew_foot_clearance: -0.0065
    Mean episode rew_head_pose_tracking: 1.4785
          Mean episode rew_body_ang_vel: -0.1297
        Mean episode rew_dof_pos_limits: -0.0786
        Mean episode rew_laser_progress: 0.6741
               Mean episode rew_upright: 2.1757
            Mean episode rew_laser_stop: 0.0973
            Mean episode rew_laser_fall: -0.0569
             Mean episode rew_foot_slip: -0.0002
      Mean episode rew_angular_momentum: -0.0000
 Mean episode rew_track_linear_velocity: 3.3267
        Mean episode rew_action_rate_l2: -1.8650
--------------------------------------------------------------------------------
                         Iteration time: 1.89s
                           Time elapsed: 0:09:56
                                    ETA: 0:06:54

################################################################################
[1m                           Learning iteration 295/500                           [0m 

                               Run name: laser-follow-20260904-v1
                            Total steps: 7274496 
                       Steps per second: 13478 
                        Collection time: 1.571s 
                          Learning time: 0.252s 
                        Mean value loss: 0.4914
                    Mean surrogate loss: -0.0114
                      Mean entropy loss: 15.0042
                            Mean reward: 117.59
                    Mean episode length: 832.46
                        Mean action std: 0.72
       Mean episode rew_self_collisions: -0.0010
    Mean episode rew_body_pose_tracking: 0.0000
                  Mean episode rew_pose: 0.1112
        Mean episode rew_head_pose_bias: 0.0000
Mean episode rew_track_angular_velocity: 0.0858
              Mean episode rew_air_time: 0.2879
     Mean episode rew_foot_swing_height: -0.0149
        Mean episode rew_foot_clearance: -0.0061
    Mean episode rew_head_pose_tracking: 1.4013
          Mean episode rew_body_ang_vel: -0.1168
        Mean episode rew_dof_pos_limits: -0.0734
        Mean episode rew_laser_progress: 0.7055
               Mean episode rew_upright: 2.0814
            Mean episode rew_laser_stop: 0.0814
            Mean episode rew_laser_fall: -0.0720
             Mean episode rew_foot_slip: -0.0002
      Mean episode rew_angular_momentum: -0.0000
 Mean episode rew_track_linear_velocity: 3.1953
        Mean episode rew_action_rate_l2: -1.7686
--------------------------------------------------------------------------------
                         Iteration time: 1.82s
                           Time elapsed: 0:09:58
                                    ETA: 0:06:52

################################################################################
[1m                           Learning iteration 296/500                           [0m 

                               Run name: laser-follow-20260904-v1
                            Total steps: 7299072 
                       Steps per second: 12971 
                        Collection time: 1.621s 
                          Learning time: 0.274s 
                        Mean value loss: 0.7632
                    Mean surrogate loss: -0.0103
                      Mean entropy loss: 14.9782
                            Mean reward: 117.24
                    Mean episode length: 829.57
                        Mean action std: 0.72
       Mean episode rew_self_collisions: -0.0009
    Mean episode rew_body_pose_tracking: 0.0000
                  Mean episode rew_pose: 0.0992
        Mean episode rew_head_pose_bias: 0.0000
Mean episode rew_track_angular_velocity: 0.0874
              Mean episode rew_air_time: 0.2843
     Mean episode rew_foot_swing_height: -0.0118
        Mean episode rew_foot_clearance: -0.0057
    Mean episode rew_head_pose_tracking: 1.3801
          Mean episode rew_body_ang_vel: -0.1159
        Mean episode rew_dof_pos_limits: -0.0727
        Mean episode rew_laser_progress: 0.6165
               Mean episode rew_upright: 2.0270
            Mean episode rew_laser_stop: 0.0915
            Mean episode rew_laser_fall: -0.0642
             Mean episode rew_foot_slip: -0.0002
      Mean episode rew_angular_momentum: -0.0000
 Mean episode rew_track_linear_velocity: 3.1648
        Mean episode rew_action_rate_l2: -1.7117
--------------------------------------------------------------------------------
                         Iteration time: 1.89s
                           Time elapsed: 0:10:00
                                    ETA: 0:06:50

################################################################################
[1m                           Learning iteration 297/500                           [0m 

                               Run name: laser-follow-20260904-v1
                            Total steps: 7323648 
                       Steps per second: 12093 
                        Collection time: 1.727s 
                          Learning time: 0.305s 
                        Mean value loss: 0.6476
                    Mean surrogate loss: -0.0118
                      Mean entropy loss: 14.9708
                            Mean reward: 115.21
                    Mean episode length: 815.77
                        Mean action std: 0.72
       Mean episode rew_self_collisions: -0.0004
    Mean episode rew_body_pose_tracking: 0.0000
                  Mean episode rew_pose: 0.1153
        Mean episode rew_head_pose_bias: 0.0000
Mean episode rew_track_angular_velocity: 0.0996
              Mean episode rew_air_time: 0.2629
     Mean episode rew_foot_swing_height: -0.0167
        Mean episode rew_foot_clearance: -0.0061
    Mean episode rew_head_pose_tracking: 1.4233
          Mean episode rew_body_ang_vel: -0.1100
        Mean episode rew_dof_pos_limits: -0.0756
        Mean episode rew_laser_progress: 0.6272
               Mean episode rew_upright: 2.1048
            Mean episode rew_laser_stop: 0.0784
            Mean episode rew_laser_fall: -0.0556
             Mean episode rew_foot_slip: -0.0002
      Mean episode rew_angular_momentum: -0.0000
 Mean episode rew_track_linear_velocity: 3.2455
        Mean episode rew_action_rate_l2: -1.7621
--------------------------------------------------------------------------------
                         Iteration time: 2.03s
                           Time elapsed: 0:10:02
                                    ETA: 0:06:48

################################################################################
[1m                           Learning iteration 298/500                           [0m 

                               Run name: laser-follow-20260904-v1
                            Total steps: 7348224 
                       Steps per second: 11762 
                        Collection time: 1.779s 
                          Learning time: 0.311s 
                        Mean value loss: 0.7148
                    Mean surrogate loss: -0.0120
                      Mean entropy loss: 14.9619
                            Mean reward: 117.67
                    Mean episode length: 826.81
                        Mean action std: 0.72
       Mean episode rew_self_collisions: -0.0004
    Mean episode rew_body_pose_tracking: 0.0000
                  Mean episode rew_pose: 0.1296
        Mean episode rew_head_pose_bias: 0.0000
Mean episode rew_track_angular_velocity: 0.1043
              Mean episode rew_air_time: 0.3206
     Mean episode rew_foot_swing_height: -0.0180
        Mean episode rew_foot_clearance: -0.0068
    Mean episode rew_head_pose_tracking: 1.5939
          Mean episode rew_body_ang_vel: -0.1196
        Mean episode rew_dof_pos_limits: -0.0823
        Mean episode rew_laser_progress: 0.6915
               Mean episode rew_upright: 2.3696
            Mean episode rew_laser_stop: 0.0941
            Mean episode rew_laser_fall: -0.0469
             Mean episode rew_foot_slip: -0.0002
      Mean episode rew_angular_momentum: -0.0000
 Mean episode rew_track_linear_velocity: 3.6043
        Mean episode rew_action_rate_l2: -1.9486
--------------------------------------------------------------------------------
                         Iteration time: 2.09s
                           Time elapsed: 0:10:04
                                    ETA: 0:06:46

################################################################################
[1m                           Learning iteration 299/500                           [0m 

                               Run name: laser-follow-20260904-v1
                            Total steps: 7372800 
                       Steps per second: 11236 
                        Collection time: 1.876s 
                          Learning time: 0.311s 
                        Mean value loss: 0.5633
                    Mean surrogate loss: -0.0096
                      Mean entropy loss: 14.9535
                            Mean reward: 121.14
                    Mean episode length: 842.49
                        Mean action std: 0.72
       Mean episode rew_self_collisions: -0.0002
    Mean episode rew_body_pose_tracking: 0.0000
                  Mean episode rew_pose: 0.1091
        Mean episode rew_head_pose_bias: 0.0000
Mean episode rew_track_angular_velocity: 0.0916
              Mean episode rew_air_time: 0.2697
     Mean episode rew_foot_swing_height: -0.0130
        Mean episode rew_foot_clearance: -0.0056
    Mean episode rew_head_pose_tracking: 1.4253
          Mean episode rew_body_ang_vel: -0.1091
        Mean episode rew_dof_pos_limits: -0.0750
        Mean episode rew_laser_progress: 0.6721
               Mean episode rew_upright: 2.1171
            Mean episode rew_laser_stop: 0.0972
            Mean episode rew_laser_fall: -0.0608
             Mean episode rew_foot_slip: -0.0002
      Mean episode rew_angular_momentum: -0.0000
 Mean episode rew_track_linear_velocity: 3.2606
        Mean episode rew_action_rate_l2: -1.7447
--------------------------------------------------------------------------------
                         Iteration time: 2.19s
                           Time elapsed: 0:10:07
                                    ETA: 0:06:44

################################################################################
[1m                           Learning iteration 300/500                           [0m 

                               Run name: laser-follow-20260904-v1
                            Total steps: 7397376 
                       Steps per second: 11595 
                        Collection time: 1.816s 
                          Learning time: 0.304s 
                        Mean value loss: 0.5307
                    Mean surrogate loss: -0.0096
                      Mean entropy loss: 14.9330
                            Mean reward: 120.86
                    Mean episode length: 845.44
                        Mean action std: 0.72
       Mean episode rew_self_collisions: -0.0016
    Mean episode rew_body_pose_tracking: 0.0000
                  Mean episode rew_pose: 0.1046
        Mean episode rew_head_pose_bias: 0.0000
Mean episode rew_track_angular_velocity: 0.0912
              Mean episode rew_air_time: 0.2863
     Mean episode rew_foot_swing_height: -0.0136
        Mean episode rew_foot_clearance: -0.0059
    Mean episode rew_head_pose_tracking: 1.5065
          Mean episode rew_body_ang_vel: -0.1266
        Mean episode rew_dof_pos_limits: -0.0791
        Mean episode rew_laser_progress: 0.6094
               Mean episode rew_upright: 2.1906
            Mean episode rew_laser_stop: 0.1077
            Mean episode rew_laser_fall: -0.0573
             Mean episode rew_foot_slip: -0.0002
      Mean episode rew_angular_momentum: -0.0000
 Mean episode rew_track_linear_velocity: 3.4014
        Mean episode rew_action_rate_l2: -1.8768
--------------------------------------------------------------------------------
                         Iteration time: 2.12s
                           Time elapsed: 0:10:09
                                    ETA: 0:06:42

################################################################################
[1m                           Learning iteration 301/500                           [0m 

                               Run name: laser-follow-20260904-v1
                            Total steps: 7421952 
                       Steps per second: 11885 
                        Collection time: 1.764s 
                          Learning time: 0.304s 
                        Mean value loss: 0.7105
                    Mean surrogate loss: -0.0113
                      Mean entropy loss: 14.9173
                            Mean reward: 126.03
                    Mean episode length: 867.67
                        Mean action std: 0.72
       Mean episode rew_self_collisions: -0.0008
    Mean episode rew_body_pose_tracking: 0.0000
                  Mean episode rew_pose: 0.1288
        Mean episode rew_head_pose_bias: 0.0000
Mean episode rew_track_angular_velocity: 0.0907
              Mean episode rew_air_time: 0.3398
     Mean episode rew_foot_swing_height: -0.0167
        Mean episode rew_foot_clearance: -0.0071
    Mean episode rew_head_pose_tracking: 1.5449
          Mean episode rew_body_ang_vel: -0.1276
        Mean episode rew_dof_pos_limits: -0.0812
        Mean episode rew_laser_progress: 0.8206
               Mean episode rew_upright: 2.3076
            Mean episode rew_laser_stop: 0.0766
            Mean episode rew_laser_fall: -0.0365
             Mean episode rew_foot_slip: -0.0002
      Mean episode rew_angular_momentum: -0.0000
 Mean episode rew_track_linear_velocity: 3.5253
        Mean episode rew_action_rate_l2: -1.9410
--------------------------------------------------------------------------------
                         Iteration time: 2.07s
                           Time elapsed: 0:10:11
                                    ETA: 0:06:40

################################################################################
[1m                           Learning iteration 302/500                           [0m 

                               Run name: laser-follow-20260904-v1
                            Total steps: 7446528 
                       Steps per second: 11865 
                        Collection time: 1.819s 
                          Learning time: 0.252s 
                        Mean value loss: 0.5039
                    Mean surrogate loss: -0.0113
                      Mean entropy loss: 14.8997
                            Mean reward: 128.56
                    Mean episode length: 883.45
                        Mean action std: 0.72
       Mean episode rew_self_collisions: -0.0008
    Mean episode rew_body_pose_tracking: 0.0000
                  Mean episode rew_pose: 0.1155
        Mean episode rew_head_pose_bias: 0.0000
Mean episode rew_track_angular_velocity: 0.0957
              Mean episode rew_air_time: 0.2891
     Mean episode rew_foot_swing_height: -0.0144
        Mean episode rew_foot_clearance: -0.0062
    Mean episode rew_head_pose_tracking: 1.5482
          Mean episode rew_body_ang_vel: -0.1201
        Mean episode rew_dof_pos_limits: -0.0822
        Mean episode rew_laser_progress: 0.7117
               Mean episode rew_upright: 2.3061
            Mean episode rew_laser_stop: 0.1089
            Mean episode rew_laser_fall: -0.0495
             Mean episode rew_foot_slip: -0.0002
      Mean episode rew_angular_momentum: -0.0000
 Mean episode rew_track_linear_velocity: 3.5465
        Mean episode rew_action_rate_l2: -1.9056
--------------------------------------------------------------------------------
                         Iteration time: 2.07s
                           Time elapsed: 0:10:13
                                    ETA: 0:06:38

################################################################################
[1m                           Learning iteration 303/500                           [0m 

                               Run name: laser-follow-20260904-v1
                            Total steps: 7471104 
                       Steps per second: 11035 
                        Collection time: 1.906s 
                          Learning time: 0.321s 
                        Mean value loss: 0.8167
                    Mean surrogate loss: -0.0110
                      Mean entropy loss: 14.8900
                            Mean reward: 128.14
                    Mean episode length: 886.51
                        Mean action std: 0.72
       Mean episode rew_self_collisions: -0.0011
    Mean episode rew_body_pose_tracking: 0.0000
                  Mean episode rew_pose: 0.0952
        Mean episode rew_head_pose_bias: 0.0000
Mean episode rew_track_angular_velocity: 0.0899
              Mean episode rew_air_time: 0.3231
     Mean episode rew_foot_swing_height: -0.0119
        Mean episode rew_foot_clearance: -0.0056
    Mean episode rew_head_pose_tracking: 1.4434
          Mean episode rew_body_ang_vel: -0.1218
        Mean episode rew_dof_pos_limits: -0.0763
        Mean episode rew_laser_progress: 0.6170
               Mean episode rew_upright: 2.1090
            Mean episode rew_laser_stop: 0.1040
            Mean episode rew_laser_fall: -0.0608
             Mean episode rew_foot_slip: -0.0002
      Mean episode rew_angular_momentum: -0.0000
 Mean episode rew_track_linear_velocity: 3.2490
        Mean episode rew_action_rate_l2: -1.7759
--------------------------------------------------------------------------------
                         Iteration time: 2.23s
                           Time elapsed: 0:10:15
                                    ETA: 0:06:36

################################################################################
[1m                           Learning iteration 304/500                           [0m 

                               Run name: laser-follow-20260904-v1
                            Total steps: 7495680 
                       Steps per second: 11787 
                        Collection time: 1.830s 
                          Learning time: 0.254s 
                        Mean value loss: 0.6100
                    Mean surrogate loss: -0.0128
                      Mean entropy loss: 14.8889
                            Mean reward: 122.73
                    Mean episode length: 863.41
                        Mean action std: 0.72
       Mean episode rew_self_collisions: -0.0011
    Mean episode rew_body_pose_tracking: 0.0000
                  Mean episode rew_pose: 0.1070
        Mean episode rew_head_pose_bias: 0.0000
Mean episode rew_track_angular_velocity: 0.0918
              Mean episode rew_air_time: 0.2844
     Mean episode rew_foot_swing_height: -0.0147
        Mean episode rew_foot_clearance: -0.0061
    Mean episode rew_head_pose_tracking: 1.5409
          Mean episode rew_body_ang_vel: -0.1398
        Mean episode rew_dof_pos_limits: -0.0819
        Mean episode rew_laser_progress: 0.5907
               Mean episode rew_upright: 2.2905
            Mean episode rew_laser_stop: 0.1126
            Mean episode rew_laser_fall: -0.0437
             Mean episode rew_foot_slip: -0.0002
      Mean episode rew_angular_momentum: -0.0000
 Mean episode rew_track_linear_velocity: 3.4853
        Mean episode rew_action_rate_l2: -1.9632
--------------------------------------------------------------------------------
                         Iteration time: 2.08s
                           Time elapsed: 0:10:17
                                    ETA: 0:06:34

################################################################################
[1m                           Learning iteration 305/500                           [0m 

                               Run name: laser-follow-20260904-v1
                            Total steps: 7520256 
                       Steps per second: 12236 
                        Collection time: 1.710s 
                          Learning time: 0.299s 
                        Mean value loss: 0.6773
                    Mean surrogate loss: -0.0104
                      Mean entropy loss: 14.8769
                            Mean reward: 119.49
                    Mean episode length: 841.93
                        Mean action std: 0.72
       Mean episode rew_self_collisions: -0.0003
    Mean episode rew_body_pose_tracking: 0.0000
                  Mean episode rew_pose: 0.0880
        Mean episode rew_head_pose_bias: 0.0000
Mean episode rew_track_angular_velocity: 0.0702
              Mean episode rew_air_time: 0.2330
     Mean episode rew_foot_swing_height: -0.0121
        Mean episode rew_foot_clearance: -0.0054
    Mean episode rew_head_pose_tracking: 1.0928
          Mean episode rew_body_ang_vel: -0.1001
        Mean episode rew_dof_pos_limits: -0.0581
        Mean episode rew_laser_progress: 0.5476
               Mean episode rew_upright: 1.6150
            Mean episode rew_laser_stop: 0.0603
            Mean episode rew_laser_fall: -0.1094
             Mean episode rew_foot_slip: -0.0002
      Mean episode rew_angular_momentum: -0.0000
 Mean episode rew_track_linear_velocity: 2.4806
        Mean episode rew_action_rate_l2: -1.3510
--------------------------------------------------------------------------------
                         Iteration time: 2.01s
                           Time elapsed: 0:10:19
                                    ETA: 0:06:32

################################################################################
[1m                           Learning iteration 306/500                           [0m 

                               Run name: laser-follow-20260904-v1
                            Total steps: 7544832 
                       Steps per second: 12652 
                        Collection time: 1.694s 
                          Learning time: 0.248s 
                        Mean value loss: 0.7005
                    Mean surrogate loss: -0.0120
                      Mean entropy loss: 14.8695
                            Mean reward: 120.85
                    Mean episode length: 840.38
                        Mean action std: 0.72
       Mean episode rew_self_collisions: -0.0004
    Mean episode rew_body_pose_tracking: 0.0000
                  Mean episode rew_pose: 0.1161
        Mean episode rew_head_pose_bias: 0.0000
Mean episode rew_track_angular_velocity: 0.0843
              Mean episode rew_air_time: 0.2970
     Mean episode rew_foot_swing_height: -0.0142
        Mean episode rew_foot_clearance: -0.0065
    Mean episode rew_head_pose_tracking: 1.4385
          Mean episode rew_body_ang_vel: -0.1142
        Mean episode rew_dof_pos_limits: -0.0751
        Mean episode rew_laser_progress: 0.7023
               Mean episode rew_upright: 2.1552
            Mean episode rew_laser_stop: 0.0810
            Mean episode rew_laser_fall: -0.0677
             Mean episode rew_foot_slip: -0.0002
      Mean episode rew_angular_momentum: -0.0000
 Mean episode rew_track_linear_velocity: 3.2612
        Mean episode rew_action_rate_l2: -1.7530
--------------------------------------------------------------------------------
                         Iteration time: 1.94s
                           Time elapsed: 0:10:21
                                    ETA: 0:06:30

################################################################################
[1m                           Learning iteration 307/500                           [0m 

                               Run name: laser-follow-20260904-v1
                            Total steps: 7569408 
                       Steps per second: 13787 
                        Collection time: 1.530s 
                          Learning time: 0.253s 
                        Mean value loss: 0.7774
                    Mean surrogate loss: -0.0115
                      Mean entropy loss: 14.8572
                            Mean reward: 117.50
                    Mean episode length: 821.03
                        Mean action std: 0.72
       Mean episode rew_self_collisions: -0.0015
    Mean episode rew_body_pose_tracking: 0.0000
                  Mean episode rew_pose: 0.1304
        Mean episode rew_head_pose_bias: 0.0000
Mean episode rew_track_angular_velocity: 0.0701
              Mean episode rew_air_time: 0.4267
     Mean episode rew_foot_swing_height: -0.0161
        Mean episode rew_foot_clearance: -0.0074
    Mean episode rew_head_pose_tracking: 1.3608
          Mean episode rew_body_ang_vel: -0.1310
        Mean episode rew_dof_pos_limits: -0.0722
        Mean episode rew_laser_progress: 0.5969
               Mean episode rew_upright: 1.9424
            Mean episode rew_laser_stop: 0.0284
            Mean episode rew_laser_fall: -0.1649
             Mean episode rew_foot_slip: -0.0003
      Mean episode rew_angular_momentum: -0.0000
 Mean episode rew_track_linear_velocity: 2.9888
        Mean episode rew_action_rate_l2: -1.7004
--------------------------------------------------------------------------------
                         Iteration time: 1.78s
                           Time elapsed: 0:10:23
                                    ETA: 0:06:28

################################################################################
[1m                           Learning iteration 308/500                           [0m 

                               Run name: laser-follow-20260904-v1
                            Total steps: 7593984 
                       Steps per second: 12326 
                        Collection time: 1.729s 
                          Learning time: 0.264s 
                        Mean value loss: 0.9266
                    Mean surrogate loss: -0.0117
                      Mean entropy loss: 14.8506
                            Mean reward: 117.20
                    Mean episode length: 814.70
                        Mean action std: 0.72
       Mean episode rew_self_collisions: -0.0010
    Mean episode rew_body_pose_tracking: 0.0000
                  Mean episode rew_pose: 0.0976
        Mean episode rew_head_pose_bias: 0.0000
Mean episode rew_track_angular_velocity: 0.0885
              Mean episode rew_air_time: 0.3104
     Mean episode rew_foot_swing_height: -0.0121
        Mean episode rew_foot_clearance: -0.0058
    Mean episode rew_head_pose_tracking: 1.4647
          Mean episode rew_body_ang_vel: -0.1231
        Mean episode rew_dof_pos_limits: -0.0778
        Mean episode rew_laser_progress: 0.7003
               Mean episode rew_upright: 2.1594
            Mean episode rew_laser_stop: 0.1109
            Mean episode rew_laser_fall: -0.0573
             Mean episode rew_foot_slip: -0.0002
      Mean episode rew_angular_momentum: -0.0000
 Mean episode rew_track_linear_velocity: 3.3565
        Mean episode rew_action_rate_l2: -1.7919
--------------------------------------------------------------------------------
                         Iteration time: 1.99s
                           Time elapsed: 0:10:25
                                    ETA: 0:06:26

################################################################################
[1m                           Learning iteration 309/500                           [0m 

                               Run name: laser-follow-20260904-v1
                            Total steps: 7618560 
                       Steps per second: 12094 
                        Collection time: 1.721s 
                          Learning time: 0.311s 
                        Mean value loss: 0.7175
                    Mean surrogate loss: -0.0112
                      Mean entropy loss: 14.8561
                            Mean reward: 116.05
                    Mean episode length: 808.16
                        Mean action std: 0.72
       Mean episode rew_self_collisions: -0.0006
    Mean episode rew_body_pose_tracking: 0.0000
                  Mean episode rew_pose: 0.1168
        Mean episode rew_head_pose_bias: 0.0000
Mean episode rew_track_angular_velocity: 0.0928
              Mean episode rew_air_time: 0.2849
     Mean episode rew_foot_swing_height: -0.0152
        Mean episode rew_foot_clearance: -0.0063
    Mean episode rew_head_pose_tracking: 1.3835
          Mean episode rew_body_ang_vel: -0.1091
        Mean episode rew_dof_pos_limits: -0.0732
        Mean episode rew_laser_progress: 0.7164
               Mean episode rew_upright: 2.0523
            Mean episode rew_laser_stop: 0.0699
            Mean episode rew_laser_fall: -0.0651
             Mean episode rew_foot_slip: -0.0002
      Mean episode rew_angular_momentum: -0.0000
 Mean episode rew_track_linear_velocity: 3.1601
        Mean episode rew_action_rate_l2: -1.6729
--------------------------------------------------------------------------------
                         Iteration time: 2.03s
                           Time elapsed: 0:10:27
                                    ETA: 0:06:24

################################################################################
[1m                           Learning iteration 310/500                           [0m 

                               Run name: laser-follow-20260904-v1
                            Total steps: 7643136 
                       Steps per second: 10561 
                        Collection time: 2.016s 
                          Learning time: 0.311s 
                        Mean value loss: 0.9260
                    Mean surrogate loss: -0.0119
                      Mean entropy loss: 14.8586
                            Mean reward: 120.55
                    Mean episode length: 837.33
                        Mean action std: 0.72
       Mean episode rew_self_collisions: -0.0012
    Mean episode rew_body_pose_tracking: 0.0000
                  Mean episode rew_pose: 0.1212
        Mean episode rew_head_pose_bias: 0.0000
Mean episode rew_track_angular_velocity: 0.1030
              Mean episode rew_air_time: 0.3305
     Mean episode rew_foot_swing_height: -0.0153
        Mean episode rew_foot_clearance: -0.0063
    Mean episode rew_head_pose_tracking: 1.5979
          Mean episode rew_body_ang_vel: -0.1168
        Mean episode rew_dof_pos_limits: -0.0841
        Mean episode rew_laser_progress: 0.7031
               Mean episode rew_upright: 2.3681
            Mean episode rew_laser_stop: 0.1071
            Mean episode rew_laser_fall: -0.0399
             Mean episode rew_foot_slip: -0.0002
      Mean episode rew_angular_momentum: -0.0000
 Mean episode rew_track_linear_velocity: 3.6773
        Mean episode rew_action_rate_l2: -1.9227
--------------------------------------------------------------------------------
                         Iteration time: 2.33s
                           Time elapsed: 0:10:29
                                    ETA: 0:06:22

################################################################################
[1m                           Learning iteration 311/500                           [0m 

                               Run name: laser-follow-20260904-v1
                            Total steps: 7667712 
                       Steps per second: 12253 
                        Collection time: 1.707s 
                          Learning time: 0.299s 
                        Mean value loss: 0.5323
                    Mean surrogate loss: -0.0107
                      Mean entropy loss: 14.8497
                            Mean reward: 124.67
                    Mean episode length: 857.31
                        Mean action std: 0.72
       Mean episode rew_self_collisions: -0.0014
    Mean episode rew_body_pose_tracking: 0.0000
                  Mean episode rew_pose: 0.1194
        Mean episode rew_head_pose_bias: 0.0000
Mean episode rew_track_angular_velocity: 0.0861
              Mean episode rew_air_time: 0.3206
     Mean episode rew_foot_swing_height: -0.0150
        Mean episode rew_foot_clearance: -0.0061
    Mean episode rew_head_pose_tracking: 1.3780
          Mean episode rew_body_ang_vel: -0.1081
        Mean episode rew_dof_pos_limits: -0.0728
        Mean episode rew_laser_progress: 0.6770
               Mean episode rew_upright: 2.0449
            Mean episode rew_laser_stop: 0.0647
            Mean episode rew_laser_fall: -0.0877
             Mean episode rew_foot_slip: -0.0002
      Mean episode rew_angular_momentum: -0.0000
 Mean episode rew_track_linear_velocity: 3.1316
        Mean episode rew_action_rate_l2: -1.6591
--------------------------------------------------------------------------------
                         Iteration time: 2.01s
                           Time elapsed: 0:10:31
                                    ETA: 0:06:20

################################################################################
[1m                           Learning iteration 312/500                           [0m 

                               Run name: laser-follow-20260904-v1
                            Total steps: 7692288 
                       Steps per second: 12174 
                        Collection time: 1.748s 
                          Learning time: 0.271s 
                        Mean value loss: 0.6087
                    Mean surrogate loss: -0.0071
                      Mean entropy loss: 14.8300
                            Mean reward: 129.31
                    Mean episode length: 878.55
                        Mean action std: 0.72
       Mean episode rew_self_collisions: -0.0010
    Mean episode rew_body_pose_tracking: 0.0000
                  Mean episode rew_pose: 0.1230
        Mean episode rew_head_pose_bias: 0.0000
Mean episode rew_track_angular_velocity: 0.0948
              Mean episode rew_air_time: 0.3062
     Mean episode rew_foot_swing_height: -0.0171
        Mean episode rew_foot_clearance: -0.0069
    Mean episode rew_head_pose_tracking: 1.5035
          Mean episode rew_body_ang_vel: -0.1240
        Mean episode rew_dof_pos_limits: -0.0794
        Mean episode rew_laser_progress: 0.7256
               Mean episode rew_upright: 2.2245
            Mean episode rew_laser_stop: 0.0842
            Mean episode rew_laser_fall: -0.0842
             Mean episode rew_foot_slip: -0.0002
      Mean episode rew_angular_momentum: -0.0000
 Mean episode rew_track_linear_velocity: 3.4306
        Mean episode rew_action_rate_l2: -1.8215
--------------------------------------------------------------------------------
                         Iteration time: 2.02s
                           Time elapsed: 0:10:33
                                    ETA: 0:06:18

################################################################################
[1m                           Learning iteration 313/500                           [0m 

                               Run name: laser-follow-20260904-v1
                            Total steps: 7716864 
                       Steps per second: 12145 
                        Collection time: 1.740s 
                          Learning time: 0.283s 
                        Mean value loss: 0.7178
                    Mean surrogate loss: -0.0082
                      Mean entropy loss: 14.8269
                            Mean reward: 129.93
                    Mean episode length: 884.84
                        Mean action std: 0.72
       Mean episode rew_self_collisions: -0.0004
    Mean episode rew_body_pose_tracking: 0.0000
                  Mean episode rew_pose: 0.1220
        Mean episode rew_head_pose_bias: 0.0000
Mean episode rew_track_angular_velocity: 0.1012
              Mean episode rew_air_time: 0.3332
     Mean episode rew_foot_swing_height: -0.0166
        Mean episode rew_foot_clearance: -0.0065
    Mean episode rew_head_pose_tracking: 1.5866
          Mean episode rew_body_ang_vel: -0.1240
        Mean episode rew_dof_pos_limits: -0.0839
        Mean episode rew_laser_progress: 0.7081
               Mean episode rew_upright: 2.3467
            Mean episode rew_laser_stop: 0.0974
            Mean episode rew_laser_fall: -0.0330
             Mean episode rew_foot_slip: -0.0002
      Mean episode rew_angular_momentum: -0.0000
 Mean episode rew_track_linear_velocity: 3.6030
        Mean episode rew_action_rate_l2: -1.9071
--------------------------------------------------------------------------------
                         Iteration time: 2.02s
                           Time elapsed: 0:10:35
                                    ETA: 0:06:16

################################################################################
[1m                           Learning iteration 314/500                           [0m 

                               Run name: laser-follow-20260904-v1
                            Total steps: 7741440 
                       Steps per second: 12184 
                        Collection time: 1.710s 
                          Learning time: 0.307s 
                        Mean value loss: 0.8104
                    Mean surrogate loss: -0.0090
                      Mean entropy loss: 14.8248
                            Mean reward: 128.58
                    Mean episode length: 878.45
                        Mean action std: 0.72
       Mean episode rew_self_collisions: -0.0006
    Mean episode rew_body_pose_tracking: 0.0000
                  Mean episode rew_pose: 0.1222
        Mean episode rew_head_pose_bias: 0.0000
Mean episode rew_track_angular_velocity: 0.0907
              Mean episode rew_air_time: 0.3763
     Mean episode rew_foot_swing_height: -0.0154
        Mean episode rew_foot_clearance: -0.0066
    Mean episode rew_head_pose_tracking: 1.5533
          Mean episode rew_body_ang_vel: -0.1223
        Mean episode rew_dof_pos_limits: -0.0824
        Mean episode rew_laser_progress: 0.6784
               Mean episode rew_upright: 2.2800
            Mean episode rew_laser_stop: 0.0797
            Mean episode rew_laser_fall: -0.0347
             Mean episode rew_foot_slip: -0.0002
      Mean episode rew_angular_momentum: -0.0000
 Mean episode rew_track_linear_velocity: 3.5477
        Mean episode rew_action_rate_l2: -1.8727
--------------------------------------------------------------------------------
                         Iteration time: 2.02s
                           Time elapsed: 0:10:37
                                    ETA: 0:06:14

################################################################################
[1m                           Learning iteration 315/500                           [0m 

                               Run name: laser-follow-20260904-v1
                            Total steps: 7766016 
                       Steps per second: 11587 
                        Collection time: 1.804s 
                          Learning time: 0.317s 
                        Mean value loss: 0.5924
                    Mean surrogate loss: -0.0110
                      Mean entropy loss: 14.8210
                            Mean reward: 123.91
                    Mean episode length: 849.35
                        Mean action std: 0.71
       Mean episode rew_self_collisions: -0.0008
    Mean episode rew_body_pose_tracking: 0.0000
                  Mean episode rew_pose: 0.0952
        Mean episode rew_head_pose_bias: 0.0000
Mean episode rew_track_angular_velocity: 0.0897
              Mean episode rew_air_time: 0.2805
     Mean episode rew_foot_swing_height: -0.0122
        Mean episode rew_foot_clearance: -0.0055
    Mean episode rew_head_pose_tracking: 1.2842
          Mean episode rew_body_ang_vel: -0.1055
        Mean episode rew_dof_pos_limits: -0.0690
        Mean episode rew_laser_progress: 0.5876
               Mean episode rew_upright: 1.8810
            Mean episode rew_laser_stop: 0.0884
            Mean episode rew_laser_fall: -0.1016
             Mean episode rew_foot_slip: -0.0002
      Mean episode rew_angular_momentum: -0.0000
 Mean episode rew_track_linear_velocity: 2.9650
        Mean episode rew_action_rate_l2: -1.5403
--------------------------------------------------------------------------------
                         Iteration time: 2.12s
                           Time elapsed: 0:10:39
                                    ETA: 0:06:12

################################################################################
[1m                           Learning iteration 316/500                           [0m 

                               Run name: laser-follow-20260904-v1
                            Total steps: 7790592 
                       Steps per second: 12003 
                        Collection time: 1.738s 
                          Learning time: 0.309s 
                        Mean value loss: 0.4927
                    Mean surrogate loss: -0.0113
                      Mean entropy loss: 14.8092
                            Mean reward: 119.70
                    Mean episode length: 830.67
                        Mean action std: 0.71
       Mean episode rew_self_collisions: -0.0015
    Mean episode rew_body_pose_tracking: 0.0000
                  Mean episode rew_pose: 0.1016
        Mean episode rew_head_pose_bias: 0.0000
Mean episode rew_track_angular_velocity: 0.0865
              Mean episode rew_air_time: 0.2768
     Mean episode rew_foot_swing_height: -0.0130
        Mean episode rew_foot_clearance: -0.0055
    Mean episode rew_head_pose_tracking: 1.4475
          Mean episode rew_body_ang_vel: -0.1157
        Mean episode rew_dof_pos_limits: -0.0779
        Mean episode rew_laser_progress: 0.5174
               Mean episode rew_upright: 2.1263
            Mean episode rew_laser_stop: 0.0944
            Mean episode rew_laser_fall: -0.0451
             Mean episode rew_foot_slip: -0.0002
      Mean episode rew_angular_momentum: -0.0000
 Mean episode rew_track_linear_velocity: 3.3174
        Mean episode rew_action_rate_l2: -1.7722
--------------------------------------------------------------------------------
                         Iteration time: 2.05s
                           Time elapsed: 0:10:41
                                    ETA: 0:06:10

################################################################################
[1m                           Learning iteration 317/500                           [0m 

                               Run name: laser-follow-20260904-v1
                            Total steps: 7815168 
                       Steps per second: 11699 
                        Collection time: 1.798s 
                          Learning time: 0.303s 
                        Mean value loss: 0.4888
                    Mean surrogate loss: -0.0100
                      Mean entropy loss: 14.7952
                            Mean reward: 122.24
                    Mean episode length: 847.60
                        Mean action std: 0.71
       Mean episode rew_self_collisions: -0.0014
    Mean episode rew_body_pose_tracking: 0.0000
                  Mean episode rew_pose: 0.1326
        Mean episode rew_head_pose_bias: 0.0000
Mean episode rew_track_angular_velocity: 0.1001
              Mean episode rew_air_time: 0.3347
     Mean episode rew_foot_swing_height: -0.0174
        Mean episode rew_foot_clearance: -0.0066
    Mean episode rew_head_pose_tracking: 1.4926
          Mean episode rew_body_ang_vel: -0.1067
        Mean episode rew_dof_pos_limits: -0.0793
        Mean episode rew_laser_progress: 0.6336
               Mean episode rew_upright: 2.2020
            Mean episode rew_laser_stop: 0.0679
            Mean episode rew_laser_fall: -0.0556
             Mean episode rew_foot_slip: -0.0002
      Mean episode rew_angular_momentum: -0.0000
 Mean episode rew_track_linear_velocity: 3.4245
        Mean episode rew_action_rate_l2: -1.7773
--------------------------------------------------------------------------------
                         Iteration time: 2.10s
                           Time elapsed: 0:10:44
                                    ETA: 0:06:08

################################################################################
[1m                           Learning iteration 318/500                           [0m 

                               Run name: laser-follow-20260904-v1
                            Total steps: 7839744 
                       Steps per second: 13446 
                        Collection time: 1.588s 
                          Learning time: 0.240s 
                        Mean value loss: 0.7357
                    Mean surrogate loss: -0.0116
                      Mean entropy loss: 14.7724
                            Mean reward: 120.15
                    Mean episode length: 834.37
                        Mean action std: 0.71
       Mean episode rew_self_collisions: -0.0007
    Mean episode rew_body_pose_tracking: 0.0000
                  Mean episode rew_pose: 0.1180
        Mean episode rew_head_pose_bias: 0.0000
Mean episode rew_track_angular_velocity: 0.0962
              Mean episode rew_air_time: 0.2902
     Mean episode rew_foot_swing_height: -0.0149
        Mean episode rew_foot_clearance: -0.0061
    Mean episode rew_head_pose_tracking: 1.3962
          Mean episode rew_body_ang_vel: -0.1106
        Mean episode rew_dof_pos_limits: -0.0747
        Mean episode rew_laser_progress: 0.6909
               Mean episode rew_upright: 2.0576
            Mean episode rew_laser_stop: 0.0718
            Mean episode rew_laser_fall: -0.1042
             Mean episode rew_foot_slip: -0.0002
      Mean episode rew_angular_momentum: -0.0000
 Mean episode rew_track_linear_velocity: 3.1669
        Mean episode rew_action_rate_l2: -1.6813
--------------------------------------------------------------------------------
                         Iteration time: 1.83s
                           Time elapsed: 0:10:45
                                    ETA: 0:06:06

################################################################################
[1m                           Learning iteration 319/500                           [0m 

                               Run name: laser-follow-20260904-v1
                            Total steps: 7864320 
                       Steps per second: 12867 
                        Collection time: 1.662s 
                          Learning time: 0.248s 
                        Mean value loss: 0.7994
                    Mean surrogate loss: -0.0100
                      Mean entropy loss: 14.7654
                            Mean reward: 128.27
                    Mean episode length: 879.18
                        Mean action std: 0.71
       Mean episode rew_self_collisions: -0.0005
    Mean episode rew_body_pose_tracking: 0.0000
                  Mean episode rew_pose: 0.1274
        Mean episode rew_head_pose_bias: 0.0000
Mean episode rew_track_angular_velocity: 0.0971
              Mean episode rew_air_time: 0.3580
     Mean episode rew_foot_swing_height: -0.0161
        Mean episode rew_foot_clearance: -0.0068
    Mean episode rew_head_pose_tracking: 1.6109
          Mean episode rew_body_ang_vel: -0.1231
        Mean episode rew_dof_pos_limits: -0.0865
        Mean episode rew_laser_progress: 0.7539
               Mean episode rew_upright: 2.3833
            Mean episode rew_laser_stop: 0.0853
            Mean episode rew_laser_fall: -0.0382
             Mean episode rew_foot_slip: -0.0002
      Mean episode rew_angular_momentum: -0.0000
 Mean episode rew_track_linear_velocity: 3.7079
        Mean episode rew_action_rate_l2: -1.9398
--------------------------------------------------------------------------------
                         Iteration time: 1.91s
                           Time elapsed: 0:10:47
                                    ETA: 0:06:04

################################################################################
[1m                           Learning iteration 320/500                           [0m 

                               Run name: laser-follow-20260904-v1
                            Total steps: 7888896 
                       Steps per second: 12428 
                        Collection time: 1.722s 
                          Learning time: 0.255s 
                        Mean value loss: 0.6673
                    Mean surrogate loss: -0.0108
                      Mean entropy loss: 14.7596
                            Mean reward: 126.80
                    Mean episode length: 859.21
                        Mean action std: 0.71
       Mean episode rew_self_collisions: -0.0010
    Mean episode rew_body_pose_tracking: 0.0000
                  Mean episode rew_pose: 0.1035
        Mean episode rew_head_pose_bias: 0.0000
Mean episode rew_track_angular_velocity: 0.0757
              Mean episode rew_air_time: 0.3574
     Mean episode rew_foot_swing_height: -0.0129
        Mean episode rew_foot_clearance: -0.0063
    Mean episode rew_head_pose_tracking: 1.3136
          Mean episode rew_body_ang_vel: -0.1117
        Mean episode rew_dof_pos_limits: -0.0698
        Mean episode rew_laser_progress: 0.6430
               Mean episode rew_upright: 1.9154
            Mean episode rew_laser_stop: 0.0688
            Mean episode rew_laser_fall: -0.1042
             Mean episode rew_foot_slip: -0.0002
      Mean episode rew_angular_momentum: -0.0000
 Mean episode rew_track_linear_velocity: 2.9440
        Mean episode rew_action_rate_l2: -1.5764
--------------------------------------------------------------------------------
                         Iteration time: 1.98s
                           Time elapsed: 0:10:49
                                    ETA: 0:06:02

################################################################################
[1m                           Learning iteration 321/500                           [0m 

                               Run name: laser-follow-20260904-v1
                            Total steps: 7913472 
                       Steps per second: 12850 
                        Collection time: 1.673s 
                          Learning time: 0.239s 
                        Mean value loss: 0.6852
                    Mean surrogate loss: -0.0108
                      Mean entropy loss: 14.7519
                            Mean reward: 128.39
                    Mean episode length: 867.57
                        Mean action std: 0.71
       Mean episode rew_self_collisions: -0.0007
    Mean episode rew_body_pose_tracking: 0.0000
                  Mean episode rew_pose: 0.1276
        Mean episode rew_head_pose_bias: 0.0000
Mean episode rew_track_angular_velocity: 0.1000
              Mean episode rew_air_time: 0.3394
     Mean episode rew_foot_swing_height: -0.0178
        Mean episode rew_foot_clearance: -0.0066
    Mean episode rew_head_pose_tracking: 1.5416
          Mean episode rew_body_ang_vel: -0.1148
        Mean episode rew_dof_pos_limits: -0.0811
        Mean episode rew_laser_progress: 0.7053
               Mean episode rew_upright: 2.2881
            Mean episode rew_laser_stop: 0.0831
            Mean episode rew_laser_fall: -0.0451
             Mean episode rew_foot_slip: -0.0002
      Mean episode rew_angular_momentum: -0.0000
 Mean episode rew_track_linear_velocity: 3.5378
        Mean episode rew_action_rate_l2: -1.8256
--------------------------------------------------------------------------------
                         Iteration time: 1.91s
                           Time elapsed: 0:10:51
                                    ETA: 0:06:00

################################################################################
[1m                           Learning iteration 322/500                           [0m 

                               Run name: laser-follow-20260904-v1
                            Total steps: 7938048 
                       Steps per second: 12957 
                        Collection time: 1.653s 
                          Learning time: 0.244s 
                        Mean value loss: 0.5220
                    Mean surrogate loss: -0.0123
                      Mean entropy loss: 14.7304
                            Mean reward: 123.41
                    Mean episode length: 836.97
                        Mean action std: 0.71
       Mean episode rew_self_collisions: -0.0012
    Mean episode rew_body_pose_tracking: 0.0000
                  Mean episode rew_pose: 0.1184
        Mean episode rew_head_pose_bias: 0.0000
Mean episode rew_track_angular_velocity: 0.0933
              Mean episode rew_air_time: 0.2841
     Mean episode rew_foot_swing_height: -0.0160
        Mean episode rew_foot_clearance: -0.0060
    Mean episode rew_head_pose_tracking: 1.4061
          Mean episode rew_body_ang_vel: -0.1054
        Mean episode rew_dof_pos_limits: -0.0750
        Mean episode rew_laser_progress: 0.5922
               Mean episode rew_upright: 2.0642
            Mean episode rew_laser_stop: 0.0807
            Mean episode rew_laser_fall: -0.0790
             Mean episode rew_foot_slip: -0.0002
      Mean episode rew_angular_momentum: -0.0000
 Mean episode rew_track_linear_velocity: 3.2546
        Mean episode rew_action_rate_l2: -1.6547
--------------------------------------------------------------------------------
                         Iteration time: 1.90s
                           Time elapsed: 0:10:53
                                    ETA: 0:05:58

################################################################################
[1m                           Learning iteration 323/500                           [0m 

                               Run name: laser-follow-20260904-v1
                            Total steps: 7962624 
                       Steps per second: 13555 
                        Collection time: 1.572s 
                          Learning time: 0.241s 
                        Mean value loss: 0.5268
                    Mean surrogate loss: -0.0119
                      Mean entropy loss: 14.7138
                            Mean reward: 128.70
                    Mean episode length: 872.80
                        Mean action std: 0.71
       Mean episode rew_self_collisions: -0.0006
    Mean episode rew_body_pose_tracking: 0.0000
                  Mean episode rew_pose: 0.1114
        Mean episode rew_head_pose_bias: 0.0000
Mean episode rew_track_angular_velocity: 0.0995
              Mean episode rew_air_time: 0.2868
     Mean episode rew_foot_swing_height: -0.0138
        Mean episode rew_foot_clearance: -0.0059
    Mean episode rew_head_pose_tracking: 1.5262
          Mean episode rew_body_ang_vel: -0.1166
        Mean episode rew_dof_pos_limits: -0.0816
        Mean episode rew_laser_progress: 0.6037
               Mean episode rew_upright: 2.2302
            Mean episode rew_laser_stop: 0.1048
            Mean episode rew_laser_fall: -0.0420
             Mean episode rew_foot_slip: -0.0002
      Mean episode rew_angular_momentum: -0.0000
 Mean episode rew_track_linear_velocity: 3.4964
        Mean episode rew_action_rate_l2: -1.8383
--------------------------------------------------------------------------------
                         Iteration time: 1.81s
                           Time elapsed: 0:10:55
                                    ETA: 0:05:55

################################################################################
[1m                           Learning iteration 324/500                           [0m 

                               Run name: laser-follow-20260904-v1
                            Total steps: 7987200 
                       Steps per second: 13855 
                        Collection time: 1.524s 
                          Learning time: 0.250s 
                        Mean value loss: 0.3801
                    Mean surrogate loss: -0.0102
                      Mean entropy loss: 14.6921
                            Mean reward: 125.31
                    Mean episode length: 854.66
                        Mean action std: 0.71
       Mean episode rew_self_collisions: -0.0008
    Mean episode rew_body_pose_tracking: 0.0000
                  Mean episode rew_pose: 0.1270
        Mean episode rew_head_pose_bias: 0.0000
Mean episode rew_track_angular_velocity: 0.1036
              Mean episode rew_air_time: 0.2970
     Mean episode rew_foot_swing_height: -0.0166
        Mean episode rew_foot_clearance: -0.0063
    Mean episode rew_head_pose_tracking: 1.5342
          Mean episode rew_body_ang_vel: -0.1046
        Mean episode rew_dof_pos_limits: -0.0810
        Mean episode rew_laser_progress: 0.6928
               Mean episode rew_upright: 2.2772
            Mean episode rew_laser_stop: 0.0850
            Mean episode rew_laser_fall: -0.0434
             Mean episode rew_foot_slip: -0.0002
      Mean episode rew_angular_momentum: -0.0000
 Mean episode rew_track_linear_velocity: 3.5315
        Mean episode rew_action_rate_l2: -1.8015
--------------------------------------------------------------------------------
                         Iteration time: 1.77s
                           Time elapsed: 0:10:57
                                    ETA: 0:05:53

################################################################################
[1m                           Learning iteration 325/500                           [0m 

                               Run name: laser-follow-20260904-v1
                            Total steps: 8011776 
                       Steps per second: 13299 
                        Collection time: 1.602s 
                          Learning time: 0.246s 
                        Mean value loss: 0.4977
                    Mean surrogate loss: -0.0103
                      Mean entropy loss: 14.6822
                            Mean reward: 125.93
                    Mean episode length: 857.47
                        Mean action std: 0.71
       Mean episode rew_self_collisions: -0.0015
    Mean episode rew_body_pose_tracking: 0.0000
                  Mean episode rew_pose: 0.1155
        Mean episode rew_head_pose_bias: 0.0000
Mean episode rew_track_angular_velocity: 0.0886
              Mean episode rew_air_time: 0.3407
     Mean episode rew_foot_swing_height: -0.0145
        Mean episode rew_foot_clearance: -0.0064
    Mean episode rew_head_pose_tracking: 1.4924
          Mean episode rew_body_ang_vel: -0.1212
        Mean episode rew_dof_pos_limits: -0.0796
        Mean episode rew_laser_progress: 0.6903
               Mean episode rew_upright: 2.2102
            Mean episode rew_laser_stop: 0.0835
            Mean episode rew_laser_fall: -0.0556
             Mean episode rew_foot_slip: -0.0002
      Mean episode rew_angular_momentum: -0.0000
 Mean episode rew_track_linear_velocity: 3.3829
        Mean episode rew_action_rate_l2: -1.7991
--------------------------------------------------------------------------------
                         Iteration time: 1.85s
                           Time elapsed: 0:10:58
                                    ETA: 0:05:51

################################################################################
[1m                           Learning iteration 326/500                           [0m 

                               Run name: laser-follow-20260904-v1
                            Total steps: 8036352 
                       Steps per second: 13725 
                        Collection time: 1.549s 
                          Learning time: 0.242s 
                        Mean value loss: 0.5883
                    Mean surrogate loss: -0.0108
                      Mean entropy loss: 14.6815
                            Mean reward: 127.26
                    Mean episode length: 870.92
                        Mean action std: 0.71
       Mean episode rew_self_collisions: -0.0003
    Mean episode rew_body_pose_tracking: 0.0000
                  Mean episode rew_pose: 0.1079
        Mean episode rew_head_pose_bias: 0.0000
Mean episode rew_track_angular_velocity: 0.0723
              Mean episode rew_air_time: 0.3809
     Mean episode rew_foot_swing_height: -0.0143
        Mean episode rew_foot_clearance: -0.0066
    Mean episode rew_head_pose_tracking: 1.3283
          Mean episode rew_body_ang_vel: -0.1171
        Mean episode rew_dof_pos_limits: -0.0708
        Mean episode rew_laser_progress: 0.6563
               Mean episode rew_upright: 1.9374
            Mean episode rew_laser_stop: 0.0514
            Mean episode rew_laser_fall: -0.0816
             Mean episode rew_foot_slip: -0.0002
      Mean episode rew_angular_momentum: -0.0000
 Mean episode rew_track_linear_velocity: 2.9762
        Mean episode rew_action_rate_l2: -1.5988
--------------------------------------------------------------------------------
                         Iteration time: 1.79s
                           Time elapsed: 0:11:00
                                    ETA: 0:05:49

################################################################################
[1m                           Learning iteration 327/500                           [0m 

                               Run name: laser-follow-20260904-v1
                            Total steps: 8060928 
                       Steps per second: 12735 
                        Collection time: 1.684s 
                          Learning time: 0.245s 
                        Mean value loss: 0.5123
                    Mean surrogate loss: -0.0101
                      Mean entropy loss: 14.6774
                            Mean reward: 130.36
                    Mean episode length: 886.10
                        Mean action std: 0.71
       Mean episode rew_self_collisions: -0.0006
    Mean episode rew_body_pose_tracking: 0.0000
                  Mean episode rew_pose: 0.1350
        Mean episode rew_head_pose_bias: 0.0000
Mean episode rew_track_angular_velocity: 0.0968
              Mean episode rew_air_time: 0.3664
     Mean episode rew_foot_swing_height: -0.0173
        Mean episode rew_foot_clearance: -0.0071
    Mean episode rew_head_pose_tracking: 1.6302
          Mean episode rew_body_ang_vel: -0.1234
        Mean episode rew_dof_pos_limits: -0.0858
        Mean episode rew_laser_progress: 0.6488
               Mean episode rew_upright: 2.4349
            Mean episode rew_laser_stop: 0.0870
            Mean episode rew_laser_fall: -0.0347
             Mean episode rew_foot_slip: -0.0002
      Mean episode rew_angular_momentum: -0.0000
 Mean episode rew_track_linear_velocity: 3.7169
        Mean episode rew_action_rate_l2: -1.9385
--------------------------------------------------------------------------------
                         Iteration time: 1.93s
                           Time elapsed: 0:11:02
                                    ETA: 0:05:47

################################################################################
[1m                           Learning iteration 328/500                           [0m 

                               Run name: laser-follow-20260904-v1
                            Total steps: 8085504 
                       Steps per second: 13774 
                        Collection time: 1.546s 
                          Learning time: 0.238s 
                        Mean value loss: 0.6221
                    Mean surrogate loss: -0.0038
                      Mean entropy loss: 14.6673
                            Mean reward: 127.48
                    Mean episode length: 871.26
                        Mean action std: 0.71
       Mean episode rew_self_collisions: -0.0008
    Mean episode rew_body_pose_tracking: 0.0000
                  Mean episode rew_pose: 0.1156
        Mean episode rew_head_pose_bias: 0.0000
Mean episode rew_track_angular_velocity: 0.1033
              Mean episode rew_air_time: 0.2850
     Mean episode rew_foot_swing_height: -0.0164
        Mean episode rew_foot_clearance: -0.0065
    Mean episode rew_head_pose_tracking: 1.4255
          Mean episode rew_body_ang_vel: -0.1102
        Mean episode rew_dof_pos_limits: -0.0759
        Mean episode rew_laser_progress: 0.6118
               Mean episode rew_upright: 2.0834
            Mean episode rew_laser_stop: 0.0872
            Mean episode rew_laser_fall: -0.0642
             Mean episode rew_foot_slip: -0.0002
      Mean episode rew_angular_momentum: -0.0000
 Mean episode rew_track_linear_velocity: 3.2713
        Mean episode rew_action_rate_l2: -1.7010
--------------------------------------------------------------------------------
                         Iteration time: 1.78s
                           Time elapsed: 0:11:04
                                    ETA: 0:05:45

################################################################################
[1m                           Learning iteration 329/500                           [0m 

                               Run name: laser-follow-20260904-v1
                            Total steps: 8110080 
                       Steps per second: 13946 
                        Collection time: 1.515s 
                          Learning time: 0.248s 
                        Mean value loss: 0.4801
                    Mean surrogate loss: -0.0084
                      Mean entropy loss: 14.6643
                            Mean reward: 127.40
                    Mean episode length: 860.65
                        Mean action std: 0.71
       Mean episode rew_self_collisions: -0.0003
    Mean episode rew_body_pose_tracking: 0.0000
                  Mean episode rew_pose: 0.1195
        Mean episode rew_head_pose_bias: 0.0000
Mean episode rew_track_angular_velocity: 0.1140
              Mean episode rew_air_time: 0.3111
     Mean episode rew_foot_swing_height: -0.0156
        Mean episode rew_foot_clearance: -0.0054
    Mean episode rew_head_pose_tracking: 1.5382
          Mean episode rew_body_ang_vel: -0.0939
        Mean episode rew_dof_pos_limits: -0.0814
        Mean episode rew_laser_progress: 0.6011
               Mean episode rew_upright: 2.2853
            Mean episode rew_laser_stop: 0.1163
            Mean episode rew_laser_fall: -0.0625
             Mean episode rew_foot_slip: -0.0002
      Mean episode rew_angular_momentum: -0.0000
 Mean episode rew_track_linear_velocity: 3.5940
        Mean episode rew_action_rate_l2: -1.7604
--------------------------------------------------------------------------------
                         Iteration time: 1.76s
                           Time elapsed: 0:11:06
                                    ETA: 0:05:43

################################################################################
[1m                           Learning iteration 330/500                           [0m 

                               Run name: laser-follow-20260904-v1
                            Total steps: 8134656 
                       Steps per second: 12692 
                        Collection time: 1.698s 
                          Learning time: 0.238s 
                        Mean value loss: 0.4896
                    Mean surrogate loss: -0.0096
                      Mean entropy loss: 14.6546
                            Mean reward: 126.55
                    Mean episode length: 855.80
                        Mean action std: 0.71
       Mean episode rew_self_collisions: -0.0003
    Mean episode rew_body_pose_tracking: 0.0000
                  Mean episode rew_pose: 0.1188
        Mean episode rew_head_pose_bias: 0.0000
Mean episode rew_track_angular_velocity: 0.1018
              Mean episode rew_air_time: 0.2833
     Mean episode rew_foot_swing_height: -0.0158
        Mean episode rew_foot_clearance: -0.0061
    Mean episode rew_head_pose_tracking: 1.5066
          Mean episode rew_body_ang_vel: -0.1054
        Mean episode rew_dof_pos_limits: -0.0796
        Mean episode rew_laser_progress: 0.6251
               Mean episode rew_upright: 2.2530
            Mean episode rew_laser_stop: 0.0975
            Mean episode rew_laser_fall: -0.0443
             Mean episode rew_foot_slip: -0.0002
      Mean episode rew_angular_momentum: -0.0000
 Mean episode rew_track_linear_velocity: 3.4633
        Mean episode rew_action_rate_l2: -1.7624
--------------------------------------------------------------------------------
                         Iteration time: 1.94s
                           Time elapsed: 0:11:08
                                    ETA: 0:05:41

################################################################################
[1m                           Learning iteration 331/500                           [0m 

                               Run name: laser-follow-20260904-v1
                            Total steps: 8159232 
                       Steps per second: 13941 
                        Collection time: 1.513s 
                          Learning time: 0.250s 
                        Mean value loss: 0.4959
                    Mean surrogate loss: -0.0106
                      Mean entropy loss: 14.6493
                            Mean reward: 128.54
                    Mean episode length: 863.24
                        Mean action std: 0.71
       Mean episode rew_self_collisions: -0.0002
    Mean episode rew_body_pose_tracking: 0.0000
                  Mean episode rew_pose: 0.1449
        Mean episode rew_head_pose_bias: 0.0000
Mean episode rew_track_angular_velocity: 0.1145
              Mean episode rew_air_time: 0.2885
     Mean episode rew_foot_swing_height: -0.0210
        Mean episode rew_foot_clearance: -0.0070
    Mean episode rew_head_pose_tracking: 1.6314
          Mean episode rew_body_ang_vel: -0.1107
        Mean episode rew_dof_pos_limits: -0.0855
        Mean episode rew_laser_progress: 0.6461
               Mean episode rew_upright: 2.4738
            Mean episode rew_laser_stop: 0.0829
            Mean episode rew_laser_fall: -0.0260
             Mean episode rew_foot_slip: -0.0002
      Mean episode rew_angular_momentum: -0.0000
 Mean episode rew_track_linear_velocity: 3.7871
        Mean episode rew_action_rate_l2: -1.8990
--------------------------------------------------------------------------------
                         Iteration time: 1.76s
                           Time elapsed: 0:11:09
                                    ETA: 0:05:39

################################################################################
[1m                           Learning iteration 332/500                           [0m 

                               Run name: laser-follow-20260904-v1
                            Total steps: 8183808 
                       Steps per second: 13489 
                        Collection time: 1.581s 
                          Learning time: 0.241s 
                        Mean value loss: 0.6251
                    Mean surrogate loss: -0.0120
                      Mean entropy loss: 14.6431
                            Mean reward: 130.52
                    Mean episode length: 880.53
                        Mean action std: 0.71
       Mean episode rew_self_collisions: -0.0015
    Mean episode rew_body_pose_tracking: 0.0000
                  Mean episode rew_pose: 0.1209
        Mean episode rew_head_pose_bias: 0.0000
Mean episode rew_track_angular_velocity: 0.0968
              Mean episode rew_air_time: 0.3204
     Mean episode rew_foot_swing_height: -0.0162
        Mean episode rew_foot_clearance: -0.0065
    Mean episode rew_head_pose_tracking: 1.4423
          Mean episode rew_body_ang_vel: -0.1131
        Mean episode rew_dof_pos_limits: -0.0774
        Mean episode rew_laser_progress: 0.5832
               Mean episode rew_upright: 2.1401
            Mean episode rew_laser_stop: 0.0736
            Mean episode rew_laser_fall: -0.0929
             Mean episode rew_foot_slip: -0.0002
      Mean episode rew_angular_momentum: -0.0000
 Mean episode rew_track_linear_velocity: 3.3015
        Mean episode rew_action_rate_l2: -1.6944
--------------------------------------------------------------------------------
                         Iteration time: 1.82s
                           Time elapsed: 0:11:11
                                    ETA: 0:05:36

################################################################################
[1m                           Learning iteration 333/500                           [0m 

                               Run name: laser-follow-20260904-v1
                            Total steps: 8208384 
                       Steps per second: 13272 
                        Collection time: 1.602s 
                          Learning time: 0.250s 
                        Mean value loss: 0.5880
                    Mean surrogate loss: -0.0097
                      Mean entropy loss: 14.6414
                            Mean reward: 128.43
                    Mean episode length: 864.67
                        Mean action std: 0.71
       Mean episode rew_self_collisions: -0.0004
    Mean episode rew_body_pose_tracking: 0.0000
                  Mean episode rew_pose: 0.1202
        Mean episode rew_head_pose_bias: 0.0000
Mean episode rew_track_angular_velocity: 0.0897
              Mean episode rew_air_time: 0.2973
     Mean episode rew_foot_swing_height: -0.0153
        Mean episode rew_foot_clearance: -0.0058
    Mean episode rew_head_pose_tracking: 1.3725
          Mean episode rew_body_ang_vel: -0.0980
        Mean episode rew_dof_pos_limits: -0.0734
        Mean episode rew_laser_progress: 0.5840
               Mean episode rew_upright: 2.0422
            Mean episode rew_laser_stop: 0.0637
            Mean episode rew_laser_fall: -0.0677
             Mean episode rew_foot_slip: -0.0002
      Mean episode rew_angular_momentum: -0.0000
 Mean episode rew_track_linear_velocity: 3.1889
        Mean episode rew_action_rate_l2: -1.5988
--------------------------------------------------------------------------------
                         Iteration time: 1.85s
                           Time elapsed: 0:11:13
                                    ETA: 0:05:34

################################################################################
[1m                           Learning iteration 334/500                           [0m 

                               Run name: laser-follow-20260904-v1
                            Total steps: 8232960 
                       Steps per second: 12482 
                        Collection time: 1.734s 
                          Learning time: 0.235s 
                        Mean value loss: 0.8696
                    Mean surrogate loss: -0.0104
                      Mean entropy loss: 14.6381
                            Mean reward: 129.03
                    Mean episode length: 864.55
                        Mean action std: 0.71
       Mean episode rew_self_collisions: -0.0003
    Mean episode rew_body_pose_tracking: 0.0000
                  Mean episode rew_pose: 0.1131
        Mean episode rew_head_pose_bias: 0.0000
Mean episode rew_track_angular_velocity: 0.1006
              Mean episode rew_air_time: 0.2581
     Mean episode rew_foot_swing_height: -0.0157
        Mean episode rew_foot_clearance: -0.0057
    Mean episode rew_head_pose_tracking: 1.4813
          Mean episode rew_body_ang_vel: -0.1082
        Mean episode rew_dof_pos_limits: -0.0779
        Mean episode rew_laser_progress: 0.5744
               Mean episode rew_upright: 2.2008
            Mean episode rew_laser_stop: 0.1047
            Mean episode rew_laser_fall: -0.0556
             Mean episode rew_foot_slip: -0.0002
      Mean episode rew_angular_momentum: -0.0000
 Mean episode rew_track_linear_velocity: 3.4298
        Mean episode rew_action_rate_l2: -1.7183
--------------------------------------------------------------------------------
                         Iteration time: 1.97s
                           Time elapsed: 0:11:15
                                    ETA: 0:05:32

################################################################################
[1m                           Learning iteration 335/500                           [0m 

                               Run name: laser-follow-20260904-v1
                            Total steps: 8257536 
                       Steps per second: 12805 
                        Collection time: 1.672s 
                          Learning time: 0.247s 
                        Mean value loss: 0.4902
                    Mean surrogate loss: -0.0090
                      Mean entropy loss: 14.6360
                            Mean reward: 124.40
                    Mean episode length: 842.82
                        Mean action std: 0.71
       Mean episode rew_self_collisions: -0.0009
    Mean episode rew_body_pose_tracking: 0.0000
                  Mean episode rew_pose: 0.1130
        Mean episode rew_head_pose_bias: 0.0000
Mean episode rew_track_angular_velocity: 0.0860
              Mean episode rew_air_time: 0.2882
     Mean episode rew_foot_swing_height: -0.0160
        Mean episode rew_foot_clearance: -0.0060
    Mean episode rew_head_pose_tracking: 1.3110
          Mean episode rew_body_ang_vel: -0.1009
        Mean episode rew_dof_pos_limits: -0.0701
        Mean episode rew_laser_progress: 0.5377
               Mean episode rew_upright: 1.9342
            Mean episode rew_laser_stop: 0.0578
            Mean episode rew_laser_fall: -0.1102
             Mean episode rew_foot_slip: -0.0002
      Mean episode rew_angular_momentum: -0.0000
 Mean episode rew_track_linear_velocity: 3.0110
        Mean episode rew_action_rate_l2: -1.5294
--------------------------------------------------------------------------------
                         Iteration time: 1.92s
                           Time elapsed: 0:11:17
                                    ETA: 0:05:30

################################################################################
[1m                           Learning iteration 336/500                           [0m 

                               Run name: laser-follow-20260904-v1
                            Total steps: 8282112 
                       Steps per second: 13481 
                        Collection time: 1.585s 
                          Learning time: 0.238s 
                        Mean value loss: 0.5620
                    Mean surrogate loss: -0.0115
                      Mean entropy loss: 14.6256
                            Mean reward: 125.91
                    Mean episode length: 851.74
                        Mean action std: 0.71
       Mean episode rew_self_collisions: -0.0004
    Mean episode rew_body_pose_tracking: 0.0000
                  Mean episode rew_pose: 0.1181
        Mean episode rew_head_pose_bias: 0.0000
Mean episode rew_track_angular_velocity: 0.1184
              Mean episode rew_air_time: 0.3187
     Mean episode rew_foot_swing_height: -0.0155
        Mean episode rew_foot_clearance: -0.0060
    Mean episode rew_head_pose_tracking: 1.5399
          Mean episode rew_body_ang_vel: -0.1005
        Mean episode rew_dof_pos_limits: -0.0815
        Mean episode rew_laser_progress: 0.6570
               Mean episode rew_upright: 2.2686
            Mean episode rew_laser_stop: 0.1023
            Mean episode rew_laser_fall: -0.0425
             Mean episode rew_foot_slip: -0.0002
      Mean episode rew_angular_momentum: -0.0000
 Mean episode rew_track_linear_velocity: 3.5625
        Mean episode rew_action_rate_l2: -1.7769
--------------------------------------------------------------------------------
                         Iteration time: 1.82s
                           Time elapsed: 0:11:19
                                    ETA: 0:05:28

################################################################################
[1m                           Learning iteration 337/500                           [0m 

                               Run name: laser-follow-20260904-v1
                            Total steps: 8306688 
                       Steps per second: 12944 
                        Collection time: 1.656s 
                          Learning time: 0.243s 
                        Mean value loss: 0.6376
                    Mean surrogate loss: -0.0112
                      Mean entropy loss: 14.6196
                            Mean reward: 128.97
                    Mean episode length: 868.57
                        Mean action std: 0.71
       Mean episode rew_self_collisions: -0.0009
    Mean episode rew_body_pose_tracking: 0.0000
                  Mean episode rew_pose: 0.1360
        Mean episode rew_head_pose_bias: 0.0000
Mean episode rew_track_angular_velocity: 0.1014
              Mean episode rew_air_time: 0.3233
     Mean episode rew_foot_swing_height: -0.0195
        Mean episode rew_foot_clearance: -0.0070
    Mean episode rew_head_pose_tracking: 1.6157
          Mean episode rew_body_ang_vel: -0.1175
        Mean episode rew_dof_pos_limits: -0.0852
        Mean episode rew_laser_progress: 0.6503
               Mean episode rew_upright: 2.4288
            Mean episode rew_laser_stop: 0.0810
            Mean episode rew_laser_fall: -0.0399
             Mean episode rew_foot_slip: -0.0002
      Mean episode rew_angular_momentum: -0.0000
 Mean episode rew_track_linear_velocity: 3.7198
        Mean episode rew_action_rate_l2: -1.8611
--------------------------------------------------------------------------------
                         Iteration time: 1.90s
                           Time elapsed: 0:11:21
                                    ETA: 0:05:26

################################################################################
[1m                           Learning iteration 338/500                           [0m 

                               Run name: laser-follow-20260904-v1
                            Total steps: 8331264 
                       Steps per second: 14126 
                        Collection time: 1.497s 
                          Learning time: 0.243s 
                        Mean value loss: 0.7981
                    Mean surrogate loss: -0.0111
                      Mean entropy loss: 14.6183
                            Mean reward: 128.14
                    Mean episode length: 868.31
                        Mean action std: 0.71
       Mean episode rew_self_collisions: -0.0010
    Mean episode rew_body_pose_tracking: 0.0000
                  Mean episode rew_pose: 0.1066
        Mean episode rew_head_pose_bias: 0.0000
Mean episode rew_track_angular_velocity: 0.0969
              Mean episode rew_air_time: 0.2711
     Mean episode rew_foot_swing_height: -0.0152
        Mean episode rew_foot_clearance: -0.0059
    Mean episode rew_head_pose_tracking: 1.3705
          Mean episode rew_body_ang_vel: -0.1079
        Mean episode rew_dof_pos_limits: -0.0738
        Mean episode rew_laser_progress: 0.5589
               Mean episode rew_upright: 1.9677
            Mean episode rew_laser_stop: 0.0742
            Mean episode rew_laser_fall: -0.0686
             Mean episode rew_foot_slip: -0.0002
      Mean episode rew_angular_momentum: -0.0000
 Mean episode rew_track_linear_velocity: 3.1052
        Mean episode rew_action_rate_l2: -1.6162
--------------------------------------------------------------------------------
                         Iteration time: 1.74s
                           Time elapsed: 0:11:22
                                    ETA: 0:05:24

################################################################################
[1m                           Learning iteration 339/500                           [0m 

                               Run name: laser-follow-20260904-v1
                            Total steps: 8355840 
                       Steps per second: 13257 
                        Collection time: 1.614s 
                          Learning time: 0.240s 
                        Mean value loss: 0.5236
                    Mean surrogate loss: -0.0114
                      Mean entropy loss: 14.6167
                            Mean reward: 127.35
                    Mean episode length: 859.36
                        Mean action std: 0.71
       Mean episode rew_self_collisions: -0.0006
    Mean episode rew_body_pose_tracking: 0.0000
                  Mean episode rew_pose: 0.1272
        Mean episode rew_head_pose_bias: 0.0000
Mean episode rew_track_angular_velocity: 0.0976
              Mean episode rew_air_time: 0.2815
     Mean episode rew_foot_swing_height: -0.0181
        Mean episode rew_foot_clearance: -0.0065
    Mean episode rew_head_pose_tracking: 1.3677
          Mean episode rew_body_ang_vel: -0.0983
        Mean episode rew_dof_pos_limits: -0.0720
        Mean episode rew_laser_progress: 0.6495
               Mean episode rew_upright: 2.0414
            Mean episode rew_laser_stop: 0.0501
            Mean episode rew_laser_fall: -0.0694
             Mean episode rew_foot_slip: -0.0002
      Mean episode rew_angular_momentum: -0.0000
 Mean episode rew_track_linear_velocity: 3.1774
        Mean episode rew_action_rate_l2: -1.5639
--------------------------------------------------------------------------------
                         Iteration time: 1.85s
                           Time elapsed: 0:11:24
                                    ETA: 0:05:22

################################################################################
[1m                           Learning iteration 340/500                           [0m 

                               Run name: laser-follow-20260904-v1
                            Total steps: 8380416 
                       Steps per second: 13361 
                        Collection time: 1.595s 
                          Learning time: 0.245s 
                        Mean value loss: 0.9760
                    Mean surrogate loss: -0.0092
                      Mean entropy loss: 14.6110
                            Mean reward: 121.65
                    Mean episode length: 823.88
                        Mean action std: 0.71
       Mean episode rew_self_collisions: -0.0004
    Mean episode rew_body_pose_tracking: 0.0000
                  Mean episode rew_pose: 0.1240
        Mean episode rew_head_pose_bias: 0.0000
Mean episode rew_track_angular_velocity: 0.1132
              Mean episode rew_air_time: 0.2563
     Mean episode rew_foot_swing_height: -0.0165
        Mean episode rew_foot_clearance: -0.0058
    Mean episode rew_head_pose_tracking: 1.5707
          Mean episode rew_body_ang_vel: -0.1025
        Mean episode rew_dof_pos_limits: -0.0830
        Mean episode rew_laser_progress: 0.6092
               Mean episode rew_upright: 2.3430
            Mean episode rew_laser_stop: 0.1060
            Mean episode rew_laser_fall: -0.0330
             Mean episode rew_foot_slip: -0.0002
      Mean episode rew_angular_momentum: -0.0000
 Mean episode rew_track_linear_velocity: 3.6556
        Mean episode rew_action_rate_l2: -1.7814
--------------------------------------------------------------------------------
                         Iteration time: 1.84s
                           Time elapsed: 0:11:26
                                    ETA: 0:05:20

################################################################################
[1m                           Learning iteration 341/500                           [0m 

                               Run name: laser-follow-20260904-v1
                            Total steps: 8404992 
                       Steps per second: 13319 
                        Collection time: 1.599s 
                          Learning time: 0.246s 
                        Mean value loss: 0.7571
                    Mean surrogate loss: -0.0094
                      Mean entropy loss: 14.6102
                            Mean reward: 116.14
                    Mean episode length: 784.11
                        Mean action std: 0.71
       Mean episode rew_self_collisions: -0.0006
    Mean episode rew_body_pose_tracking: 0.0000
                  Mean episode rew_pose: 0.1271
        Mean episode rew_head_pose_bias: 0.0000
Mean episode rew_track_angular_velocity: 0.0920
              Mean episode rew_air_time: 0.3191
     Mean episode rew_foot_swing_height: -0.0192
        Mean episode rew_foot_clearance: -0.0066
    Mean episode rew_head_pose_tracking: 1.4035
          Mean episode rew_body_ang_vel: -0.1104
        Mean episode rew_dof_pos_limits: -0.0746
        Mean episode rew_laser_progress: 0.6112
               Mean episode rew_upright: 2.0996
            Mean episode rew_laser_stop: 0.0564
            Mean episode rew_laser_fall: -0.0616
             Mean episode rew_foot_slip: -0.0002
      Mean episode rew_angular_momentum: -0.0000
 Mean episode rew_track_linear_velocity: 3.2411
        Mean episode rew_action_rate_l2: -1.6345
--------------------------------------------------------------------------------
                         Iteration time: 1.85s
                           Time elapsed: 0:11:28
                                    ETA: 0:05:18

################################################################################
[1m                           Learning iteration 342/500                           [0m 

                               Run name: laser-follow-20260904-v1
                            Total steps: 8429568 
                       Steps per second: 12860 
                        Collection time: 1.666s 
                          Learning time: 0.245s 
                        Mean value loss: 0.6915
                    Mean surrogate loss: -0.0111
                      Mean entropy loss: 14.6047
                            Mean reward: 113.74
                    Mean episode length: 768.08
                        Mean action std: 0.71
       Mean episode rew_self_collisions: -0.0004
    Mean episode rew_body_pose_tracking: 0.0000
                  Mean episode rew_pose: 0.1045
        Mean episode rew_head_pose_bias: 0.0000
Mean episode rew_track_angular_velocity: 0.0939
              Mean episode rew_air_time: 0.2585
     Mean episode rew_foot_swing_height: -0.0149
        Mean episode rew_foot_clearance: -0.0054
    Mean episode rew_head_pose_tracking: 1.3438
          Mean episode rew_body_ang_vel: -0.0963
        Mean episode rew_dof_pos_limits: -0.0716
        Mean episode rew_laser_progress: 0.5401
               Mean episode rew_upright: 1.9774
            Mean episode rew_laser_stop: 0.0845
            Mean episode rew_laser_fall: -0.0781
             Mean episode rew_foot_slip: -0.0002
      Mean episode rew_angular_momentum: -0.0000
 Mean episode rew_track_linear_velocity: 3.1321
        Mean episode rew_action_rate_l2: -1.5459
--------------------------------------------------------------------------------
                         Iteration time: 1.91s
                           Time elapsed: 0:11:30
                                    ETA: 0:05:16

################################################################################
[1m                           Learning iteration 343/500                           [0m 

                               Run name: laser-follow-20260904-v1
                            Total steps: 8454144 
                       Steps per second: 13709 
                        Collection time: 1.547s 
                          Learning time: 0.245s 
                        Mean value loss: 0.8226
                    Mean surrogate loss: -0.0102
                      Mean entropy loss: 14.5969
                            Mean reward: 118.73
                    Mean episode length: 798.25
                        Mean action std: 0.71
       Mean episode rew_self_collisions: -0.0002
    Mean episode rew_body_pose_tracking: 0.0000
                  Mean episode rew_pose: 0.1430
        Mean episode rew_head_pose_bias: 0.0000
Mean episode rew_track_angular_velocity: 0.1070
              Mean episode rew_air_time: 0.3108
     Mean episode rew_foot_swing_height: -0.0197
        Mean episode rew_foot_clearance: -0.0069
    Mean episode rew_head_pose_tracking: 1.6457
          Mean episode rew_body_ang_vel: -0.1144
        Mean episode rew_dof_pos_limits: -0.0866
        Mean episode rew_laser_progress: 0.7235
               Mean episode rew_upright: 2.4804
            Mean episode rew_laser_stop: 0.0881
            Mean episode rew_laser_fall: -0.0278
             Mean episode rew_foot_slip: -0.0002
      Mean episode rew_angular_momentum: -0.0000
 Mean episode rew_track_linear_velocity: 3.8417
        Mean episode rew_action_rate_l2: -1.8834
--------------------------------------------------------------------------------
                         Iteration time: 1.79s
                           Time elapsed: 0:11:32
                                    ETA: 0:05:13

################################################################################
[1m                           Learning iteration 344/500                           [0m 

                               Run name: laser-follow-20260904-v1
                            Total steps: 8478720 
                       Steps per second: 13216 
                        Collection time: 1.623s 
                          Learning time: 0.237s 
                        Mean value loss: 0.6475
                    Mean surrogate loss: -0.0112
                      Mean entropy loss: 14.5911
                            Mean reward: 119.79
                    Mean episode length: 804.21
                        Mean action std: 0.70
       Mean episode rew_self_collisions: -0.0011
    Mean episode rew_body_pose_tracking: 0.0000
                  Mean episode rew_pose: 0.1194
        Mean episode rew_head_pose_bias: 0.0000
Mean episode rew_track_angular_velocity: 0.0996
              Mean episode rew_air_time: 0.3149
     Mean episode rew_foot_swing_height: -0.0157
        Mean episode rew_foot_clearance: -0.0066
    Mean episode rew_head_pose_tracking: 1.5219
          Mean episode rew_body_ang_vel: -0.1159
        Mean episode rew_dof_pos_limits: -0.0815
        Mean episode rew_laser_progress: 0.6469
               Mean episode rew_upright: 2.2670
            Mean episode rew_laser_stop: 0.0898
            Mean episode rew_laser_fall: -0.0417
             Mean episode rew_foot_slip: -0.0002
      Mean episode rew_angular_momentum: -0.0000
 Mean episode rew_track_linear_velocity: 3.4984
        Mean episode rew_action_rate_l2: -1.7449
--------------------------------------------------------------------------------
                         Iteration time: 1.86s
                           Time elapsed: 0:11:34
                                    ETA: 0:05:11

################################################################################
[1m                           Learning iteration 345/500                           [0m 

                               Run name: laser-follow-20260904-v1
                            Total steps: 8503296 
                       Steps per second: 13092 
                        Collection time: 1.630s 
                          Learning time: 0.247s 
                        Mean value loss: 0.7205
                    Mean surrogate loss: -0.0115
                      Mean entropy loss: 14.5784
                            Mean reward: 125.03
                    Mean episode length: 832.63
                        Mean action std: 0.70
       Mean episode rew_self_collisions: -0.0005
    Mean episode rew_body_pose_tracking: 0.0000
                  Mean episode rew_pose: 0.1253
        Mean episode rew_head_pose_bias: 0.0000
Mean episode rew_track_angular_velocity: 0.1120
              Mean episode rew_air_time: 0.2696
     Mean episode rew_foot_swing_height: -0.0172
        Mean episode rew_foot_clearance: -0.0062
    Mean episode rew_head_pose_tracking: 1.4731
          Mean episode rew_body_ang_vel: -0.0987
        Mean episode rew_dof_pos_limits: -0.0773
        Mean episode rew_laser_progress: 0.6099
               Mean episode rew_upright: 2.2104
            Mean episode rew_laser_stop: 0.0885
            Mean episode rew_laser_fall: -0.0651
             Mean episode rew_foot_slip: -0.0002
      Mean episode rew_angular_momentum: -0.0000
 Mean episode rew_track_linear_velocity: 3.4310
        Mean episode rew_action_rate_l2: -1.6754
--------------------------------------------------------------------------------
                         Iteration time: 1.88s
                           Time elapsed: 0:11:35
                                    ETA: 0:05:09

################################################################################
[1m                           Learning iteration 346/500                           [0m 

                               Run name: laser-follow-20260904-v1
                            Total steps: 8527872 
                       Steps per second: 13349 
                        Collection time: 1.599s 
                          Learning time: 0.242s 
                        Mean value loss: 0.7275
                    Mean surrogate loss: -0.0129
                      Mean entropy loss: 14.5731
                            Mean reward: 121.41
                    Mean episode length: 819.54
                        Mean action std: 0.70
       Mean episode rew_self_collisions: -0.0005
    Mean episode rew_body_pose_tracking: 0.0000
                  Mean episode rew_pose: 0.1019
        Mean episode rew_head_pose_bias: 0.0000
Mean episode rew_track_angular_velocity: 0.0788
              Mean episode rew_air_time: 0.2466
     Mean episode rew_foot_swing_height: -0.0144
        Mean episode rew_foot_clearance: -0.0056
    Mean episode rew_head_pose_tracking: 1.2237
          Mean episode rew_body_ang_vel: -0.1016
        Mean episode rew_dof_pos_limits: -0.0652
        Mean episode rew_laser_progress: 0.5348
               Mean episode rew_upright: 1.8173
            Mean episode rew_laser_stop: 0.0614
            Mean episode rew_laser_fall: -0.1094
             Mean episode rew_foot_slip: -0.0002
      Mean episode rew_angular_momentum: -0.0000
 Mean episode rew_track_linear_velocity: 2.7933
        Mean episode rew_action_rate_l2: -1.4316
--------------------------------------------------------------------------------
                         Iteration time: 1.84s
                           Time elapsed: 0:11:37
                                    ETA: 0:05:07

################################################################################
[1m                           Learning iteration 347/500                           [0m 

                               Run name: laser-follow-20260904-v1
                            Total steps: 8552448 
                       Steps per second: 13134 
                        Collection time: 1.627s 
                          Learning time: 0.244s 
                        Mean value loss: 0.7574
                    Mean surrogate loss: -0.0115
                      Mean entropy loss: 14.5617
                            Mean reward: 124.00
                    Mean episode length: 835.49
                        Mean action std: 0.70
       Mean episode rew_self_collisions: -0.0009
    Mean episode rew_body_pose_tracking: 0.0000
                  Mean episode rew_pose: 0.1322
        Mean episode rew_head_pose_bias: 0.0000
Mean episode rew_track_angular_velocity: 0.1054
              Mean episode rew_air_time: 0.3342
     Mean episode rew_foot_swing_height: -0.0199
        Mean episode rew_foot_clearance: -0.0070
    Mean episode rew_head_pose_tracking: 1.5772
          Mean episode rew_body_ang_vel: -0.1138
        Mean episode rew_dof_pos_limits: -0.0838
        Mean episode rew_laser_progress: 0.6452
               Mean episode rew_upright: 2.3792
            Mean episode rew_laser_stop: 0.0736
            Mean episode rew_laser_fall: -0.0347
             Mean episode rew_foot_slip: -0.0002
      Mean episode rew_angular_momentum: -0.0000
 Mean episode rew_track_linear_velocity: 3.6342
        Mean episode rew_action_rate_l2: -1.8012
--------------------------------------------------------------------------------
                         Iteration time: 1.87s
                           Time elapsed: 0:11:39
                                    ETA: 0:05:05

################################################################################
[1m                           Learning iteration 348/500                           [0m 

                               Run name: laser-follow-20260904-v1
                            Total steps: 8577024 
                       Steps per second: 13262 
                        Collection time: 1.612s 
                          Learning time: 0.241s 
                        Mean value loss: 0.7554
                    Mean surrogate loss: -0.0113
                      Mean entropy loss: 14.5568
                            Mean reward: 124.00
                    Mean episode length: 843.19
                        Mean action std: 0.70
       Mean episode rew_self_collisions: -0.0005
    Mean episode rew_body_pose_tracking: 0.0000
                  Mean episode rew_pose: 0.1211
        Mean episode rew_head_pose_bias: 0.0000
Mean episode rew_track_angular_velocity: 0.0976
              Mean episode rew_air_time: 0.3167
     Mean episode rew_foot_swing_height: -0.0177
        Mean episode rew_foot_clearance: -0.0067
    Mean episode rew_head_pose_tracking: 1.4708
          Mean episode rew_body_ang_vel: -0.1125
        Mean episode rew_dof_pos_limits: -0.0782
        Mean episode rew_laser_progress: 0.5786
               Mean episode rew_upright: 2.1972
            Mean episode rew_laser_stop: 0.0778
            Mean episode rew_laser_fall: -0.0790
             Mean episode rew_foot_slip: -0.0002
      Mean episode rew_angular_momentum: -0.0000
 Mean episode rew_track_linear_velocity: 3.3716
        Mean episode rew_action_rate_l2: -1.6668
--------------------------------------------------------------------------------
                         Iteration time: 1.85s
                           Time elapsed: 0:11:41
                                    ETA: 0:05:03

################################################################################
[1m                           Learning iteration 349/500                           [0m 

                               Run name: laser-follow-20260904-v1
                            Total steps: 8601600 
                       Steps per second: 14015 
                        Collection time: 1.514s 
                          Learning time: 0.239s 
                        Mean value loss: 0.4001
                    Mean surrogate loss: -0.0113
                      Mean entropy loss: 14.5453
                            Mean reward: 115.30
                    Mean episode length: 795.92
                        Mean action std: 0.70
       Mean episode rew_self_collisions: -0.0011
    Mean episode rew_body_pose_tracking: 0.0000
                  Mean episode rew_pose: 0.0756
        Mean episode rew_head_pose_bias: 0.0000
Mean episode rew_track_angular_velocity: 0.0663
              Mean episode rew_air_time: 0.2540
     Mean episode rew_foot_swing_height: -0.0108
        Mean episode rew_foot_clearance: -0.0049
    Mean episode rew_head_pose_tracking: 1.0786
          Mean episode rew_body_ang_vel: -0.1070
        Mean episode rew_dof_pos_limits: -0.0595
        Mean episode rew_laser_progress: 0.3834
               Mean episode rew_upright: 1.5575
            Mean episode rew_laser_stop: 0.0602
            Mean episode rew_laser_fall: -0.1432
             Mean episode rew_foot_slip: -0.0002
      Mean episode rew_angular_momentum: -0.0000
 Mean episode rew_track_linear_velocity: 2.4280
        Mean episode rew_action_rate_l2: -1.2763
--------------------------------------------------------------------------------
                         Iteration time: 1.75s
                           Time elapsed: 0:11:43
                                    ETA: 0:05:01

################################################################################
[1m                           Learning iteration 350/500                           [0m 

                               Run name: laser-follow-20260904-v1
                            Total steps: 8626176 
                       Steps per second: 13927 
                        Collection time: 1.521s 
                          Learning time: 0.243s 
                        Mean value loss: 0.4975
                    Mean surrogate loss: -0.0111
                      Mean entropy loss: 14.5229
                            Mean reward: 120.30
                    Mean episode length: 821.58
                        Mean action std: 0.70
       Mean episode rew_self_collisions: -0.0002
    Mean episode rew_body_pose_tracking: 0.0000
                  Mean episode rew_pose: 0.1193
        Mean episode rew_head_pose_bias: 0.0000
Mean episode rew_track_angular_velocity: 0.1064
              Mean episode rew_air_time: 0.2580
     Mean episode rew_foot_swing_height: -0.0169
        Mean episode rew_foot_clearance: -0.0059
    Mean episode rew_head_pose_tracking: 1.4399
          Mean episode rew_body_ang_vel: -0.0958
        Mean episode rew_dof_pos_limits: -0.0759
        Mean episode rew_laser_progress: 0.6023
               Mean episode rew_upright: 2.1599
            Mean episode rew_laser_stop: 0.0837
            Mean episode rew_laser_fall: -0.0486
             Mean episode rew_foot_slip: -0.0002
      Mean episode rew_angular_momentum: -0.0000
 Mean episode rew_track_linear_velocity: 3.3580
        Mean episode rew_action_rate_l2: -1.6241
--------------------------------------------------------------------------------
                         Iteration time: 1.76s
                           Time elapsed: 0:11:45
                                    ETA: 0:04:59

################################################################################
[1m                           Learning iteration 351/500                           [0m 

                               Run name: laser-follow-20260904-v1
                            Total steps: 8650752 
                       Steps per second: 13260 
                        Collection time: 1.612s 
                          Learning time: 0.241s 
                        Mean value loss: 0.4916
                    Mean surrogate loss: -0.0119
                      Mean entropy loss: 14.5013
                            Mean reward: 122.76
                    Mean episode length: 831.73
                        Mean action std: 0.70
       Mean episode rew_self_collisions: -0.0005
    Mean episode rew_body_pose_tracking: 0.0000
                  Mean episode rew_pose: 0.1098
        Mean episode rew_head_pose_bias: 0.0000
Mean episode rew_track_angular_velocity: 0.1103
              Mean episode rew_air_time: 0.3027
     Mean episode rew_foot_swing_height: -0.0143
        Mean episode rew_foot_clearance: -0.0060
    Mean episode rew_head_pose_tracking: 1.5598
          Mean episode rew_body_ang_vel: -0.1105
        Mean episode rew_dof_pos_limits: -0.0828
        Mean episode rew_laser_progress: 0.6655
               Mean episode rew_upright: 2.3309
            Mean episode rew_laser_stop: 0.1167
            Mean episode rew_laser_fall: -0.0417
             Mean episode rew_foot_slip: -0.0002
      Mean episode rew_angular_momentum: -0.0000
 Mean episode rew_track_linear_velocity: 3.6397
        Mean episode rew_action_rate_l2: -1.7798
--------------------------------------------------------------------------------
                         Iteration time: 1.85s
                           Time elapsed: 0:11:46
                                    ETA: 0:04:57

################################################################################
[1m                           Learning iteration 352/500                           [0m 

                               Run name: laser-follow-20260904-v1
                            Total steps: 8675328 
                       Steps per second: 13169 
                        Collection time: 1.628s 
                          Learning time: 0.238s 
                        Mean value loss: 0.5098
                    Mean surrogate loss: -0.0111
                      Mean entropy loss: 14.4688
                            Mean reward: 135.32
                    Mean episode length: 901.99
                        Mean action std: 0.70
       Mean episode rew_self_collisions: -0.0008
    Mean episode rew_body_pose_tracking: 0.0000
                  Mean episode rew_pose: 0.1349
        Mean episode rew_head_pose_bias: 0.0000
Mean episode rew_track_angular_velocity: 0.1167
              Mean episode rew_air_time: 0.3493
     Mean episode rew_foot_swing_height: -0.0183
        Mean episode rew_foot_clearance: -0.0068
    Mean episode rew_head_pose_tracking: 1.6446
          Mean episode rew_body_ang_vel: -0.1128
        Mean episode rew_dof_pos_limits: -0.0867
        Mean episode rew_laser_progress: 0.6833
               Mean episode rew_upright: 2.4654
            Mean episode rew_laser_stop: 0.0875
            Mean episode rew_laser_fall: -0.0217
             Mean episode rew_foot_slip: -0.0002
      Mean episode rew_angular_momentum: -0.0000
 Mean episode rew_track_linear_velocity: 3.8032
        Mean episode rew_action_rate_l2: -1.8437
--------------------------------------------------------------------------------
                         Iteration time: 1.87s
                           Time elapsed: 0:11:48
                                    ETA: 0:04:55

################################################################################
[1m                           Learning iteration 353/500                           [0m 

                               Run name: laser-follow-20260904-v1
                            Total steps: 8699904 
                       Steps per second: 13730 
                        Collection time: 1.550s 
                          Learning time: 0.240s 
                        Mean value loss: 0.4542
                    Mean surrogate loss: -0.0097
                      Mean entropy loss: 14.4466
                            Mean reward: 137.05
                    Mean episode length: 904.85
                        Mean action std: 0.70
       Mean episode rew_self_collisions: -0.0007
    Mean episode rew_body_pose_tracking: 0.0000
                  Mean episode rew_pose: 0.1288
        Mean episode rew_head_pose_bias: 0.0000
Mean episode rew_track_angular_velocity: 0.1063
              Mean episode rew_air_time: 0.3338
     Mean episode rew_foot_swing_height: -0.0166
        Mean episode rew_foot_clearance: -0.0066
    Mean episode rew_head_pose_tracking: 1.5376
          Mean episode rew_body_ang_vel: -0.1030
        Mean episode rew_dof_pos_limits: -0.0809
        Mean episode rew_laser_progress: 0.7278
               Mean episode rew_upright: 2.3127
            Mean episode rew_laser_stop: 0.0797
            Mean episode rew_laser_fall: -0.0469
             Mean episode rew_foot_slip: -0.0002
      Mean episode rew_angular_momentum: -0.0000
 Mean episode rew_track_linear_velocity: 3.5720
        Mean episode rew_action_rate_l2: -1.7326
--------------------------------------------------------------------------------
                         Iteration time: 1.79s
                           Time elapsed: 0:11:50
                                    ETA: 0:04:53

################################################################################
[1m                           Learning iteration 354/500                           [0m 

                               Run name: laser-follow-20260904-v1
                            Total steps: 8724480 
                       Steps per second: 13395 
                        Collection time: 1.592s 
                          Learning time: 0.243s 
                        Mean value loss: 0.5494
                    Mean surrogate loss: -0.0109
                      Mean entropy loss: 14.4360
                            Mean reward: 141.98
                    Mean episode length: 929.68
                        Mean action std: 0.70
       Mean episode rew_self_collisions: -0.0002
    Mean episode rew_body_pose_tracking: 0.0000
                  Mean episode rew_pose: 0.1311
        Mean episode rew_head_pose_bias: 0.0000
Mean episode rew_track_angular_velocity: 0.1188
              Mean episode rew_air_time: 0.3252
     Mean episode rew_foot_swing_height: -0.0165
        Mean episode rew_foot_clearance: -0.0065
    Mean episode rew_head_pose_tracking: 1.6983
          Mean episode rew_body_ang_vel: -0.1144
        Mean episode rew_dof_pos_limits: -0.0896
        Mean episode rew_laser_progress: 0.7602
               Mean episode rew_upright: 2.5787
            Mean episode rew_laser_stop: 0.1133
            Mean episode rew_laser_fall: -0.0139
             Mean episode rew_foot_slip: -0.0002
      Mean episode rew_angular_momentum: -0.0000
 Mean episode rew_track_linear_velocity: 3.9656
        Mean episode rew_action_rate_l2: -1.9182
--------------------------------------------------------------------------------
                         Iteration time: 1.83s
                           Time elapsed: 0:11:52
                                    ETA: 0:04:50

################################################################################
[1m                           Learning iteration 355/500                           [0m 

                               Run name: laser-follow-20260904-v1
                            Total steps: 8749056 
                       Steps per second: 13223 
                        Collection time: 1.616s 
                          Learning time: 0.243s 
                        Mean value loss: 0.7866
                    Mean surrogate loss: -0.0104
                      Mean entropy loss: 14.4320
                            Mean reward: 139.67
                    Mean episode length: 916.71
                        Mean action std: 0.70
       Mean episode rew_self_collisions: -0.0002
    Mean episode rew_body_pose_tracking: 0.0000
                  Mean episode rew_pose: 0.1130
        Mean episode rew_head_pose_bias: 0.0000
Mean episode rew_track_angular_velocity: 0.1125
              Mean episode rew_air_time: 0.2783
     Mean episode rew_foot_swing_height: -0.0152
        Mean episode rew_foot_clearance: -0.0057
    Mean episode rew_head_pose_tracking: 1.5071
          Mean episode rew_body_ang_vel: -0.1030
        Mean episode rew_dof_pos_limits: -0.0800
        Mean episode rew_laser_progress: 0.6538
               Mean episode rew_upright: 2.2718
            Mean episode rew_laser_stop: 0.1039
            Mean episode rew_laser_fall: -0.0451
             Mean episode rew_foot_slip: -0.0002
      Mean episode rew_angular_momentum: -0.0000
 Mean episode rew_track_linear_velocity: 3.4988
        Mean episode rew_action_rate_l2: -1.6968
--------------------------------------------------------------------------------
                         Iteration time: 1.86s
                           Time elapsed: 0:11:54
                                    ETA: 0:04:48

################################################################################
[1m                           Learning iteration 356/500                           [0m 

                               Run name: laser-follow-20260904-v1
                            Total steps: 8773632 
                       Steps per second: 13327 
                        Collection time: 1.602s 
                          Learning time: 0.242s 
                        Mean value loss: 0.6326
                    Mean surrogate loss: -0.0107
                      Mean entropy loss: 14.4300
                            Mean reward: 138.07
                    Mean episode length: 907.65
                        Mean action std: 0.70
       Mean episode rew_self_collisions: -0.0003
    Mean episode rew_body_pose_tracking: 0.0000
                  Mean episode rew_pose: 0.1146
        Mean episode rew_head_pose_bias: 0.0000
Mean episode rew_track_angular_velocity: 0.1079
              Mean episode rew_air_time: 0.3415
     Mean episode rew_foot_swing_height: -0.0155
        Mean episode rew_foot_clearance: -0.0061
    Mean episode rew_head_pose_tracking: 1.5890
          Mean episode rew_body_ang_vel: -0.1153
        Mean episode rew_dof_pos_limits: -0.0850
        Mean episode rew_laser_progress: 0.6176
               Mean episode rew_upright: 2.3581
            Mean episode rew_laser_stop: 0.0998
            Mean episode rew_laser_fall: -0.0312
             Mean episode rew_foot_slip: -0.0002
      Mean episode rew_angular_momentum: -0.0000
 Mean episode rew_track_linear_velocity: 3.6516
        Mean episode rew_action_rate_l2: -1.8077
--------------------------------------------------------------------------------
                         Iteration time: 1.84s
                           Time elapsed: 0:11:56
                                    ETA: 0:04:46

################################################################################
[1m                           Learning iteration 357/500                           [0m 

                               Run name: laser-follow-20260904-v1
                            Total steps: 8798208 
                       Steps per second: 13484 
                        Collection time: 1.572s 
                          Learning time: 0.251s 
                        Mean value loss: 0.6925
                    Mean surrogate loss: -0.0113
                      Mean entropy loss: 14.4261
                            Mean reward: 135.78
                    Mean episode length: 899.78
                        Mean action std: 0.70
       Mean episode rew_self_collisions: -0.0007
    Mean episode rew_body_pose_tracking: 0.0000
                  Mean episode rew_pose: 0.1126
        Mean episode rew_head_pose_bias: 0.0000
Mean episode rew_track_angular_velocity: 0.1170
              Mean episode rew_air_time: 0.2819
     Mean episode rew_foot_swing_height: -0.0148
        Mean episode rew_foot_clearance: -0.0060
    Mean episode rew_head_pose_tracking: 1.5843
          Mean episode rew_body_ang_vel: -0.1057
        Mean episode rew_dof_pos_limits: -0.0840
        Mean episode rew_laser_progress: 0.7371
               Mean episode rew_upright: 2.3405
            Mean episode rew_laser_stop: 0.1132
            Mean episode rew_laser_fall: -0.0451
             Mean episode rew_foot_slip: -0.0002
      Mean episode rew_angular_momentum: -0.0000
 Mean episode rew_track_linear_velocity: 3.6730
        Mean episode rew_action_rate_l2: -1.7930
--------------------------------------------------------------------------------
                         Iteration time: 1.82s
                           Time elapsed: 0:11:57
                                    ETA: 0:04:44

################################################################################
[1m                           Learning iteration 358/500                           [0m 

                               Run name: laser-follow-20260904-v1
                            Total steps: 8822784 
                       Steps per second: 12565 
                        Collection time: 1.663s 
                          Learning time: 0.293s 
                        Mean value loss: 0.5274
                    Mean surrogate loss: -0.0107
                      Mean entropy loss: 14.4276
                            Mean reward: 127.49
                    Mean episode length: 851.01
                        Mean action std: 0.70
       Mean episode rew_self_collisions: -0.0008
    Mean episode rew_body_pose_tracking: 0.0000
                  Mean episode rew_pose: 0.1177
        Mean episode rew_head_pose_bias: 0.0000
Mean episode rew_track_angular_velocity: 0.0946
              Mean episode rew_air_time: 0.3087
     Mean episode rew_foot_swing_height: -0.0145
        Mean episode rew_foot_clearance: -0.0060
    Mean episode rew_head_pose_tracking: 1.4698
          Mean episode rew_body_ang_vel: -0.1105
        Mean episode rew_dof_pos_limits: -0.0778
        Mean episode rew_laser_progress: 0.6047
               Mean episode rew_upright: 2.1999
            Mean episode rew_laser_stop: 0.0820
            Mean episode rew_laser_fall: -0.0677
             Mean episode rew_foot_slip: -0.0002
      Mean episode rew_angular_momentum: -0.0000
 Mean episode rew_track_linear_velocity: 3.3955
        Mean episode rew_action_rate_l2: -1.6546
--------------------------------------------------------------------------------
                         Iteration time: 1.96s
                           Time elapsed: 0:11:59
                                    ETA: 0:04:42

################################################################################
[1m                           Learning iteration 359/500                           [0m 

                               Run name: laser-follow-20260904-v1
                            Total steps: 8847360 
                       Steps per second: 12538 
                        Collection time: 1.666s 
                          Learning time: 0.294s 
                        Mean value loss: 0.4757
                    Mean surrogate loss: -0.0112
                      Mean entropy loss: 14.4161
                            Mean reward: 129.51
                    Mean episode length: 865.43
                        Mean action std: 0.70
       Mean episode rew_self_collisions: -0.0010
    Mean episode rew_body_pose_tracking: 0.0000
                  Mean episode rew_pose: 0.1534
        Mean episode rew_head_pose_bias: 0.0000
Mean episode rew_track_angular_velocity: 0.1173
              Mean episode rew_air_time: 0.3036
     Mean episode rew_foot_swing_height: -0.0212
        Mean episode rew_foot_clearance: -0.0071
    Mean episode rew_head_pose_tracking: 1.6758
          Mean episode rew_body_ang_vel: -0.1102
        Mean episode rew_dof_pos_limits: -0.0876
        Mean episode rew_laser_progress: 0.7338
               Mean episode rew_upright: 2.5149
            Mean episode rew_laser_stop: 0.0740
            Mean episode rew_laser_fall: -0.0260
             Mean episode rew_foot_slip: -0.0002
      Mean episode rew_angular_momentum: -0.0000
 Mean episode rew_track_linear_velocity: 3.9225
        Mean episode rew_action_rate_l2: -1.8729
--------------------------------------------------------------------------------
                         Iteration time: 1.96s
                           Time elapsed: 0:12:01
                                    ETA: 0:04:40

################################################################################
[1m                           Learning iteration 360/500                           [0m 

                               Run name: laser-follow-20260904-v1
                            Total steps: 8871936 
                       Steps per second: 12963 
                        Collection time: 1.641s 
                          Learning time: 0.254s 
                        Mean value loss: 0.6235
                    Mean surrogate loss: -0.0112
                      Mean entropy loss: 14.4067
                            Mean reward: 133.03
                    Mean episode length: 881.10
                        Mean action std: 0.70
       Mean episode rew_self_collisions: -0.0008
    Mean episode rew_body_pose_tracking: 0.0000
                  Mean episode rew_pose: 0.1286
        Mean episode rew_head_pose_bias: 0.0000
Mean episode rew_track_angular_velocity: 0.1229
              Mean episode rew_air_time: 0.2840
     Mean episode rew_foot_swing_height: -0.0163
        Mean episode rew_foot_clearance: -0.0067
    Mean episode rew_head_pose_tracking: 1.6427
          Mean episode rew_body_ang_vel: -0.1114
        Mean episode rew_dof_pos_limits: -0.0865
        Mean episode rew_laser_progress: 0.7900
               Mean episode rew_upright: 2.4939
            Mean episode rew_laser_stop: 0.1054
            Mean episode rew_laser_fall: -0.0365
             Mean episode rew_foot_slip: -0.0002
      Mean episode rew_angular_momentum: -0.0000
 Mean episode rew_track_linear_velocity: 3.8106
        Mean episode rew_action_rate_l2: -1.8377
--------------------------------------------------------------------------------
                         Iteration time: 1.90s
                           Time elapsed: 0:12:03
                                    ETA: 0:04:38

################################################################################
[1m                           Learning iteration 361/500                           [0m 

                               Run name: laser-follow-20260904-v1
                            Total steps: 8896512 
                       Steps per second: 13344 
                        Collection time: 1.601s 
                          Learning time: 0.241s 
                        Mean value loss: 0.3903
                    Mean surrogate loss: -0.0111
                      Mean entropy loss: 14.3934
                            Mean reward: 129.10
                    Mean episode length: 859.20
                        Mean action std: 0.70
       Mean episode rew_self_collisions: -0.0014
    Mean episode rew_body_pose_tracking: 0.0000
                  Mean episode rew_pose: 0.1120
        Mean episode rew_head_pose_bias: 0.0000
Mean episode rew_track_angular_velocity: 0.0972
              Mean episode rew_air_time: 0.3282
     Mean episode rew_foot_swing_height: -0.0148
        Mean episode rew_foot_clearance: -0.0062
    Mean episode rew_head_pose_tracking: 1.4336
          Mean episode rew_body_ang_vel: -0.1075
        Mean episode rew_dof_pos_limits: -0.0775
        Mean episode rew_laser_progress: 0.6529
               Mean episode rew_upright: 2.1456
            Mean episode rew_laser_stop: 0.0773
            Mean episode rew_laser_fall: -0.0521
             Mean episode rew_foot_slip: -0.0002
      Mean episode rew_angular_momentum: -0.0000
 Mean episode rew_track_linear_velocity: 3.2922
        Mean episode rew_action_rate_l2: -1.6323
--------------------------------------------------------------------------------
                         Iteration time: 1.84s
                           Time elapsed: 0:12:05
                                    ETA: 0:04:36

################################################################################
[1m                           Learning iteration 362/500                           [0m 

                               Run name: laser-follow-20260904-v1
                            Total steps: 8921088 
                       Steps per second: 13343 
                        Collection time: 1.602s 
                          Learning time: 0.239s 
                        Mean value loss: 0.4594
                    Mean surrogate loss: -0.0114
                      Mean entropy loss: 14.3658
                            Mean reward: 132.87
                    Mean episode length: 874.78
                        Mean action std: 0.70
       Mean episode rew_self_collisions: -0.0012
    Mean episode rew_body_pose_tracking: 0.0000
                  Mean episode rew_pose: 0.1171
        Mean episode rew_head_pose_bias: 0.0000
Mean episode rew_track_angular_velocity: 0.1041
              Mean episode rew_air_time: 0.3389
     Mean episode rew_foot_swing_height: -0.0147
        Mean episode rew_foot_clearance: -0.0065
    Mean episode rew_head_pose_tracking: 1.5298
          Mean episode rew_body_ang_vel: -0.1079
        Mean episode rew_dof_pos_limits: -0.0812
        Mean episode rew_laser_progress: 0.7879
               Mean episode rew_upright: 2.2967
            Mean episode rew_laser_stop: 0.0925
            Mean episode rew_laser_fall: -0.0469
             Mean episode rew_foot_slip: -0.0002
      Mean episode rew_angular_momentum: -0.0000
 Mean episode rew_track_linear_velocity: 3.5426
        Mean episode rew_action_rate_l2: -1.7028
--------------------------------------------------------------------------------
                         Iteration time: 1.84s
                           Time elapsed: 0:12:07
                                    ETA: 0:04:34

################################################################################
[1m                           Learning iteration 363/500                           [0m 

                               Run name: laser-follow-20260904-v1
                            Total steps: 8945664 
                       Steps per second: 13017 
                        Collection time: 1.647s 
                          Learning time: 0.241s 
                        Mean value loss: 0.3496
                    Mean surrogate loss: -0.0107
                      Mean entropy loss: 14.3468
                            Mean reward: 137.67
                    Mean episode length: 900.20
                        Mean action std: 0.69
       Mean episode rew_self_collisions: -0.0003
    Mean episode rew_body_pose_tracking: 0.0000
                  Mean episode rew_pose: 0.1329
        Mean episode rew_head_pose_bias: 0.0000
Mean episode rew_track_angular_velocity: 0.1116
              Mean episode rew_air_time: 0.3629
     Mean episode rew_foot_swing_height: -0.0171
        Mean episode rew_foot_clearance: -0.0070
    Mean episode rew_head_pose_tracking: 1.6752
          Mean episode rew_body_ang_vel: -0.1149
        Mean episode rew_dof_pos_limits: -0.0885
        Mean episode rew_laser_progress: 0.8477
               Mean episode rew_upright: 2.5342
            Mean episode rew_laser_stop: 0.0959
            Mean episode rew_laser_fall: -0.0347
             Mean episode rew_foot_slip: -0.0002
      Mean episode rew_angular_momentum: -0.0000
 Mean episode rew_track_linear_velocity: 3.8852
        Mean episode rew_action_rate_l2: -1.8723
--------------------------------------------------------------------------------
                         Iteration time: 1.89s
                           Time elapsed: 0:12:09
                                    ETA: 0:04:32

################################################################################
[1m                           Learning iteration 364/500                           [0m 

                               Run name: laser-follow-20260904-v1
                            Total steps: 8970240 
                       Steps per second: 13271 
                        Collection time: 1.616s 
                          Learning time: 0.236s 
                        Mean value loss: 0.5009
                    Mean surrogate loss: -0.0091
                      Mean entropy loss: 14.3181
                            Mean reward: 140.74
                    Mean episode length: 915.66
                        Mean action std: 0.69
       Mean episode rew_self_collisions: -0.0002
    Mean episode rew_body_pose_tracking: 0.0000
                  Mean episode rew_pose: 0.1356
        Mean episode rew_head_pose_bias: 0.0000
Mean episode rew_track_angular_velocity: 0.1119
              Mean episode rew_air_time: 0.3265
     Mean episode rew_foot_swing_height: -0.0179
        Mean episode rew_foot_clearance: -0.0071
    Mean episode rew_head_pose_tracking: 1.6138
          Mean episode rew_body_ang_vel: -0.1139
        Mean episode rew_dof_pos_limits: -0.0851
        Mean episode rew_laser_progress: 0.8526
               Mean episode rew_upright: 2.4451
            Mean episode rew_laser_stop: 0.0814
            Mean episode rew_laser_fall: -0.0312
             Mean episode rew_foot_slip: -0.0002
      Mean episode rew_angular_momentum: -0.0000
 Mean episode rew_track_linear_velocity: 3.7458
        Mean episode rew_action_rate_l2: -1.8202
--------------------------------------------------------------------------------
                         Iteration time: 1.85s
                           Time elapsed: 0:12:11
                                    ETA: 0:04:30

################################################################################
[1m                           Learning iteration 365/500                           [0m 

                               Run name: laser-follow-20260904-v1
                            Total steps: 8994816 
                       Steps per second: 13907 
                        Collection time: 1.523s 
                          Learning time: 0.244s 
                        Mean value loss: 0.4381
                    Mean surrogate loss: -0.0104
                      Mean entropy loss: 14.3032
                            Mean reward: 147.59
                    Mean episode length: 947.23
                        Mean action std: 0.69
       Mean episode rew_self_collisions: -0.0004
    Mean episode rew_body_pose_tracking: 0.0000
                  Mean episode rew_pose: 0.1290
        Mean episode rew_head_pose_bias: 0.0000
Mean episode rew_track_angular_velocity: 0.1221
              Mean episode rew_air_time: 0.3229
     Mean episode rew_foot_swing_height: -0.0163
        Mean episode rew_foot_clearance: -0.0067
    Mean episode rew_head_pose_tracking: 1.6511
          Mean episode rew_body_ang_vel: -0.1113
        Mean episode rew_dof_pos_limits: -0.0879
        Mean episode rew_laser_progress: 0.8121
               Mean episode rew_upright: 2.4804
            Mean episode rew_laser_stop: 0.1068
            Mean episode rew_laser_fall: -0.0208
             Mean episode rew_foot_slip: -0.0002
      Mean episode rew_angular_momentum: -0.0000
 Mean episode rew_track_linear_velocity: 3.8773
        Mean episode rew_action_rate_l2: -1.8621
--------------------------------------------------------------------------------
                         Iteration time: 1.77s
                           Time elapsed: 0:12:12
                                    ETA: 0:04:28

################################################################################
[1m                           Learning iteration 366/500                           [0m 

                               Run name: laser-follow-20260904-v1
                            Total steps: 9019392 
                       Steps per second: 13709 
                        Collection time: 1.548s 
                          Learning time: 0.245s 
                        Mean value loss: 0.7516
                    Mean surrogate loss: -0.0095
                      Mean entropy loss: 14.2928
                            Mean reward: 147.47
                    Mean episode length: 949.46
                        Mean action std: 0.69
       Mean episode rew_self_collisions: -0.0002
    Mean episode rew_body_pose_tracking: 0.0000
                  Mean episode rew_pose: 0.1574
        Mean episode rew_head_pose_bias: 0.0000
Mean episode rew_track_angular_velocity: 0.1204
              Mean episode rew_air_time: 0.3389
     Mean episode rew_foot_swing_height: -0.0222
        Mean episode rew_foot_clearance: -0.0078
    Mean episode rew_head_pose_tracking: 1.6691
          Mean episode rew_body_ang_vel: -0.1083
        Mean episode rew_dof_pos_limits: -0.0875
        Mean episode rew_laser_progress: 0.8825
               Mean episode rew_upright: 2.5366
            Mean episode rew_laser_stop: 0.0479
            Mean episode rew_laser_fall: -0.0469
             Mean episode rew_foot_slip: -0.0002
      Mean episode rew_angular_momentum: -0.0000
 Mean episode rew_track_linear_velocity: 3.8816
        Mean episode rew_action_rate_l2: -1.8312
--------------------------------------------------------------------------------
                         Iteration time: 1.79s
                           Time elapsed: 0:12:14
                                    ETA: 0:04:26

################################################################################
[1m                           Learning iteration 367/500                           [0m 

                               Run name: laser-follow-20260904-v1
                            Total steps: 9043968 
                       Steps per second: 13373 
                        Collection time: 1.600s 
                          Learning time: 0.238s 
                        Mean value loss: 0.4853
                    Mean surrogate loss: -0.0119
                      Mean entropy loss: 14.2953
                            Mean reward: 139.98
                    Mean episode length: 914.24
                        Mean action std: 0.69
       Mean episode rew_self_collisions: -0.0025
    Mean episode rew_body_pose_tracking: 0.0000
                  Mean episode rew_pose: 0.1235
        Mean episode rew_head_pose_bias: 0.0000
Mean episode rew_track_angular_velocity: 0.0824
              Mean episode rew_air_time: 0.3526
     Mean episode rew_foot_swing_height: -0.0169
        Mean episode rew_foot_clearance: -0.0070
    Mean episode rew_head_pose_tracking: 1.4120
          Mean episode rew_body_ang_vel: -0.1172
        Mean episode rew_dof_pos_limits: -0.0765
        Mean episode rew_laser_progress: 0.6547
               Mean episode rew_upright: 2.1077
            Mean episode rew_laser_stop: 0.0476
            Mean episode rew_laser_fall: -0.0868
             Mean episode rew_foot_slip: -0.0002
      Mean episode rew_angular_momentum: -0.0000
 Mean episode rew_track_linear_velocity: 3.2283
        Mean episode rew_action_rate_l2: -1.6073
--------------------------------------------------------------------------------
                         Iteration time: 1.84s
                           Time elapsed: 0:12:16
                                    ETA: 0:04:24

################################################################################
[1m                           Learning iteration 368/500                           [0m 

                               Run name: laser-follow-20260904-v1
                            Total steps: 9068544 
                       Steps per second: 13724 
                        Collection time: 1.548s 
                          Learning time: 0.243s 
                        Mean value loss: 0.2418
                    Mean surrogate loss: -0.0116
                      Mean entropy loss: 14.2867
                            Mean reward: 139.19
                    Mean episode length: 912.73
                        Mean action std: 0.69
       Mean episode rew_self_collisions: -0.0016
    Mean episode rew_body_pose_tracking: 0.0000
                  Mean episode rew_pose: 0.1250
        Mean episode rew_head_pose_bias: 0.0000
Mean episode rew_track_angular_velocity: 0.1076
              Mean episode rew_air_time: 0.3467
     Mean episode rew_foot_swing_height: -0.0164
        Mean episode rew_foot_clearance: -0.0067
    Mean episode rew_head_pose_tracking: 1.6292
          Mean episode rew_body_ang_vel: -0.1131
        Mean episode rew_dof_pos_limits: -0.0875
        Mean episode rew_laser_progress: 0.8208
               Mean episode rew_upright: 2.4848
            Mean episode rew_laser_stop: 0.0931
            Mean episode rew_laser_fall: -0.0243
             Mean episode rew_foot_slip: -0.0002
      Mean episode rew_angular_momentum: -0.0000
 Mean episode rew_track_linear_velocity: 3.7888
        Mean episode rew_action_rate_l2: -1.8290
--------------------------------------------------------------------------------
                         Iteration time: 1.79s
                           Time elapsed: 0:12:18
                                    ETA: 0:04:22

################################################################################
[1m                           Learning iteration 369/500                           [0m 

                               Run name: laser-follow-20260904-v1
                            Total steps: 9093120 
                       Steps per second: 13014 
                        Collection time: 1.639s 
                          Learning time: 0.249s 
                        Mean value loss: 0.6830
                    Mean surrogate loss: -0.0068
                      Mean entropy loss: 14.2606
                            Mean reward: 137.58
                    Mean episode length: 903.91
                        Mean action std: 0.69
       Mean episode rew_self_collisions: -0.0021
    Mean episode rew_body_pose_tracking: 0.0000
                  Mean episode rew_pose: 0.1191
        Mean episode rew_head_pose_bias: 0.0000
Mean episode rew_track_angular_velocity: 0.0988
              Mean episode rew_air_time: 0.3126
     Mean episode rew_foot_swing_height: -0.0164
        Mean episode rew_foot_clearance: -0.0063
    Mean episode rew_head_pose_tracking: 1.5551
          Mean episode rew_body_ang_vel: -0.1203
        Mean episode rew_dof_pos_limits: -0.0834
        Mean episode rew_laser_progress: 0.6621
               Mean episode rew_upright: 2.3565
            Mean episode rew_laser_stop: 0.0958
            Mean episode rew_laser_fall: -0.0521
             Mean episode rew_foot_slip: -0.0002
      Mean episode rew_angular_momentum: -0.0000
 Mean episode rew_track_linear_velocity: 3.6346
        Mean episode rew_action_rate_l2: -1.7408
--------------------------------------------------------------------------------
                         Iteration time: 1.89s
                           Time elapsed: 0:12:20
                                    ETA: 0:04:20

################################################################################
[1m                           Learning iteration 370/500                           [0m 

                               Run name: laser-follow-20260904-v1
                            Total steps: 9117696 
                       Steps per second: 12977 
                        Collection time: 1.642s 
                          Learning time: 0.251s 
                        Mean value loss: 0.4615
                    Mean surrogate loss: -0.0085
                      Mean entropy loss: 14.2534
                            Mean reward: 134.02
                    Mean episode length: 879.75
                        Mean action std: 0.69
       Mean episode rew_self_collisions: -0.0012
    Mean episode rew_body_pose_tracking: 0.0000
                  Mean episode rew_pose: 0.1135
        Mean episode rew_head_pose_bias: 0.0000
Mean episode rew_track_angular_velocity: 0.1082
              Mean episode rew_air_time: 0.2743
     Mean episode rew_foot_swing_height: -0.0152
        Mean episode rew_foot_clearance: -0.0057
    Mean episode rew_head_pose_tracking: 1.3858
          Mean episode rew_body_ang_vel: -0.0960
        Mean episode rew_dof_pos_limits: -0.0737
        Mean episode rew_laser_progress: 0.6579
               Mean episode rew_upright: 2.0952
            Mean episode rew_laser_stop: 0.0805
            Mean episode rew_laser_fall: -0.0764
             Mean episode rew_foot_slip: -0.0002
      Mean episode rew_angular_momentum: -0.0000
 Mean episode rew_track_linear_velocity: 3.2572
        Mean episode rew_action_rate_l2: -1.5167
--------------------------------------------------------------------------------
                         Iteration time: 1.89s
                           Time elapsed: 0:12:22
                                    ETA: 0:04:18

################################################################################
[1m                           Learning iteration 371/500                           [0m 

                               Run name: laser-follow-20260904-v1
                            Total steps: 9142272 
                       Steps per second: 13519 
                        Collection time: 1.574s 
                          Learning time: 0.244s 
                        Mean value loss: 0.5427
                    Mean surrogate loss: -0.0117
                      Mean entropy loss: 14.2313
                            Mean reward: 139.04
                    Mean episode length: 904.30
                        Mean action std: 0.69
       Mean episode rew_self_collisions: -0.0007
    Mean episode rew_body_pose_tracking: 0.0000
                  Mean episode rew_pose: 0.1508
        Mean episode rew_head_pose_bias: 0.0000
Mean episode rew_track_angular_velocity: 0.1145
              Mean episode rew_air_time: 0.4305
     Mean episode rew_foot_swing_height: -0.0191
        Mean episode rew_foot_clearance: -0.0073
    Mean episode rew_head_pose_tracking: 1.6487
          Mean episode rew_body_ang_vel: -0.1118
        Mean episode rew_dof_pos_limits: -0.0883
        Mean episode rew_laser_progress: 0.8100
               Mean episode rew_upright: 2.4753
            Mean episode rew_laser_stop: 0.0560
            Mean episode rew_laser_fall: -0.0503
             Mean episode rew_foot_slip: -0.0002
      Mean episode rew_angular_momentum: -0.0000
 Mean episode rew_track_linear_velocity: 3.8265
        Mean episode rew_action_rate_l2: -1.8347
--------------------------------------------------------------------------------
                         Iteration time: 1.82s
                           Time elapsed: 0:12:23
                                    ETA: 0:04:15

################################################################################
[1m                           Learning iteration 372/500                           [0m 

                               Run name: laser-follow-20260904-v1
                            Total steps: 9166848 
                       Steps per second: 13473 
                        Collection time: 1.584s 
                          Learning time: 0.240s 
                        Mean value loss: 0.5286
                    Mean surrogate loss: -0.0109
                      Mean entropy loss: 14.2202
                            Mean reward: 139.28
                    Mean episode length: 906.22
                        Mean action std: 0.69
       Mean episode rew_self_collisions: -0.0010
    Mean episode rew_body_pose_tracking: 0.0000
                  Mean episode rew_pose: 0.1127
        Mean episode rew_head_pose_bias: 0.0000
Mean episode rew_track_angular_velocity: 0.0990
              Mean episode rew_air_time: 0.2633
     Mean episode rew_foot_swing_height: -0.0160
        Mean episode rew_foot_clearance: -0.0058
    Mean episode rew_head_pose_tracking: 1.4755
          Mean episode rew_body_ang_vel: -0.1044
        Mean episode rew_dof_pos_limits: -0.0776
        Mean episode rew_laser_progress: 0.6222
               Mean episode rew_upright: 2.2524
            Mean episode rew_laser_stop: 0.0999
            Mean episode rew_laser_fall: -0.0469
             Mean episode rew_foot_slip: -0.0002
      Mean episode rew_angular_momentum: -0.0000
 Mean episode rew_track_linear_velocity: 3.4395
        Mean episode rew_action_rate_l2: -1.6272
--------------------------------------------------------------------------------
                         Iteration time: 1.82s
                           Time elapsed: 0:12:25
                                    ETA: 0:04:13

################################################################################
[1m                           Learning iteration 373/500                           [0m 

                               Run name: laser-follow-20260904-v1
                            Total steps: 9191424 
                       Steps per second: 13247 
                        Collection time: 1.612s 
                          Learning time: 0.243s 
                        Mean value loss: 0.5237
                    Mean surrogate loss: -0.0124
                      Mean entropy loss: 14.2087
                            Mean reward: 137.65
                    Mean episode length: 897.21
                        Mean action std: 0.69
       Mean episode rew_self_collisions: -0.0008
    Mean episode rew_body_pose_tracking: 0.0000
                  Mean episode rew_pose: 0.1201
        Mean episode rew_head_pose_bias: 0.0000
Mean episode rew_track_angular_velocity: 0.1132
              Mean episode rew_air_time: 0.3117
     Mean episode rew_foot_swing_height: -0.0155
        Mean episode rew_foot_clearance: -0.0061
    Mean episode rew_head_pose_tracking: 1.6296
          Mean episode rew_body_ang_vel: -0.1122
        Mean episode rew_dof_pos_limits: -0.0863
        Mean episode rew_laser_progress: 0.7093
               Mean episode rew_upright: 2.4735
            Mean episode rew_laser_stop: 0.1164
            Mean episode rew_laser_fall: -0.0304
             Mean episode rew_foot_slip: -0.0002
      Mean episode rew_angular_momentum: -0.0000
 Mean episode rew_track_linear_velocity: 3.8042
        Mean episode rew_action_rate_l2: -1.7965
--------------------------------------------------------------------------------
                         Iteration time: 1.86s
                           Time elapsed: 0:12:27
                                    ETA: 0:04:11

################################################################################
[1m                           Learning iteration 374/500                           [0m 

                               Run name: laser-follow-20260904-v1
                            Total steps: 9216000 
                       Steps per second: 13519 
                        Collection time: 1.576s 
                          Learning time: 0.242s 
                        Mean value loss: 0.7384
                    Mean surrogate loss: -0.0096
                      Mean entropy loss: 14.1971
                            Mean reward: 138.78
                    Mean episode length: 904.96
                        Mean action std: 0.69
       Mean episode rew_self_collisions: -0.0011
    Mean episode rew_body_pose_tracking: 0.0000
                  Mean episode rew_pose: 0.1205
        Mean episode rew_head_pose_bias: 0.0000
Mean episode rew_track_angular_velocity: 0.1042
              Mean episode rew_air_time: 0.3337
     Mean episode rew_foot_swing_height: -0.0166
        Mean episode rew_foot_clearance: -0.0064
    Mean episode rew_head_pose_tracking: 1.5651
          Mean episode rew_body_ang_vel: -0.1146
        Mean episode rew_dof_pos_limits: -0.0827
        Mean episode rew_laser_progress: 0.6815
               Mean episode rew_upright: 2.3637
            Mean episode rew_laser_stop: 0.0919
            Mean episode rew_laser_fall: -0.0330
             Mean episode rew_foot_slip: -0.0002
      Mean episode rew_angular_momentum: -0.0000
 Mean episode rew_track_linear_velocity: 3.6166
        Mean episode rew_action_rate_l2: -1.7224
--------------------------------------------------------------------------------
                         Iteration time: 1.82s
                           Time elapsed: 0:12:29
                                    ETA: 0:04:09

################################################################################
[1m                           Learning iteration 375/500                           [0m 

                               Run name: laser-follow-20260904-v1
                            Total steps: 9240576 
                       Steps per second: 13303 
                        Collection time: 1.608s 
                          Learning time: 0.239s 
                        Mean value loss: 0.5070
                    Mean surrogate loss: -0.0107
                      Mean entropy loss: 14.2007
                            Mean reward: 137.74
                    Mean episode length: 895.45
                        Mean action std: 0.69
       Mean episode rew_self_collisions: -0.0015
    Mean episode rew_body_pose_tracking: 0.0000
                  Mean episode rew_pose: 0.1019
        Mean episode rew_head_pose_bias: 0.0000
Mean episode rew_track_angular_velocity: 0.0941
              Mean episode rew_air_time: 0.3414
     Mean episode rew_foot_swing_height: -0.0125
        Mean episode rew_foot_clearance: -0.0058
    Mean episode rew_head_pose_tracking: 1.4010
          Mean episode rew_body_ang_vel: -0.1022
        Mean episode rew_dof_pos_limits: -0.0748
        Mean episode rew_laser_progress: 0.6612
               Mean episode rew_upright: 2.0876
            Mean episode rew_laser_stop: 0.0910
            Mean episode rew_laser_fall: -0.0729
             Mean episode rew_foot_slip: -0.0002
      Mean episode rew_angular_momentum: -0.0000
 Mean episode rew_track_linear_velocity: 3.2447
        Mean episode rew_action_rate_l2: -1.5534
--------------------------------------------------------------------------------
                         Iteration time: 1.85s
                           Time elapsed: 0:12:31
                                    ETA: 0:04:07

################################################################################
[1m                           Learning iteration 376/500                           [0m 

                               Run name: laser-follow-20260904-v1
                            Total steps: 9265152 
                       Steps per second: 13170 
                        Collection time: 1.622s 
                          Learning time: 0.244s 
                        Mean value loss: 0.5153
                    Mean surrogate loss: -0.0100
                      Mean entropy loss: 14.2000
                            Mean reward: 139.83
                    Mean episode length: 900.47
                        Mean action std: 0.69
       Mean episode rew_self_collisions: -0.0005
    Mean episode rew_body_pose_tracking: 0.0000
                  Mean episode rew_pose: 0.1295
        Mean episode rew_head_pose_bias: 0.0000
Mean episode rew_track_angular_velocity: 0.1219
              Mean episode rew_air_time: 0.3336
     Mean episode rew_foot_swing_height: -0.0167
        Mean episode rew_foot_clearance: -0.0064
    Mean episode rew_head_pose_tracking: 1.6252
          Mean episode rew_body_ang_vel: -0.1081
        Mean episode rew_dof_pos_limits: -0.0855
        Mean episode rew_laser_progress: 0.7885
               Mean episode rew_upright: 2.4611
            Mean episode rew_laser_stop: 0.1018
            Mean episode rew_laser_fall: -0.0243
             Mean episode rew_foot_slip: -0.0002
      Mean episode rew_angular_momentum: -0.0000
 Mean episode rew_track_linear_velocity: 3.8252
        Mean episode rew_action_rate_l2: -1.7652
--------------------------------------------------------------------------------
                         Iteration time: 1.87s
                           Time elapsed: 0:12:33
                                    ETA: 0:04:05

################################################################################
[1m                           Learning iteration 377/500                           [0m 

                               Run name: laser-follow-20260904-v1
                            Total steps: 9289728 
                       Steps per second: 13375 
                        Collection time: 1.597s 
                          Learning time: 0.241s 
                        Mean value loss: 0.3565
                    Mean surrogate loss: -0.0121
                      Mean entropy loss: 14.1882
                            Mean reward: 136.48
                    Mean episode length: 887.75
                        Mean action std: 0.69
       Mean episode rew_self_collisions: -0.0031
    Mean episode rew_body_pose_tracking: 0.0000
                  Mean episode rew_pose: 0.1142
        Mean episode rew_head_pose_bias: 0.0000
Mean episode rew_track_angular_velocity: 0.0983
              Mean episode rew_air_time: 0.3240
     Mean episode rew_foot_swing_height: -0.0151
        Mean episode rew_foot_clearance: -0.0064
    Mean episode rew_head_pose_tracking: 1.4946
          Mean episode rew_body_ang_vel: -0.1175
        Mean episode rew_dof_pos_limits: -0.0809
        Mean episode rew_laser_progress: 0.6891
               Mean episode rew_upright: 2.2289
            Mean episode rew_laser_stop: 0.0785
            Mean episode rew_laser_fall: -0.0538
             Mean episode rew_foot_slip: -0.0002
      Mean episode rew_angular_momentum: -0.0000
 Mean episode rew_track_linear_velocity: 3.4480
        Mean episode rew_action_rate_l2: -1.6716
--------------------------------------------------------------------------------
                         Iteration time: 1.84s
                           Time elapsed: 0:12:34
                                    ETA: 0:04:03

################################################################################
[1m                           Learning iteration 378/500                           [0m 

                               Run name: laser-follow-20260904-v1
                            Total steps: 9314304 
                       Steps per second: 13008 
                        Collection time: 1.652s 
                          Learning time: 0.237s 
                        Mean value loss: 0.3273
                    Mean surrogate loss: -0.0121
                      Mean entropy loss: 14.1606
                            Mean reward: 137.34
                    Mean episode length: 891.14
                        Mean action std: 0.69
       Mean episode rew_self_collisions: -0.0012
    Mean episode rew_body_pose_tracking: 0.0000
                  Mean episode rew_pose: 0.1187
        Mean episode rew_head_pose_bias: 0.0000
Mean episode rew_track_angular_velocity: 0.1140
              Mean episode rew_air_time: 0.3087
     Mean episode rew_foot_swing_height: -0.0151
        Mean episode rew_foot_clearance: -0.0060
    Mean episode rew_head_pose_tracking: 1.5346
          Mean episode rew_body_ang_vel: -0.1052
        Mean episode rew_dof_pos_limits: -0.0808
        Mean episode rew_laser_progress: 0.7254
               Mean episode rew_upright: 2.3066
            Mean episode rew_laser_stop: 0.0998
            Mean episode rew_laser_fall: -0.0365
             Mean episode rew_foot_slip: -0.0002
      Mean episode rew_angular_momentum: -0.0000
 Mean episode rew_track_linear_velocity: 3.5838
        Mean episode rew_action_rate_l2: -1.6674
--------------------------------------------------------------------------------
                         Iteration time: 1.89s
                           Time elapsed: 0:12:36
                                    ETA: 0:04:01

################################################################################
[1m                           Learning iteration 379/500                           [0m 

                               Run name: laser-follow-20260904-v1
                            Total steps: 9338880 
                       Steps per second: 14487 
                        Collection time: 1.451s 
                          Learning time: 0.245s 
                        Mean value loss: 0.2325
                    Mean surrogate loss: -0.0131
                      Mean entropy loss: 14.1119
                            Mean reward: 137.87
                    Mean episode length: 891.73
                        Mean action std: 0.68
       Mean episode rew_self_collisions: -0.0017
    Mean episode rew_body_pose_tracking: 0.0000
                  Mean episode rew_pose: 0.1293
        Mean episode rew_head_pose_bias: 0.0000
Mean episode rew_track_angular_velocity: 0.1061
              Mean episode rew_air_time: 0.3885
     Mean episode rew_foot_swing_height: -0.0157
        Mean episode rew_foot_clearance: -0.0069
    Mean episode rew_head_pose_tracking: 1.5972
          Mean episode rew_body_ang_vel: -0.1189
        Mean episode rew_dof_pos_limits: -0.0856
        Mean episode rew_laser_progress: 0.8323
               Mean episode rew_upright: 2.4083
            Mean episode rew_laser_stop: 0.0862
            Mean episode rew_laser_fall: -0.0312
             Mean episode rew_foot_slip: -0.0002
      Mean episode rew_angular_momentum: -0.0000
 Mean episode rew_track_linear_velocity: 3.7364
        Mean episode rew_action_rate_l2: -1.7745
--------------------------------------------------------------------------------
                         Iteration time: 1.70s
                           Time elapsed: 0:12:38
                                    ETA: 0:03:59

################################################################################
[1m                           Learning iteration 380/500                           [0m 

                               Run name: laser-follow-20260904-v1
                            Total steps: 9363456 
                       Steps per second: 13997 
                        Collection time: 1.518s 
                          Learning time: 0.238s 
                        Mean value loss: 0.3955
                    Mean surrogate loss: -0.0098
                      Mean entropy loss: 14.0755
                            Mean reward: 136.40
                    Mean episode length: 887.54
                        Mean action std: 0.68
       Mean episode rew_self_collisions: -0.0005
    Mean episode rew_body_pose_tracking: 0.0000
                  Mean episode rew_pose: 0.1240
        Mean episode rew_head_pose_bias: 0.0000
Mean episode rew_track_angular_velocity: 0.1279
              Mean episode rew_air_time: 0.3278
     Mean episode rew_foot_swing_height: -0.0157
        Mean episode rew_foot_clearance: -0.0064
    Mean episode rew_head_pose_tracking: 1.6722
          Mean episode rew_body_ang_vel: -0.1067
        Mean episode rew_dof_pos_limits: -0.0889
        Mean episode rew_laser_progress: 0.7671
               Mean episode rew_upright: 2.5110
            Mean episode rew_laser_stop: 0.1148
            Mean episode rew_laser_fall: -0.0191
             Mean episode rew_foot_slip: -0.0002
      Mean episode rew_angular_momentum: -0.0000
 Mean episode rew_track_linear_velocity: 3.9203
        Mean episode rew_action_rate_l2: -1.8093
--------------------------------------------------------------------------------
                         Iteration time: 1.76s
                           Time elapsed: 0:12:40
                                    ETA: 0:03:57

################################################################################
[1m                           Learning iteration 381/500                           [0m 

                               Run name: laser-follow-20260904-v1
                            Total steps: 9388032 
                       Steps per second: 13302 
                        Collection time: 1.610s 
                          Learning time: 0.238s 
                        Mean value loss: 0.4022
                    Mean surrogate loss: -0.0099
                      Mean entropy loss: 14.0588
                            Mean reward: 141.75
                    Mean episode length: 910.65
                        Mean action std: 0.68
       Mean episode rew_self_collisions: -0.0004
    Mean episode rew_body_pose_tracking: 0.0000
                  Mean episode rew_pose: 0.1446
        Mean episode rew_head_pose_bias: 0.0000
Mean episode rew_track_angular_velocity: 0.1302
              Mean episode rew_air_time: 0.3301
     Mean episode rew_foot_swing_height: -0.0188
        Mean episode rew_foot_clearance: -0.0070
    Mean episode rew_head_pose_tracking: 1.6388
          Mean episode rew_body_ang_vel: -0.1016
        Mean episode rew_dof_pos_limits: -0.0861
        Mean episode rew_laser_progress: 0.8416
               Mean episode rew_upright: 2.4860
            Mean episode rew_laser_stop: 0.0851
            Mean episode rew_laser_fall: -0.0182
             Mean episode rew_foot_slip: -0.0002
      Mean episode rew_angular_momentum: -0.0000
 Mean episode rew_track_linear_velocity: 3.8336
        Mean episode rew_action_rate_l2: -1.7774
--------------------------------------------------------------------------------
                         Iteration time: 1.85s
                           Time elapsed: 0:12:42
                                    ETA: 0:03:55

################################################################################
[1m                           Learning iteration 382/500                           [0m 

                               Run name: laser-follow-20260904-v1
                            Total steps: 9412608 
                       Steps per second: 13059 
                        Collection time: 1.638s 
                          Learning time: 0.244s 
                        Mean value loss: 0.4737
                    Mean surrogate loss: -0.0107
                      Mean entropy loss: 14.0501
                            Mean reward: 141.94
                    Mean episode length: 910.96
                        Mean action std: 0.68
       Mean episode rew_self_collisions: -0.0011
    Mean episode rew_body_pose_tracking: 0.0000
                  Mean episode rew_pose: 0.1314
        Mean episode rew_head_pose_bias: 0.0000
Mean episode rew_track_angular_velocity: 0.1149
              Mean episode rew_air_time: 0.3457
     Mean episode rew_foot_swing_height: -0.0169
        Mean episode rew_foot_clearance: -0.0067
    Mean episode rew_head_pose_tracking: 1.5866
          Mean episode rew_body_ang_vel: -0.1111
        Mean episode rew_dof_pos_limits: -0.0854
        Mean episode rew_laser_progress: 0.7581
               Mean episode rew_upright: 2.3996
            Mean episode rew_laser_stop: 0.0909
            Mean episode rew_laser_fall: -0.0434
             Mean episode rew_foot_slip: -0.0002
      Mean episode rew_angular_momentum: -0.0000
 Mean episode rew_track_linear_velocity: 3.7328
        Mean episode rew_action_rate_l2: -1.7488
--------------------------------------------------------------------------------
                         Iteration time: 1.88s
                           Time elapsed: 0:12:44
                                    ETA: 0:03:53

################################################################################
[1m                           Learning iteration 383/500                           [0m 

                               Run name: laser-follow-20260904-v1
                            Total steps: 9437184 
                       Steps per second: 13864 
                        Collection time: 1.528s 
                          Learning time: 0.244s 
                        Mean value loss: 0.5499
                    Mean surrogate loss: -0.0085
                      Mean entropy loss: 14.0488
                            Mean reward: 142.77
                    Mean episode length: 917.64
                        Mean action std: 0.68
       Mean episode rew_self_collisions: -0.0008
    Mean episode rew_body_pose_tracking: 0.0000
                  Mean episode rew_pose: 0.0918
        Mean episode rew_head_pose_bias: 0.0000
Mean episode rew_track_angular_velocity: 0.0925
              Mean episode rew_air_time: 0.2450
     Mean episode rew_foot_swing_height: -0.0117
        Mean episode rew_foot_clearance: -0.0050
    Mean episode rew_head_pose_tracking: 1.2638
          Mean episode rew_body_ang_vel: -0.0909
        Mean episode rew_dof_pos_limits: -0.0673
        Mean episode rew_laser_progress: 0.6176
               Mean episode rew_upright: 1.8747
            Mean episode rew_laser_stop: 0.0890
            Mean episode rew_laser_fall: -0.0833
             Mean episode rew_foot_slip: -0.0001
      Mean episode rew_angular_momentum: -0.0000
 Mean episode rew_track_linear_velocity: 2.9283
        Mean episode rew_action_rate_l2: -1.3601
--------------------------------------------------------------------------------
                         Iteration time: 1.77s
                           Time elapsed: 0:12:45
                                    ETA: 0:03:51

################################################################################
[1m                           Learning iteration 384/500                           [0m 

                               Run name: laser-follow-20260904-v1
                            Total steps: 9461760 
                       Steps per second: 13497 
                        Collection time: 1.578s 
                          Learning time: 0.243s 
                        Mean value loss: 0.5476
                    Mean surrogate loss: -0.0109
                      Mean entropy loss: 14.0301
                            Mean reward: 139.78
                    Mean episode length: 900.20
                        Mean action std: 0.68
       Mean episode rew_self_collisions: -0.0003
    Mean episode rew_body_pose_tracking: 0.0000
                  Mean episode rew_pose: 0.1132
        Mean episode rew_head_pose_bias: 0.0000
Mean episode rew_track_angular_velocity: 0.1111
              Mean episode rew_air_time: 0.2780
     Mean episode rew_foot_swing_height: -0.0141
        Mean episode rew_foot_clearance: -0.0057
    Mean episode rew_head_pose_tracking: 1.5102
          Mean episode rew_body_ang_vel: -0.1049
        Mean episode rew_dof_pos_limits: -0.0812
        Mean episode rew_laser_progress: 0.7139
               Mean episode rew_upright: 2.2998
            Mean episode rew_laser_stop: 0.1092
            Mean episode rew_laser_fall: -0.0556
             Mean episode rew_foot_slip: -0.0002
      Mean episode rew_angular_momentum: -0.0000
 Mean episode rew_track_linear_velocity: 3.5769
        Mean episode rew_action_rate_l2: -1.6461
--------------------------------------------------------------------------------
                         Iteration time: 1.82s
                           Time elapsed: 0:12:47
                                    ETA: 0:03:49

################################################################################
[1m                           Learning iteration 385/500                           [0m 

                               Run name: laser-follow-20260904-v1
                            Total steps: 9486336 
                       Steps per second: 13398 
                        Collection time: 1.588s 
                          Learning time: 0.246s 
                        Mean value loss: 0.6188
                    Mean surrogate loss: -0.0106
                      Mean entropy loss: 14.0206
                            Mean reward: 141.69
                    Mean episode length: 910.56
                        Mean action std: 0.68
       Mean episode rew_self_collisions: -0.0005
    Mean episode rew_body_pose_tracking: 0.0000
                  Mean episode rew_pose: 0.1318
        Mean episode rew_head_pose_bias: 0.0000
Mean episode rew_track_angular_velocity: 0.1264
              Mean episode rew_air_time: 0.3493
     Mean episode rew_foot_swing_height: -0.0165
        Mean episode rew_foot_clearance: -0.0065
    Mean episode rew_head_pose_tracking: 1.7205
          Mean episode rew_body_ang_vel: -0.1100
        Mean episode rew_dof_pos_limits: -0.0909
        Mean episode rew_laser_progress: 0.8172
               Mean episode rew_upright: 2.6306
            Mean episode rew_laser_stop: 0.1248
            Mean episode rew_laser_fall: -0.0078
             Mean episode rew_foot_slip: -0.0002
      Mean episode rew_angular_momentum: -0.0000
 Mean episode rew_track_linear_velocity: 4.0745
        Mean episode rew_action_rate_l2: -1.8428
--------------------------------------------------------------------------------
                         Iteration time: 1.83s
                           Time elapsed: 0:12:49
                                    ETA: 0:03:47

################################################################################
[1m                           Learning iteration 386/500                           [0m 

                               Run name: laser-follow-20260904-v1
                            Total steps: 9510912 
                       Steps per second: 13626 
                        Collection time: 1.565s 
                          Learning time: 0.239s 
                        Mean value loss: 0.5281
                    Mean surrogate loss: -0.0098
                      Mean entropy loss: 14.0163
                            Mean reward: 141.02
                    Mean episode length: 903.88
                        Mean action std: 0.68
       Mean episode rew_self_collisions: -0.0024
    Mean episode rew_body_pose_tracking: 0.0000
                  Mean episode rew_pose: 0.1033
        Mean episode rew_head_pose_bias: 0.0000
Mean episode rew_track_angular_velocity: 0.1067
              Mean episode rew_air_time: 0.3009
     Mean episode rew_foot_swing_height: -0.0127
        Mean episode rew_foot_clearance: -0.0055
    Mean episode rew_head_pose_tracking: 1.4817
          Mean episode rew_body_ang_vel: -0.1071
        Mean episode rew_dof_pos_limits: -0.0801
        Mean episode rew_laser_progress: 0.6696
               Mean episode rew_upright: 2.2438
            Mean episode rew_laser_stop: 0.1027
            Mean episode rew_laser_fall: -0.0590
             Mean episode rew_foot_slip: -0.0002
      Mean episode rew_angular_momentum: -0.0000
 Mean episode rew_track_linear_velocity: 3.4803
        Mean episode rew_action_rate_l2: -1.5744
--------------------------------------------------------------------------------
                         Iteration time: 1.80s
                           Time elapsed: 0:12:51
                                    ETA: 0:03:45

################################################################################
[1m                           Learning iteration 387/500                           [0m 

                               Run name: laser-follow-20260904-v1
                            Total steps: 9535488 
                       Steps per second: 12726 
                        Collection time: 1.686s 
                          Learning time: 0.245s 
                        Mean value loss: 0.6566
                    Mean surrogate loss: -0.0100
                      Mean entropy loss: 14.0169
                            Mean reward: 138.18
                    Mean episode length: 883.78
                        Mean action std: 0.68
       Mean episode rew_self_collisions: -0.0016
    Mean episode rew_body_pose_tracking: 0.0000
                  Mean episode rew_pose: 0.1130
        Mean episode rew_head_pose_bias: 0.0000
Mean episode rew_track_angular_velocity: 0.1073
              Mean episode rew_air_time: 0.3075
     Mean episode rew_foot_swing_height: -0.0131
        Mean episode rew_foot_clearance: -0.0058
    Mean episode rew_head_pose_tracking: 1.5035
          Mean episode rew_body_ang_vel: -0.1028
        Mean episode rew_dof_pos_limits: -0.0808
        Mean episode rew_laser_progress: 0.6479
               Mean episode rew_upright: 2.2670
            Mean episode rew_laser_stop: 0.1078
            Mean episode rew_laser_fall: -0.0651
             Mean episode rew_foot_slip: -0.0002
      Mean episode rew_angular_momentum: -0.0000
 Mean episode rew_track_linear_velocity: 3.5583
        Mean episode rew_action_rate_l2: -1.6308
--------------------------------------------------------------------------------
                         Iteration time: 1.93s
                           Time elapsed: 0:12:53
                                    ETA: 0:03:43

################################################################################
[1m                           Learning iteration 388/500                           [0m 

                               Run name: laser-follow-20260904-v1
                            Total steps: 9560064 
                       Steps per second: 13491 
                        Collection time: 1.582s 
                          Learning time: 0.239s 
                        Mean value loss: 0.6390
                    Mean surrogate loss: -0.0105
                      Mean entropy loss: 14.0223
                            Mean reward: 134.50
                    Mean episode length: 865.06
                        Mean action std: 0.68
       Mean episode rew_self_collisions: -0.0009
    Mean episode rew_body_pose_tracking: 0.0000
                  Mean episode rew_pose: 0.1365
        Mean episode rew_head_pose_bias: 0.0000
Mean episode rew_track_angular_velocity: 0.1227
              Mean episode rew_air_time: 0.3573
     Mean episode rew_foot_swing_height: -0.0171
        Mean episode rew_foot_clearance: -0.0067
    Mean episode rew_head_pose_tracking: 1.6740
          Mean episode rew_body_ang_vel: -0.1075
        Mean episode rew_dof_pos_limits: -0.0889
        Mean episode rew_laser_progress: 0.8228
               Mean episode rew_upright: 2.4988
            Mean episode rew_laser_stop: 0.0884
            Mean episode rew_laser_fall: -0.0174
             Mean episode rew_foot_slip: -0.0002
      Mean episode rew_angular_momentum: -0.0000
 Mean episode rew_track_linear_velocity: 3.9197
        Mean episode rew_action_rate_l2: -1.7771
--------------------------------------------------------------------------------
                         Iteration time: 1.82s
                           Time elapsed: 0:12:55
                                    ETA: 0:03:41

################################################################################
[1m                           Learning iteration 389/500                           [0m 

                               Run name: laser-follow-20260904-v1
                            Total steps: 9584640 
                       Steps per second: 12822 
                        Collection time: 1.669s 
                          Learning time: 0.247s 
                        Mean value loss: 0.5265
                    Mean surrogate loss: -0.0108
                      Mean entropy loss: 14.0272
                            Mean reward: 133.48
                    Mean episode length: 863.59
                        Mean action std: 0.68
       Mean episode rew_self_collisions: -0.0013
    Mean episode rew_body_pose_tracking: 0.0000
                  Mean episode rew_pose: 0.1187
        Mean episode rew_head_pose_bias: 0.0000
Mean episode rew_track_angular_velocity: 0.1048
              Mean episode rew_air_time: 0.3056
     Mean episode rew_foot_swing_height: -0.0161
        Mean episode rew_foot_clearance: -0.0061
    Mean episode rew_head_pose_tracking: 1.4909
          Mean episode rew_body_ang_vel: -0.1054
        Mean episode rew_dof_pos_limits: -0.0801
        Mean episode rew_laser_progress: 0.6892
               Mean episode rew_upright: 2.2346
            Mean episode rew_laser_stop: 0.0855
            Mean episode rew_laser_fall: -0.0694
             Mean episode rew_foot_slip: -0.0002
      Mean episode rew_angular_momentum: -0.0000
 Mean episode rew_track_linear_velocity: 3.4829
        Mean episode rew_action_rate_l2: -1.5838
--------------------------------------------------------------------------------
                         Iteration time: 1.92s
                           Time elapsed: 0:12:56
                                    ETA: 0:03:39

################################################################################
[1m                           Learning iteration 390/500                           [0m 

                               Run name: laser-follow-20260904-v1
                            Total steps: 9609216 
                       Steps per second: 13635 
                        Collection time: 1.561s 
                          Learning time: 0.241s 
                        Mean value loss: 0.4846
                    Mean surrogate loss: -0.0098
                      Mean entropy loss: 14.0366
                            Mean reward: 134.20
                    Mean episode length: 865.76
                        Mean action std: 0.68
       Mean episode rew_self_collisions: -0.0024
    Mean episode rew_body_pose_tracking: 0.0000
                  Mean episode rew_pose: 0.1149
        Mean episode rew_head_pose_bias: 0.0000
Mean episode rew_track_angular_velocity: 0.1100
              Mean episode rew_air_time: 0.3547
     Mean episode rew_foot_swing_height: -0.0142
        Mean episode rew_foot_clearance: -0.0065
    Mean episode rew_head_pose_tracking: 1.6330
          Mean episode rew_body_ang_vel: -0.1148
        Mean episode rew_dof_pos_limits: -0.0875
        Mean episode rew_laser_progress: 0.7776
               Mean episode rew_upright: 2.4805
            Mean episode rew_laser_stop: 0.1195
            Mean episode rew_laser_fall: -0.0417
             Mean episode rew_foot_slip: -0.0002
      Mean episode rew_angular_momentum: -0.0000
 Mean episode rew_track_linear_velocity: 3.8108
        Mean episode rew_action_rate_l2: -1.7509
--------------------------------------------------------------------------------
                         Iteration time: 1.80s
                           Time elapsed: 0:12:58
                                    ETA: 0:03:37

################################################################################
[1m                           Learning iteration 391/500                           [0m 

                               Run name: laser-follow-20260904-v1
                            Total steps: 9633792 
                       Steps per second: 13969 
                        Collection time: 1.513s 
                          Learning time: 0.246s 
                        Mean value loss: 0.5922
                    Mean surrogate loss: -0.0100
                      Mean entropy loss: 14.0375
                            Mean reward: 137.88
                    Mean episode length: 893.20
                        Mean action std: 0.68
       Mean episode rew_self_collisions: -0.0019
    Mean episode rew_body_pose_tracking: 0.0000
                  Mean episode rew_pose: 0.1091
        Mean episode rew_head_pose_bias: 0.0000
Mean episode rew_track_angular_velocity: 0.0928
              Mean episode rew_air_time: 0.4090
     Mean episode rew_foot_swing_height: -0.0138
        Mean episode rew_foot_clearance: -0.0065
    Mean episode rew_head_pose_tracking: 1.5728
          Mean episode rew_body_ang_vel: -0.1402
        Mean episode rew_dof_pos_limits: -0.0867
        Mean episode rew_laser_progress: 0.8207
               Mean episode rew_upright: 2.3135
            Mean episode rew_laser_stop: 0.0834
            Mean episode rew_laser_fall: -0.0434
             Mean episode rew_foot_slip: -0.0002
      Mean episode rew_angular_momentum: -0.0000
 Mean episode rew_track_linear_velocity: 3.6084
        Mean episode rew_action_rate_l2: -1.7374
--------------------------------------------------------------------------------
                         Iteration time: 1.76s
                           Time elapsed: 0:13:00
                                    ETA: 0:03:35

################################################################################
[1m                           Learning iteration 392/500                           [0m 

                               Run name: laser-follow-20260904-v1
                            Total steps: 9658368 
                       Steps per second: 13262 
                        Collection time: 1.614s 
                          Learning time: 0.239s 
                        Mean value loss: 0.4889
                    Mean surrogate loss: -0.0111
                      Mean entropy loss: 14.0280
                            Mean reward: 132.86
                    Mean episode length: 862.32
                        Mean action std: 0.68
       Mean episode rew_self_collisions: -0.0018
    Mean episode rew_body_pose_tracking: 0.0000
                  Mean episode rew_pose: 0.0903
        Mean episode rew_head_pose_bias: 0.0000
Mean episode rew_track_angular_velocity: 0.1128
              Mean episode rew_air_time: 0.2710
     Mean episode rew_foot_swing_height: -0.0097
        Mean episode rew_foot_clearance: -0.0045
    Mean episode rew_head_pose_tracking: 1.3465
          Mean episode rew_body_ang_vel: -0.0908
        Mean episode rew_dof_pos_limits: -0.0723
        Mean episode rew_laser_progress: 0.5994
               Mean episode rew_upright: 1.9844
            Mean episode rew_laser_stop: 0.1168
            Mean episode rew_laser_fall: -0.0885
             Mean episode rew_foot_slip: -0.0001
      Mean episode rew_angular_momentum: -0.0000
 Mean episode rew_track_linear_velocity: 3.1871
        Mean episode rew_action_rate_l2: -1.4222
--------------------------------------------------------------------------------
                         Iteration time: 1.85s
                           Time elapsed: 0:13:02
                                    ETA: 0:03:33

################################################################################
[1m                           Learning iteration 393/500                           [0m 

                               Run name: laser-follow-20260904-v1
                            Total steps: 9682944 
                       Steps per second: 13590 
                        Collection time: 1.555s 
                          Learning time: 0.254s 
                        Mean value loss: 0.3970
                    Mean surrogate loss: -0.0089
                      Mean entropy loss: 14.0192
                            Mean reward: 138.21
                    Mean episode length: 882.82
                        Mean action std: 0.68
       Mean episode rew_self_collisions: -0.0006
    Mean episode rew_body_pose_tracking: 0.0000
                  Mean episode rew_pose: 0.1135
        Mean episode rew_head_pose_bias: 0.0000
Mean episode rew_track_angular_velocity: 0.1211
              Mean episode rew_air_time: 0.3399
     Mean episode rew_foot_swing_height: -0.0125
        Mean episode rew_foot_clearance: -0.0056
    Mean episode rew_head_pose_tracking: 1.6204
          Mean episode rew_body_ang_vel: -0.1027
        Mean episode rew_dof_pos_limits: -0.0860
        Mean episode rew_laser_progress: 0.7447
               Mean episode rew_upright: 2.4570
            Mean episode rew_laser_stop: 0.1312
            Mean episode rew_laser_fall: -0.0226
             Mean episode rew_foot_slip: -0.0002
      Mean episode rew_angular_momentum: -0.0000
 Mean episode rew_track_linear_velocity: 3.8548
        Mean episode rew_action_rate_l2: -1.6929
--------------------------------------------------------------------------------
                         Iteration time: 1.81s
                           Time elapsed: 0:13:04
                                    ETA: 0:03:30

################################################################################
[1m                           Learning iteration 394/500                           [0m 

                               Run name: laser-follow-20260904-v1
                            Total steps: 9707520 
                       Steps per second: 13459 
                        Collection time: 1.587s 
                          Learning time: 0.239s 
                        Mean value loss: 0.5510
                    Mean surrogate loss: -0.0102
                      Mean entropy loss: 14.0044
                            Mean reward: 141.63
                    Mean episode length: 897.09
                        Mean action std: 0.68
       Mean episode rew_self_collisions: -0.0022
    Mean episode rew_body_pose_tracking: 0.0000
                  Mean episode rew_pose: 0.1293
        Mean episode rew_head_pose_bias: 0.0000
Mean episode rew_track_angular_velocity: 0.1299
              Mean episode rew_air_time: 0.3151
     Mean episode rew_foot_swing_height: -0.0172
        Mean episode rew_foot_clearance: -0.0064
    Mean episode rew_head_pose_tracking: 1.6997
          Mean episode rew_body_ang_vel: -0.1063
        Mean episode rew_dof_pos_limits: -0.0905
        Mean episode rew_laser_progress: 0.8006
               Mean episode rew_upright: 2.5685
            Mean episode rew_laser_stop: 0.1188
            Mean episode rew_laser_fall: -0.0229
             Mean episode rew_foot_slip: -0.0002
      Mean episode rew_angular_momentum: -0.0000
 Mean episode rew_track_linear_velocity: 4.0153
        Mean episode rew_action_rate_l2: -1.7796
--------------------------------------------------------------------------------
                         Iteration time: 1.83s
                           Time elapsed: 0:13:05
                                    ETA: 0:03:28

################################################################################
[1m                           Learning iteration 395/500                           [0m 

                               Run name: laser-follow-20260904-v1
                            Total steps: 9732096 
                       Steps per second: 13213 
                        Collection time: 1.617s 
                          Learning time: 0.243s 
                        Mean value loss: 0.4866
                    Mean surrogate loss: -0.0099
                      Mean entropy loss: 13.9927
                            Mean reward: 150.45
                    Mean episode length: 937.06
                        Mean action std: 0.68
       Mean episode rew_self_collisions: -0.0003
    Mean episode rew_body_pose_tracking: 0.0000
                  Mean episode rew_pose: 0.1281
        Mean episode rew_head_pose_bias: 0.0000
Mean episode rew_track_angular_velocity: 0.1331
              Mean episode rew_air_time: 0.3343
     Mean episode rew_foot_swing_height: -0.0163
        Mean episode rew_foot_clearance: -0.0062
    Mean episode rew_head_pose_tracking: 1.6267
          Mean episode rew_body_ang_vel: -0.0950
        Mean episode rew_dof_pos_limits: -0.0861
        Mean episode rew_laser_progress: 0.8682
               Mean episode rew_upright: 2.4790
            Mean episode rew_laser_stop: 0.1072
            Mean episode rew_laser_fall: -0.0260
             Mean episode rew_foot_slip: -0.0002
      Mean episode rew_angular_momentum: -0.0000
 Mean episode rew_track_linear_velocity: 3.8654
        Mean episode rew_action_rate_l2: -1.6894
--------------------------------------------------------------------------------
                         Iteration time: 1.86s
                           Time elapsed: 0:13:07
                                    ETA: 0:03:26

################################################################################
[1m                           Learning iteration 396/500                           [0m 

                               Run name: laser-follow-20260904-v1
                            Total steps: 9756672 
                       Steps per second: 13266 
                        Collection time: 1.610s 
                          Learning time: 0.242s 
                        Mean value loss: 0.4338
                    Mean surrogate loss: -0.0101
                      Mean entropy loss: 13.9754
                            Mean reward: 147.93
                    Mean episode length: 925.49
                        Mean action std: 0.68
       Mean episode rew_self_collisions: -0.0026
    Mean episode rew_body_pose_tracking: 0.0000
                  Mean episode rew_pose: 0.1044
        Mean episode rew_head_pose_bias: 0.0000
Mean episode rew_track_angular_velocity: 0.0966
              Mean episode rew_air_time: 0.3045
     Mean episode rew_foot_swing_height: -0.0131
        Mean episode rew_foot_clearance: -0.0058
    Mean episode rew_head_pose_tracking: 1.3594
          Mean episode rew_body_ang_vel: -0.1010
        Mean episode rew_dof_pos_limits: -0.0737
        Mean episode rew_laser_progress: 0.6733
               Mean episode rew_upright: 2.0605
            Mean episode rew_laser_stop: 0.0875
            Mean episode rew_laser_fall: -0.0868
             Mean episode rew_foot_slip: -0.0002
      Mean episode rew_angular_momentum: -0.0000
 Mean episode rew_track_linear_velocity: 3.1789
        Mean episode rew_action_rate_l2: -1.4528
--------------------------------------------------------------------------------
                         Iteration time: 1.85s
                           Time elapsed: 0:13:09
                                    ETA: 0:03:24

################################################################################
[1m                           Learning iteration 397/500                           [0m 

                               Run name: laser-follow-20260904-v1
                            Total steps: 9781248 
                       Steps per second: 13892 
                        Collection time: 1.525s 
                          Learning time: 0.244s 
                        Mean value loss: 0.3575
                    Mean surrogate loss: -0.0112
                      Mean entropy loss: 13.9513
                            Mean reward: 148.51
                    Mean episode length: 926.20
                        Mean action std: 0.68
       Mean episode rew_self_collisions: -0.0008
    Mean episode rew_body_pose_tracking: 0.0000
                  Mean episode rew_pose: 0.1243
        Mean episode rew_head_pose_bias: 0.0000
Mean episode rew_track_angular_velocity: 0.1337
              Mean episode rew_air_time: 0.3246
     Mean episode rew_foot_swing_height: -0.0147
        Mean episode rew_foot_clearance: -0.0061
    Mean episode rew_head_pose_tracking: 1.7419
          Mean episode rew_body_ang_vel: -0.1101
        Mean episode rew_dof_pos_limits: -0.0922
        Mean episode rew_laser_progress: 0.9096
               Mean episode rew_upright: 2.6530
            Mean episode rew_laser_stop: 0.1388
            Mean episode rew_laser_fall: -0.0104
             Mean episode rew_foot_slip: -0.0002
      Mean episode rew_angular_momentum: -0.0000
 Mean episode rew_track_linear_velocity: 4.1026
        Mean episode rew_action_rate_l2: -1.8274
--------------------------------------------------------------------------------
                         Iteration time: 1.77s
                           Time elapsed: 0:13:11
                                    ETA: 0:03:22

################################################################################
[1m                           Learning iteration 398/500                           [0m 

                               Run name: laser-follow-20260904-v1
                            Total steps: 9805824 
                       Steps per second: 13219 
                        Collection time: 1.612s 
                          Learning time: 0.247s 
                        Mean value loss: 0.3597
                    Mean surrogate loss: -0.0115
                      Mean entropy loss: 13.9383
                            Mean reward: 146.91
                    Mean episode length: 921.04
                        Mean action std: 0.68
       Mean episode rew_self_collisions: -0.0013
    Mean episode rew_body_pose_tracking: 0.0000
                  Mean episode rew_pose: 0.1369
        Mean episode rew_head_pose_bias: 0.0000
Mean episode rew_track_angular_velocity: 0.1236
              Mean episode rew_air_time: 0.4014
     Mean episode rew_foot_swing_height: -0.0169
        Mean episode rew_foot_clearance: -0.0069
    Mean episode rew_head_pose_tracking: 1.6235
          Mean episode rew_body_ang_vel: -0.1086
        Mean episode rew_dof_pos_limits: -0.0874
        Mean episode rew_laser_progress: 0.8036
               Mean episode rew_upright: 2.4494
            Mean episode rew_laser_stop: 0.0796
            Mean episode rew_laser_fall: -0.0174
             Mean episode rew_foot_slip: -0.0002
      Mean episode rew_angular_momentum: -0.0000
 Mean episode rew_track_linear_velocity: 3.8209
        Mean episode rew_action_rate_l2: -1.6981
--------------------------------------------------------------------------------
                         Iteration time: 1.86s
                           Time elapsed: 0:13:13
                                    ETA: 0:03:20

################################################################################
[1m                           Learning iteration 399/500                           [0m 

                               Run name: laser-follow-20260904-v1
                            Total steps: 9830400 
                       Steps per second: 13615 
                        Collection time: 1.549s 
                          Learning time: 0.256s 
                        Mean value loss: 0.5620
                    Mean surrogate loss: -0.0074
                      Mean entropy loss: 13.9314
                            Mean reward: 146.70
                    Mean episode length: 927.78
                        Mean action std: 0.68
       Mean episode rew_self_collisions: -0.0006
    Mean episode rew_body_pose_tracking: 0.0000
                  Mean episode rew_pose: 0.1217
        Mean episode rew_head_pose_bias: 0.0000
Mean episode rew_track_angular_velocity: 0.1308
              Mean episode rew_air_time: 0.3041
     Mean episode rew_foot_swing_height: -0.0144
        Mean episode rew_foot_clearance: -0.0061
    Mean episode rew_head_pose_tracking: 1.6516
          Mean episode rew_body_ang_vel: -0.1097
        Mean episode rew_dof_pos_limits: -0.0884
        Mean episode rew_laser_progress: 0.7761
               Mean episode rew_upright: 2.4580
            Mean episode rew_laser_stop: 0.1182
            Mean episode rew_laser_fall: -0.0182
             Mean episode rew_foot_slip: -0.0002
      Mean episode rew_angular_momentum: -0.0000
 Mean episode rew_track_linear_velocity: 3.8631
        Mean episode rew_action_rate_l2: -1.7498
--------------------------------------------------------------------------------
                         Iteration time: 1.81s
                           Time elapsed: 0:13:15
                                    ETA: 0:03:18

################################################################################
[1m                           Learning iteration 400/500                           [0m 

                               Run name: laser-follow-20260904-v1
                            Total steps: 9854976 
                       Steps per second: 12774 
                        Collection time: 1.679s 
                          Learning time: 0.244s 
                        Mean value loss: 0.4378
                    Mean surrogate loss: -0.0087
                      Mean entropy loss: 13.9257
                            Mean reward: 147.31
                    Mean episode length: 929.24
                        Mean action std: 0.68
       Mean episode rew_self_collisions: -0.0014
    Mean episode rew_body_pose_tracking: 0.0000
                  Mean episode rew_pose: 0.1169
        Mean episode rew_head_pose_bias: 0.0000
Mean episode rew_track_angular_velocity: 0.1180
              Mean episode rew_air_time: 0.3362
     Mean episode rew_foot_swing_height: -0.0142
        Mean episode rew_foot_clearance: -0.0058
    Mean episode rew_head_pose_tracking: 1.5259
          Mean episode rew_body_ang_vel: -0.1015
        Mean episode rew_dof_pos_limits: -0.0824
        Mean episode rew_laser_progress: 0.7652
               Mean episode rew_upright: 2.3050
            Mean episode rew_laser_stop: 0.0990
            Mean episode rew_laser_fall: -0.0573
             Mean episode rew_foot_slip: -0.0002
      Mean episode rew_angular_momentum: -0.0000
 Mean episode rew_track_linear_velocity: 3.6091
        Mean episode rew_action_rate_l2: -1.5917
--------------------------------------------------------------------------------
                         Iteration time: 1.92s
                           Time elapsed: 0:13:17
                                    ETA: 0:03:16

################################################################################
[1m                           Learning iteration 401/500                           [0m 

                               Run name: laser-follow-20260904-v1
                            Total steps: 9879552 
                       Steps per second: 14589 
                        Collection time: 1.437s 
                          Learning time: 0.248s 
                        Mean value loss: 0.4128
                    Mean surrogate loss: -0.0113
                      Mean entropy loss: 13.9144
                            Mean reward: 146.80
                    Mean episode length: 926.88
                        Mean action std: 0.68
       Mean episode rew_self_collisions: -0.0006
    Mean episode rew_body_pose_tracking: 0.0000
                  Mean episode rew_pose: 0.1358
        Mean episode rew_head_pose_bias: 0.0000
Mean episode rew_track_angular_velocity: 0.1198
              Mean episode rew_air_time: 0.3297
     Mean episode rew_foot_swing_height: -0.0159
        Mean episode rew_foot_clearance: -0.0066
    Mean episode rew_head_pose_tracking: 1.6016
          Mean episode rew_body_ang_vel: -0.1004
        Mean episode rew_dof_pos_limits: -0.0853
        Mean episode rew_laser_progress: 0.8671
               Mean episode rew_upright: 2.4405
            Mean episode rew_laser_stop: 0.0812
            Mean episode rew_laser_fall: -0.0521
             Mean episode rew_foot_slip: -0.0002
      Mean episode rew_angular_momentum: -0.0000
 Mean episode rew_track_linear_velocity: 3.8126
        Mean episode rew_action_rate_l2: -1.6595
--------------------------------------------------------------------------------
                         Iteration time: 1.68s
                           Time elapsed: 0:13:18
                                    ETA: 0:03:14

################################################################################
[1m                           Learning iteration 402/500                           [0m 

                               Run name: laser-follow-20260904-v1
                            Total steps: 9904128 
                       Steps per second: 12832 
                        Collection time: 1.667s 
                          Learning time: 0.248s 
                        Mean value loss: 0.3066
                    Mean surrogate loss: -0.0119
                      Mean entropy loss: 13.8879
                            Mean reward: 143.06
                    Mean episode length: 900.22
                        Mean action std: 0.67
       Mean episode rew_self_collisions: -0.0029
    Mean episode rew_body_pose_tracking: 0.0000
                  Mean episode rew_pose: 0.1247
        Mean episode rew_head_pose_bias: 0.0000
Mean episode rew_track_angular_velocity: 0.1178
              Mean episode rew_air_time: 0.2955
     Mean episode rew_foot_swing_height: -0.0154
        Mean episode rew_foot_clearance: -0.0063
    Mean episode rew_head_pose_tracking: 1.5300
          Mean episode rew_body_ang_vel: -0.1016
        Mean episode rew_dof_pos_limits: -0.0826
        Mean episode rew_laser_progress: 0.8145
               Mean episode rew_upright: 2.3318
            Mean episode rew_laser_stop: 0.0907
            Mean episode rew_laser_fall: -0.0521
             Mean episode rew_foot_slip: -0.0002
      Mean episode rew_angular_momentum: -0.0000
 Mean episode rew_track_linear_velocity: 3.6179
        Mean episode rew_action_rate_l2: -1.5983
--------------------------------------------------------------------------------
                         Iteration time: 1.92s
                           Time elapsed: 0:13:20
                                    ETA: 0:03:12

################################################################################
[1m                           Learning iteration 403/500                           [0m 

                               Run name: laser-follow-20260904-v1
                            Total steps: 9928704 
                       Steps per second: 13471 
                        Collection time: 1.582s 
                          Learning time: 0.242s 
                        Mean value loss: 0.5070
                    Mean surrogate loss: -0.0086
                      Mean entropy loss: 13.8606
                            Mean reward: 144.45
                    Mean episode length: 909.85
                        Mean action std: 0.67
       Mean episode rew_self_collisions: -0.0006
    Mean episode rew_body_pose_tracking: 0.0000
                  Mean episode rew_pose: 0.1257
        Mean episode rew_head_pose_bias: 0.0000
Mean episode rew_track_angular_velocity: 0.1158
              Mean episode rew_air_time: 0.3892
     Mean episode rew_foot_swing_height: -0.0152
        Mean episode rew_foot_clearance: -0.0067
    Mean episode rew_head_pose_tracking: 1.6845
          Mean episode rew_body_ang_vel: -0.1192
        Mean episode rew_dof_pos_limits: -0.0903
        Mean episode rew_laser_progress: 0.7988
               Mean episode rew_upright: 2.5378
            Mean episode rew_laser_stop: 0.1080
            Mean episode rew_laser_fall: -0.0122
             Mean episode rew_foot_slip: -0.0002
      Mean episode rew_angular_momentum: -0.0000
 Mean episode rew_track_linear_velocity: 3.9366
        Mean episode rew_action_rate_l2: -1.7589
--------------------------------------------------------------------------------
                         Iteration time: 1.82s
                           Time elapsed: 0:13:22
                                    ETA: 0:03:10

################################################################################
[1m                           Learning iteration 404/500                           [0m 

                               Run name: laser-follow-20260904-v1
                            Total steps: 9953280 
                       Steps per second: 12877 
                        Collection time: 1.668s 
                          Learning time: 0.240s 
                        Mean value loss: 0.4377
                    Mean surrogate loss: -0.0109
                      Mean entropy loss: 13.8463
                            Mean reward: 143.97
                    Mean episode length: 906.16
                        Mean action std: 0.67
       Mean episode rew_self_collisions: -0.0039
    Mean episode rew_body_pose_tracking: 0.0000
                  Mean episode rew_pose: 0.1204
        Mean episode rew_head_pose_bias: 0.0000
Mean episode rew_track_angular_velocity: 0.1226
              Mean episode rew_air_time: 0.3498
     Mean episode rew_foot_swing_height: -0.0144
        Mean episode rew_foot_clearance: -0.0061
    Mean episode rew_head_pose_tracking: 1.6158
          Mean episode rew_body_ang_vel: -0.0993
        Mean episode rew_dof_pos_limits: -0.0874
        Mean episode rew_laser_progress: 0.7707
               Mean episode rew_upright: 2.4369
            Mean episode rew_laser_stop: 0.1146
            Mean episode rew_laser_fall: -0.0382
             Mean episode rew_foot_slip: -0.0002
      Mean episode rew_angular_momentum: -0.0000
 Mean episode rew_track_linear_velocity: 3.8167
        Mean episode rew_action_rate_l2: -1.6444
--------------------------------------------------------------------------------
                         Iteration time: 1.91s
                           Time elapsed: 0:13:24
                                    ETA: 0:03:08

################################################################################
[1m                           Learning iteration 405/500                           [0m 

                               Run name: laser-follow-20260904-v1
                            Total steps: 9977856 
                       Steps per second: 12515 
                        Collection time: 1.724s 
                          Learning time: 0.239s 
                        Mean value loss: 0.4945
                    Mean surrogate loss: -0.0110
                      Mean entropy loss: 13.8338
                            Mean reward: 147.11
                    Mean episode length: 917.50
                        Mean action std: 0.67
       Mean episode rew_self_collisions: -0.0015
    Mean episode rew_body_pose_tracking: 0.0000
                  Mean episode rew_pose: 0.1168
        Mean episode rew_head_pose_bias: 0.0000
Mean episode rew_track_angular_velocity: 0.1250
              Mean episode rew_air_time: 0.3350
     Mean episode rew_foot_swing_height: -0.0132
        Mean episode rew_foot_clearance: -0.0058
    Mean episode rew_head_pose_tracking: 1.6343
          Mean episode rew_body_ang_vel: -0.1022
        Mean episode rew_dof_pos_limits: -0.0876
        Mean episode rew_laser_progress: 0.8214
               Mean episode rew_upright: 2.4948
            Mean episode rew_laser_stop: 0.1316
            Mean episode rew_laser_fall: -0.0295
             Mean episode rew_foot_slip: -0.0002
      Mean episode rew_angular_momentum: -0.0000
 Mean episode rew_track_linear_velocity: 3.8721
        Mean episode rew_action_rate_l2: -1.6822
--------------------------------------------------------------------------------
                         Iteration time: 1.96s
                           Time elapsed: 0:13:26
                                    ETA: 0:03:06

################################################################################
[1m                           Learning iteration 406/500                           [0m 

                               Run name: laser-follow-20260904-v1
                            Total steps: 10002432 
                       Steps per second: 13714 
                        Collection time: 1.545s 
                          Learning time: 0.247s 
                        Mean value loss: 0.4640
                    Mean surrogate loss: -0.0118
                      Mean entropy loss: 13.8243
                            Mean reward: 145.20
                    Mean episode length: 907.97
                        Mean action std: 0.67
       Mean episode rew_self_collisions: -0.0022
    Mean episode rew_body_pose_tracking: 0.0000
                  Mean episode rew_pose: 0.1267
        Mean episode rew_head_pose_bias: 0.0000
Mean episode rew_track_angular_velocity: 0.1240
              Mean episode rew_air_time: 0.3285
     Mean episode rew_foot_swing_height: -0.0157
        Mean episode rew_foot_clearance: -0.0062
    Mean episode rew_head_pose_tracking: 1.5993
          Mean episode rew_body_ang_vel: -0.1040
        Mean episode rew_dof_pos_limits: -0.0852
        Mean episode rew_laser_progress: 0.8009
               Mean episode rew_upright: 2.3842
            Mean episode rew_laser_stop: 0.1077
            Mean episode rew_laser_fall: -0.0495
             Mean episode rew_foot_slip: -0.0002
      Mean episode rew_angular_momentum: -0.0000
 Mean episode rew_track_linear_velocity: 3.7817
        Mean episode rew_action_rate_l2: -1.6475
--------------------------------------------------------------------------------
                         Iteration time: 1.79s
                           Time elapsed: 0:13:28
                                    ETA: 0:03:04

################################################################################
[1m                           Learning iteration 407/500                           [0m 

                               Run name: laser-follow-20260904-v1
                            Total steps: 10027008 
                       Steps per second: 13268 
                        Collection time: 1.590s 
                          Learning time: 0.263s 
                        Mean value loss: 0.5070
                    Mean surrogate loss: -0.0098
                      Mean entropy loss: 13.8144
                            Mean reward: 145.58
                    Mean episode length: 911.02
                        Mean action std: 0.67
       Mean episode rew_self_collisions: -0.0012
    Mean episode rew_body_pose_tracking: 0.0000
                  Mean episode rew_pose: 0.1255
        Mean episode rew_head_pose_bias: 0.0000
Mean episode rew_track_angular_velocity: 0.1155
              Mean episode rew_air_time: 0.3386
     Mean episode rew_foot_swing_height: -0.0152
        Mean episode rew_foot_clearance: -0.0065
    Mean episode rew_head_pose_tracking: 1.6316
          Mean episode rew_body_ang_vel: -0.1066
        Mean episode rew_dof_pos_limits: -0.0870
        Mean episode rew_laser_progress: 0.7518
               Mean episode rew_upright: 2.4462
            Mean episode rew_laser_stop: 0.1093
            Mean episode rew_laser_fall: -0.0278
             Mean episode rew_foot_slip: -0.0002
      Mean episode rew_angular_momentum: -0.0000
 Mean episode rew_track_linear_velocity: 3.8256
        Mean episode rew_action_rate_l2: -1.7003
--------------------------------------------------------------------------------
                         Iteration time: 1.85s
                           Time elapsed: 0:13:29
                                    ETA: 0:03:02

################################################################################
[1m                           Learning iteration 408/500                           [0m 

                               Run name: laser-follow-20260904-v1
                            Total steps: 10051584 
                       Steps per second: 13765 
                        Collection time: 1.537s 
                          Learning time: 0.248s 
                        Mean value loss: 0.4883
                    Mean surrogate loss: -0.0104
                      Mean entropy loss: 13.8066
                            Mean reward: 146.08
                    Mean episode length: 912.48
                        Mean action std: 0.67
       Mean episode rew_self_collisions: -0.0011
    Mean episode rew_body_pose_tracking: 0.0000
                  Mean episode rew_pose: 0.1318
        Mean episode rew_head_pose_bias: 0.0000
Mean episode rew_track_angular_velocity: 0.1241
              Mean episode rew_air_time: 0.3473
     Mean episode rew_foot_swing_height: -0.0150
        Mean episode rew_foot_clearance: -0.0066
    Mean episode rew_head_pose_tracking: 1.4876
          Mean episode rew_body_ang_vel: -0.0881
        Mean episode rew_dof_pos_limits: -0.0792
        Mean episode rew_laser_progress: 0.8666
               Mean episode rew_upright: 2.2483
            Mean episode rew_laser_stop: 0.0626
            Mean episode rew_laser_fall: -0.0729
             Mean episode rew_foot_slip: -0.0002
      Mean episode rew_angular_momentum: -0.0000
 Mean episode rew_track_linear_velocity: 3.5077
        Mean episode rew_action_rate_l2: -1.5131
--------------------------------------------------------------------------------
                         Iteration time: 1.79s
                           Time elapsed: 0:13:31
                                    ETA: 0:03:00

################################################################################
[1m                           Learning iteration 409/500                           [0m 

                               Run name: laser-follow-20260904-v1
                            Total steps: 10076160 
                       Steps per second: 13203 
                        Collection time: 1.612s 
                          Learning time: 0.249s 
                        Mean value loss: 0.4925
                    Mean surrogate loss: -0.0110
                      Mean entropy loss: 13.7855
                            Mean reward: 143.23
                    Mean episode length: 899.94
                        Mean action std: 0.67
       Mean episode rew_self_collisions: -0.0014
    Mean episode rew_body_pose_tracking: 0.0000
                  Mean episode rew_pose: 0.0932
        Mean episode rew_head_pose_bias: 0.0000
Mean episode rew_track_angular_velocity: 0.1057
              Mean episode rew_air_time: 0.2993
     Mean episode rew_foot_swing_height: -0.0107
        Mean episode rew_foot_clearance: -0.0050
    Mean episode rew_head_pose_tracking: 1.4637
          Mean episode rew_body_ang_vel: -0.0997
        Mean episode rew_dof_pos_limits: -0.0793
        Mean episode rew_laser_progress: 0.6446
               Mean episode rew_upright: 2.2090
            Mean episode rew_laser_stop: 0.1247
            Mean episode rew_laser_fall: -0.0625
             Mean episode rew_foot_slip: -0.0001
      Mean episode rew_angular_momentum: -0.0000
 Mean episode rew_track_linear_velocity: 3.4327
        Mean episode rew_action_rate_l2: -1.5088
--------------------------------------------------------------------------------
                         Iteration time: 1.86s
                           Time elapsed: 0:13:33
                                    ETA: 0:02:58

################################################################################
[1m                           Learning iteration 410/500                           [0m 

                               Run name: laser-follow-20260904-v1
                            Total steps: 10100736 
                       Steps per second: 13237 
                        Collection time: 1.605s 
                          Learning time: 0.251s 
                        Mean value loss: 0.3556
                    Mean surrogate loss: -0.0098
                      Mean entropy loss: 13.7633
                            Mean reward: 143.29
                    Mean episode length: 899.00
                        Mean action std: 0.67
       Mean episode rew_self_collisions: -0.0011
    Mean episode rew_body_pose_tracking: 0.0000
                  Mean episode rew_pose: 0.1255
        Mean episode rew_head_pose_bias: 0.0000
Mean episode rew_track_angular_velocity: 0.1112
              Mean episode rew_air_time: 0.3242
     Mean episode rew_foot_swing_height: -0.0158
        Mean episode rew_foot_clearance: -0.0060
    Mean episode rew_head_pose_tracking: 1.5404
          Mean episode rew_body_ang_vel: -0.0995
        Mean episode rew_dof_pos_limits: -0.0821
        Mean episode rew_laser_progress: 0.7169
               Mean episode rew_upright: 2.3518
            Mean episode rew_laser_stop: 0.0971
            Mean episode rew_laser_fall: -0.0451
             Mean episode rew_foot_slip: -0.0002
      Mean episode rew_angular_momentum: -0.0000
 Mean episode rew_track_linear_velocity: 3.6214
        Mean episode rew_action_rate_l2: -1.5782
--------------------------------------------------------------------------------
                         Iteration time: 1.86s
                           Time elapsed: 0:13:35
                                    ETA: 0:02:56

################################################################################
[1m                           Learning iteration 411/500                           [0m 

                               Run name: laser-follow-20260904-v1
                            Total steps: 10125312 
                       Steps per second: 13049 
                        Collection time: 1.643s 
                          Learning time: 0.241s 
                        Mean value loss: 0.6001
                    Mean surrogate loss: -0.0097
                      Mean entropy loss: 13.7555
                            Mean reward: 147.99
                    Mean episode length: 916.43
                        Mean action std: 0.67
       Mean episode rew_self_collisions: -0.0009
    Mean episode rew_body_pose_tracking: 0.0000
                  Mean episode rew_pose: 0.1403
        Mean episode rew_head_pose_bias: 0.0000
Mean episode rew_track_angular_velocity: 0.1336
              Mean episode rew_air_time: 0.3720
     Mean episode rew_foot_swing_height: -0.0167
        Mean episode rew_foot_clearance: -0.0069
    Mean episode rew_head_pose_tracking: 1.7103
          Mean episode rew_body_ang_vel: -0.1041
        Mean episode rew_dof_pos_limits: -0.0909
        Mean episode rew_laser_progress: 0.9806
               Mean episode rew_upright: 2.6130
            Mean episode rew_laser_stop: 0.0988
            Mean episode rew_laser_fall: -0.0104
             Mean episode rew_foot_slip: -0.0002
      Mean episode rew_angular_momentum: -0.0000
 Mean episode rew_track_linear_velocity: 4.0541
        Mean episode rew_action_rate_l2: -1.7467
--------------------------------------------------------------------------------
                         Iteration time: 1.88s
                           Time elapsed: 0:13:37
                                    ETA: 0:02:54

################################################################################
[1m                           Learning iteration 412/500                           [0m 

                               Run name: laser-follow-20260904-v1
                            Total steps: 10149888 
                       Steps per second: 13379 
                        Collection time: 1.587s 
                          Learning time: 0.250s 
                        Mean value loss: 0.4006
                    Mean surrogate loss: -0.0115
                      Mean entropy loss: 13.7484
                            Mean reward: 149.16
                    Mean episode length: 921.50
                        Mean action std: 0.67
       Mean episode rew_self_collisions: -0.0031
    Mean episode rew_body_pose_tracking: 0.0000
                  Mean episode rew_pose: 0.1347
        Mean episode rew_head_pose_bias: 0.0000
Mean episode rew_track_angular_velocity: 0.1236
              Mean episode rew_air_time: 0.3457
     Mean episode rew_foot_swing_height: -0.0167
        Mean episode rew_foot_clearance: -0.0063
    Mean episode rew_head_pose_tracking: 1.5289
          Mean episode rew_body_ang_vel: -0.0899
        Mean episode rew_dof_pos_limits: -0.0819
        Mean episode rew_laser_progress: 0.7713
               Mean episode rew_upright: 2.3108
            Mean episode rew_laser_stop: 0.0705
            Mean episode rew_laser_fall: -0.0503
             Mean episode rew_foot_slip: -0.0002
      Mean episode rew_angular_momentum: -0.0000
 Mean episode rew_track_linear_velocity: 3.6128
        Mean episode rew_action_rate_l2: -1.5451
--------------------------------------------------------------------------------
                         Iteration time: 1.84s
                           Time elapsed: 0:13:39
                                    ETA: 0:02:52

################################################################################
[1m                           Learning iteration 413/500                           [0m 

                               Run name: laser-follow-20260904-v1
                            Total steps: 10174464 
                       Steps per second: 13449 
                        Collection time: 1.586s 
                          Learning time: 0.241s 
                        Mean value loss: 0.4343
                    Mean surrogate loss: -0.0097
                      Mean entropy loss: 13.7260
                            Mean reward: 152.11
                    Mean episode length: 932.11
                        Mean action std: 0.67
       Mean episode rew_self_collisions: -0.0028
    Mean episode rew_body_pose_tracking: 0.0000
                  Mean episode rew_pose: 0.1278
        Mean episode rew_head_pose_bias: 0.0000
Mean episode rew_track_angular_velocity: 0.1382
              Mean episode rew_air_time: 0.3369
     Mean episode rew_foot_swing_height: -0.0152
        Mean episode rew_foot_clearance: -0.0060
    Mean episode rew_head_pose_tracking: 1.6550
          Mean episode rew_body_ang_vel: -0.0976
        Mean episode rew_dof_pos_limits: -0.0876
        Mean episode rew_laser_progress: 0.8452
               Mean episode rew_upright: 2.5069
            Mean episode rew_laser_stop: 0.1223
            Mean episode rew_laser_fall: -0.0399
             Mean episode rew_foot_slip: -0.0002
      Mean episode rew_angular_momentum: -0.0000
 Mean episode rew_track_linear_velocity: 3.9572
        Mean episode rew_action_rate_l2: -1.6772
--------------------------------------------------------------------------------
                         Iteration time: 1.83s
                           Time elapsed: 0:13:41
                                    ETA: 0:02:50

################################################################################
[1m                           Learning iteration 414/500                           [0m 

                               Run name: laser-follow-20260904-v1
                            Total steps: 10199040 
                       Steps per second: 12488 
                        Collection time: 1.659s 
                          Learning time: 0.309s 
                        Mean value loss: 0.3160
                    Mean surrogate loss: -0.0104
                      Mean entropy loss: 13.7063
                            Mean reward: 153.93
                    Mean episode length: 941.83
                        Mean action std: 0.67
       Mean episode rew_self_collisions: -0.0019
    Mean episode rew_body_pose_tracking: 0.0000
                  Mean episode rew_pose: 0.1271
        Mean episode rew_head_pose_bias: 0.0000
Mean episode rew_track_angular_velocity: 0.1242
              Mean episode rew_air_time: 0.3047
     Mean episode rew_foot_swing_height: -0.0146
        Mean episode rew_foot_clearance: -0.0061
    Mean episode rew_head_pose_tracking: 1.6524
          Mean episode rew_body_ang_vel: -0.1007
        Mean episode rew_dof_pos_limits: -0.0881
        Mean episode rew_laser_progress: 0.8142
               Mean episode rew_upright: 2.5237
            Mean episode rew_laser_stop: 0.1197
            Mean episode rew_laser_fall: -0.0417
             Mean episode rew_foot_slip: -0.0002
      Mean episode rew_angular_momentum: -0.0000
 Mean episode rew_track_linear_velocity: 3.9151
        Mean episode rew_action_rate_l2: -1.6815
--------------------------------------------------------------------------------
                         Iteration time: 1.97s
                           Time elapsed: 0:13:43
                                    ETA: 0:02:48

################################################################################
[1m                           Learning iteration 415/500                           [0m 

                               Run name: laser-follow-20260904-v1
                            Total steps: 10223616 
                       Steps per second: 12213 
                        Collection time: 1.695s 
                          Learning time: 0.317s 
                        Mean value loss: 0.4362
                    Mean surrogate loss: -0.0111
                      Mean entropy loss: 13.6896
                            Mean reward: 152.50
                    Mean episode length: 936.84
                        Mean action std: 0.67
       Mean episode rew_self_collisions: -0.0006
    Mean episode rew_body_pose_tracking: 0.0000
                  Mean episode rew_pose: 0.1323
        Mean episode rew_head_pose_bias: 0.0000
Mean episode rew_track_angular_velocity: 0.1478
              Mean episode rew_air_time: 0.3283
     Mean episode rew_foot_swing_height: -0.0155
        Mean episode rew_foot_clearance: -0.0063
    Mean episode rew_head_pose_tracking: 1.7317
          Mean episode rew_body_ang_vel: -0.1003
        Mean episode rew_dof_pos_limits: -0.0918
        Mean episode rew_laser_progress: 0.8898
               Mean episode rew_upright: 2.6474
            Mean episode rew_laser_stop: 0.1400
            Mean episode rew_laser_fall: -0.0095
             Mean episode rew_foot_slip: -0.0002
      Mean episode rew_angular_momentum: -0.0000
 Mean episode rew_track_linear_velocity: 4.1058
        Mean episode rew_action_rate_l2: -1.7471
--------------------------------------------------------------------------------
                         Iteration time: 2.01s
                           Time elapsed: 0:13:45
                                    ETA: 0:02:46

################################################################################
[1m                           Learning iteration 416/500                           [0m 

                               Run name: laser-follow-20260904-v1
                            Total steps: 10248192 
                       Steps per second: 13545 
                        Collection time: 1.571s 
                          Learning time: 0.243s 
                        Mean value loss: 0.3150
                    Mean surrogate loss: -0.0107
                      Mean entropy loss: 13.6695
                            Mean reward: 153.84
                    Mean episode length: 948.63
                        Mean action std: 0.67
       Mean episode rew_self_collisions: -0.0038
    Mean episode rew_body_pose_tracking: 0.0000
                  Mean episode rew_pose: 0.1276
        Mean episode rew_head_pose_bias: 0.0000
Mean episode rew_track_angular_velocity: 0.1230
              Mean episode rew_air_time: 0.3735
     Mean episode rew_foot_swing_height: -0.0160
        Mean episode rew_foot_clearance: -0.0065
    Mean episode rew_head_pose_tracking: 1.5816
          Mean episode rew_body_ang_vel: -0.1022
        Mean episode rew_dof_pos_limits: -0.0851
        Mean episode rew_laser_progress: 0.7439
               Mean episode rew_upright: 2.4066
            Mean episode rew_laser_stop: 0.1029
            Mean episode rew_laser_fall: -0.0469
             Mean episode rew_foot_slip: -0.0002
      Mean episode rew_angular_momentum: -0.0000
 Mean episode rew_track_linear_velocity: 3.7191
        Mean episode rew_action_rate_l2: -1.6079
--------------------------------------------------------------------------------
                         Iteration time: 1.81s
                           Time elapsed: 0:13:46
                                    ETA: 0:02:44

################################################################################
[1m                           Learning iteration 417/500                           [0m 

                               Run name: laser-follow-20260904-v1
                            Total steps: 10272768 
                       Steps per second: 13705 
                        Collection time: 1.549s 
                          Learning time: 0.245s 
                        Mean value loss: 0.2990
                    Mean surrogate loss: -0.0109
                      Mean entropy loss: 13.6500
                            Mean reward: 156.80
                    Mean episode length: 960.71
                        Mean action std: 0.66
       Mean episode rew_self_collisions: -0.0017
    Mean episode rew_body_pose_tracking: 0.0000
                  Mean episode rew_pose: 0.1466
        Mean episode rew_head_pose_bias: 0.0000
Mean episode rew_track_angular_velocity: 0.1274
              Mean episode rew_air_time: 0.4414
     Mean episode rew_foot_swing_height: -0.0165
        Mean episode rew_foot_clearance: -0.0072
    Mean episode rew_head_pose_tracking: 1.7178
          Mean episode rew_body_ang_vel: -0.1061
        Mean episode rew_dof_pos_limits: -0.0922
        Mean episode rew_laser_progress: 1.0185
               Mean episode rew_upright: 2.6060
            Mean episode rew_laser_stop: 0.0891
            Mean episode rew_laser_fall: -0.0052
             Mean episode rew_foot_slip: -0.0002
      Mean episode rew_angular_momentum: -0.0000
 Mean episode rew_track_linear_velocity: 4.0421
        Mean episode rew_action_rate_l2: -1.7419
--------------------------------------------------------------------------------
                         Iteration time: 1.79s
                           Time elapsed: 0:13:48
                                    ETA: 0:02:42

################################################################################
[1m                           Learning iteration 418/500                           [0m 

                               Run name: laser-follow-20260904-v1
                            Total steps: 10297344 
                       Steps per second: 12042 
                        Collection time: 1.741s 
                          Learning time: 0.300s 
                        Mean value loss: 0.4688
                    Mean surrogate loss: -0.0094
                      Mean entropy loss: 13.6178
                            Mean reward: 157.47
                    Mean episode length: 961.78
                        Mean action std: 0.66
       Mean episode rew_self_collisions: -0.0009
    Mean episode rew_body_pose_tracking: 0.0000
                  Mean episode rew_pose: 0.1388
        Mean episode rew_head_pose_bias: 0.0000
Mean episode rew_track_angular_velocity: 0.1559
              Mean episode rew_air_time: 0.3328
     Mean episode rew_foot_swing_height: -0.0163
        Mean episode rew_foot_clearance: -0.0062
    Mean episode rew_head_pose_tracking: 1.6960
          Mean episode rew_body_ang_vel: -0.0938
        Mean episode rew_dof_pos_limits: -0.0900
        Mean episode rew_laser_progress: 0.8746
               Mean episode rew_upright: 2.5900
            Mean episode rew_laser_stop: 0.1175
            Mean episode rew_laser_fall: -0.0156
             Mean episode rew_foot_slip: -0.0002
      Mean episode rew_angular_momentum: -0.0000
 Mean episode rew_track_linear_velocity: 4.0406
        Mean episode rew_action_rate_l2: -1.6938
--------------------------------------------------------------------------------
                         Iteration time: 2.04s
                           Time elapsed: 0:13:50
                                    ETA: 0:02:40

################################################################################
[1m                           Learning iteration 419/500                           [0m 

                               Run name: laser-follow-20260904-v1
                            Total steps: 10321920 
                       Steps per second: 13730 
                        Collection time: 1.551s 
                          Learning time: 0.239s 
                        Mean value loss: 0.3662
                    Mean surrogate loss: -0.0099
                      Mean entropy loss: 13.6024
                            Mean reward: 154.64
                    Mean episode length: 945.67
                        Mean action std: 0.66
       Mean episode rew_self_collisions: -0.0018
    Mean episode rew_body_pose_tracking: 0.0000
                  Mean episode rew_pose: 0.1140
        Mean episode rew_head_pose_bias: 0.0000
Mean episode rew_track_angular_velocity: 0.1324
              Mean episode rew_air_time: 0.2937
     Mean episode rew_foot_swing_height: -0.0150
        Mean episode rew_foot_clearance: -0.0058
    Mean episode rew_head_pose_tracking: 1.5482
          Mean episode rew_body_ang_vel: -0.0964
        Mean episode rew_dof_pos_limits: -0.0829
        Mean episode rew_laser_progress: 0.7317
               Mean episode rew_upright: 2.3624
            Mean episode rew_laser_stop: 0.1284
            Mean episode rew_laser_fall: -0.0417
             Mean episode rew_foot_slip: -0.0002
      Mean episode rew_angular_momentum: -0.0000
 Mean episode rew_track_linear_velocity: 3.6867
        Mean episode rew_action_rate_l2: -1.5638
--------------------------------------------------------------------------------
                         Iteration time: 1.79s
                           Time elapsed: 0:13:52
                                    ETA: 0:02:38

################################################################################
[1m                           Learning iteration 420/500                           [0m 

                               Run name: laser-follow-20260904-v1
                            Total steps: 10346496 
                       Steps per second: 13473 
                        Collection time: 1.581s 
                          Learning time: 0.243s 
                        Mean value loss: 0.2152
                    Mean surrogate loss: -0.0115
                      Mean entropy loss: 13.5706
                            Mean reward: 151.84
                    Mean episode length: 929.36
                        Mean action std: 0.66
       Mean episode rew_self_collisions: -0.0050
    Mean episode rew_body_pose_tracking: 0.0000
                  Mean episode rew_pose: 0.1296
        Mean episode rew_head_pose_bias: 0.0000
Mean episode rew_track_angular_velocity: 0.1161
              Mean episode rew_air_time: 0.3482
     Mean episode rew_foot_swing_height: -0.0153
        Mean episode rew_foot_clearance: -0.0066
    Mean episode rew_head_pose_tracking: 1.5243
          Mean episode rew_body_ang_vel: -0.1004
        Mean episode rew_dof_pos_limits: -0.0820
        Mean episode rew_laser_progress: 0.8214
               Mean episode rew_upright: 2.3090
            Mean episode rew_laser_stop: 0.0840
            Mean episode rew_laser_fall: -0.0625
             Mean episode rew_foot_slip: -0.0002
      Mean episode rew_angular_momentum: -0.0000
 Mean episode rew_track_linear_velocity: 3.5883
        Mean episode rew_action_rate_l2: -1.5349
--------------------------------------------------------------------------------
                         Iteration time: 1.82s
                           Time elapsed: 0:13:54
                                    ETA: 0:02:36

################################################################################
[1m                           Learning iteration 421/500                           [0m 

                               Run name: laser-follow-20260904-v1
                            Total steps: 10371072 
                       Steps per second: 14205 
                        Collection time: 1.494s 
                          Learning time: 0.236s 
                        Mean value loss: 0.4111
                    Mean surrogate loss: -0.0104
                      Mean entropy loss: 13.5400
                            Mean reward: 149.62
                    Mean episode length: 917.66
                        Mean action std: 0.66
       Mean episode rew_self_collisions: -0.0014
    Mean episode rew_body_pose_tracking: 0.0000
                  Mean episode rew_pose: 0.1192
        Mean episode rew_head_pose_bias: 0.0000
Mean episode rew_track_angular_velocity: 0.1426
              Mean episode rew_air_time: 0.3510
     Mean episode rew_foot_swing_height: -0.0123
        Mean episode rew_foot_clearance: -0.0058
    Mean episode rew_head_pose_tracking: 1.5628
          Mean episode rew_body_ang_vel: -0.0875
        Mean episode rew_dof_pos_limits: -0.0845
        Mean episode rew_laser_progress: 0.9721
               Mean episode rew_upright: 2.4164
            Mean episode rew_laser_stop: 0.1170
            Mean episode rew_laser_fall: -0.0278
             Mean episode rew_foot_slip: -0.0002
      Mean episode rew_angular_momentum: -0.0000
 Mean episode rew_track_linear_velocity: 3.7636
        Mean episode rew_action_rate_l2: -1.5707
--------------------------------------------------------------------------------
                         Iteration time: 1.73s
                           Time elapsed: 0:13:56
                                    ETA: 0:02:34

################################################################################
[1m                           Learning iteration 422/500                           [0m 

                               Run name: laser-follow-20260904-v1
                            Total steps: 10395648 
                       Steps per second: 14661 
                        Collection time: 1.429s 
                          Learning time: 0.247s 
                        Mean value loss: 0.2778
                    Mean surrogate loss: -0.0111
                      Mean entropy loss: 13.5209
                            Mean reward: 149.56
                    Mean episode length: 917.66
                        Mean action std: 0.66
       Mean episode rew_self_collisions: -0.0024
    Mean episode rew_body_pose_tracking: 0.0000
                  Mean episode rew_pose: 0.1699
        Mean episode rew_head_pose_bias: 0.0000
Mean episode rew_track_angular_velocity: 0.1833
              Mean episode rew_air_time: 0.3453
     Mean episode rew_foot_swing_height: -0.0202
        Mean episode rew_foot_clearance: -0.0073
    Mean episode rew_head_pose_tracking: 1.7614
          Mean episode rew_body_ang_vel: -0.0817
        Mean episode rew_dof_pos_limits: -0.0925
        Mean episode rew_laser_progress: 1.1964
               Mean episode rew_upright: 2.7207
            Mean episode rew_laser_stop: 0.0938
            Mean episode rew_laser_fall: 0.0000
             Mean episode rew_foot_slip: -0.0002
      Mean episode rew_angular_momentum: -0.0000
 Mean episode rew_track_linear_velocity: 4.2299
        Mean episode rew_action_rate_l2: -1.7152
--------------------------------------------------------------------------------
                         Iteration time: 1.68s
                           Time elapsed: 0:13:57
                                    ETA: 0:02:32

################################################################################
[1m                           Learning iteration 423/500                           [0m 

                               Run name: laser-follow-20260904-v1
                            Total steps: 10420224 
                       Steps per second: 12935 
                        Collection time: 1.659s 
                          Learning time: 0.241s 
                        Mean value loss: 0.4094
                    Mean surrogate loss: -0.0079
                      Mean entropy loss: 13.4838
                            Mean reward: 152.30
                    Mean episode length: 927.76
                        Mean action std: 0.66
       Mean episode rew_self_collisions: -0.0014
    Mean episode rew_body_pose_tracking: 0.0000
                  Mean episode rew_pose: 0.1291
        Mean episode rew_head_pose_bias: 0.0000
Mean episode rew_track_angular_velocity: 0.1326
              Mean episode rew_air_time: 0.2901
     Mean episode rew_foot_swing_height: -0.0157
        Mean episode rew_foot_clearance: -0.0060
    Mean episode rew_head_pose_tracking: 1.6310
          Mean episode rew_body_ang_vel: -0.0931
        Mean episode rew_dof_pos_limits: -0.0860
        Mean episode rew_laser_progress: 0.7875
               Mean episode rew_upright: 2.4851
            Mean episode rew_laser_stop: 0.1240
            Mean episode rew_laser_fall: -0.0347
             Mean episode rew_foot_slip: -0.0002
      Mean episode rew_angular_momentum: -0.0000
 Mean episode rew_track_linear_velocity: 3.8760
        Mean episode rew_action_rate_l2: -1.6148
--------------------------------------------------------------------------------
                         Iteration time: 1.90s
                           Time elapsed: 0:13:59
                                    ETA: 0:02:30

################################################################################
[1m                           Learning iteration 424/500                           [0m 

                               Run name: laser-follow-20260904-v1
                            Total steps: 10444800 
                       Steps per second: 13418 
                        Collection time: 1.596s 
                          Learning time: 0.236s 
                        Mean value loss: 0.2042
                    Mean surrogate loss: -0.0126
                      Mean entropy loss: 13.4517
                            Mean reward: 154.26
                    Mean episode length: 930.90
                        Mean action std: 0.66
       Mean episode rew_self_collisions: -0.0014
    Mean episode rew_body_pose_tracking: 0.0000
                  Mean episode rew_pose: 0.1321
        Mean episode rew_head_pose_bias: 0.0000
Mean episode rew_track_angular_velocity: 0.1422
              Mean episode rew_air_time: 0.3264
     Mean episode rew_foot_swing_height: -0.0154
        Mean episode rew_foot_clearance: -0.0060
    Mean episode rew_head_pose_tracking: 1.6382
          Mean episode rew_body_ang_vel: -0.0905
        Mean episode rew_dof_pos_limits: -0.0875
        Mean episode rew_laser_progress: 0.8837
               Mean episode rew_upright: 2.5208
            Mean episode rew_laser_stop: 0.1197
            Mean episode rew_laser_fall: -0.0191
             Mean episode rew_foot_slip: -0.0002
      Mean episode rew_angular_momentum: -0.0000
 Mean episode rew_track_linear_velocity: 3.9135
        Mean episode rew_action_rate_l2: -1.6303
--------------------------------------------------------------------------------
                         Iteration time: 1.83s
                           Time elapsed: 0:14:01
                                    ETA: 0:02:28

################################################################################
[1m                           Learning iteration 425/500                           [0m 

                               Run name: laser-follow-20260904-v1
                            Total steps: 10469376 
                       Steps per second: 14172 
                        Collection time: 1.496s 
                          Learning time: 0.239s 
                        Mean value loss: 0.5586
                    Mean surrogate loss: -0.0099
                      Mean entropy loss: 13.4341
                            Mean reward: 150.21
                    Mean episode length: 911.20
                        Mean action std: 0.66
       Mean episode rew_self_collisions: -0.0010
    Mean episode rew_body_pose_tracking: 0.0000
                  Mean episode rew_pose: 0.1295
        Mean episode rew_head_pose_bias: 0.0000
Mean episode rew_track_angular_velocity: 0.1550
              Mean episode rew_air_time: 0.2204
     Mean episode rew_foot_swing_height: -0.0165
        Mean episode rew_foot_clearance: -0.0055
    Mean episode rew_head_pose_tracking: 1.6633
          Mean episode rew_body_ang_vel: -0.0863
        Mean episode rew_dof_pos_limits: -0.0869
        Mean episode rew_laser_progress: 0.7197
               Mean episode rew_upright: 2.4631
            Mean episode rew_laser_stop: 0.1499
            Mean episode rew_laser_fall: -0.0156
             Mean episode rew_foot_slip: -0.0002
      Mean episode rew_angular_momentum: -0.0000
 Mean episode rew_track_linear_velocity: 4.0318
        Mean episode rew_action_rate_l2: -1.6346
--------------------------------------------------------------------------------
                         Iteration time: 1.73s
                           Time elapsed: 0:14:03
                                    ETA: 0:02:26

################################################################################
[1m                           Learning iteration 426/500                           [0m 

                               Run name: laser-follow-20260904-v1
                            Total steps: 10493952 
                       Steps per second: 12685 
                        Collection time: 1.675s 
                          Learning time: 0.263s 
                        Mean value loss: 0.2459
                    Mean surrogate loss: -0.0106
                      Mean entropy loss: 13.4283
                            Mean reward: 149.23
                    Mean episode length: 905.58
                        Mean action std: 0.66
       Mean episode rew_self_collisions: -0.0017
    Mean episode rew_body_pose_tracking: 0.0000
                  Mean episode rew_pose: 0.1324
        Mean episode rew_head_pose_bias: 0.0000
Mean episode rew_track_angular_velocity: 0.1308
              Mean episode rew_air_time: 0.2966
     Mean episode rew_foot_swing_height: -0.0159
        Mean episode rew_foot_clearance: -0.0059
    Mean episode rew_head_pose_tracking: 1.5359
          Mean episode rew_body_ang_vel: -0.0903
        Mean episode rew_dof_pos_limits: -0.0810
        Mean episode rew_laser_progress: 0.8298
               Mean episode rew_upright: 2.3342
            Mean episode rew_laser_stop: 0.0999
            Mean episode rew_laser_fall: -0.0443
             Mean episode rew_foot_slip: -0.0002
      Mean episode rew_angular_momentum: -0.0000
 Mean episode rew_track_linear_velocity: 3.6793
        Mean episode rew_action_rate_l2: -1.5244
--------------------------------------------------------------------------------
                         Iteration time: 1.94s
                           Time elapsed: 0:14:05
                                    ETA: 0:02:24

################################################################################
[1m                           Learning iteration 427/500                           [0m 

                               Run name: laser-follow-20260904-v1
                            Total steps: 10518528 
                       Steps per second: 13062 
                        Collection time: 1.643s 
                          Learning time: 0.239s 
                        Mean value loss: 0.2334
                    Mean surrogate loss: -0.0131
                      Mean entropy loss: 13.3968
                            Mean reward: 152.77
                    Mean episode length: 921.84
                        Mean action std: 0.65
       Mean episode rew_self_collisions: -0.0013
    Mean episode rew_body_pose_tracking: 0.0000
                  Mean episode rew_pose: 0.1367
        Mean episode rew_head_pose_bias: 0.0000
Mean episode rew_track_angular_velocity: 0.1458
              Mean episode rew_air_time: 0.3093
     Mean episode rew_foot_swing_height: -0.0161
        Mean episode rew_foot_clearance: -0.0066
    Mean episode rew_head_pose_tracking: 1.7138
          Mean episode rew_body_ang_vel: -0.0970
        Mean episode rew_dof_pos_limits: -0.0906
        Mean episode rew_laser_progress: 0.9453
               Mean episode rew_upright: 2.6382
            Mean episode rew_laser_stop: 0.1301
            Mean episode rew_laser_fall: -0.0104
             Mean episode rew_foot_slip: -0.0002
      Mean episode rew_angular_momentum: -0.0000
 Mean episode rew_track_linear_velocity: 4.1041
        Mean episode rew_action_rate_l2: -1.6841
--------------------------------------------------------------------------------
                         Iteration time: 1.88s
                           Time elapsed: 0:14:06
                                    ETA: 0:02:22

################################################################################
[1m                           Learning iteration 428/500                           [0m 

                               Run name: laser-follow-20260904-v1
                            Total steps: 10543104 
                       Steps per second: 13896 
                        Collection time: 1.529s 
                          Learning time: 0.239s 
                        Mean value loss: 0.3926
                    Mean surrogate loss: -0.0106
                      Mean entropy loss: 13.3682
                            Mean reward: 152.12
                    Mean episode length: 920.92
                        Mean action std: 0.65
       Mean episode rew_self_collisions: -0.0011
    Mean episode rew_body_pose_tracking: 0.0000
                  Mean episode rew_pose: 0.1291
        Mean episode rew_head_pose_bias: 0.0000
Mean episode rew_track_angular_velocity: 0.1560
              Mean episode rew_air_time: 0.3196
     Mean episode rew_foot_swing_height: -0.0143
        Mean episode rew_foot_clearance: -0.0058
    Mean episode rew_head_pose_tracking: 1.6715
          Mean episode rew_body_ang_vel: -0.0881
        Mean episode rew_dof_pos_limits: -0.0887
        Mean episode rew_laser_progress: 0.8276
               Mean episode rew_upright: 2.5354
            Mean episode rew_laser_stop: 0.1366
            Mean episode rew_laser_fall: -0.0252
             Mean episode rew_foot_slip: -0.0002
      Mean episode rew_angular_momentum: -0.0000
 Mean episode rew_track_linear_velocity: 4.0043
        Mean episode rew_action_rate_l2: -1.6261
--------------------------------------------------------------------------------
                         Iteration time: 1.77s
                           Time elapsed: 0:14:08
                                    ETA: 0:02:20

################################################################################
[1m                           Learning iteration 429/500                           [0m 

                               Run name: laser-follow-20260904-v1
                            Total steps: 10567680 
                       Steps per second: 12634 
                        Collection time: 1.703s 
                          Learning time: 0.242s 
                        Mean value loss: 0.2880
                    Mean surrogate loss: -0.0127
                      Mean entropy loss: 13.3517
                            Mean reward: 156.07
                    Mean episode length: 950.14
                        Mean action std: 0.65
       Mean episode rew_self_collisions: -0.0015
    Mean episode rew_body_pose_tracking: 0.0000
                  Mean episode rew_pose: 0.1411
        Mean episode rew_head_pose_bias: 0.0000
Mean episode rew_track_angular_velocity: 0.1333
              Mean episode rew_air_time: 0.3058
     Mean episode rew_foot_swing_height: -0.0174
        Mean episode rew_foot_clearance: -0.0066
    Mean episode rew_head_pose_tracking: 1.6935
          Mean episode rew_body_ang_vel: -0.1040
        Mean episode rew_dof_pos_limits: -0.0898
        Mean episode rew_laser_progress: 0.9109
               Mean episode rew_upright: 2.5765
            Mean episode rew_laser_stop: 0.1102
            Mean episode rew_laser_fall: -0.0087
             Mean episode rew_foot_slip: -0.0002
      Mean episode rew_angular_momentum: -0.0000
 Mean episode rew_track_linear_velocity: 4.0163
        Mean episode rew_action_rate_l2: -1.6848
--------------------------------------------------------------------------------
                         Iteration time: 1.95s
                           Time elapsed: 0:14:10
                                    ETA: 0:02:18

################################################################################
[1m                           Learning iteration 430/500                           [0m 

                               Run name: laser-follow-20260904-v1
                            Total steps: 10592256 
                       Steps per second: 13574 
                        Collection time: 1.571s 
                          Learning time: 0.240s 
                        Mean value loss: 0.4827
                    Mean surrogate loss: -0.0064
                      Mean entropy loss: 13.3205
                            Mean reward: 157.17
                    Mean episode length: 956.54
                        Mean action std: 0.65
       Mean episode rew_self_collisions: -0.0015
    Mean episode rew_body_pose_tracking: 0.0000
                  Mean episode rew_pose: 0.1298
        Mean episode rew_head_pose_bias: 0.0000
Mean episode rew_track_angular_velocity: 0.1355
              Mean episode rew_air_time: 0.3128
     Mean episode rew_foot_swing_height: -0.0154
        Mean episode rew_foot_clearance: -0.0062
    Mean episode rew_head_pose_tracking: 1.6232
          Mean episode rew_body_ang_vel: -0.0925
        Mean episode rew_dof_pos_limits: -0.0864
        Mean episode rew_laser_progress: 0.8636
               Mean episode rew_upright: 2.4722
            Mean episode rew_laser_stop: 0.1200
            Mean episode rew_laser_fall: -0.0208
             Mean episode rew_foot_slip: -0.0002
      Mean episode rew_angular_momentum: -0.0000
 Mean episode rew_track_linear_velocity: 3.8658
        Mean episode rew_action_rate_l2: -1.5761
--------------------------------------------------------------------------------
                         Iteration time: 1.81s
                           Time elapsed: 0:14:12
                                    ETA: 0:02:16

################################################################################
[1m                           Learning iteration 431/500                           [0m 

                               Run name: laser-follow-20260904-v1
                            Total steps: 10616832 
                       Steps per second: 12832 
                        Collection time: 1.671s 
                          Learning time: 0.245s 
                        Mean value loss: 0.3636
                    Mean surrogate loss: -0.0102
                      Mean entropy loss: 13.3116
                            Mean reward: 152.56
                    Mean episode length: 932.46
                        Mean action std: 0.65
       Mean episode rew_self_collisions: -0.0013
    Mean episode rew_body_pose_tracking: 0.0000
                  Mean episode rew_pose: 0.1187
        Mean episode rew_head_pose_bias: 0.0000
Mean episode rew_track_angular_velocity: 0.1320
              Mean episode rew_air_time: 0.2834
     Mean episode rew_foot_swing_height: -0.0137
        Mean episode rew_foot_clearance: -0.0057
    Mean episode rew_head_pose_tracking: 1.5979
          Mean episode rew_body_ang_vel: -0.0979
        Mean episode rew_dof_pos_limits: -0.0846
        Mean episode rew_laser_progress: 0.8161
               Mean episode rew_upright: 2.4486
            Mean episode rew_laser_stop: 0.1348
            Mean episode rew_laser_fall: -0.0264
             Mean episode rew_foot_slip: -0.0002
      Mean episode rew_angular_momentum: -0.0000
 Mean episode rew_track_linear_velocity: 3.8123
        Mean episode rew_action_rate_l2: -1.5737
--------------------------------------------------------------------------------
                         Iteration time: 1.92s
                           Time elapsed: 0:14:14
                                    ETA: 0:02:14

################################################################################
[1m                           Learning iteration 432/500                           [0m 

                               Run name: laser-follow-20260904-v1
                            Total steps: 10641408 
                       Steps per second: 13852 
                        Collection time: 1.532s 
                          Learning time: 0.242s 
                        Mean value loss: 0.3115
                    Mean surrogate loss: -0.0118
                      Mean entropy loss: 13.2803
                            Mean reward: 152.30
                    Mean episode length: 938.69
                        Mean action std: 0.65
       Mean episode rew_self_collisions: -0.0033
    Mean episode rew_body_pose_tracking: 0.0000
                  Mean episode rew_pose: 0.1115
        Mean episode rew_head_pose_bias: 0.0000
Mean episode rew_track_angular_velocity: 0.0989
              Mean episode rew_air_time: 0.3200
     Mean episode rew_foot_swing_height: -0.0126
        Mean episode rew_foot_clearance: -0.0064
    Mean episode rew_head_pose_tracking: 1.4860
          Mean episode rew_body_ang_vel: -0.1163
        Mean episode rew_dof_pos_limits: -0.0813
        Mean episode rew_laser_progress: 0.8024
               Mean episode rew_upright: 2.2092
            Mean episode rew_laser_stop: 0.0941
            Mean episode rew_laser_fall: -0.0503
             Mean episode rew_foot_slip: -0.0002
      Mean episode rew_angular_momentum: -0.0000
 Mean episode rew_track_linear_velocity: 3.4488
        Mean episode rew_action_rate_l2: -1.5060
--------------------------------------------------------------------------------
                         Iteration time: 1.77s
                           Time elapsed: 0:14:16
                                    ETA: 0:02:12

################################################################################
[1m                           Learning iteration 433/500                           [0m 

                               Run name: laser-follow-20260904-v1
                            Total steps: 10665984 
                       Steps per second: 13644 
                        Collection time: 1.558s 
                          Learning time: 0.243s 
                        Mean value loss: 0.3900
                    Mean surrogate loss: -0.0077
                      Mean entropy loss: 13.2515
                            Mean reward: 152.70
                    Mean episode length: 935.07
                        Mean action std: 0.65
       Mean episode rew_self_collisions: -0.0015
    Mean episode rew_body_pose_tracking: 0.0000
                  Mean episode rew_pose: 0.1165
        Mean episode rew_head_pose_bias: 0.0000
Mean episode rew_track_angular_velocity: 0.1500
              Mean episode rew_air_time: 0.3485
     Mean episode rew_foot_swing_height: -0.0128
        Mean episode rew_foot_clearance: -0.0055
    Mean episode rew_head_pose_tracking: 1.7146
          Mean episode rew_body_ang_vel: -0.0953
        Mean episode rew_dof_pos_limits: -0.0917
        Mean episode rew_laser_progress: 0.8477
               Mean episode rew_upright: 2.6110
            Mean episode rew_laser_stop: 0.1649
            Mean episode rew_laser_fall: -0.0208
             Mean episode rew_foot_slip: -0.0002
      Mean episode rew_angular_momentum: -0.0000
 Mean episode rew_track_linear_velocity: 4.0887
        Mean episode rew_action_rate_l2: -1.6641
--------------------------------------------------------------------------------
                         Iteration time: 1.80s
                           Time elapsed: 0:14:17
                                    ETA: 0:02:10

################################################################################
[1m                           Learning iteration 434/500                           [0m 

                               Run name: laser-follow-20260904-v1
                            Total steps: 10690560 
                       Steps per second: 13487 
                        Collection time: 1.583s 
                          Learning time: 0.239s 
                        Mean value loss: 0.2712
                    Mean surrogate loss: -0.0113
                      Mean entropy loss: 13.2345
                            Mean reward: 152.22
                    Mean episode length: 933.95
                        Mean action std: 0.65
       Mean episode rew_self_collisions: -0.0029
    Mean episode rew_body_pose_tracking: 0.0000
                  Mean episode rew_pose: 0.1342
        Mean episode rew_head_pose_bias: 0.0000
Mean episode rew_track_angular_velocity: 0.1542
              Mean episode rew_air_time: 0.3910
     Mean episode rew_foot_swing_height: -0.0149
        Mean episode rew_foot_clearance: -0.0064
    Mean episode rew_head_pose_tracking: 1.6951
          Mean episode rew_body_ang_vel: -0.0931
        Mean episode rew_dof_pos_limits: -0.0906
        Mean episode rew_laser_progress: 0.9125
               Mean episode rew_upright: 2.5670
            Mean episode rew_laser_stop: 0.1183
            Mean episode rew_laser_fall: -0.0104
             Mean episode rew_foot_slip: -0.0002
      Mean episode rew_angular_momentum: -0.0000
 Mean episode rew_track_linear_velocity: 4.0245
        Mean episode rew_action_rate_l2: -1.6528
--------------------------------------------------------------------------------
                         Iteration time: 1.82s
                           Time elapsed: 0:14:19
                                    ETA: 0:02:08

################################################################################
[1m                           Learning iteration 435/500                           [0m 

                               Run name: laser-follow-20260904-v1
                            Total steps: 10715136 
                       Steps per second: 13600 
                        Collection time: 1.558s 
                          Learning time: 0.249s 
                        Mean value loss: 0.8245
                    Mean surrogate loss: -0.0067
                      Mean entropy loss: 13.2103
                            Mean reward: 158.98
                    Mean episode length: 963.29
                        Mean action std: 0.65
       Mean episode rew_self_collisions: -0.0007
    Mean episode rew_body_pose_tracking: 0.0000
                  Mean episode rew_pose: 0.1522
        Mean episode rew_head_pose_bias: 0.0000
Mean episode rew_track_angular_velocity: 0.1589
              Mean episode rew_air_time: 0.3454
     Mean episode rew_foot_swing_height: -0.0190
        Mean episode rew_foot_clearance: -0.0067
    Mean episode rew_head_pose_tracking: 1.7584
          Mean episode rew_body_ang_vel: -0.0884
        Mean episode rew_dof_pos_limits: -0.0928
        Mean episode rew_laser_progress: 1.0217
               Mean episode rew_upright: 2.7028
            Mean episode rew_laser_stop: 0.1092
            Mean episode rew_laser_fall: 0.0000
             Mean episode rew_foot_slip: -0.0002
      Mean episode rew_angular_momentum: -0.0000
 Mean episode rew_track_linear_velocity: 4.2179
        Mean episode rew_action_rate_l2: -1.6748
--------------------------------------------------------------------------------
                         Iteration time: 1.81s
                           Time elapsed: 0:14:21
                                    ETA: 0:02:06

################################################################################
[1m                           Learning iteration 436/500                           [0m 

                               Run name: laser-follow-20260904-v1
                            Total steps: 10739712 
                       Steps per second: 13002 
                        Collection time: 1.642s 
                          Learning time: 0.248s 
                        Mean value loss: 0.5353
                    Mean surrogate loss: -0.0082
                      Mean entropy loss: 13.2103
                            Mean reward: 153.94
                    Mean episode length: 924.38
                        Mean action std: 0.65
       Mean episode rew_self_collisions: -0.0034
    Mean episode rew_body_pose_tracking: 0.0000
                  Mean episode rew_pose: 0.1204
        Mean episode rew_head_pose_bias: 0.0000
Mean episode rew_track_angular_velocity: 0.1280
              Mean episode rew_air_time: 0.3083
     Mean episode rew_foot_swing_height: -0.0143
        Mean episode rew_foot_clearance: -0.0058
    Mean episode rew_head_pose_tracking: 1.4579
          Mean episode rew_body_ang_vel: -0.0892
        Mean episode rew_dof_pos_limits: -0.0785
        Mean episode rew_laser_progress: 0.7825
               Mean episode rew_upright: 2.2099
            Mean episode rew_laser_stop: 0.0932
            Mean episode rew_laser_fall: -0.0667
             Mean episode rew_foot_slip: -0.0002
      Mean episode rew_angular_momentum: -0.0000
 Mean episode rew_track_linear_velocity: 3.4758
        Mean episode rew_action_rate_l2: -1.4051
--------------------------------------------------------------------------------
                         Iteration time: 1.89s
                           Time elapsed: 0:14:23
                                    ETA: 0:02:04

################################################################################
[1m                           Learning iteration 437/500                           [0m 

                               Run name: laser-follow-20260904-v1
                            Total steps: 10764288 
                       Steps per second: 12517 
                        Collection time: 1.718s 
                          Learning time: 0.245s 
                        Mean value loss: 0.5904
                    Mean surrogate loss: -0.0099
                      Mean entropy loss: 13.2009
                            Mean reward: 152.91
                    Mean episode length: 911.90
                        Mean action std: 0.65
       Mean episode rew_self_collisions: -0.0012
    Mean episode rew_body_pose_tracking: 0.0000
                  Mean episode rew_pose: 0.1368
        Mean episode rew_head_pose_bias: 0.0000
Mean episode rew_track_angular_velocity: 0.1569
              Mean episode rew_air_time: 0.2754
     Mean episode rew_foot_swing_height: -0.0174
        Mean episode rew_foot_clearance: -0.0060
    Mean episode rew_head_pose_tracking: 1.6282
          Mean episode rew_body_ang_vel: -0.0814
        Mean episode rew_dof_pos_limits: -0.0858
        Mean episode rew_laser_progress: 0.8927
               Mean episode rew_upright: 2.4929
            Mean episode rew_laser_stop: 0.1139
            Mean episode rew_laser_fall: -0.0391
             Mean episode rew_foot_slip: -0.0002
      Mean episode rew_angular_momentum: -0.0000
 Mean episode rew_track_linear_velocity: 3.8831
        Mean episode rew_action_rate_l2: -1.5355
--------------------------------------------------------------------------------
                         Iteration time: 1.96s
                           Time elapsed: 0:14:25
                                    ETA: 0:02:02

################################################################################
[1m                           Learning iteration 438/500                           [0m 

                               Run name: laser-follow-20260904-v1
                            Total steps: 10788864 
                       Steps per second: 13261 
                        Collection time: 1.612s 
                          Learning time: 0.241s 
                        Mean value loss: 0.5415
                    Mean surrogate loss: -0.0023
                      Mean entropy loss: 13.1926
                            Mean reward: 143.87
                    Mean episode length: 869.86
                        Mean action std: 0.65
       Mean episode rew_self_collisions: -0.0012
    Mean episode rew_body_pose_tracking: 0.0000
                  Mean episode rew_pose: 0.1238
        Mean episode rew_head_pose_bias: 0.0000
Mean episode rew_track_angular_velocity: 0.1256
              Mean episode rew_air_time: 0.2608
     Mean episode rew_foot_swing_height: -0.0156
        Mean episode rew_foot_clearance: -0.0057
    Mean episode rew_head_pose_tracking: 1.5210
          Mean episode rew_body_ang_vel: -0.0890
        Mean episode rew_dof_pos_limits: -0.0814
        Mean episode rew_laser_progress: 0.6800
               Mean episode rew_upright: 2.3127
            Mean episode rew_laser_stop: 0.1090
            Mean episode rew_laser_fall: -0.0660
             Mean episode rew_foot_slip: -0.0002
      Mean episode rew_angular_momentum: -0.0000
 Mean episode rew_track_linear_velocity: 3.6019
        Mean episode rew_action_rate_l2: -1.4631
--------------------------------------------------------------------------------
                         Iteration time: 1.85s
                           Time elapsed: 0:14:27
                                    ETA: 0:02:00

################################################################################
[1m                           Learning iteration 439/500                           [0m 

                               Run name: laser-follow-20260904-v1
                            Total steps: 10813440 
                       Steps per second: 13832 
                        Collection time: 1.537s 
                          Learning time: 0.240s 
                        Mean value loss: 0.5149
                    Mean surrogate loss: -0.0076
                      Mean entropy loss: 13.1922
                            Mean reward: 147.33
                    Mean episode length: 887.55
                        Mean action std: 0.65
       Mean episode rew_self_collisions: -0.0015
    Mean episode rew_body_pose_tracking: 0.0000
                  Mean episode rew_pose: 0.1122
        Mean episode rew_head_pose_bias: 0.0000
Mean episode rew_track_angular_velocity: 0.1266
              Mean episode rew_air_time: 0.2861
     Mean episode rew_foot_swing_height: -0.0131
        Mean episode rew_foot_clearance: -0.0056
    Mean episode rew_head_pose_tracking: 1.5060
          Mean episode rew_body_ang_vel: -0.0926
        Mean episode rew_dof_pos_limits: -0.0805
        Mean episode rew_laser_progress: 0.7558
               Mean episode rew_upright: 2.2680
            Mean episode rew_laser_stop: 0.1182
            Mean episode rew_laser_fall: -0.0460
             Mean episode rew_foot_slip: -0.0002
      Mean episode rew_angular_momentum: -0.0000
 Mean episode rew_track_linear_velocity: 3.5828
        Mean episode rew_action_rate_l2: -1.4523
--------------------------------------------------------------------------------
                         Iteration time: 1.78s
                           Time elapsed: 0:14:29
                                    ETA: 0:01:58

################################################################################
[1m                           Learning iteration 440/500                           [0m 

                               Run name: laser-follow-20260904-v1
                            Total steps: 10838016 
                       Steps per second: 13136 
                        Collection time: 1.627s 
                          Learning time: 0.244s 
                        Mean value loss: 0.4354
                    Mean surrogate loss: -0.0078
                      Mean entropy loss: 13.1893
                            Mean reward: 145.18
                    Mean episode length: 880.07
                        Mean action std: 0.65
       Mean episode rew_self_collisions: -0.0067
    Mean episode rew_body_pose_tracking: 0.0000
                  Mean episode rew_pose: 0.1245
        Mean episode rew_head_pose_bias: 0.0000
Mean episode rew_track_angular_velocity: 0.1422
              Mean episode rew_air_time: 0.2978
     Mean episode rew_foot_swing_height: -0.0152
        Mean episode rew_foot_clearance: -0.0057
    Mean episode rew_head_pose_tracking: 1.5397
          Mean episode rew_body_ang_vel: -0.0906
        Mean episode rew_dof_pos_limits: -0.0824
        Mean episode rew_laser_progress: 0.7153
               Mean episode rew_upright: 2.3275
            Mean episode rew_laser_stop: 0.1077
            Mean episode rew_laser_fall: -0.0625
             Mean episode rew_foot_slip: -0.0002
      Mean episode rew_angular_momentum: -0.0000
 Mean episode rew_track_linear_velocity: 3.6301
        Mean episode rew_action_rate_l2: -1.4747
--------------------------------------------------------------------------------
                         Iteration time: 1.87s
                           Time elapsed: 0:14:30
                                    ETA: 0:01:56

################################################################################
[1m                           Learning iteration 441/500                           [0m 

                               Run name: laser-follow-20260904-v1
                            Total steps: 10862592 
                       Steps per second: 13434 
                        Collection time: 1.589s 
                          Learning time: 0.241s 
                        Mean value loss: 0.2522
                    Mean surrogate loss: -0.0111
                      Mean entropy loss: 13.1821
                            Mean reward: 141.62
                    Mean episode length: 868.90
                        Mean action std: 0.65
       Mean episode rew_self_collisions: -0.0021
    Mean episode rew_body_pose_tracking: 0.0000
                  Mean episode rew_pose: 0.1089
        Mean episode rew_head_pose_bias: 0.0000
Mean episode rew_track_angular_velocity: 0.1100
              Mean episode rew_air_time: 0.2779
     Mean episode rew_foot_swing_height: -0.0133
        Mean episode rew_foot_clearance: -0.0057
    Mean episode rew_head_pose_tracking: 1.3870
          Mean episode rew_body_ang_vel: -0.0897
        Mean episode rew_dof_pos_limits: -0.0747
        Mean episode rew_laser_progress: 0.7307
               Mean episode rew_upright: 2.0960
            Mean episode rew_laser_stop: 0.0971
            Mean episode rew_laser_fall: -0.0747
             Mean episode rew_foot_slip: -0.0002
      Mean episode rew_angular_momentum: -0.0000
 Mean episode rew_track_linear_velocity: 3.2867
        Mean episode rew_action_rate_l2: -1.3348
--------------------------------------------------------------------------------
                         Iteration time: 1.83s
                           Time elapsed: 0:14:32
                                    ETA: 0:01:54

################################################################################
[1m                           Learning iteration 442/500                           [0m 

                               Run name: laser-follow-20260904-v1
                            Total steps: 10887168 
                       Steps per second: 13281 
                        Collection time: 1.607s 
                          Learning time: 0.243s 
                        Mean value loss: 0.1881
                    Mean surrogate loss: -0.0096
                      Mean entropy loss: 13.1660
                            Mean reward: 151.38
                    Mean episode length: 910.94
                        Mean action std: 0.64
       Mean episode rew_self_collisions: -0.0020
    Mean episode rew_body_pose_tracking: 0.0000
                  Mean episode rew_pose: 0.1503
        Mean episode rew_head_pose_bias: 0.0000
Mean episode rew_track_angular_velocity: 0.1605
              Mean episode rew_air_time: 0.3390
     Mean episode rew_foot_swing_height: -0.0175
        Mean episode rew_foot_clearance: -0.0066
    Mean episode rew_head_pose_tracking: 1.7517
          Mean episode rew_body_ang_vel: -0.0909
        Mean episode rew_dof_pos_limits: -0.0932
        Mean episode rew_laser_progress: 0.9721
               Mean episode rew_upright: 2.6812
            Mean episode rew_laser_stop: 0.1169
            Mean episode rew_laser_fall: 0.0000
             Mean episode rew_foot_slip: -0.0002
      Mean episode rew_angular_momentum: -0.0000
 Mean episode rew_track_linear_velocity: 4.2015
        Mean episode rew_action_rate_l2: -1.6553
--------------------------------------------------------------------------------
                         Iteration time: 1.85s
                           Time elapsed: 0:14:34
                                    ETA: 0:01:52

################################################################################
[1m                           Learning iteration 443/500                           [0m 

                               Run name: laser-follow-20260904-v1
                            Total steps: 10911744 
                       Steps per second: 14043 
                        Collection time: 1.506s 
                          Learning time: 0.244s 
                        Mean value loss: 0.2551
                    Mean surrogate loss: -0.0100
                      Mean entropy loss: 13.1499
                            Mean reward: 157.79
                    Mean episode length: 942.60
                        Mean action std: 0.64
       Mean episode rew_self_collisions: -0.0026
    Mean episode rew_body_pose_tracking: 0.0000
                  Mean episode rew_pose: 0.1373
        Mean episode rew_head_pose_bias: 0.0000
Mean episode rew_track_angular_velocity: 0.1602
              Mean episode rew_air_time: 0.2727
     Mean episode rew_foot_swing_height: -0.0155
        Mean episode rew_foot_clearance: -0.0059
    Mean episode rew_head_pose_tracking: 1.7546
          Mean episode rew_body_ang_vel: -0.0887
        Mean episode rew_dof_pos_limits: -0.0936
        Mean episode rew_laser_progress: 0.9094
               Mean episode rew_upright: 2.7102
            Mean episode rew_laser_stop: 0.1529
            Mean episode rew_laser_fall: 0.0000
             Mean episode rew_foot_slip: -0.0002
      Mean episode rew_angular_momentum: -0.0000
 Mean episode rew_track_linear_velocity: 4.2331
        Mean episode rew_action_rate_l2: -1.6402
--------------------------------------------------------------------------------
                         Iteration time: 1.75s
                           Time elapsed: 0:14:36
                                    ETA: 0:01:50

################################################################################
[1m                           Learning iteration 444/500                           [0m 

                               Run name: laser-follow-20260904-v1
                            Total steps: 10936320 
                       Steps per second: 13403 
                        Collection time: 1.584s 
                          Learning time: 0.249s 
                        Mean value loss: 0.3351
                    Mean surrogate loss: -0.0088
                      Mean entropy loss: 13.1334
                            Mean reward: 160.06
                    Mean episode length: 952.43
                        Mean action std: 0.64
       Mean episode rew_self_collisions: -0.0013
    Mean episode rew_body_pose_tracking: 0.0000
                  Mean episode rew_pose: 0.1183
        Mean episode rew_head_pose_bias: 0.0000
Mean episode rew_track_angular_velocity: 0.1454
              Mean episode rew_air_time: 0.3266
     Mean episode rew_foot_swing_height: -0.0132
        Mean episode rew_foot_clearance: -0.0058
    Mean episode rew_head_pose_tracking: 1.6924
          Mean episode rew_body_ang_vel: -0.0978
        Mean episode rew_dof_pos_limits: -0.0895
        Mean episode rew_laser_progress: 0.8482
               Mean episode rew_upright: 2.5963
            Mean episode rew_laser_stop: 0.1615
            Mean episode rew_laser_fall: -0.0191
             Mean episode rew_foot_slip: -0.0002
      Mean episode rew_angular_momentum: -0.0000
 Mean episode rew_track_linear_velocity: 4.0218
        Mean episode rew_action_rate_l2: -1.5925
--------------------------------------------------------------------------------
                         Iteration time: 1.83s
                           Time elapsed: 0:14:38
                                    ETA: 0:01:48

################################################################################
[1m                           Learning iteration 445/500                           [0m 

                               Run name: laser-follow-20260904-v1
                            Total steps: 10960896 
                       Steps per second: 13041 
                        Collection time: 1.639s 
                          Learning time: 0.245s 
                        Mean value loss: 0.3205
                    Mean surrogate loss: -0.0097
                      Mean entropy loss: 13.1046
                            Mean reward: 164.37
                    Mean episode length: 974.29
                        Mean action std: 0.64
       Mean episode rew_self_collisions: -0.0008
    Mean episode rew_body_pose_tracking: 0.0000
                  Mean episode rew_pose: 0.1259
        Mean episode rew_head_pose_bias: 0.0000
Mean episode rew_track_angular_velocity: 0.1351
              Mean episode rew_air_time: 0.3313
     Mean episode rew_foot_swing_height: -0.0146
        Mean episode rew_foot_clearance: -0.0062
    Mean episode rew_head_pose_tracking: 1.6775
          Mean episode rew_body_ang_vel: -0.1002
        Mean episode rew_dof_pos_limits: -0.0893
        Mean episode rew_laser_progress: 0.8707
               Mean episode rew_upright: 2.5369
            Mean episode rew_laser_stop: 0.1349
            Mean episode rew_laser_fall: -0.0104
             Mean episode rew_foot_slip: -0.0002
      Mean episode rew_angular_momentum: -0.0000
 Mean episode rew_track_linear_velocity: 3.9589
        Mean episode rew_action_rate_l2: -1.5887
--------------------------------------------------------------------------------
                         Iteration time: 1.88s
                           Time elapsed: 0:14:40
                                    ETA: 0:01:46

################################################################################
[1m                           Learning iteration 446/500                           [0m 

                               Run name: laser-follow-20260904-v1
                            Total steps: 10985472 
                       Steps per second: 13313 
                        Collection time: 1.604s 
                          Learning time: 0.242s 
                        Mean value loss: 0.2794
                    Mean surrogate loss: -0.0093
                      Mean entropy loss: 13.0753
                            Mean reward: 161.97
                    Mean episode length: 963.89
                        Mean action std: 0.64
       Mean episode rew_self_collisions: -0.0007
    Mean episode rew_body_pose_tracking: 0.0000
                  Mean episode rew_pose: 0.1370
        Mean episode rew_head_pose_bias: 0.0000
Mean episode rew_track_angular_velocity: 0.1611
              Mean episode rew_air_time: 0.3160
     Mean episode rew_foot_swing_height: -0.0163
        Mean episode rew_foot_clearance: -0.0061
    Mean episode rew_head_pose_tracking: 1.7107
          Mean episode rew_body_ang_vel: -0.0872
        Mean episode rew_dof_pos_limits: -0.0908
        Mean episode rew_laser_progress: 0.8711
               Mean episode rew_upright: 2.6228
            Mean episode rew_laser_stop: 0.1377
            Mean episode rew_laser_fall: -0.0312
             Mean episode rew_foot_slip: -0.0002
      Mean episode rew_angular_momentum: -0.0000
 Mean episode rew_track_linear_velocity: 4.0891
        Mean episode rew_action_rate_l2: -1.5893
--------------------------------------------------------------------------------
                         Iteration time: 1.85s
                           Time elapsed: 0:14:41
                                    ETA: 0:01:44

################################################################################
[1m                           Learning iteration 447/500                           [0m 

                               Run name: laser-follow-20260904-v1
                            Total steps: 11010048 
                       Steps per second: 12785 
                        Collection time: 1.679s 
                          Learning time: 0.243s 
                        Mean value loss: 0.4113
                    Mean surrogate loss: -0.0059
                      Mean entropy loss: 13.0589
                            Mean reward: 160.72
                    Mean episode length: 956.08
                        Mean action std: 0.64
       Mean episode rew_self_collisions: -0.0006
    Mean episode rew_body_pose_tracking: 0.0000
                  Mean episode rew_pose: 0.1463
        Mean episode rew_head_pose_bias: 0.0000
Mean episode rew_track_angular_velocity: 0.1604
              Mean episode rew_air_time: 0.2975
     Mean episode rew_foot_swing_height: -0.0173
        Mean episode rew_foot_clearance: -0.0062
    Mean episode rew_head_pose_tracking: 1.7003
          Mean episode rew_body_ang_vel: -0.0825
        Mean episode rew_dof_pos_limits: -0.0892
        Mean episode rew_laser_progress: 0.9213
               Mean episode rew_upright: 2.5902
            Mean episode rew_laser_stop: 0.1212
            Mean episode rew_laser_fall: -0.0139
             Mean episode rew_foot_slip: -0.0002
      Mean episode rew_angular_momentum: -0.0000
 Mean episode rew_track_linear_velocity: 4.0912
        Mean episode rew_action_rate_l2: -1.5640
--------------------------------------------------------------------------------
                         Iteration time: 1.92s
                           Time elapsed: 0:14:43
                                    ETA: 0:01:42

################################################################################
[1m                           Learning iteration 448/500                           [0m 

                               Run name: laser-follow-20260904-v1
                            Total steps: 11034624 
                       Steps per second: 13541 
                        Collection time: 1.572s 
                          Learning time: 0.242s 
                        Mean value loss: 0.4982
                    Mean surrogate loss: -0.0082
                      Mean entropy loss: 13.0480
                            Mean reward: 158.35
                    Mean episode length: 945.49
                        Mean action std: 0.64
       Mean episode rew_self_collisions: -0.0012
    Mean episode rew_body_pose_tracking: 0.0000
                  Mean episode rew_pose: 0.1344
        Mean episode rew_head_pose_bias: 0.0000
Mean episode rew_track_angular_velocity: 0.1433
              Mean episode rew_air_time: 0.2869
     Mean episode rew_foot_swing_height: -0.0159
        Mean episode rew_foot_clearance: -0.0063
    Mean episode rew_head_pose_tracking: 1.6915
          Mean episode rew_body_ang_vel: -0.0990
        Mean episode rew_dof_pos_limits: -0.0897
        Mean episode rew_laser_progress: 0.9072
               Mean episode rew_upright: 2.5625
            Mean episode rew_laser_stop: 0.1248
            Mean episode rew_laser_fall: -0.0234
             Mean episode rew_foot_slip: -0.0002
      Mean episode rew_angular_momentum: -0.0000
 Mean episode rew_track_linear_velocity: 4.0119
        Mean episode rew_action_rate_l2: -1.5953
--------------------------------------------------------------------------------
                         Iteration time: 1.81s
                           Time elapsed: 0:14:45
                                    ETA: 0:01:40

################################################################################
[1m                           Learning iteration 449/500                           [0m 

                               Run name: laser-follow-20260904-v1
                            Total steps: 11059200 
                       Steps per second: 13650 
                        Collection time: 1.551s 
                          Learning time: 0.249s 
                        Mean value loss: 0.3337
                    Mean surrogate loss: -0.0084
                      Mean entropy loss: 13.0424
                            Mean reward: 158.01
                    Mean episode length: 944.00
                        Mean action std: 0.64
       Mean episode rew_self_collisions: -0.0022
    Mean episode rew_body_pose_tracking: 0.0000
                  Mean episode rew_pose: 0.1269
        Mean episode rew_head_pose_bias: 0.0000
Mean episode rew_track_angular_velocity: 0.1395
              Mean episode rew_air_time: 0.3824
     Mean episode rew_foot_swing_height: -0.0148
        Mean episode rew_foot_clearance: -0.0067
    Mean episode rew_head_pose_tracking: 1.6473
          Mean episode rew_body_ang_vel: -0.0980
        Mean episode rew_dof_pos_limits: -0.0889
        Mean episode rew_laser_progress: 0.9809
               Mean episode rew_upright: 2.4534
            Mean episode rew_laser_stop: 0.1109
            Mean episode rew_laser_fall: -0.0260
             Mean episode rew_foot_slip: -0.0002
      Mean episode rew_angular_momentum: -0.0000
 Mean episode rew_track_linear_velocity: 3.8451
        Mean episode rew_action_rate_l2: -1.5427
--------------------------------------------------------------------------------
                         Iteration time: 1.80s
                           Time elapsed: 0:14:47
                                    ETA: 0:01:38

################################################################################
[1m                           Learning iteration 450/500                           [0m 

                               Run name: laser-follow-20260904-v1
                            Total steps: 11083776 
                       Steps per second: 13233 
                        Collection time: 1.604s 
                          Learning time: 0.253s 
                        Mean value loss: 0.4524
                    Mean surrogate loss: -0.0091
                      Mean entropy loss: 13.0302
                            Mean reward: 154.76
                    Mean episode length: 922.71
                        Mean action std: 0.64
       Mean episode rew_self_collisions: -0.0016
    Mean episode rew_body_pose_tracking: 0.0000
                  Mean episode rew_pose: 0.1260
        Mean episode rew_head_pose_bias: 0.0000
Mean episode rew_track_angular_velocity: 0.1401
              Mean episode rew_air_time: 0.3116
     Mean episode rew_foot_swing_height: -0.0147
        Mean episode rew_foot_clearance: -0.0057
    Mean episode rew_head_pose_tracking: 1.5455
          Mean episode rew_body_ang_vel: -0.0835
        Mean episode rew_dof_pos_limits: -0.0822
        Mean episode rew_laser_progress: 0.8155
               Mean episode rew_upright: 2.3674
            Mean episode rew_laser_stop: 0.1148
            Mean episode rew_laser_fall: -0.0451
             Mean episode rew_foot_slip: -0.0002
      Mean episode rew_angular_momentum: -0.0000
 Mean episode rew_track_linear_velocity: 3.6862
        Mean episode rew_action_rate_l2: -1.4209
--------------------------------------------------------------------------------
                         Iteration time: 1.86s
                           Time elapsed: 0:14:49
                                    ETA: 0:01:36

################################################################################
[1m                           Learning iteration 451/500                           [0m 

                               Run name: laser-follow-20260904-v1
                            Total steps: 11108352 
                       Steps per second: 13377 
                        Collection time: 1.593s 
                          Learning time: 0.244s 
                        Mean value loss: 0.3683
                    Mean surrogate loss: -0.0118
                      Mean entropy loss: 13.0155
                            Mean reward: 155.05
                    Mean episode length: 929.64
                        Mean action std: 0.64
       Mean episode rew_self_collisions: -0.0010
    Mean episode rew_body_pose_tracking: 0.0000
                  Mean episode rew_pose: 0.1283
        Mean episode rew_head_pose_bias: 0.0000
Mean episode rew_track_angular_velocity: 0.1298
              Mean episode rew_air_time: 0.3712
     Mean episode rew_foot_swing_height: -0.0136
        Mean episode rew_foot_clearance: -0.0062
    Mean episode rew_head_pose_tracking: 1.7221
          Mean episode rew_body_ang_vel: -0.0972
        Mean episode rew_dof_pos_limits: -0.0918
        Mean episode rew_laser_progress: 0.8859
               Mean episode rew_upright: 2.6018
            Mean episode rew_laser_stop: 0.1337
            Mean episode rew_laser_fall: -0.0156
             Mean episode rew_foot_slip: -0.0002
      Mean episode rew_angular_momentum: -0.0000
 Mean episode rew_track_linear_velocity: 4.0783
        Mean episode rew_action_rate_l2: -1.5910
--------------------------------------------------------------------------------
                         Iteration time: 1.84s
                           Time elapsed: 0:14:51
                                    ETA: 0:01:34

################################################################################
[1m                           Learning iteration 452/500                           [0m 

                               Run name: laser-follow-20260904-v1
                            Total steps: 11132928 
                       Steps per second: 13110 
                        Collection time: 1.635s 
                          Learning time: 0.239s 
                        Mean value loss: 0.4861
                    Mean surrogate loss: -0.0084
                      Mean entropy loss: 12.9961
                            Mean reward: 154.86
                    Mean episode length: 923.45
                        Mean action std: 0.64
       Mean episode rew_self_collisions: -0.0020
    Mean episode rew_body_pose_tracking: 0.0000
                  Mean episode rew_pose: 0.1306
        Mean episode rew_head_pose_bias: 0.0000
Mean episode rew_track_angular_velocity: 0.1421
              Mean episode rew_air_time: 0.2843
     Mean episode rew_foot_swing_height: -0.0164
        Mean episode rew_foot_clearance: -0.0061
    Mean episode rew_head_pose_tracking: 1.6770
          Mean episode rew_body_ang_vel: -0.0934
        Mean episode rew_dof_pos_limits: -0.0889
        Mean episode rew_laser_progress: 0.8303
               Mean episode rew_upright: 2.5847
            Mean episode rew_laser_stop: 0.1396
            Mean episode rew_laser_fall: -0.0252
             Mean episode rew_foot_slip: -0.0002
      Mean episode rew_angular_momentum: -0.0000
 Mean episode rew_track_linear_velocity: 3.9901
        Mean episode rew_action_rate_l2: -1.5380
--------------------------------------------------------------------------------
                         Iteration time: 1.87s
                           Time elapsed: 0:14:53
                                    ETA: 0:01:32

################################################################################
[1m                           Learning iteration 453/500                           [0m 

                               Run name: laser-follow-20260904-v1
                            Total steps: 11157504 
                       Steps per second: 13423 
                        Collection time: 1.590s 
                          Learning time: 0.241s 
                        Mean value loss: 0.2584
                    Mean surrogate loss: -0.0089
                      Mean entropy loss: 12.9857
                            Mean reward: 154.60
                    Mean episode length: 917.31
                        Mean action std: 0.64
       Mean episode rew_self_collisions: -0.0033
    Mean episode rew_body_pose_tracking: 0.0000
                  Mean episode rew_pose: 0.1380
        Mean episode rew_head_pose_bias: 0.0000
Mean episode rew_track_angular_velocity: 0.1627
              Mean episode rew_air_time: 0.2810
     Mean episode rew_foot_swing_height: -0.0163
        Mean episode rew_foot_clearance: -0.0058
    Mean episode rew_head_pose_tracking: 1.5699
          Mean episode rew_body_ang_vel: -0.0748
        Mean episode rew_dof_pos_limits: -0.0829
        Mean episode rew_laser_progress: 0.8373
               Mean episode rew_upright: 2.3844
            Mean episode rew_laser_stop: 0.1085
            Mean episode rew_laser_fall: -0.0521
             Mean episode rew_foot_slip: -0.0002
      Mean episode rew_angular_momentum: -0.0000
 Mean episode rew_track_linear_velocity: 3.7823
        Mean episode rew_action_rate_l2: -1.4115
--------------------------------------------------------------------------------
                         Iteration time: 1.83s
                           Time elapsed: 0:14:54
                                    ETA: 0:01:30

################################################################################
[1m                           Learning iteration 454/500                           [0m 

                               Run name: laser-follow-20260904-v1
                            Total steps: 11182080 
                       Steps per second: 14381 
                        Collection time: 1.467s 
                          Learning time: 0.242s 
                        Mean value loss: 0.2634
                    Mean surrogate loss: -0.0102
                      Mean entropy loss: 12.9490
                            Mean reward: 155.06
                    Mean episode length: 915.25
                        Mean action std: 0.64
       Mean episode rew_self_collisions: -0.0009
    Mean episode rew_body_pose_tracking: 0.0000
                  Mean episode rew_pose: 0.1427
        Mean episode rew_head_pose_bias: 0.0000
Mean episode rew_track_angular_velocity: 0.1698
              Mean episode rew_air_time: 0.3841
     Mean episode rew_foot_swing_height: -0.0162
        Mean episode rew_foot_clearance: -0.0064
    Mean episode rew_head_pose_tracking: 1.7157
          Mean episode rew_body_ang_vel: -0.0842
        Mean episode rew_dof_pos_limits: -0.0903
        Mean episode rew_laser_progress: 1.1440
               Mean episode rew_upright: 2.6378
            Mean episode rew_laser_stop: 0.1243
            Mean episode rew_laser_fall: -0.0069
             Mean episode rew_foot_slip: -0.0002
      Mean episode rew_angular_momentum: -0.0000
 Mean episode rew_track_linear_velocity: 4.1456
        Mean episode rew_action_rate_l2: -1.5547
--------------------------------------------------------------------------------
                         Iteration time: 1.71s
                           Time elapsed: 0:14:56
                                    ETA: 0:01:28

################################################################################
[1m                           Learning iteration 455/500                           [0m 

                               Run name: laser-follow-20260904-v1
                            Total steps: 11206656 
                       Steps per second: 12878 
                        Collection time: 1.665s 
                          Learning time: 0.243s 
                        Mean value loss: 0.3566
                    Mean surrogate loss: -0.0078
                      Mean entropy loss: 12.9278
                            Mean reward: 155.46
                    Mean episode length: 912.85
                        Mean action std: 0.63
       Mean episode rew_self_collisions: -0.0011
    Mean episode rew_body_pose_tracking: 0.0000
                  Mean episode rew_pose: 0.1476
        Mean episode rew_head_pose_bias: 0.0000
Mean episode rew_track_angular_velocity: 0.1456
              Mean episode rew_air_time: 0.3004
     Mean episode rew_foot_swing_height: -0.0172
        Mean episode rew_foot_clearance: -0.0066
    Mean episode rew_head_pose_tracking: 1.6220
          Mean episode rew_body_ang_vel: -0.0873
        Mean episode rew_dof_pos_limits: -0.0857
        Mean episode rew_laser_progress: 0.9629
               Mean episode rew_upright: 2.4766
            Mean episode rew_laser_stop: 0.0955
            Mean episode rew_laser_fall: -0.0208
             Mean episode rew_foot_slip: -0.0002
      Mean episode rew_angular_momentum: -0.0000
 Mean episode rew_track_linear_velocity: 3.8698
        Mean episode rew_action_rate_l2: -1.4804
--------------------------------------------------------------------------------
                         Iteration time: 1.91s
                           Time elapsed: 0:14:58
                                    ETA: 0:01:26

################################################################################
[1m                           Learning iteration 456/500                           [0m 

                               Run name: laser-follow-20260904-v1
                            Total steps: 11231232 
                       Steps per second: 12813 
                        Collection time: 1.637s 
                          Learning time: 0.281s 
                        Mean value loss: 0.5315
                    Mean surrogate loss: -0.0092
                      Mean entropy loss: 12.9152
                            Mean reward: 152.51
                    Mean episode length: 891.33
                        Mean action std: 0.63
       Mean episode rew_self_collisions: -0.0014
    Mean episode rew_body_pose_tracking: 0.0000
                  Mean episode rew_pose: 0.1380
        Mean episode rew_head_pose_bias: 0.0000
Mean episode rew_track_angular_velocity: 0.1560
              Mean episode rew_air_time: 0.2881
     Mean episode rew_foot_swing_height: -0.0173
        Mean episode rew_foot_clearance: -0.0062
    Mean episode rew_head_pose_tracking: 1.6004
          Mean episode rew_body_ang_vel: -0.0801
        Mean episode rew_dof_pos_limits: -0.0851
        Mean episode rew_laser_progress: 0.8648
               Mean episode rew_upright: 2.4410
            Mean episode rew_laser_stop: 0.1126
            Mean episode rew_laser_fall: -0.0434
             Mean episode rew_foot_slip: -0.0002
      Mean episode rew_angular_momentum: -0.0000
 Mean episode rew_track_linear_velocity: 3.8438
        Mean episode rew_action_rate_l2: -1.4291
--------------------------------------------------------------------------------
                         Iteration time: 1.92s
                           Time elapsed: 0:15:00
                                    ETA: 0:01:24

################################################################################
[1m                           Learning iteration 457/500                           [0m 

                               Run name: laser-follow-20260904-v1
                            Total steps: 11255808 
                       Steps per second: 13479 
                        Collection time: 1.578s 
                          Learning time: 0.246s 
                        Mean value loss: 0.3724
                    Mean surrogate loss: -0.0095
                      Mean entropy loss: 12.9007
                            Mean reward: 155.20
                    Mean episode length: 906.89
                        Mean action std: 0.63
       Mean episode rew_self_collisions: -0.0041
    Mean episode rew_body_pose_tracking: 0.0000
                  Mean episode rew_pose: 0.1415
        Mean episode rew_head_pose_bias: 0.0000
Mean episode rew_track_angular_velocity: 0.1686
              Mean episode rew_air_time: 0.3044
     Mean episode rew_foot_swing_height: -0.0181
        Mean episode rew_foot_clearance: -0.0062
    Mean episode rew_head_pose_tracking: 1.6223
          Mean episode rew_body_ang_vel: -0.0782
        Mean episode rew_dof_pos_limits: -0.0855
        Mean episode rew_laser_progress: 0.8687
               Mean episode rew_upright: 2.4466
            Mean episode rew_laser_stop: 0.1148
            Mean episode rew_laser_fall: -0.0538
             Mean episode rew_foot_slip: -0.0002
      Mean episode rew_angular_momentum: -0.0000
 Mean episode rew_track_linear_velocity: 3.8741
        Mean episode rew_action_rate_l2: -1.4672
--------------------------------------------------------------------------------
                         Iteration time: 1.82s
                           Time elapsed: 0:15:02
                                    ETA: 0:01:22

################################################################################
[1m                           Learning iteration 458/500                           [0m 

                               Run name: laser-follow-20260904-v1
                            Total steps: 11280384 
                       Steps per second: 13231 
                        Collection time: 1.607s 
                          Learning time: 0.250s 
                        Mean value loss: 0.3150
                    Mean surrogate loss: -0.0113
                      Mean entropy loss: 12.8874
                            Mean reward: 151.89
                    Mean episode length: 893.03
                        Mean action std: 0.63
       Mean episode rew_self_collisions: -0.0026
    Mean episode rew_body_pose_tracking: 0.0000
                  Mean episode rew_pose: 0.1328
        Mean episode rew_head_pose_bias: 0.0000
Mean episode rew_track_angular_velocity: 0.1438
              Mean episode rew_air_time: 0.3041
     Mean episode rew_foot_swing_height: -0.0155
        Mean episode rew_foot_clearance: -0.0059
    Mean episode rew_head_pose_tracking: 1.5577
          Mean episode rew_body_ang_vel: -0.0874
        Mean episode rew_dof_pos_limits: -0.0828
        Mean episode rew_laser_progress: 0.8517
               Mean episode rew_upright: 2.3765
            Mean episode rew_laser_stop: 0.1056
            Mean episode rew_laser_fall: -0.0330
             Mean episode rew_foot_slip: -0.0002
      Mean episode rew_angular_momentum: -0.0000
 Mean episode rew_track_linear_velocity: 3.7126
        Mean episode rew_action_rate_l2: -1.4204
--------------------------------------------------------------------------------
                         Iteration time: 1.86s
                           Time elapsed: 0:15:04
                                    ETA: 0:01:20

################################################################################
[1m                           Learning iteration 459/500                           [0m 

                               Run name: laser-follow-20260904-v1
                            Total steps: 11304960 
                       Steps per second: 13136 
                        Collection time: 1.629s 
                          Learning time: 0.241s 
                        Mean value loss: 0.3618
                    Mean surrogate loss: -0.0082
                      Mean entropy loss: 12.8755
                            Mean reward: 156.73
                    Mean episode length: 916.86
                        Mean action std: 0.63
       Mean episode rew_self_collisions: -0.0032
    Mean episode rew_body_pose_tracking: 0.0000
                  Mean episode rew_pose: 0.1424
        Mean episode rew_head_pose_bias: 0.0000
Mean episode rew_track_angular_velocity: 0.1606
              Mean episode rew_air_time: 0.3298
     Mean episode rew_foot_swing_height: -0.0175
        Mean episode rew_foot_clearance: -0.0064
    Mean episode rew_head_pose_tracking: 1.6749
          Mean episode rew_body_ang_vel: -0.0882
        Mean episode rew_dof_pos_limits: -0.0897
        Mean episode rew_laser_progress: 0.8732
               Mean episode rew_upright: 2.5501
            Mean episode rew_laser_stop: 0.1169
            Mean episode rew_laser_fall: -0.0208
             Mean episode rew_foot_slip: -0.0002
      Mean episode rew_angular_momentum: -0.0000
 Mean episode rew_track_linear_velocity: 4.0087
        Mean episode rew_action_rate_l2: -1.5141
--------------------------------------------------------------------------------
                         Iteration time: 1.87s
                           Time elapsed: 0:15:05
                                    ETA: 0:01:18

################################################################################
[1m                           Learning iteration 460/500                           [0m 

                               Run name: laser-follow-20260904-v1
                            Total steps: 11329536 
                       Steps per second: 12888 
                        Collection time: 1.671s 
                          Learning time: 0.236s 
                        Mean value loss: 0.4695
                    Mean surrogate loss: -0.0081
                      Mean entropy loss: 12.8651
                            Mean reward: 157.10
                    Mean episode length: 916.11
                        Mean action std: 0.63
       Mean episode rew_self_collisions: -0.0015
    Mean episode rew_body_pose_tracking: 0.0000
                  Mean episode rew_pose: 0.1432
        Mean episode rew_head_pose_bias: 0.0000
Mean episode rew_track_angular_velocity: 0.1450
              Mean episode rew_air_time: 0.3297
     Mean episode rew_foot_swing_height: -0.0174
        Mean episode rew_foot_clearance: -0.0065
    Mean episode rew_head_pose_tracking: 1.6177
          Mean episode rew_body_ang_vel: -0.0943
        Mean episode rew_dof_pos_limits: -0.0852
        Mean episode rew_laser_progress: 0.9961
               Mean episode rew_upright: 2.4356
            Mean episode rew_laser_stop: 0.0911
            Mean episode rew_laser_fall: -0.0208
             Mean episode rew_foot_slip: -0.0002
      Mean episode rew_angular_momentum: -0.0000
 Mean episode rew_track_linear_velocity: 3.8367
        Mean episode rew_action_rate_l2: -1.4635
--------------------------------------------------------------------------------
                         Iteration time: 1.91s
                           Time elapsed: 0:15:07
                                    ETA: 0:01:16

################################################################################
[1m                           Learning iteration 461/500                           [0m 

                               Run name: laser-follow-20260904-v1
                            Total steps: 11354112 
                       Steps per second: 13791 
                        Collection time: 1.537s 
                          Learning time: 0.245s 
                        Mean value loss: 0.4742
                    Mean surrogate loss: -0.0109
                      Mean entropy loss: 12.8613
                            Mean reward: 156.58
                    Mean episode length: 917.69
                        Mean action std: 0.63
       Mean episode rew_self_collisions: -0.0032
    Mean episode rew_body_pose_tracking: 0.0000
                  Mean episode rew_pose: 0.1167
        Mean episode rew_head_pose_bias: 0.0000
Mean episode rew_track_angular_velocity: 0.1558
              Mean episode rew_air_time: 0.2971
     Mean episode rew_foot_swing_height: -0.0150
        Mean episode rew_foot_clearance: -0.0056
    Mean episode rew_head_pose_tracking: 1.5950
          Mean episode rew_body_ang_vel: -0.0885
        Mean episode rew_dof_pos_limits: -0.0853
        Mean episode rew_laser_progress: 0.8016
               Mean episode rew_upright: 2.3913
            Mean episode rew_laser_stop: 0.1482
            Mean episode rew_laser_fall: -0.0469
             Mean episode rew_foot_slip: -0.0002
      Mean episode rew_angular_momentum: -0.0000
 Mean episode rew_track_linear_velocity: 3.8160
        Mean episode rew_action_rate_l2: -1.4307
--------------------------------------------------------------------------------
                         Iteration time: 1.78s
                           Time elapsed: 0:15:09
                                    ETA: 0:01:14

################################################################################
[1m                           Learning iteration 462/500                           [0m 

                               Run name: laser-follow-20260904-v1
                            Total steps: 11378688 
                       Steps per second: 13277 
                        Collection time: 1.599s 
                          Learning time: 0.252s 
                        Mean value loss: 0.3860
                    Mean surrogate loss: -0.0103
                      Mean entropy loss: 12.8695
                            Mean reward: 159.02
                    Mean episode length: 928.01
                        Mean action std: 0.63
       Mean episode rew_self_collisions: -0.0012
    Mean episode rew_body_pose_tracking: 0.0000
                  Mean episode rew_pose: 0.1339
        Mean episode rew_head_pose_bias: 0.0000
Mean episode rew_track_angular_velocity: 0.1533
              Mean episode rew_air_time: 0.3112
     Mean episode rew_foot_swing_height: -0.0158
        Mean episode rew_foot_clearance: -0.0059
    Mean episode rew_head_pose_tracking: 1.6248
          Mean episode rew_body_ang_vel: -0.0858
        Mean episode rew_dof_pos_limits: -0.0860
        Mean episode rew_laser_progress: 0.8207
               Mean episode rew_upright: 2.4859
            Mean episode rew_laser_stop: 0.1293
            Mean episode rew_laser_fall: -0.0340
             Mean episode rew_foot_slip: -0.0002
      Mean episode rew_angular_momentum: -0.0000
 Mean episode rew_track_linear_velocity: 3.8969
        Mean episode rew_action_rate_l2: -1.4549
--------------------------------------------------------------------------------
                         Iteration time: 1.85s
                           Time elapsed: 0:15:11
                                    ETA: 0:01:12

################################################################################
[1m                           Learning iteration 463/500                           [0m 

                               Run name: laser-follow-20260904-v1
                            Total steps: 11403264 
                       Steps per second: 13732 
                        Collection time: 1.545s 
                          Learning time: 0.245s 
                        Mean value loss: 0.4128
                    Mean surrogate loss: -0.0100
                      Mean entropy loss: 12.8702
                            Mean reward: 155.07
                    Mean episode length: 910.91
                        Mean action std: 0.63
       Mean episode rew_self_collisions: -0.0041
    Mean episode rew_body_pose_tracking: 0.0000
                  Mean episode rew_pose: 0.1213
        Mean episode rew_head_pose_bias: 0.0000
Mean episode rew_track_angular_velocity: 0.1335
              Mean episode rew_air_time: 0.2794
     Mean episode rew_foot_swing_height: -0.0153
        Mean episode rew_foot_clearance: -0.0066
    Mean episode rew_head_pose_tracking: 1.4169
          Mean episode rew_body_ang_vel: -0.0898
        Mean episode rew_dof_pos_limits: -0.0764
        Mean episode rew_laser_progress: 0.7814
               Mean episode rew_upright: 2.1191
            Mean episode rew_laser_stop: 0.0792
            Mean episode rew_laser_fall: -0.0964
             Mean episode rew_foot_slip: -0.0002
      Mean episode rew_angular_momentum: -0.0000
 Mean episode rew_track_linear_velocity: 3.3017
        Mean episode rew_action_rate_l2: -1.3063
--------------------------------------------------------------------------------
                         Iteration time: 1.79s
                           Time elapsed: 0:15:13
                                    ETA: 0:01:10

################################################################################
[1m                           Learning iteration 464/500                           [0m 

                               Run name: laser-follow-20260904-v1
                            Total steps: 11427840 
                       Steps per second: 13800 
                        Collection time: 1.539s 
                          Learning time: 0.242s 
                        Mean value loss: 0.5816
                    Mean surrogate loss: -0.0090
                      Mean entropy loss: 12.8520
                            Mean reward: 155.99
                    Mean episode length: 914.37
                        Mean action std: 0.63
       Mean episode rew_self_collisions: -0.0028
    Mean episode rew_body_pose_tracking: 0.0000
                  Mean episode rew_pose: 0.1603
        Mean episode rew_head_pose_bias: 0.0000
Mean episode rew_track_angular_velocity: 0.1973
              Mean episode rew_air_time: 0.2880
     Mean episode rew_foot_swing_height: -0.0201
        Mean episode rew_foot_clearance: -0.0067
    Mean episode rew_head_pose_tracking: 1.7387
          Mean episode rew_body_ang_vel: -0.0769
        Mean episode rew_dof_pos_limits: -0.0910
        Mean episode rew_laser_progress: 1.0418
               Mean episode rew_upright: 2.6399
            Mean episode rew_laser_stop: 0.1191
            Mean episode rew_laser_fall: -0.0260
             Mean episode rew_foot_slip: -0.0002
      Mean episode rew_angular_momentum: -0.0000
 Mean episode rew_track_linear_velocity: 4.1587
        Mean episode rew_action_rate_l2: -1.5008
--------------------------------------------------------------------------------
                         Iteration time: 1.78s
                           Time elapsed: 0:15:15
                                    ETA: 0:01:08

################################################################################
[1m                           Learning iteration 465/500                           [0m 

                               Run name: laser-follow-20260904-v1
                            Total steps: 11452416 
                       Steps per second: 13185 
                        Collection time: 1.617s 
                          Learning time: 0.247s 
                        Mean value loss: 0.4331
                    Mean surrogate loss: -0.0097
                      Mean entropy loss: 12.8529
                            Mean reward: 156.61
                    Mean episode length: 916.56
                        Mean action std: 0.63
       Mean episode rew_self_collisions: -0.0030
    Mean episode rew_body_pose_tracking: 0.0000
                  Mean episode rew_pose: 0.1266
        Mean episode rew_head_pose_bias: 0.0000
Mean episode rew_track_angular_velocity: 0.1401
              Mean episode rew_air_time: 0.2814
     Mean episode rew_foot_swing_height: -0.0165
        Mean episode rew_foot_clearance: -0.0060
    Mean episode rew_head_pose_tracking: 1.5287
          Mean episode rew_body_ang_vel: -0.0877
        Mean episode rew_dof_pos_limits: -0.0813
        Mean episode rew_laser_progress: 0.7301
               Mean episode rew_upright: 2.3166
            Mean episode rew_laser_stop: 0.1137
            Mean episode rew_laser_fall: -0.0590
             Mean episode rew_foot_slip: -0.0002
      Mean episode rew_angular_momentum: -0.0000
 Mean episode rew_track_linear_velocity: 3.5883
        Mean episode rew_action_rate_l2: -1.3689
--------------------------------------------------------------------------------
                         Iteration time: 1.86s
                           Time elapsed: 0:15:16
                                    ETA: 0:01:06

################################################################################
[1m                           Learning iteration 466/500                           [0m 

                               Run name: laser-follow-20260904-v1
                            Total steps: 11476992 
                       Steps per second: 13545 
                        Collection time: 1.532s 
                          Learning time: 0.283s 
                        Mean value loss: 0.3605
                    Mean surrogate loss: -0.0077
                      Mean entropy loss: 12.8543
                            Mean reward: 156.37
                    Mean episode length: 909.78
                        Mean action std: 0.63
       Mean episode rew_self_collisions: -0.0014
    Mean episode rew_body_pose_tracking: 0.0000
                  Mean episode rew_pose: 0.1397
        Mean episode rew_head_pose_bias: 0.0000
Mean episode rew_track_angular_velocity: 0.1466
              Mean episode rew_air_time: 0.3331
     Mean episode rew_foot_swing_height: -0.0166
        Mean episode rew_foot_clearance: -0.0062
    Mean episode rew_head_pose_tracking: 1.5907
          Mean episode rew_body_ang_vel: -0.0836
        Mean episode rew_dof_pos_limits: -0.0837
        Mean episode rew_laser_progress: 0.9288
               Mean episode rew_upright: 2.4159
            Mean episode rew_laser_stop: 0.1089
            Mean episode rew_laser_fall: -0.0521
             Mean episode rew_foot_slip: -0.0002
      Mean episode rew_angular_momentum: -0.0000
 Mean episode rew_track_linear_velocity: 3.7960
        Mean episode rew_action_rate_l2: -1.4047
--------------------------------------------------------------------------------
                         Iteration time: 1.81s
                           Time elapsed: 0:15:18
                                    ETA: 0:01:04

################################################################################
[1m                           Learning iteration 467/500                           [0m 

                               Run name: laser-follow-20260904-v1
                            Total steps: 11501568 
                       Steps per second: 13045 
                        Collection time: 1.645s 
                          Learning time: 0.239s 
                        Mean value loss: 0.3025
                    Mean surrogate loss: -0.0102
                      Mean entropy loss: 12.8368
                            Mean reward: 161.15
                    Mean episode length: 933.40
                        Mean action std: 0.63
       Mean episode rew_self_collisions: -0.0023
    Mean episode rew_body_pose_tracking: 0.0000
                  Mean episode rew_pose: 0.1464
        Mean episode rew_head_pose_bias: 0.0000
Mean episode rew_track_angular_velocity: 0.1637
              Mean episode rew_air_time: 0.3075
     Mean episode rew_foot_swing_height: -0.0177
        Mean episode rew_foot_clearance: -0.0064
    Mean episode rew_head_pose_tracking: 1.6098
          Mean episode rew_body_ang_vel: -0.0822
        Mean episode rew_dof_pos_limits: -0.0853
        Mean episode rew_laser_progress: 0.9682
               Mean episode rew_upright: 2.4063
            Mean episode rew_laser_stop: 0.0887
            Mean episode rew_laser_fall: -0.0365
             Mean episode rew_foot_slip: -0.0002
      Mean episode rew_angular_momentum: -0.0000
 Mean episode rew_track_linear_velocity: 3.8408
        Mean episode rew_action_rate_l2: -1.4162
--------------------------------------------------------------------------------
                         Iteration time: 1.88s
                           Time elapsed: 0:15:20
                                    ETA: 0:01:02

################################################################################
[1m                           Learning iteration 468/500                           [0m 

                               Run name: laser-follow-20260904-v1
                            Total steps: 11526144 
                       Steps per second: 13619 
                        Collection time: 1.562s 
                          Learning time: 0.243s 
                        Mean value loss: 0.4640
                    Mean surrogate loss: -0.0086
                      Mean entropy loss: 12.8275
                            Mean reward: 159.30
                    Mean episode length: 922.35
                        Mean action std: 0.63
       Mean episode rew_self_collisions: -0.0006
    Mean episode rew_body_pose_tracking: 0.0000
                  Mean episode rew_pose: 0.1495
        Mean episode rew_head_pose_bias: 0.0000
Mean episode rew_track_angular_velocity: 0.1579
              Mean episode rew_air_time: 0.2894
     Mean episode rew_foot_swing_height: -0.0188
        Mean episode rew_foot_clearance: -0.0063
    Mean episode rew_head_pose_tracking: 1.6951
          Mean episode rew_body_ang_vel: -0.0881
        Mean episode rew_dof_pos_limits: -0.0893
        Mean episode rew_laser_progress: 0.9196
               Mean episode rew_upright: 2.5735
            Mean episode rew_laser_stop: 0.1250
            Mean episode rew_laser_fall: -0.0156
             Mean episode rew_foot_slip: -0.0002
      Mean episode rew_angular_momentum: -0.0000
 Mean episode rew_track_linear_velocity: 4.0749
        Mean episode rew_action_rate_l2: -1.4860
--------------------------------------------------------------------------------
                         Iteration time: 1.80s
                           Time elapsed: 0:15:22
                                    ETA: 0:01:00

################################################################################
[1m                           Learning iteration 469/500                           [0m 

                               Run name: laser-follow-20260904-v1
                            Total steps: 11550720 
                       Steps per second: 13262 
                        Collection time: 1.606s 
                          Learning time: 0.247s 
                        Mean value loss: 0.3561
                    Mean surrogate loss: -0.0089
                      Mean entropy loss: 12.8250
                            Mean reward: 161.58
                    Mean episode length: 934.30
                        Mean action std: 0.63
       Mean episode rew_self_collisions: -0.0012
    Mean episode rew_body_pose_tracking: 0.0000
                  Mean episode rew_pose: 0.1418
        Mean episode rew_head_pose_bias: 0.0000
Mean episode rew_track_angular_velocity: 0.1659
              Mean episode rew_air_time: 0.3129
     Mean episode rew_foot_swing_height: -0.0175
        Mean episode rew_foot_clearance: -0.0058
    Mean episode rew_head_pose_tracking: 1.6570
          Mean episode rew_body_ang_vel: -0.0793
        Mean episode rew_dof_pos_limits: -0.0874
        Mean episode rew_laser_progress: 0.8685
               Mean episode rew_upright: 2.5000
            Mean episode rew_laser_stop: 0.1143
            Mean episode rew_laser_fall: -0.0260
             Mean episode rew_foot_slip: -0.0002
      Mean episode rew_angular_momentum: -0.0000
 Mean episode rew_track_linear_velocity: 3.9691
        Mean episode rew_action_rate_l2: -1.4473
--------------------------------------------------------------------------------
                         Iteration time: 1.85s
                           Time elapsed: 0:15:24
                                    ETA: 0:00:58

################################################################################
[1m                           Learning iteration 470/500                           [0m 

                               Run name: laser-follow-20260904-v1
                            Total steps: 11575296 
                       Steps per second: 13007 
                        Collection time: 1.644s 
                          Learning time: 0.245s 
                        Mean value loss: 0.3116
                    Mean surrogate loss: -0.0108
                      Mean entropy loss: 12.8152
                            Mean reward: 164.22
                    Mean episode length: 952.85
                        Mean action std: 0.63
       Mean episode rew_self_collisions: -0.0015
    Mean episode rew_body_pose_tracking: 0.0000
                  Mean episode rew_pose: 0.1529
        Mean episode rew_head_pose_bias: 0.0000
Mean episode rew_track_angular_velocity: 0.1818
              Mean episode rew_air_time: 0.3250
     Mean episode rew_foot_swing_height: -0.0185
        Mean episode rew_foot_clearance: -0.0062
    Mean episode rew_head_pose_tracking: 1.7515
          Mean episode rew_body_ang_vel: -0.0834
        Mean episode rew_dof_pos_limits: -0.0930
        Mean episode rew_laser_progress: 0.9272
               Mean episode rew_upright: 2.6577
            Mean episode rew_laser_stop: 0.1251
            Mean episode rew_laser_fall: -0.0122
             Mean episode rew_foot_slip: -0.0002
      Mean episode rew_angular_momentum: -0.0000
 Mean episode rew_track_linear_velocity: 4.2269
        Mean episode rew_action_rate_l2: -1.5352
--------------------------------------------------------------------------------
                         Iteration time: 1.89s
                           Time elapsed: 0:15:26
                                    ETA: 0:00:57

################################################################################
[1m                           Learning iteration 471/500                           [0m 

                               Run name: laser-follow-20260904-v1
                            Total steps: 11599872 
                       Steps per second: 13177 
                        Collection time: 1.622s 
                          Learning time: 0.243s 
                        Mean value loss: 0.3868
                    Mean surrogate loss: -0.0104
                      Mean entropy loss: 12.7927
                            Mean reward: 162.99
                    Mean episode length: 949.88
                        Mean action std: 0.63
       Mean episode rew_self_collisions: -0.0026
    Mean episode rew_body_pose_tracking: 0.0000
                  Mean episode rew_pose: 0.1477
        Mean episode rew_head_pose_bias: 0.0000
Mean episode rew_track_angular_velocity: 0.1464
              Mean episode rew_air_time: 0.3799
     Mean episode rew_foot_swing_height: -0.0160
        Mean episode rew_foot_clearance: -0.0069
    Mean episode rew_head_pose_tracking: 1.7192
          Mean episode rew_body_ang_vel: -0.0993
        Mean episode rew_dof_pos_limits: -0.0924
        Mean episode rew_laser_progress: 1.0161
               Mean episode rew_upright: 2.5982
            Mean episode rew_laser_stop: 0.1054
            Mean episode rew_laser_fall: -0.0208
             Mean episode rew_foot_slip: -0.0002
      Mean episode rew_angular_momentum: -0.0000
 Mean episode rew_track_linear_velocity: 4.0651
        Mean episode rew_action_rate_l2: -1.5341
--------------------------------------------------------------------------------
                         Iteration time: 1.86s
                           Time elapsed: 0:15:28
                                    ETA: 0:00:55

################################################################################
[1m                           Learning iteration 472/500                           [0m 

                               Run name: laser-follow-20260904-v1
                            Total steps: 11624448 
                       Steps per second: 12636 
                        Collection time: 1.687s 
                          Learning time: 0.258s 
                        Mean value loss: 0.2931
                    Mean surrogate loss: -0.0092
                      Mean entropy loss: 12.7787
                            Mean reward: 166.75
                    Mean episode length: 968.88
                        Mean action std: 0.63
       Mean episode rew_self_collisions: -0.0021
    Mean episode rew_body_pose_tracking: 0.0000
                  Mean episode rew_pose: 0.1412
        Mean episode rew_head_pose_bias: 0.0000
Mean episode rew_track_angular_velocity: 0.1598
              Mean episode rew_air_time: 0.3361
     Mean episode rew_foot_swing_height: -0.0166
        Mean episode rew_foot_clearance: -0.0063
    Mean episode rew_head_pose_tracking: 1.7316
          Mean episode rew_body_ang_vel: -0.0932
        Mean episode rew_dof_pos_limits: -0.0918
        Mean episode rew_laser_progress: 0.9631
               Mean episode rew_upright: 2.6131
            Mean episode rew_laser_stop: 0.1301
            Mean episode rew_laser_fall: -0.0087
             Mean episode rew_foot_slip: -0.0002
      Mean episode rew_angular_momentum: -0.0000
 Mean episode rew_track_linear_velocity: 4.1419
        Mean episode rew_action_rate_l2: -1.5163
--------------------------------------------------------------------------------
                         Iteration time: 1.94s
                           Time elapsed: 0:15:30
                                    ETA: 0:00:53

################################################################################
[1m                           Learning iteration 473/500                           [0m 

                               Run name: laser-follow-20260904-v1
                            Total steps: 11649024 
                       Steps per second: 13222 
                        Collection time: 1.619s 
                          Learning time: 0.239s 
                        Mean value loss: 0.4061
                    Mean surrogate loss: -0.0067
                      Mean entropy loss: 12.7656
                            Mean reward: 165.70
                    Mean episode length: 962.49
                        Mean action std: 0.63
       Mean episode rew_self_collisions: -0.0040
    Mean episode rew_body_pose_tracking: 0.0000
                  Mean episode rew_pose: 0.1275
        Mean episode rew_head_pose_bias: 0.0000
Mean episode rew_track_angular_velocity: 0.1397
              Mean episode rew_air_time: 0.3372
     Mean episode rew_foot_swing_height: -0.0144
        Mean episode rew_foot_clearance: -0.0058
    Mean episode rew_head_pose_tracking: 1.6092
          Mean episode rew_body_ang_vel: -0.0897
        Mean episode rew_dof_pos_limits: -0.0856
        Mean episode rew_laser_progress: 0.9561
               Mean episode rew_upright: 2.4574
            Mean episode rew_laser_stop: 0.1205
            Mean episode rew_laser_fall: -0.0365
             Mean episode rew_foot_slip: -0.0002
      Mean episode rew_angular_momentum: -0.0000
 Mean episode rew_track_linear_velocity: 3.8235
        Mean episode rew_action_rate_l2: -1.3967
--------------------------------------------------------------------------------
                         Iteration time: 1.86s
                           Time elapsed: 0:15:31
                                    ETA: 0:00:51

################################################################################
[1m                           Learning iteration 474/500                           [0m 

                               Run name: laser-follow-20260904-v1
                            Total steps: 11673600 
                       Steps per second: 14207 
                        Collection time: 1.490s 
                          Learning time: 0.240s 
                        Mean value loss: 0.3658
                    Mean surrogate loss: -0.0098
                      Mean entropy loss: 12.7613
                            Mean reward: 164.71
                    Mean episode length: 960.50
                        Mean action std: 0.63
       Mean episode rew_self_collisions: -0.0051
    Mean episode rew_body_pose_tracking: 0.0000
                  Mean episode rew_pose: 0.1155
        Mean episode rew_head_pose_bias: 0.0000
Mean episode rew_track_angular_velocity: 0.1542
              Mean episode rew_air_time: 0.3271
     Mean episode rew_foot_swing_height: -0.0125
        Mean episode rew_foot_clearance: -0.0054
    Mean episode rew_head_pose_tracking: 1.7056
          Mean episode rew_body_ang_vel: -0.0923
        Mean episode rew_dof_pos_limits: -0.0918
        Mean episode rew_laser_progress: 0.8628
               Mean episode rew_upright: 2.5139
            Mean episode rew_laser_stop: 0.1602
            Mean episode rew_laser_fall: -0.0156
             Mean episode rew_foot_slip: -0.0002
      Mean episode rew_angular_momentum: -0.0000
 Mean episode rew_track_linear_velocity: 4.0017
        Mean episode rew_action_rate_l2: -1.5096
--------------------------------------------------------------------------------
                         Iteration time: 1.73s
                           Time elapsed: 0:15:33
                                    ETA: 0:00:49

################################################################################
[1m                           Learning iteration 475/500                           [0m 

                               Run name: laser-follow-20260904-v1
                            Total steps: 11698176 
                       Steps per second: 13168 
                        Collection time: 1.617s 
                          Learning time: 0.249s 
                        Mean value loss: 0.2824
                    Mean surrogate loss: -0.0098
                      Mean entropy loss: 12.7426
                            Mean reward: 166.25
                    Mean episode length: 961.53
                        Mean action std: 0.63
       Mean episode rew_self_collisions: -0.0027
    Mean episode rew_body_pose_tracking: 0.0000
                  Mean episode rew_pose: 0.1477
        Mean episode rew_head_pose_bias: 0.0000
Mean episode rew_track_angular_velocity: 0.1738
              Mean episode rew_air_time: 0.3822
     Mean episode rew_foot_swing_height: -0.0160
        Mean episode rew_foot_clearance: -0.0065
    Mean episode rew_head_pose_tracking: 1.7245
          Mean episode rew_body_ang_vel: -0.0831
        Mean episode rew_dof_pos_limits: -0.0917
        Mean episode rew_laser_progress: 1.0513
               Mean episode rew_upright: 2.6037
            Mean episode rew_laser_stop: 0.1143
            Mean episode rew_laser_fall: -0.0104
             Mean episode rew_foot_slip: -0.0002
      Mean episode rew_angular_momentum: -0.0000
 Mean episode rew_track_linear_velocity: 4.1063
        Mean episode rew_action_rate_l2: -1.4826
--------------------------------------------------------------------------------
                         Iteration time: 1.87s
                           Time elapsed: 0:15:35
                                    ETA: 0:00:47

################################################################################
[1m                           Learning iteration 476/500                           [0m 

                               Run name: laser-follow-20260904-v1
                            Total steps: 11722752 
                       Steps per second: 13313 
                        Collection time: 1.604s 
                          Learning time: 0.242s 
                        Mean value loss: 0.5807
                    Mean surrogate loss: -0.0097
                      Mean entropy loss: 12.7270
                            Mean reward: 161.17
                    Mean episode length: 936.67
                        Mean action std: 0.63
       Mean episode rew_self_collisions: -0.0006
    Mean episode rew_body_pose_tracking: 0.0000
                  Mean episode rew_pose: 0.1402
        Mean episode rew_head_pose_bias: 0.0000
Mean episode rew_track_angular_velocity: 0.1720
              Mean episode rew_air_time: 0.3058
     Mean episode rew_foot_swing_height: -0.0166
        Mean episode rew_foot_clearance: -0.0057
    Mean episode rew_head_pose_tracking: 1.6882
          Mean episode rew_body_ang_vel: -0.0813
        Mean episode rew_dof_pos_limits: -0.0889
        Mean episode rew_laser_progress: 0.8780
               Mean episode rew_upright: 2.5384
            Mean episode rew_laser_stop: 0.1376
            Mean episode rew_laser_fall: -0.0174
             Mean episode rew_foot_slip: -0.0002
      Mean episode rew_angular_momentum: -0.0000
 Mean episode rew_track_linear_velocity: 4.0421
        Mean episode rew_action_rate_l2: -1.4460
--------------------------------------------------------------------------------
                         Iteration time: 1.85s
                           Time elapsed: 0:15:37
                                    ETA: 0:00:45

################################################################################
[1m                           Learning iteration 477/500                           [0m 

                               Run name: laser-follow-20260904-v1
                            Total steps: 11747328 
                       Steps per second: 13433 
                        Collection time: 1.588s 
                          Learning time: 0.241s 
                        Mean value loss: 0.5036
                    Mean surrogate loss: -0.0084
                      Mean entropy loss: 12.7202
                            Mean reward: 161.03
                    Mean episode length: 928.80
                        Mean action std: 0.63
       Mean episode rew_self_collisions: -0.0004
    Mean episode rew_body_pose_tracking: 0.0000
                  Mean episode rew_pose: 0.1426
        Mean episode rew_head_pose_bias: 0.0000
Mean episode rew_track_angular_velocity: 0.1774
              Mean episode rew_air_time: 0.3198
     Mean episode rew_foot_swing_height: -0.0161
        Mean episode rew_foot_clearance: -0.0060
    Mean episode rew_head_pose_tracking: 1.6753
          Mean episode rew_body_ang_vel: -0.0780
        Mean episode rew_dof_pos_limits: -0.0889
        Mean episode rew_laser_progress: 0.9651
               Mean episode rew_upright: 2.5212
            Mean episode rew_laser_stop: 0.1238
            Mean episode rew_laser_fall: -0.0286
             Mean episode rew_foot_slip: -0.0002
      Mean episode rew_angular_momentum: -0.0000
 Mean episode rew_track_linear_velocity: 4.0130
        Mean episode rew_action_rate_l2: -1.4258
--------------------------------------------------------------------------------
                         Iteration time: 1.83s
                           Time elapsed: 0:15:39
                                    ETA: 0:00:43

################################################################################
[1m                           Learning iteration 478/500                           [0m 

                               Run name: laser-follow-20260904-v1
                            Total steps: 11771904 
                       Steps per second: 13081 
                        Collection time: 1.633s 
                          Learning time: 0.245s 
                        Mean value loss: 0.6291
                    Mean surrogate loss: -0.0104
                      Mean entropy loss: 12.7121
                            Mean reward: 159.45
                    Mean episode length: 915.21
                        Mean action std: 0.63
       Mean episode rew_self_collisions: -0.0027
    Mean episode rew_body_pose_tracking: 0.0000
                  Mean episode rew_pose: 0.1495
        Mean episode rew_head_pose_bias: 0.0000
Mean episode rew_track_angular_velocity: 0.1827
              Mean episode rew_air_time: 0.3350
     Mean episode rew_foot_swing_height: -0.0184
        Mean episode rew_foot_clearance: -0.0063
    Mean episode rew_head_pose_tracking: 1.6471
          Mean episode rew_body_ang_vel: -0.0764
        Mean episode rew_dof_pos_limits: -0.0881
        Mean episode rew_laser_progress: 0.9802
               Mean episode rew_upright: 2.4815
            Mean episode rew_laser_stop: 0.0987
            Mean episode rew_laser_fall: -0.0330
             Mean episode rew_foot_slip: -0.0002
      Mean episode rew_angular_momentum: -0.0000
 Mean episode rew_track_linear_velocity: 3.9451
        Mean episode rew_action_rate_l2: -1.4059
--------------------------------------------------------------------------------
                         Iteration time: 1.88s
                           Time elapsed: 0:15:41
                                    ETA: 0:00:41

################################################################################
[1m                           Learning iteration 479/500                           [0m 

                               Run name: laser-follow-20260904-v1
                            Total steps: 11796480 
                       Steps per second: 12550 
                        Collection time: 1.717s 
                          Learning time: 0.241s 
                        Mean value loss: 0.4018
                    Mean surrogate loss: -0.0105
                      Mean entropy loss: 12.7083
                            Mean reward: 165.69
                    Mean episode length: 944.83
                        Mean action std: 0.63
       Mean episode rew_self_collisions: -0.0017
    Mean episode rew_body_pose_tracking: 0.0000
                  Mean episode rew_pose: 0.1497
        Mean episode rew_head_pose_bias: 0.0000
Mean episode rew_track_angular_velocity: 0.1712
              Mean episode rew_air_time: 0.3664
     Mean episode rew_foot_swing_height: -0.0177
        Mean episode rew_foot_clearance: -0.0066
    Mean episode rew_head_pose_tracking: 1.7216
          Mean episode rew_body_ang_vel: -0.0846
        Mean episode rew_dof_pos_limits: -0.0913
        Mean episode rew_laser_progress: 1.0013
               Mean episode rew_upright: 2.5876
            Mean episode rew_laser_stop: 0.1081
            Mean episode rew_laser_fall: -0.0278
             Mean episode rew_foot_slip: -0.0002
      Mean episode rew_angular_momentum: -0.0000
 Mean episode rew_track_linear_velocity: 4.1028
        Mean episode rew_action_rate_l2: -1.4782
--------------------------------------------------------------------------------
                         Iteration time: 1.96s
                           Time elapsed: 0:15:42
                                    ETA: 0:00:39

################################################################################
[1m                           Learning iteration 480/500                           [0m 

                               Run name: laser-follow-20260904-v1
                            Total steps: 11821056 
                       Steps per second: 13281 
                        Collection time: 1.609s 
                          Learning time: 0.241s 
                        Mean value loss: 0.3816
                    Mean surrogate loss: -0.0094
                      Mean entropy loss: 12.6903
                            Mean reward: 160.67
                    Mean episode length: 922.30
                        Mean action std: 0.62
       Mean episode rew_self_collisions: -0.0019
    Mean episode rew_body_pose_tracking: 0.0000
                  Mean episode rew_pose: 0.1281
        Mean episode rew_head_pose_bias: 0.0000
Mean episode rew_track_angular_velocity: 0.1505
              Mean episode rew_air_time: 0.3150
     Mean episode rew_foot_swing_height: -0.0158
        Mean episode rew_foot_clearance: -0.0057
    Mean episode rew_head_pose_tracking: 1.5044
          Mean episode rew_body_ang_vel: -0.0779
        Mean episode rew_dof_pos_limits: -0.0810
        Mean episode rew_laser_progress: 0.8535
               Mean episode rew_upright: 2.2803
            Mean episode rew_laser_stop: 0.1026
            Mean episode rew_laser_fall: -0.0503
             Mean episode rew_foot_slip: -0.0002
      Mean episode rew_angular_momentum: -0.0000
 Mean episode rew_track_linear_velocity: 3.5952
        Mean episode rew_action_rate_l2: -1.2976
--------------------------------------------------------------------------------
                         Iteration time: 1.85s
                           Time elapsed: 0:15:44
                                    ETA: 0:00:37

################################################################################
[1m                           Learning iteration 481/500                           [0m 

                               Run name: laser-follow-20260904-v1
                            Total steps: 11845632 
                       Steps per second: 13646 
                        Collection time: 1.543s 
                          Learning time: 0.257s 
                        Mean value loss: 0.4786
                    Mean surrogate loss: -0.0084
                      Mean entropy loss: 12.6764
                            Mean reward: 159.05
                    Mean episode length: 913.60
                        Mean action std: 0.62
       Mean episode rew_self_collisions: -0.0011
    Mean episode rew_body_pose_tracking: 0.0000
                  Mean episode rew_pose: 0.1479
        Mean episode rew_head_pose_bias: 0.0000
Mean episode rew_track_angular_velocity: 0.1699
              Mean episode rew_air_time: 0.3448
     Mean episode rew_foot_swing_height: -0.0175
        Mean episode rew_foot_clearance: -0.0063
    Mean episode rew_head_pose_tracking: 1.6798
          Mean episode rew_body_ang_vel: -0.0816
        Mean episode rew_dof_pos_limits: -0.0896
        Mean episode rew_laser_progress: 1.0578
               Mean episode rew_upright: 2.5174
            Mean episode rew_laser_stop: 0.1031
            Mean episode rew_laser_fall: -0.0182
             Mean episode rew_foot_slip: -0.0002
      Mean episode rew_angular_momentum: -0.0000
 Mean episode rew_track_linear_velocity: 4.0093
        Mean episode rew_action_rate_l2: -1.4256
--------------------------------------------------------------------------------
                         Iteration time: 1.80s
                           Time elapsed: 0:15:46
                                    ETA: 0:00:35

################################################################################
[1m                           Learning iteration 482/500                           [0m 

                               Run name: laser-follow-20260904-v1
                            Total steps: 11870208 
                       Steps per second: 13344 
                        Collection time: 1.603s 
                          Learning time: 0.239s 
                        Mean value loss: 0.2214
                    Mean surrogate loss: -0.0119
                      Mean entropy loss: 12.6451
                            Mean reward: 157.71
                    Mean episode length: 908.62
                        Mean action std: 0.62
       Mean episode rew_self_collisions: -0.0025
    Mean episode rew_body_pose_tracking: 0.0000
                  Mean episode rew_pose: 0.1385
        Mean episode rew_head_pose_bias: 0.0000
Mean episode rew_track_angular_velocity: 0.1584
              Mean episode rew_air_time: 0.3504
     Mean episode rew_foot_swing_height: -0.0163
        Mean episode rew_foot_clearance: -0.0060
    Mean episode rew_head_pose_tracking: 1.5358
          Mean episode rew_body_ang_vel: -0.0793
        Mean episode rew_dof_pos_limits: -0.0826
        Mean episode rew_laser_progress: 0.9107
               Mean episode rew_upright: 2.2674
            Mean episode rew_laser_stop: 0.0746
            Mean episode rew_laser_fall: -0.0434
             Mean episode rew_foot_slip: -0.0002
      Mean episode rew_angular_momentum: -0.0000
 Mean episode rew_track_linear_velocity: 3.6583
        Mean episode rew_action_rate_l2: -1.3207
--------------------------------------------------------------------------------
                         Iteration time: 1.84s
                           Time elapsed: 0:15:48
                                    ETA: 0:00:33

################################################################################
[1m                           Learning iteration 483/500                           [0m 

                               Run name: laser-follow-20260904-v1
                            Total steps: 11894784 
                       Steps per second: 13476 
                        Collection time: 1.579s 
                          Learning time: 0.245s 
                        Mean value loss: 0.3983
                    Mean surrogate loss: -0.0086
                      Mean entropy loss: 12.6205
                            Mean reward: 157.17
                    Mean episode length: 907.86
                        Mean action std: 0.62
       Mean episode rew_self_collisions: -0.0018
    Mean episode rew_body_pose_tracking: 0.0000
                  Mean episode rew_pose: 0.1449
        Mean episode rew_head_pose_bias: 0.0000
Mean episode rew_track_angular_velocity: 0.1659
              Mean episode rew_air_time: 0.3486
     Mean episode rew_foot_swing_height: -0.0174
        Mean episode rew_foot_clearance: -0.0063
    Mean episode rew_head_pose_tracking: 1.7403
          Mean episode rew_body_ang_vel: -0.0872
        Mean episode rew_dof_pos_limits: -0.0923
        Mean episode rew_laser_progress: 0.9467
               Mean episode rew_upright: 2.6105
            Mean episode rew_laser_stop: 0.1294
            Mean episode rew_laser_fall: -0.0052
             Mean episode rew_foot_slip: -0.0002
      Mean episode rew_angular_momentum: -0.0000
 Mean episode rew_track_linear_velocity: 4.1519
        Mean episode rew_action_rate_l2: -1.4925
--------------------------------------------------------------------------------
                         Iteration time: 1.82s
                           Time elapsed: 0:15:50
                                    ETA: 0:00:31

################################################################################
[1m                           Learning iteration 484/500                           [0m 

                               Run name: laser-follow-20260904-v1
                            Total steps: 11919360 
                       Steps per second: 13811 
                        Collection time: 1.541s 
                          Learning time: 0.239s 
                        Mean value loss: 0.2910
                    Mean surrogate loss: -0.0095
                      Mean entropy loss: 12.6061
                            Mean reward: 156.75
                    Mean episode length: 904.01
                        Mean action std: 0.62
       Mean episode rew_self_collisions: -0.0022
    Mean episode rew_body_pose_tracking: 0.0000
                  Mean episode rew_pose: 0.1508
        Mean episode rew_head_pose_bias: 0.0000
Mean episode rew_track_angular_velocity: 0.1495
              Mean episode rew_air_time: 0.3634
     Mean episode rew_foot_swing_height: -0.0171
        Mean episode rew_foot_clearance: -0.0067
    Mean episode rew_head_pose_tracking: 1.6325
          Mean episode rew_body_ang_vel: -0.0848
        Mean episode rew_dof_pos_limits: -0.0865
        Mean episode rew_laser_progress: 1.0113
               Mean episode rew_upright: 2.4816
            Mean episode rew_laser_stop: 0.0822
            Mean episode rew_laser_fall: -0.0312
             Mean episode rew_foot_slip: -0.0002
      Mean episode rew_angular_momentum: -0.0000
 Mean episode rew_track_linear_velocity: 3.8780
        Mean episode rew_action_rate_l2: -1.3857
--------------------------------------------------------------------------------
                         Iteration time: 1.78s
                           Time elapsed: 0:15:52
                                    ETA: 0:00:29

################################################################################
[1m                           Learning iteration 485/500                           [0m 

                               Run name: laser-follow-20260904-v1
                            Total steps: 11943936 
                       Steps per second: 13116 
                        Collection time: 1.609s 
                          Learning time: 0.264s 
                        Mean value loss: 0.2729
                    Mean surrogate loss: -0.0087
                      Mean entropy loss: 12.5807
                            Mean reward: 159.41
                    Mean episode length: 910.97
                        Mean action std: 0.62
       Mean episode rew_self_collisions: -0.0007
    Mean episode rew_body_pose_tracking: 0.0000
                  Mean episode rew_pose: 0.1474
        Mean episode rew_head_pose_bias: 0.0000
Mean episode rew_track_angular_velocity: 0.1801
              Mean episode rew_air_time: 0.3332
     Mean episode rew_foot_swing_height: -0.0163
        Mean episode rew_foot_clearance: -0.0062
    Mean episode rew_head_pose_tracking: 1.6888
          Mean episode rew_body_ang_vel: -0.0780
        Mean episode rew_dof_pos_limits: -0.0894
        Mean episode rew_laser_progress: 1.0476
               Mean episode rew_upright: 2.5449
            Mean episode rew_laser_stop: 0.1178
            Mean episode rew_laser_fall: -0.0260
             Mean episode rew_foot_slip: -0.0002
      Mean episode rew_angular_momentum: -0.0000
 Mean episode rew_track_linear_velocity: 4.0333
        Mean episode rew_action_rate_l2: -1.4107
--------------------------------------------------------------------------------
                         Iteration time: 1.87s
                           Time elapsed: 0:15:53
                                    ETA: 0:00:27

################################################################################
[1m                           Learning iteration 486/500                           [0m 

                               Run name: laser-follow-20260904-v1
                            Total steps: 11968512 
                       Steps per second: 13379 
                        Collection time: 1.595s 
                          Learning time: 0.242s 
                        Mean value loss: 0.1522
                    Mean surrogate loss: -0.0115
                      Mean entropy loss: 12.5457
                            Mean reward: 165.01
                    Mean episode length: 941.90
                        Mean action std: 0.62
       Mean episode rew_self_collisions: -0.0042
    Mean episode rew_body_pose_tracking: 0.0000
                  Mean episode rew_pose: 0.1483
        Mean episode rew_head_pose_bias: 0.0000
Mean episode rew_track_angular_velocity: 0.1501
              Mean episode rew_air_time: 0.3872
     Mean episode rew_foot_swing_height: -0.0182
        Mean episode rew_foot_clearance: -0.0069
    Mean episode rew_head_pose_tracking: 1.7231
          Mean episode rew_body_ang_vel: -0.0984
        Mean episode rew_dof_pos_limits: -0.0915
        Mean episode rew_laser_progress: 0.9340
               Mean episode rew_upright: 2.5448
            Mean episode rew_laser_stop: 0.1040
            Mean episode rew_laser_fall: -0.0208
             Mean episode rew_foot_slip: -0.0002
      Mean episode rew_angular_momentum: -0.0000
 Mean episode rew_track_linear_velocity: 4.0287
        Mean episode rew_action_rate_l2: -1.4949
--------------------------------------------------------------------------------
                         Iteration time: 1.84s
                           Time elapsed: 0:15:55
                                    ETA: 0:00:25

################################################################################
[1m                           Learning iteration 487/500                           [0m 

                               Run name: laser-follow-20260904-v1
                            Total steps: 11993088 
                       Steps per second: 13501 
                        Collection time: 1.548s 
                          Learning time: 0.272s 
                        Mean value loss: 0.2434
                    Mean surrogate loss: -0.0089
                      Mean entropy loss: 12.4916
                            Mean reward: 167.81
                    Mean episode length: 951.64
                        Mean action std: 0.62
       Mean episode rew_self_collisions: -0.0017
    Mean episode rew_body_pose_tracking: 0.0000
                  Mean episode rew_pose: 0.1523
        Mean episode rew_head_pose_bias: 0.0000
Mean episode rew_track_angular_velocity: 0.1775
              Mean episode rew_air_time: 0.3476
     Mean episode rew_foot_swing_height: -0.0184
        Mean episode rew_foot_clearance: -0.0062
    Mean episode rew_head_pose_tracking: 1.7828
          Mean episode rew_body_ang_vel: -0.0806
        Mean episode rew_dof_pos_limits: -0.0954
        Mean episode rew_laser_progress: 0.9225
               Mean episode rew_upright: 2.6677
            Mean episode rew_laser_stop: 0.1276
            Mean episode rew_laser_fall: 0.0000
             Mean episode rew_foot_slip: -0.0002
      Mean episode rew_angular_momentum: -0.0000
 Mean episode rew_track_linear_velocity: 4.2629
        Mean episode rew_action_rate_l2: -1.4958
--------------------------------------------------------------------------------
                         Iteration time: 1.82s
                           Time elapsed: 0:15:57
                                    ETA: 0:00:23

################################################################################
[1m                           Learning iteration 488/500                           [0m 

                               Run name: laser-follow-20260904-v1
                            Total steps: 12017664 
                       Steps per second: 12975 
                        Collection time: 1.654s 
                          Learning time: 0.240s 
                        Mean value loss: 0.3397
                    Mean surrogate loss: -0.0105
                      Mean entropy loss: 12.4763
                            Mean reward: 170.67
                    Mean episode length: 970.56
                        Mean action std: 0.62
       Mean episode rew_self_collisions: -0.0010
    Mean episode rew_body_pose_tracking: 0.0000
                  Mean episode rew_pose: 0.1466
        Mean episode rew_head_pose_bias: 0.0000
Mean episode rew_track_angular_velocity: 0.1855
              Mean episode rew_air_time: 0.3225
     Mean episode rew_foot_swing_height: -0.0178
        Mean episode rew_foot_clearance: -0.0059
    Mean episode rew_head_pose_tracking: 1.7620
          Mean episode rew_body_ang_vel: -0.0801
        Mean episode rew_dof_pos_limits: -0.0936
        Mean episode rew_laser_progress: 0.8702
               Mean episode rew_upright: 2.6683
            Mean episode rew_laser_stop: 0.1411
            Mean episode rew_laser_fall: -0.0069
             Mean episode rew_foot_slip: -0.0002
      Mean episode rew_angular_momentum: -0.0000
 Mean episode rew_track_linear_velocity: 4.2268
        Mean episode rew_action_rate_l2: -1.4799
--------------------------------------------------------------------------------
                         Iteration time: 1.89s
                           Time elapsed: 0:15:59
                                    ETA: 0:00:21

################################################################################
[1m                           Learning iteration 489/500                           [0m 

                               Run name: laser-follow-20260904-v1
                            Total steps: 12042240 
                       Steps per second: 13360 
                        Collection time: 1.594s 
                          Learning time: 0.246s 
                        Mean value loss: 0.2141
                    Mean surrogate loss: -0.0095
                      Mean entropy loss: 12.4641
                            Mean reward: 171.21
                    Mean episode length: 977.72
                        Mean action std: 0.61
       Mean episode rew_self_collisions: -0.0016
    Mean episode rew_body_pose_tracking: 0.0000
                  Mean episode rew_pose: 0.1592
        Mean episode rew_head_pose_bias: 0.0000
Mean episode rew_track_angular_velocity: 0.1779
              Mean episode rew_air_time: 0.3102
     Mean episode rew_foot_swing_height: -0.0198
        Mean episode rew_foot_clearance: -0.0064
    Mean episode rew_head_pose_tracking: 1.7334
          Mean episode rew_body_ang_vel: -0.0835
        Mean episode rew_dof_pos_limits: -0.0924
        Mean episode rew_laser_progress: 0.9594
               Mean episode rew_upright: 2.6026
            Mean episode rew_laser_stop: 0.1076
            Mean episode rew_laser_fall: -0.0208
             Mean episode rew_foot_slip: -0.0002
      Mean episode rew_angular_momentum: -0.0000
 Mean episode rew_track_linear_velocity: 4.1428
        Mean episode rew_action_rate_l2: -1.4576
--------------------------------------------------------------------------------
                         Iteration time: 1.84s
                           Time elapsed: 0:16:01
                                    ETA: 0:00:19

################################################################################
[1m                           Learning iteration 490/500                           [0m 

                               Run name: laser-follow-20260904-v1
                            Total steps: 12066816 
                       Steps per second: 14045 
                        Collection time: 1.509s 
                          Learning time: 0.241s 
                        Mean value loss: 0.3252
                    Mean surrogate loss: -0.0096
                      Mean entropy loss: 12.4265
                            Mean reward: 171.32
                    Mean episode length: 979.70
                        Mean action std: 0.61
       Mean episode rew_self_collisions: -0.0015
    Mean episode rew_body_pose_tracking: 0.0000
                  Mean episode rew_pose: 0.1405
        Mean episode rew_head_pose_bias: 0.0000
Mean episode rew_track_angular_velocity: 0.1806
              Mean episode rew_air_time: 0.3107
     Mean episode rew_foot_swing_height: -0.0164
        Mean episode rew_foot_clearance: -0.0057
    Mean episode rew_head_pose_tracking: 1.7624
          Mean episode rew_body_ang_vel: -0.0865
        Mean episode rew_dof_pos_limits: -0.0940
        Mean episode rew_laser_progress: 0.8918
               Mean episode rew_upright: 2.6222
            Mean episode rew_laser_stop: 0.1512
            Mean episode rew_laser_fall: -0.0156
             Mean episode rew_foot_slip: -0.0002
      Mean episode rew_angular_momentum: -0.0000
 Mean episode rew_track_linear_velocity: 4.2051
        Mean episode rew_action_rate_l2: -1.4870
--------------------------------------------------------------------------------
                         Iteration time: 1.75s
                           Time elapsed: 0:16:03
                                    ETA: 0:00:17

################################################################################
[1m                           Learning iteration 491/500                           [0m 

                               Run name: laser-follow-20260904-v1
                            Total steps: 12091392 
                       Steps per second: 13244 
                        Collection time: 1.614s 
                          Learning time: 0.242s 
                        Mean value loss: 0.2716
                    Mean surrogate loss: -0.0106
                      Mean entropy loss: 12.4028
                            Mean reward: 169.22
                    Mean episode length: 971.26
                        Mean action std: 0.61
       Mean episode rew_self_collisions: -0.0035
    Mean episode rew_body_pose_tracking: 0.0000
                  Mean episode rew_pose: 0.1426
        Mean episode rew_head_pose_bias: 0.0000
Mean episode rew_track_angular_velocity: 0.1494
              Mean episode rew_air_time: 0.3491
     Mean episode rew_foot_swing_height: -0.0179
        Mean episode rew_foot_clearance: -0.0065
    Mean episode rew_head_pose_tracking: 1.6970
          Mean episode rew_body_ang_vel: -0.0910
        Mean episode rew_dof_pos_limits: -0.0915
        Mean episode rew_laser_progress: 0.9617
               Mean episode rew_upright: 2.5462
            Mean episode rew_laser_stop: 0.1037
            Mean episode rew_laser_fall: -0.0417
             Mean episode rew_foot_slip: -0.0002
      Mean episode rew_angular_momentum: -0.0000
 Mean episode rew_track_linear_velocity: 4.0113
        Mean episode rew_action_rate_l2: -1.4350
--------------------------------------------------------------------------------
                         Iteration time: 1.86s
                           Time elapsed: 0:16:04
                                    ETA: 0:00:15

################################################################################
[1m                           Learning iteration 492/500                           [0m 

                               Run name: laser-follow-20260904-v1
                            Total steps: 12115968 
                       Steps per second: 13722 
                        Collection time: 1.549s 
                          Learning time: 0.242s 
                        Mean value loss: 0.2399
                    Mean surrogate loss: -0.0099
                      Mean entropy loss: 12.3737
                            Mean reward: 166.97
                    Mean episode length: 961.37
                        Mean action std: 0.61
       Mean episode rew_self_collisions: -0.0021
    Mean episode rew_body_pose_tracking: 0.0000
                  Mean episode rew_pose: 0.1412
        Mean episode rew_head_pose_bias: 0.0000
Mean episode rew_track_angular_velocity: 0.1755
              Mean episode rew_air_time: 0.3559
     Mean episode rew_foot_swing_height: -0.0167
        Mean episode rew_foot_clearance: -0.0059
    Mean episode rew_head_pose_tracking: 1.7093
          Mean episode rew_body_ang_vel: -0.0817
        Mean episode rew_dof_pos_limits: -0.0912
        Mean episode rew_laser_progress: 0.8983
               Mean episode rew_upright: 2.5824
            Mean episode rew_laser_stop: 0.1317
            Mean episode rew_laser_fall: -0.0208
             Mean episode rew_foot_slip: -0.0002
      Mean episode rew_angular_momentum: -0.0000
 Mean episode rew_track_linear_velocity: 4.0802
        Mean episode rew_action_rate_l2: -1.4281
--------------------------------------------------------------------------------
                         Iteration time: 1.79s
                           Time elapsed: 0:16:06
                                    ETA: 0:00:13

################################################################################
[1m                           Learning iteration 493/500                           [0m 

                               Run name: laser-follow-20260904-v1
                            Total steps: 12140544 
                       Steps per second: 13243 
                        Collection time: 1.613s 
                          Learning time: 0.242s 
                        Mean value loss: 0.3006
                    Mean surrogate loss: -0.0092
                      Mean entropy loss: 12.3614
                            Mean reward: 169.38
                    Mean episode length: 973.40
                        Mean action std: 0.61
       Mean episode rew_self_collisions: -0.0034
    Mean episode rew_body_pose_tracking: 0.0000
                  Mean episode rew_pose: 0.1330
        Mean episode rew_head_pose_bias: 0.0000
Mean episode rew_track_angular_velocity: 0.1679
              Mean episode rew_air_time: 0.3510
     Mean episode rew_foot_swing_height: -0.0154
        Mean episode rew_foot_clearance: -0.0060
    Mean episode rew_head_pose_tracking: 1.7294
          Mean episode rew_body_ang_vel: -0.0852
        Mean episode rew_dof_pos_limits: -0.0927
        Mean episode rew_laser_progress: 0.9233
               Mean episode rew_upright: 2.6101
            Mean episode rew_laser_stop: 0.1520
            Mean episode rew_laser_fall: -0.0156
             Mean episode rew_foot_slip: -0.0002
      Mean episode rew_angular_momentum: -0.0000
 Mean episode rew_track_linear_velocity: 4.1307
        Mean episode rew_action_rate_l2: -1.4475
--------------------------------------------------------------------------------
                         Iteration time: 1.86s
                           Time elapsed: 0:16:08
                                    ETA: 0:00:11

################################################################################
[1m                           Learning iteration 494/500                           [0m 

                               Run name: laser-follow-20260904-v1
                            Total steps: 12165120 
                       Steps per second: 13347 
                        Collection time: 1.591s 
                          Learning time: 0.250s 
                        Mean value loss: 0.2454
                    Mean surrogate loss: -0.0105
                      Mean entropy loss: 12.3384
                            Mean reward: 169.13
                    Mean episode length: 963.94
                        Mean action std: 0.61
       Mean episode rew_self_collisions: -0.0018
    Mean episode rew_body_pose_tracking: 0.0000
                  Mean episode rew_pose: 0.1475
        Mean episode rew_head_pose_bias: 0.0000
Mean episode rew_track_angular_velocity: 0.1659
              Mean episode rew_air_time: 0.3825
     Mean episode rew_foot_swing_height: -0.0168
        Mean episode rew_foot_clearance: -0.0065
    Mean episode rew_head_pose_tracking: 1.7338
          Mean episode rew_body_ang_vel: -0.0885
        Mean episode rew_dof_pos_limits: -0.0922
        Mean episode rew_laser_progress: 1.0043
               Mean episode rew_upright: 2.5991
            Mean episode rew_laser_stop: 0.1207
            Mean episode rew_laser_fall: -0.0312
             Mean episode rew_foot_slip: -0.0002
      Mean episode rew_angular_momentum: -0.0000
 Mean episode rew_track_linear_velocity: 4.1448
        Mean episode rew_action_rate_l2: -1.4674
--------------------------------------------------------------------------------
                         Iteration time: 1.84s
                           Time elapsed: 0:16:10
                                    ETA: 0:00:09

################################################################################
[1m                           Learning iteration 495/500                           [0m 

                               Run name: laser-follow-20260904-v1
                            Total steps: 12189696 
                       Steps per second: 13588 
                        Collection time: 1.568s 
                          Learning time: 0.240s 
                        Mean value loss: 0.3050
                    Mean surrogate loss: -0.0092
                      Mean entropy loss: 12.3163
                            Mean reward: 168.94
                    Mean episode length: 958.98
                        Mean action std: 0.61
       Mean episode rew_self_collisions: -0.0113
    Mean episode rew_body_pose_tracking: 0.0000
                  Mean episode rew_pose: 0.1267
        Mean episode rew_head_pose_bias: 0.0000
Mean episode rew_track_angular_velocity: 0.1819
              Mean episode rew_air_time: 0.3121
     Mean episode rew_foot_swing_height: -0.0159
        Mean episode rew_foot_clearance: -0.0053
    Mean episode rew_head_pose_tracking: 1.5399
          Mean episode rew_body_ang_vel: -0.0689
        Mean episode rew_dof_pos_limits: -0.0827
        Mean episode rew_laser_progress: 0.8095
               Mean episode rew_upright: 2.2892
            Mean episode rew_laser_stop: 0.1244
            Mean episode rew_laser_fall: -0.0521
             Mean episode rew_foot_slip: -0.0001
      Mean episode rew_angular_momentum: -0.0000
 Mean episode rew_track_linear_velocity: 3.6811
        Mean episode rew_action_rate_l2: -1.2684
--------------------------------------------------------------------------------
                         Iteration time: 1.81s
                           Time elapsed: 0:16:12
                                    ETA: 0:00:07

################################################################################
[1m                           Learning iteration 496/500                           [0m 

                               Run name: laser-follow-20260904-v1
                            Total steps: 12214272 
                       Steps per second: 14191 
                        Collection time: 1.492s 
                          Learning time: 0.240s 
                        Mean value loss: 0.3231
                    Mean surrogate loss: -0.0103
                      Mean entropy loss: 12.3036
                            Mean reward: 167.13
                    Mean episode length: 947.07
                        Mean action std: 0.61
       Mean episode rew_self_collisions: -0.0021
    Mean episode rew_body_pose_tracking: 0.0000
                  Mean episode rew_pose: 0.1282
        Mean episode rew_head_pose_bias: 0.0000
Mean episode rew_track_angular_velocity: 0.1813
              Mean episode rew_air_time: 0.3223
     Mean episode rew_foot_swing_height: -0.0155
        Mean episode rew_foot_clearance: -0.0055
    Mean episode rew_head_pose_tracking: 1.5517
          Mean episode rew_body_ang_vel: -0.0702
        Mean episode rew_dof_pos_limits: -0.0827
        Mean episode rew_laser_progress: 0.9051
               Mean episode rew_upright: 2.3425
            Mean episode rew_laser_stop: 0.1214
            Mean episode rew_laser_fall: -0.0417
             Mean episode rew_foot_slip: -0.0001
      Mean episode rew_angular_momentum: -0.0000
 Mean episode rew_track_linear_velocity: 3.7287
        Mean episode rew_action_rate_l2: -1.2759
--------------------------------------------------------------------------------
                         Iteration time: 1.73s
                           Time elapsed: 0:16:13
                                    ETA: 0:00:05

################################################################################
[1m                           Learning iteration 497/500                           [0m 

                               Run name: laser-follow-20260904-v1
                            Total steps: 12238848 
                       Steps per second: 13597 
                        Collection time: 1.567s 
                          Learning time: 0.240s 
                        Mean value loss: 0.3840
                    Mean surrogate loss: -0.0088
                      Mean entropy loss: 12.2844
                            Mean reward: 165.87
                    Mean episode length: 941.34
                        Mean action std: 0.61
       Mean episode rew_self_collisions: -0.0021
    Mean episode rew_body_pose_tracking: 0.0000
                  Mean episode rew_pose: 0.1346
        Mean episode rew_head_pose_bias: 0.0000
Mean episode rew_track_angular_velocity: 0.1887
              Mean episode rew_air_time: 0.3067
     Mean episode rew_foot_swing_height: -0.0170
        Mean episode rew_foot_clearance: -0.0059
    Mean episode rew_head_pose_tracking: 1.7017
          Mean episode rew_body_ang_vel: -0.0873
        Mean episode rew_dof_pos_limits: -0.0921
        Mean episode rew_laser_progress: 0.9268
               Mean episode rew_upright: 2.5563
            Mean episode rew_laser_stop: 0.1370
            Mean episode rew_laser_fall: -0.0286
             Mean episode rew_foot_slip: -0.0002
      Mean episode rew_angular_momentum: -0.0000
 Mean episode rew_track_linear_velocity: 4.0385
        Mean episode rew_action_rate_l2: -1.4228
--------------------------------------------------------------------------------
                         Iteration time: 1.81s
                           Time elapsed: 0:16:15
                                    ETA: 0:00:03

################################################################################
[1m                           Learning iteration 498/500                           [0m 

                               Run name: laser-follow-20260904-v1
                            Total steps: 12263424 
                       Steps per second: 13203 
                        Collection time: 1.618s 
                          Learning time: 0.243s 
                        Mean value loss: 0.2870
                    Mean surrogate loss: -0.0096
                      Mean entropy loss: 12.2758
                            Mean reward: 167.81
                    Mean episode length: 952.59
                        Mean action std: 0.61
       Mean episode rew_self_collisions: -0.0021
    Mean episode rew_body_pose_tracking: 0.0000
                  Mean episode rew_pose: 0.1467
        Mean episode rew_head_pose_bias: 0.0000
Mean episode rew_track_angular_velocity: 0.1925
              Mean episode rew_air_time: 0.3344
     Mean episode rew_foot_swing_height: -0.0182
        Mean episode rew_foot_clearance: -0.0062
    Mean episode rew_head_pose_tracking: 1.7910
          Mean episode rew_body_ang_vel: -0.0821
        Mean episode rew_dof_pos_limits: -0.0951
        Mean episode rew_laser_progress: 1.0462
               Mean episode rew_upright: 2.7218
            Mean episode rew_laser_stop: 0.1420
            Mean episode rew_laser_fall: -0.0035
             Mean episode rew_foot_slip: -0.0002
      Mean episode rew_angular_momentum: -0.0000
 Mean episode rew_track_linear_velocity: 4.2796
        Mean episode rew_action_rate_l2: -1.4643
--------------------------------------------------------------------------------
                         Iteration time: 1.86s
                           Time elapsed: 0:16:17
                                    ETA: 0:00:01

################################################################################
[1m                           Learning iteration 499/500                           [0m 

                               Run name: laser-follow-20260904-v1
                            Total steps: 12288000 
                       Steps per second: 13493 
                        Collection time: 1.581s 
                          Learning time: 0.241s 
                        Mean value loss: 0.1999
                    Mean surrogate loss: -0.0108
                      Mean entropy loss: 12.2554
                            Mean reward: 168.43
                    Mean episode length: 954.83
                        Mean action std: 0.61
       Mean episode rew_self_collisions: -0.0012
    Mean episode rew_body_pose_tracking: 0.0000
                  Mean episode rew_pose: 0.1564
        Mean episode rew_head_pose_bias: 0.0000
Mean episode rew_track_angular_velocity: 0.1921
              Mean episode rew_air_time: 0.3347
     Mean episode rew_foot_swing_height: -0.0205
        Mean episode rew_foot_clearance: -0.0061
    Mean episode rew_head_pose_tracking: 1.6905
          Mean episode rew_body_ang_vel: -0.0729
        Mean episode rew_dof_pos_limits: -0.0899
        Mean episode rew_laser_progress: 0.9106
               Mean episode rew_upright: 2.5578
            Mean episode rew_laser_stop: 0.1032
            Mean episode rew_laser_fall: -0.0260
             Mean episode rew_foot_slip: -0.0002
      Mean episode rew_angular_momentum: -0.0000
 Mean episode rew_track_linear_velocity: 4.0609
        Mean episode rew_action_rate_l2: -1.3807
--------------------------------------------------------------------------------
                         Iteration time: 1.82s
                           Time elapsed: 0:16:19
                                    ETA: 0:00:00

{"status": "completed", "elapsed_s": 1282.696588541381, "new_transitions": 12288000, "checkpoint": "model_499.pt"}
