--------------------------------------------------------------------------------
Resolved observation sets: 
	 actor :  ['policy']
	 critic :  ['policy']
--------------------------------------------------------------------------------
Actor Model: RetainedWalkerActor(
  (walking): MLPModel(
    (obs_normalizer): EmpiricalNormalization()
    (distribution): GaussianDistribution()
    (mlp): MLP(
      (0): Linear(in_features=61, out_features=512, bias=True)
      (1): ELU(alpha=1.0)
      (2): Linear(in_features=512, out_features=256, bias=True)
      (3): ELU(alpha=1.0)
      (4): Linear(in_features=256, out_features=128, bias=True)
      (5): ELU(alpha=1.0)
      (6): Linear(in_features=128, out_features=14, bias=True)
    )
  )
  (standing): MLPModel(
    (obs_normalizer): EmpiricalNormalization()
    (distribution): GaussianDistribution()
    (mlp): MLP(
      (0): Linear(in_features=61, out_features=512, bias=True)
      (1): ELU(alpha=1.0)
      (2): Linear(in_features=512, out_features=256, bias=True)
      (3): ELU(alpha=1.0)
      (4): Linear(in_features=256, out_features=128, bias=True)
      (5): ELU(alpha=1.0)
      (6): Linear(in_features=128, out_features=14, bias=True)
    )
  )
  (distribution): GaussianDistribution()
  (teacher): MLPModel(
    (obs_normalizer): EmpiricalNormalization()
    (distribution): GaussianDistribution()
    (mlp): MLP(
      (0): Linear(in_features=61, out_features=512, bias=True)
      (1): ELU(alpha=1.0)
      (2): Linear(in_features=512, out_features=256, bias=True)
      (3): ELU(alpha=1.0)
      (4): Linear(in_features=256, out_features=128, bias=True)
      (5): ELU(alpha=1.0)
      (6): Linear(in_features=128, out_features=14, bias=True)
    )
  )
)
Critic Model: MLPModel(
  (obs_normalizer): EmpiricalNormalization()
  (mlp): MLP(
    (0): Linear(in_features=61, out_features=512, bias=True)
    (1): ELU(alpha=1.0)
    (2): Linear(in_features=512, out_features=256, bias=True)
    (3): ELU(alpha=1.0)
    (4): Linear(in_features=256, out_features=128, bias=True)
    (5): ELU(alpha=1.0)
    (6): Linear(in_features=128, out_features=1, bias=True)
  )
)
Storing git diff for 'microduck-rl-genesis' in: /Users/kelly/Developer/microduck-rl-genesis/logs/retention-native-20260908-v50/git/microduck-rl-genesis.diff
################################################################################
[1m                            Learning iteration 0/750                            [0m 

                               Run name: retention-native-20260908-v50
                            Total steps: 1152 
                       Steps per second: 506 
                        Collection time: 1.386s 
                          Learning time: 0.888s 
                        Mean value loss: 0.1718
                    Mean surrogate loss: 0.0000
             Mean online_retention loss: 0.0000
          Mean rehearsal_retention loss: 0.0050
                        Mean action std: 0.00
--------------------------------------------------------------------------------
                         Iteration time: 2.27s
                           Time elapsed: 0:00:02
                                    ETA: 0:28:23

################################################################################
[1m                            Learning iteration 1/750                            [0m 

                               Run name: retention-native-20260908-v50
                            Total steps: 2304 
                       Steps per second: 828 
                        Collection time: 1.197s 
                          Learning time: 0.193s 
                        Mean value loss: 0.4381
                    Mean surrogate loss: 0.0000
             Mean online_retention loss: 0.0000
          Mean rehearsal_retention loss: 0.0004
                        Mean action std: 0.00
--------------------------------------------------------------------------------
                         Iteration time: 1.39s
                           Time elapsed: 0:00:03
                                    ETA: 0:22:50

################################################################################
[1m                            Learning iteration 2/750                            [0m 

                               Run name: retention-native-20260908-v50
                            Total steps: 3456 
                       Steps per second: 856 
                        Collection time: 1.174s 
                          Learning time: 0.170s 
                        Mean value loss: 0.2537
                    Mean surrogate loss: -0.0516
             Mean online_retention loss: 0.0066
          Mean rehearsal_retention loss: 0.0045
                        Mean action std: 0.04
--------------------------------------------------------------------------------
                         Iteration time: 1.34s
                           Time elapsed: 0:00:05
                                    ETA: 0:20:47

################################################################################
[1m                            Learning iteration 3/750                            [0m 

                               Run name: retention-native-20260908-v50
                            Total steps: 4608 
                       Steps per second: 878 
                        Collection time: 1.146s 
                          Learning time: 0.165s 
                        Mean value loss: 0.2383
                    Mean surrogate loss: -0.0300
             Mean online_retention loss: 0.0088
          Mean rehearsal_retention loss: 0.0064
                        Mean action std: 0.04
--------------------------------------------------------------------------------
                         Iteration time: 1.31s
                           Time elapsed: 0:00:06
                                    ETA: 0:19:38

################################################################################
[1m                            Learning iteration 4/750                            [0m 

                               Run name: retention-native-20260908-v50
                            Total steps: 5760 
                       Steps per second: 896 
                        Collection time: 1.118s 
                          Learning time: 0.168s 
                        Mean value loss: 0.3279
                    Mean surrogate loss: -0.0280
             Mean online_retention loss: 0.0089
          Mean rehearsal_retention loss: 0.0082
                        Mean action std: 0.04
--------------------------------------------------------------------------------
                         Iteration time: 1.29s
                           Time elapsed: 0:00:07
                                    ETA: 0:18:53

################################################################################
[1m                            Learning iteration 5/750                            [0m 

                               Run name: retention-native-20260908-v50
                            Total steps: 6912 
                       Steps per second: 889 
                        Collection time: 1.133s 
                          Learning time: 0.162s 
                        Mean value loss: 0.3567
                    Mean surrogate loss: -0.0247
             Mean online_retention loss: 0.0106
          Mean rehearsal_retention loss: 0.0096
                        Mean action std: 0.04
--------------------------------------------------------------------------------
                         Iteration time: 1.29s
                           Time elapsed: 0:00:08
                                    ETA: 0:18:23

################################################################################
[1m                            Learning iteration 6/750                            [0m 

                               Run name: retention-native-20260908-v50
                            Total steps: 8064 
                       Steps per second: 874 
                        Collection time: 1.142s 
                          Learning time: 0.175s 
                        Mean value loss: 0.3680
                    Mean surrogate loss: -0.0244
             Mean online_retention loss: 0.0113
          Mean rehearsal_retention loss: 0.0100
                        Mean action std: 0.04
--------------------------------------------------------------------------------
                         Iteration time: 1.32s
                           Time elapsed: 0:00:10
                                    ETA: 0:18:04

################################################################################
[1m                            Learning iteration 7/750                            [0m 

                               Run name: retention-native-20260908-v50
                            Total steps: 9216 
                       Steps per second: 901 
                        Collection time: 1.122s 
                          Learning time: 0.157s 
                        Mean value loss: 0.3491
                    Mean surrogate loss: -0.0265
             Mean online_retention loss: 0.0136
          Mean rehearsal_retention loss: 0.0113
                        Mean action std: 0.04
--------------------------------------------------------------------------------
                         Iteration time: 1.28s
                           Time elapsed: 0:00:11
                                    ETA: 0:17:46

################################################################################
[1m                            Learning iteration 8/750                            [0m 

                               Run name: retention-native-20260908-v50
                            Total steps: 10368 
                       Steps per second: 894 
                        Collection time: 1.129s 
                          Learning time: 0.159s 
                        Mean value loss: 0.3661
                    Mean surrogate loss: -0.0205
             Mean online_retention loss: 0.0162
          Mean rehearsal_retention loss: 0.0139
                        Mean action std: 0.04
--------------------------------------------------------------------------------
                         Iteration time: 1.29s
                           Time elapsed: 0:00:12
                                    ETA: 0:17:32

################################################################################
[1m                            Learning iteration 9/750                            [0m 

                               Run name: retention-native-20260908-v50
                            Total steps: 11520 
                       Steps per second: 887 
                        Collection time: 1.138s 
                          Learning time: 0.161s 
                        Mean value loss: 0.3671
                    Mean surrogate loss: -0.0208
             Mean online_retention loss: 0.0147
          Mean rehearsal_retention loss: 0.0118
                        Mean action std: 0.04
--------------------------------------------------------------------------------
                         Iteration time: 1.30s
                           Time elapsed: 0:00:14
                                    ETA: 0:17:22

################################################################################
[1m                           Learning iteration 10/750                            [0m 

                               Run name: retention-native-20260908-v50
                            Total steps: 12672 
                       Steps per second: 900 
                        Collection time: 1.114s 
                          Learning time: 0.165s 
                        Mean value loss: 0.3100
                    Mean surrogate loss: -0.0189
             Mean online_retention loss: 0.0150
          Mean rehearsal_retention loss: 0.0125
                        Mean action std: 0.04
--------------------------------------------------------------------------------
                         Iteration time: 1.28s
                           Time elapsed: 0:00:15
                                    ETA: 0:17:12

################################################################################
[1m                           Learning iteration 11/750                            [0m 

                               Run name: retention-native-20260908-v50
                            Total steps: 13824 
                       Steps per second: 881 
                        Collection time: 1.140s 
                          Learning time: 0.168s 
                        Mean value loss: 0.3534
                    Mean surrogate loss: -0.0241
             Mean online_retention loss: 0.0146
          Mean rehearsal_retention loss: 0.0123
                        Mean action std: 0.04
--------------------------------------------------------------------------------
                         Iteration time: 1.31s
                           Time elapsed: 0:00:16
                                    ETA: 0:17:05

################################################################################
[1m                           Learning iteration 12/750                            [0m 

                               Run name: retention-native-20260908-v50
                            Total steps: 14976 
                       Steps per second: 887 
                        Collection time: 1.127s 
                          Learning time: 0.171s 
                        Mean value loss: 0.3608
                    Mean surrogate loss: -0.0282
             Mean online_retention loss: 0.0131
          Mean rehearsal_retention loss: 0.0117
                        Mean action std: 0.04
--------------------------------------------------------------------------------
                         Iteration time: 1.30s
                           Time elapsed: 0:00:17
                                    ETA: 0:16:58

################################################################################
[1m                           Learning iteration 13/750                            [0m 

                               Run name: retention-native-20260908-v50
                            Total steps: 16128 
                       Steps per second: 895 
                        Collection time: 1.116s 
                          Learning time: 0.170s 
                        Mean value loss: 0.3563
                    Mean surrogate loss: -0.0282
             Mean online_retention loss: 0.0137
          Mean rehearsal_retention loss: 0.0113
                        Mean action std: 0.04
--------------------------------------------------------------------------------
                         Iteration time: 1.29s
                           Time elapsed: 0:00:19
                                    ETA: 0:16:52

################################################################################
[1m                           Learning iteration 14/750                            [0m 

                               Run name: retention-native-20260908-v50
                            Total steps: 17280 
                       Steps per second: 886 
                        Collection time: 1.128s 
                          Learning time: 0.171s 
                        Mean value loss: 0.3793
                    Mean surrogate loss: -0.0257
             Mean online_retention loss: 0.0149
          Mean rehearsal_retention loss: 0.0129
                        Mean action std: 0.04
--------------------------------------------------------------------------------
                         Iteration time: 1.30s
                           Time elapsed: 0:00:20
                                    ETA: 0:16:47

################################################################################
[1m                           Learning iteration 15/750                            [0m 

                               Run name: retention-native-20260908-v50
                            Total steps: 18432 
                       Steps per second: 891 
                        Collection time: 1.133s 
                          Learning time: 0.160s 
                        Mean value loss: 0.3959
                    Mean surrogate loss: -0.0277
             Mean online_retention loss: 0.0159
          Mean rehearsal_retention loss: 0.0135
                        Mean action std: 0.04
--------------------------------------------------------------------------------
                         Iteration time: 1.29s
                           Time elapsed: 0:00:21
                                    ETA: 0:16:42

################################################################################
[1m                           Learning iteration 16/750                            [0m 

                               Run name: retention-native-20260908-v50
                            Total steps: 19584 
                       Steps per second: 887 
                        Collection time: 1.133s 
                          Learning time: 0.164s 
                        Mean value loss: 0.3956
                    Mean surrogate loss: -0.0288
             Mean online_retention loss: 0.0158
          Mean rehearsal_retention loss: 0.0133
                        Mean action std: 0.04
--------------------------------------------------------------------------------
                         Iteration time: 1.30s
                           Time elapsed: 0:00:23
                                    ETA: 0:16:37

################################################################################
[1m                           Learning iteration 17/750                            [0m 

                               Run name: retention-native-20260908-v50
                            Total steps: 20736 
                       Steps per second: 891 
                        Collection time: 1.124s 
                          Learning time: 0.168s 
                        Mean value loss: 0.5072
                    Mean surrogate loss: -0.0206
             Mean online_retention loss: 0.0179
          Mean rehearsal_retention loss: 0.0143
                        Mean action std: 0.04
--------------------------------------------------------------------------------
                         Iteration time: 1.29s
                           Time elapsed: 0:00:24
                                    ETA: 0:16:33

################################################################################
[1m                           Learning iteration 18/750                            [0m 

                               Run name: retention-native-20260908-v50
                            Total steps: 21888 
                       Steps per second: 870 
                        Collection time: 1.146s 
                          Learning time: 0.178s 
                        Mean value loss: 0.4793
                    Mean surrogate loss: -0.0259
             Mean online_retention loss: 0.0145
          Mean rehearsal_retention loss: 0.0125
                        Mean action std: 0.04
--------------------------------------------------------------------------------
                         Iteration time: 1.32s
                           Time elapsed: 0:00:25
                                    ETA: 0:16:31

################################################################################
[1m                           Learning iteration 19/750                            [0m 

                               Run name: retention-native-20260908-v50
                            Total steps: 23040 
                       Steps per second: 872 
                        Collection time: 1.150s 
                          Learning time: 0.170s 
                        Mean value loss: 0.4708
                    Mean surrogate loss: -0.0237
             Mean online_retention loss: 0.0161
          Mean rehearsal_retention loss: 0.0140
                        Mean action std: 0.04
--------------------------------------------------------------------------------
                         Iteration time: 1.32s
                           Time elapsed: 0:00:27
                                    ETA: 0:16:28

################################################################################
[1m                           Learning iteration 20/750                            [0m 

                               Run name: retention-native-20260908-v50
                            Total steps: 24192 
                       Steps per second: 868 
                        Collection time: 1.150s 
                          Learning time: 0.177s 
                        Mean value loss: 0.5977
                    Mean surrogate loss: -0.0255
             Mean online_retention loss: 0.0147
          Mean rehearsal_retention loss: 0.0125
                        Mean action std: 0.04
--------------------------------------------------------------------------------
                         Iteration time: 1.33s
                           Time elapsed: 0:00:28
                                    ETA: 0:16:26

################################################################################
[1m                           Learning iteration 21/750                            [0m 

                               Run name: retention-native-20260908-v50
                            Total steps: 25344 
                       Steps per second: 882 
                        Collection time: 1.135s 
                          Learning time: 0.171s 
                        Mean value loss: 0.6839
                    Mean surrogate loss: -0.0306
             Mean online_retention loss: 0.0155
          Mean rehearsal_retention loss: 0.0129
                        Mean action std: 0.04
--------------------------------------------------------------------------------
                         Iteration time: 1.31s
                           Time elapsed: 0:00:29
                                    ETA: 0:16:23

################################################################################
[1m                           Learning iteration 22/750                            [0m 

                               Run name: retention-native-20260908-v50
                            Total steps: 26496 
                       Steps per second: 878 
                        Collection time: 1.137s 
                          Learning time: 0.175s 
                        Mean value loss: 0.6345
                    Mean surrogate loss: -0.0238
             Mean online_retention loss: 0.0169
          Mean rehearsal_retention loss: 0.0141
                        Mean action std: 0.04
--------------------------------------------------------------------------------
                         Iteration time: 1.31s
                           Time elapsed: 0:00:31
                                    ETA: 0:16:20

################################################################################
[1m                           Learning iteration 23/750                            [0m 

                               Run name: retention-native-20260908-v50
                            Total steps: 27648 
                       Steps per second: 882 
                        Collection time: 1.129s 
                          Learning time: 0.177s 
                        Mean value loss: 0.7420
                    Mean surrogate loss: -0.0269
             Mean online_retention loss: 0.0182
          Mean rehearsal_retention loss: 0.0147
                        Mean action std: 0.04
--------------------------------------------------------------------------------
                         Iteration time: 1.31s
                           Time elapsed: 0:00:32
                                    ETA: 0:16:17

################################################################################
[1m                           Learning iteration 24/750                            [0m 

                               Run name: retention-native-20260908-v50
                            Total steps: 28800 
                       Steps per second: 899 
                        Collection time: 1.118s 
                          Learning time: 0.163s 
                        Mean value loss: 0.6289
                    Mean surrogate loss: -0.0285
             Mean online_retention loss: 0.0172
          Mean rehearsal_retention loss: 0.0139
                        Mean action std: 0.04
--------------------------------------------------------------------------------
                         Iteration time: 1.28s
                           Time elapsed: 0:00:33
                                    ETA: 0:16:14

################################################################################
[1m                           Learning iteration 25/750                            [0m 

                               Run name: retention-native-20260908-v50
                            Total steps: 29952 
                       Steps per second: 895 
                        Collection time: 1.124s 
                          Learning time: 0.163s 
                        Mean value loss: 0.9749
                    Mean surrogate loss: -0.0255
             Mean online_retention loss: 0.0172
          Mean rehearsal_retention loss: 0.0142
                        Mean action std: 0.04
--------------------------------------------------------------------------------
                         Iteration time: 1.29s
                           Time elapsed: 0:00:34
                                    ETA: 0:16:11

################################################################################
[1m                           Learning iteration 26/750                            [0m 

                               Run name: retention-native-20260908-v50
                            Total steps: 31104 
                       Steps per second: 896 
                        Collection time: 1.122s 
                          Learning time: 0.163s 
                        Mean value loss: 0.9656
                    Mean surrogate loss: -0.0276
             Mean online_retention loss: 0.0186
          Mean rehearsal_retention loss: 0.0147
                        Mean action std: 0.04
--------------------------------------------------------------------------------
                         Iteration time: 1.29s
                           Time elapsed: 0:00:36
                                    ETA: 0:16:08

################################################################################
[1m                           Learning iteration 27/750                            [0m 

                               Run name: retention-native-20260908-v50
                            Total steps: 32256 
                       Steps per second: 895 
                        Collection time: 1.123s 
                          Learning time: 0.164s 
                        Mean value loss: 75.7881
                    Mean surrogate loss: 0.7849
             Mean online_retention loss: 0.0260
          Mean rehearsal_retention loss: 0.0182
                        Mean action std: 0.02
--------------------------------------------------------------------------------
                         Iteration time: 1.29s
                           Time elapsed: 0:00:37
                                    ETA: 0:16:06

################################################################################
[1m                           Learning iteration 28/750                            [0m 

                               Run name: retention-native-20260908-v50
                            Total steps: 33408 
                       Steps per second: 532 
                        Collection time: 1.994s 
                          Learning time: 0.171s 
                        Mean value loss: 227.2469
                    Mean surrogate loss: 0.0000
             Mean online_retention loss: 0.0000
          Mean rehearsal_retention loss: 0.0080
                            Mean reward: -173.49
                    Mean episode length: 691.00
                        Mean action std: 0.00
--------------------------------------------------------------------------------
                         Iteration time: 2.17s
                           Time elapsed: 0:00:39
                                    ETA: 0:16:25

################################################################################
[1m                           Learning iteration 29/750                            [0m 

                               Run name: retention-native-20260908-v50
                            Total steps: 34560 
                       Steps per second: 869 
                        Collection time: 1.161s 
                          Learning time: 0.164s 
                        Mean value loss: 48.2139
                    Mean surrogate loss: 0.0000
             Mean online_retention loss: 0.0000
          Mean rehearsal_retention loss: 0.0020
                            Mean reward: -168.64
                    Mean episode length: 696.60
                        Mean action std: 0.00
--------------------------------------------------------------------------------
                         Iteration time: 1.33s
                           Time elapsed: 0:00:40
                                    ETA: 0:16:23

################################################################################
[1m                           Learning iteration 30/750                            [0m 

                               Run name: retention-native-20260908-v50
                            Total steps: 35712 
                       Steps per second: 882 
                        Collection time: 1.144s 
                          Learning time: 0.162s 
                        Mean value loss: 1.0012
                    Mean surrogate loss: -1.4643
             Mean online_retention loss: 0.0000
          Mean rehearsal_retention loss: 0.0055
                            Mean reward: -168.64
                    Mean episode length: 696.60
                        Mean action std: 0.00
--------------------------------------------------------------------------------
                         Iteration time: 1.31s
                           Time elapsed: 0:00:42
                                    ETA: 0:16:20

################################################################################
[1m                           Learning iteration 31/750                            [0m 

                               Run name: retention-native-20260908-v50
                            Total steps: 36864 
                       Steps per second: 878 
                        Collection time: 1.145s 
                          Learning time: 0.166s 
                        Mean value loss: 1.4707
                    Mean surrogate loss: -1.7028
             Mean online_retention loss: 0.0000
          Mean rehearsal_retention loss: 0.0308
                            Mean reward: -168.64
                    Mean episode length: 696.60
                        Mean action std: 0.00
--------------------------------------------------------------------------------
                         Iteration time: 1.31s
                           Time elapsed: 0:00:43
                                    ETA: 0:16:17

################################################################################
[1m                           Learning iteration 32/750                            [0m 

                               Run name: retention-native-20260908-v50
                            Total steps: 38016 
                       Steps per second: 869 
                        Collection time: 1.149s 
                          Learning time: 0.177s 
                        Mean value loss: 0.8116
                    Mean surrogate loss: 0.9150
             Mean online_retention loss: 0.0000
          Mean rehearsal_retention loss: 0.0757
                            Mean reward: -168.64
                    Mean episode length: 696.60
                        Mean action std: 0.00
--------------------------------------------------------------------------------
                         Iteration time: 1.33s
                           Time elapsed: 0:00:44
                                    ETA: 0:16:15

################################################################################
[1m                           Learning iteration 33/750                            [0m 

                               Run name: retention-native-20260908-v50
                            Total steps: 39168 
                       Steps per second: 863 
                        Collection time: 1.168s 
                          Learning time: 0.165s 
                        Mean value loss: 0.5963
                    Mean surrogate loss: 1.3037
             Mean online_retention loss: 0.0000
          Mean rehearsal_retention loss: 0.0980
                            Mean reward: -168.64
                    Mean episode length: 696.60
                        Mean action std: 0.00
--------------------------------------------------------------------------------
                         Iteration time: 1.33s
                           Time elapsed: 0:00:46
                                    ETA: 0:16:13

################################################################################
[1m                           Learning iteration 34/750                            [0m 

                               Run name: retention-native-20260908-v50
                            Total steps: 40320 
                       Steps per second: 869 
                        Collection time: 1.155s 
                          Learning time: 0.170s 
                        Mean value loss: 0.6204
                    Mean surrogate loss: 1.8970
             Mean online_retention loss: 0.0000
          Mean rehearsal_retention loss: 0.0871
                            Mean reward: -168.64
                    Mean episode length: 696.60
                        Mean action std: 0.00
--------------------------------------------------------------------------------
                         Iteration time: 1.33s
                           Time elapsed: 0:00:47
                                    ETA: 0:16:11

################################################################################
[1m                           Learning iteration 35/750                            [0m 

                               Run name: retention-native-20260908-v50
                            Total steps: 41472 
                       Steps per second: 864 
                        Collection time: 1.161s 
                          Learning time: 0.171s 
                        Mean value loss: 0.6238
                    Mean surrogate loss: 1.7045
             Mean online_retention loss: 0.0000
          Mean rehearsal_retention loss: 0.1479
                            Mean reward: -168.64
                    Mean episode length: 696.60
                        Mean action std: 0.00
--------------------------------------------------------------------------------
                         Iteration time: 1.33s
                           Time elapsed: 0:00:48
                                    ETA: 0:16:09

################################################################################
[1m                           Learning iteration 36/750                            [0m 

                               Run name: retention-native-20260908-v50
                            Total steps: 42624 
                       Steps per second: 860 
                        Collection time: 1.159s 
                          Learning time: 0.180s 
                        Mean value loss: 0.5926
                    Mean surrogate loss: 1.7160
             Mean online_retention loss: 0.0000
          Mean rehearsal_retention loss: 0.1124
                            Mean reward: -168.64
                    Mean episode length: 696.60
                        Mean action std: 0.01
--------------------------------------------------------------------------------
                         Iteration time: 1.34s
                           Time elapsed: 0:00:50
                                    ETA: 0:16:08

################################################################################
[1m                           Learning iteration 37/750                            [0m 

                               Run name: retention-native-20260908-v50
                            Total steps: 43776 
                       Steps per second: 876 
                        Collection time: 1.152s 
                          Learning time: 0.163s 
                        Mean value loss: 0.5585
                    Mean surrogate loss: 1.6969
             Mean online_retention loss: 0.0000
          Mean rehearsal_retention loss: 0.1147
                            Mean reward: -168.64
                    Mean episode length: 696.60
                        Mean action std: 0.00
--------------------------------------------------------------------------------
                         Iteration time: 1.31s
                           Time elapsed: 0:00:51
                                    ETA: 0:16:05

################################################################################
[1m                           Learning iteration 38/750                            [0m 

                               Run name: retention-native-20260908-v50
                            Total steps: 44928 
                       Steps per second: 876 
                        Collection time: 1.142s 
                          Learning time: 0.172s 
                        Mean value loss: 0.5025
                    Mean surrogate loss: 1.4190
             Mean online_retention loss: 0.0000
          Mean rehearsal_retention loss: 0.1221
                            Mean reward: -168.64
                    Mean episode length: 696.60
                        Mean action std: 0.00
--------------------------------------------------------------------------------
                         Iteration time: 1.31s
                           Time elapsed: 0:00:52
                                    ETA: 0:16:03

################################################################################
[1m                           Learning iteration 39/750                            [0m 

                               Run name: retention-native-20260908-v50
                            Total steps: 46080 
                       Steps per second: 852 
                        Collection time: 1.176s 
                          Learning time: 0.176s 
                        Mean value loss: 3.1413
                    Mean surrogate loss: 0.5416
             Mean online_retention loss: 0.0487
          Mean rehearsal_retention loss: 0.0792
                            Mean reward: -168.64
                    Mean episode length: 696.60
                        Mean action std: 0.02
--------------------------------------------------------------------------------
                         Iteration time: 1.35s
                           Time elapsed: 0:00:54
                                    ETA: 0:16:02

################################################################################
[1m                           Learning iteration 40/750                            [0m 

                               Run name: retention-native-20260908-v50
                            Total steps: 47232 
                       Steps per second: 877 
                        Collection time: 1.148s 
                          Learning time: 0.165s 
                        Mean value loss: 3.0078
                    Mean surrogate loss: -0.0294
             Mean online_retention loss: 0.0344
          Mean rehearsal_retention loss: 0.0361
                            Mean reward: -168.64
                    Mean episode length: 696.60
                        Mean action std: 0.04
--------------------------------------------------------------------------------
                         Iteration time: 1.31s
                           Time elapsed: 0:00:55
                                    ETA: 0:16:00

################################################################################
[1m                           Learning iteration 41/750                            [0m 

                               Run name: retention-native-20260908-v50
                            Total steps: 48384 
                       Steps per second: 884 
                        Collection time: 1.139s 
                          Learning time: 0.163s 
                        Mean value loss: 0.9559
                    Mean surrogate loss: -0.0294
             Mean online_retention loss: 0.0198
          Mean rehearsal_retention loss: 0.0268
                            Mean reward: -168.64
                    Mean episode length: 696.60
                        Mean action std: 0.04
--------------------------------------------------------------------------------
                         Iteration time: 1.30s
                           Time elapsed: 0:00:56
                                    ETA: 0:15:57

################################################################################
[1m                           Learning iteration 42/750                            [0m 

                               Run name: retention-native-20260908-v50
                            Total steps: 49536 
                       Steps per second: 876 
                        Collection time: 1.133s 
                          Learning time: 0.181s 
                        Mean value loss: 0.6696
                    Mean surrogate loss: -0.0346
             Mean online_retention loss: 0.0168
          Mean rehearsal_retention loss: 0.0236
                            Mean reward: -168.64
                    Mean episode length: 696.60
                        Mean action std: 0.04
--------------------------------------------------------------------------------
                         Iteration time: 1.31s
                           Time elapsed: 0:00:58
                                    ETA: 0:15:55

################################################################################
[1m                           Learning iteration 43/750                            [0m 

                               Run name: retention-native-20260908-v50
                            Total steps: 50688 
                       Steps per second: 886 
                        Collection time: 1.124s 
                          Learning time: 0.176s 
                        Mean value loss: 0.5604
                    Mean surrogate loss: -0.0278
             Mean online_retention loss: 0.0170
          Mean rehearsal_retention loss: 0.0224
                            Mean reward: -168.64
                    Mean episode length: 696.60
                        Mean action std: 0.04
--------------------------------------------------------------------------------
                         Iteration time: 1.30s
                           Time elapsed: 0:00:59
                                    ETA: 0:15:53

################################################################################
[1m                           Learning iteration 44/750                            [0m 

                               Run name: retention-native-20260908-v50
                            Total steps: 51840 
                       Steps per second: 872 
                        Collection time: 1.147s 
                          Learning time: 0.173s 
                        Mean value loss: 0.6551
                    Mean surrogate loss: -0.0337
             Mean online_retention loss: 0.0154
          Mean rehearsal_retention loss: 0.0228
                            Mean reward: -168.64
                    Mean episode length: 696.60
                        Mean action std: 0.04
--------------------------------------------------------------------------------
                         Iteration time: 1.32s
                           Time elapsed: 0:01:00
                                    ETA: 0:15:51

################################################################################
[1m                           Learning iteration 45/750                            [0m 

                               Run name: retention-native-20260908-v50
                            Total steps: 52992 
                       Steps per second: 883 
                        Collection time: 1.142s 
                          Learning time: 0.161s 
                        Mean value loss: 0.5397
                    Mean surrogate loss: -0.0293
             Mean online_retention loss: 0.0142
          Mean rehearsal_retention loss: 0.0203
                            Mean reward: -168.64
                    Mean episode length: 696.60
                        Mean action std: 0.04
--------------------------------------------------------------------------------
                         Iteration time: 1.30s
                           Time elapsed: 0:01:02
                                    ETA: 0:15:49

################################################################################
[1m                           Learning iteration 46/750                            [0m 

                               Run name: retention-native-20260908-v50
                            Total steps: 54144 
                       Steps per second: 878 
                        Collection time: 1.140s 
                          Learning time: 0.171s 
                        Mean value loss: 0.5139
                    Mean surrogate loss: -0.0307
             Mean online_retention loss: 0.0155
          Mean rehearsal_retention loss: 0.0214
                            Mean reward: -168.64
                    Mean episode length: 696.60
                        Mean action std: 0.04
--------------------------------------------------------------------------------
                         Iteration time: 1.31s
                           Time elapsed: 0:01:03
                                    ETA: 0:15:47

################################################################################
[1m                           Learning iteration 47/750                            [0m 

                               Run name: retention-native-20260908-v50
                            Total steps: 55296 
                       Steps per second: 823 
                        Collection time: 1.212s 
                          Learning time: 0.188s 
                        Mean value loss: 0.7234
                    Mean surrogate loss: -0.0263
             Mean online_retention loss: 0.0152
          Mean rehearsal_retention loss: 0.0204
                            Mean reward: -168.64
                    Mean episode length: 696.60
                        Mean action std: 0.04
--------------------------------------------------------------------------------
                         Iteration time: 1.40s
                           Time elapsed: 0:01:04
                                    ETA: 0:15:47

################################################################################
[1m                           Learning iteration 48/750                            [0m 

                               Run name: retention-native-20260908-v50
                            Total steps: 56448 
                       Steps per second: 819 
                        Collection time: 1.226s 
                          Learning time: 0.180s 
                        Mean value loss: 0.5478
                    Mean surrogate loss: -0.0214
             Mean online_retention loss: 0.0143
          Mean rehearsal_retention loss: 0.0204
                            Mean reward: -168.64
                    Mean episode length: 696.60
                        Mean action std: 0.04
--------------------------------------------------------------------------------
                         Iteration time: 1.41s
                           Time elapsed: 0:01:06
                                    ETA: 0:15:46

################################################################################
[1m                           Learning iteration 49/750                            [0m 

                               Run name: retention-native-20260908-v50
                            Total steps: 57600 
                       Steps per second: 818 
                        Collection time: 1.226s 
                          Learning time: 0.182s 
                        Mean value loss: 0.7235
                    Mean surrogate loss: -0.0262
             Mean online_retention loss: 0.0147
          Mean rehearsal_retention loss: 0.0200
                            Mean reward: -168.64
                    Mean episode length: 696.60
                        Mean action std: 0.04
--------------------------------------------------------------------------------
                         Iteration time: 1.41s
                           Time elapsed: 0:01:07
                                    ETA: 0:15:46

################################################################################
[1m                           Learning iteration 50/750                            [0m 

                               Run name: retention-native-20260908-v50
                            Total steps: 58752 
                       Steps per second: 836 
                        Collection time: 1.196s 
                          Learning time: 0.181s 
                        Mean value loss: 0.7493
                    Mean surrogate loss: -0.0350
             Mean online_retention loss: 0.0143
          Mean rehearsal_retention loss: 0.0190
                            Mean reward: -168.64
                    Mean episode length: 696.60
                        Mean action std: 0.04
--------------------------------------------------------------------------------
                         Iteration time: 1.38s
                           Time elapsed: 0:01:08
                                    ETA: 0:15:45

################################################################################
[1m                           Learning iteration 51/750                            [0m 

                               Run name: retention-native-20260908-v50
                            Total steps: 59904 
                       Steps per second: 838 
                        Collection time: 1.186s 
                          Learning time: 0.188s 
                        Mean value loss: 0.6431
                    Mean surrogate loss: -0.0311
             Mean online_retention loss: 0.0156
          Mean rehearsal_retention loss: 0.0217
                            Mean reward: -168.64
                    Mean episode length: 696.60
                        Mean action std: 0.04
--------------------------------------------------------------------------------
                         Iteration time: 1.37s
                           Time elapsed: 0:01:10
                                    ETA: 0:15:44

################################################################################
[1m                           Learning iteration 52/750                            [0m 

                               Run name: retention-native-20260908-v50
                            Total steps: 61056 
                       Steps per second: 800 
                        Collection time: 1.261s 
                          Learning time: 0.179s 
                        Mean value loss: 0.5585
                    Mean surrogate loss: -0.0315
             Mean online_retention loss: 0.0177
          Mean rehearsal_retention loss: 0.0219
                            Mean reward: -168.64
                    Mean episode length: 696.60
                        Mean action std: 0.04
--------------------------------------------------------------------------------
                         Iteration time: 1.44s
                           Time elapsed: 0:01:11
                                    ETA: 0:15:43

################################################################################
[1m                           Learning iteration 53/750                            [0m 

                               Run name: retention-native-20260908-v50
                            Total steps: 62208 
                       Steps per second: 832 
                        Collection time: 1.203s 
                          Learning time: 0.182s 
                        Mean value loss: 0.6669
                    Mean surrogate loss: -0.0291
             Mean online_retention loss: 0.0176
          Mean rehearsal_retention loss: 0.0225
                            Mean reward: -168.64
                    Mean episode length: 696.60
                        Mean action std: 0.04
--------------------------------------------------------------------------------
                         Iteration time: 1.38s
                           Time elapsed: 0:01:13
                                    ETA: 0:15:43

################################################################################
[1m                           Learning iteration 54/750                            [0m 

                               Run name: retention-native-20260908-v50
                            Total steps: 63360 
                       Steps per second: 835 
                        Collection time: 1.202s 
                          Learning time: 0.177s 
                        Mean value loss: 0.8377
                    Mean surrogate loss: -0.0350
             Mean online_retention loss: 0.0167
          Mean rehearsal_retention loss: 0.0219
                            Mean reward: -168.64
                    Mean episode length: 696.60
                        Mean action std: 0.04
--------------------------------------------------------------------------------
                         Iteration time: 1.38s
                           Time elapsed: 0:01:14
                                    ETA: 0:15:41

################################################################################
[1m                           Learning iteration 55/750                            [0m 

                               Run name: retention-native-20260908-v50
                            Total steps: 64512 
                       Steps per second: 831 
                        Collection time: 1.205s 
                          Learning time: 0.181s 
                        Mean value loss: 0.8643
                    Mean surrogate loss: -0.0322
             Mean online_retention loss: 0.0151
          Mean rehearsal_retention loss: 0.0193
                            Mean reward: -168.64
                    Mean episode length: 696.60
                        Mean action std: 0.04
--------------------------------------------------------------------------------
                         Iteration time: 1.39s
                           Time elapsed: 0:01:15
                                    ETA: 0:15:40

################################################################################
[1m                           Learning iteration 56/750                            [0m 

                               Run name: retention-native-20260908-v50
                            Total steps: 65664 
                       Steps per second: 833 
                        Collection time: 1.202s 
                          Learning time: 0.180s 
                        Mean value loss: 7.5863
                    Mean surrogate loss: -0.1396
             Mean online_retention loss: 0.0127
          Mean rehearsal_retention loss: 0.0164
                            Mean reward: -168.64
                    Mean episode length: 696.60
                        Mean action std: 0.04
--------------------------------------------------------------------------------
                         Iteration time: 1.38s
                           Time elapsed: 0:01:17
                                    ETA: 0:15:39

################################################################################
[1m                           Learning iteration 57/750                            [0m 

                               Run name: retention-native-20260908-v50
                            Total steps: 66816 
                       Steps per second: 832 
                        Collection time: 1.201s 
                          Learning time: 0.183s 
                        Mean value loss: 12.2943
                    Mean surrogate loss: -0.1774
             Mean online_retention loss: 0.0089
          Mean rehearsal_retention loss: 0.0117
                            Mean reward: -168.64
                    Mean episode length: 696.60
                        Mean action std: 0.04
--------------------------------------------------------------------------------
                         Iteration time: 1.38s
                           Time elapsed: 0:01:18
                                    ETA: 0:15:38

################################################################################
[1m                           Learning iteration 58/750                            [0m 

                               Run name: retention-native-20260908-v50
                            Total steps: 67968 
                       Steps per second: 843 
                        Collection time: 1.185s 
                          Learning time: 0.181s 
                        Mean value loss: 61.5633
                    Mean surrogate loss: -0.1400
             Mean online_retention loss: 0.0064
          Mean rehearsal_retention loss: 0.0082
                            Mean reward: -164.02
                    Mean episode length: 700.14
                        Mean action std: 0.04
--------------------------------------------------------------------------------
                         Iteration time: 1.37s
                           Time elapsed: 0:01:20
                                    ETA: 0:15:37

################################################################################
[1m                           Learning iteration 59/750                            [0m 

                               Run name: retention-native-20260908-v50
                            Total steps: 69120 
                       Steps per second: 835 
                        Collection time: 1.204s 
                          Learning time: 0.175s 
                        Mean value loss: 0.7578
                    Mean surrogate loss: 0.0483
             Mean online_retention loss: 0.0085
          Mean rehearsal_retention loss: 0.0113
                            Mean reward: -164.02
                    Mean episode length: 700.14
                        Mean action std: 0.04
--------------------------------------------------------------------------------
                         Iteration time: 1.38s
                           Time elapsed: 0:01:21
                                    ETA: 0:15:36

################################################################################
[1m                           Learning iteration 60/750                            [0m 

                               Run name: retention-native-20260908-v50
                            Total steps: 70272 
                       Steps per second: 873 
                        Collection time: 1.156s 
                          Learning time: 0.164s 
                        Mean value loss: 0.8323
                    Mean surrogate loss: 0.0103
             Mean online_retention loss: 0.0121
          Mean rehearsal_retention loss: 0.0148
                            Mean reward: -164.02
                    Mean episode length: 700.14
                        Mean action std: 0.04
--------------------------------------------------------------------------------
                         Iteration time: 1.32s
                           Time elapsed: 0:01:22
                                    ETA: 0:15:34

################################################################################
[1m                           Learning iteration 61/750                            [0m 

                               Run name: retention-native-20260908-v50
                            Total steps: 71424 
                       Steps per second: 890 
                        Collection time: 1.132s 
                          Learning time: 0.162s 
                        Mean value loss: 0.9169
                    Mean surrogate loss: -0.0007
             Mean online_retention loss: 0.0152
          Mean rehearsal_retention loss: 0.0173
                            Mean reward: -164.02
                    Mean episode length: 700.14
                        Mean action std: 0.04
--------------------------------------------------------------------------------
                         Iteration time: 1.29s
                           Time elapsed: 0:01:24
                                    ETA: 0:15:32

################################################################################
[1m                           Learning iteration 62/750                            [0m 

                               Run name: retention-native-20260908-v50
                            Total steps: 72576 
                       Steps per second: 863 
                        Collection time: 1.149s 
                          Learning time: 0.185s 
                        Mean value loss: 0.8621
                    Mean surrogate loss: 0.0056
             Mean online_retention loss: 0.0155
          Mean rehearsal_retention loss: 0.0179
                            Mean reward: -164.02
                    Mean episode length: 700.14
                        Mean action std: 0.04
--------------------------------------------------------------------------------
                         Iteration time: 1.33s
                           Time elapsed: 0:01:25
                                    ETA: 0:15:31

################################################################################
[1m                           Learning iteration 63/750                            [0m 

                               Run name: retention-native-20260908-v50
                            Total steps: 73728 
                       Steps per second: 873 
                        Collection time: 1.143s 
                          Learning time: 0.176s 
                        Mean value loss: 0.8950
                    Mean surrogate loss: 0.0047
             Mean online_retention loss: 0.0158
          Mean rehearsal_retention loss: 0.0215
                            Mean reward: -164.02
                    Mean episode length: 700.14
                        Mean action std: 0.04
--------------------------------------------------------------------------------
                         Iteration time: 1.32s
                           Time elapsed: 0:01:26
                                    ETA: 0:15:29

################################################################################
[1m                           Learning iteration 64/750                            [0m 

                               Run name: retention-native-20260908-v50
                            Total steps: 74880 
                       Steps per second: 886 
                        Collection time: 1.136s 
                          Learning time: 0.164s 
                        Mean value loss: 9.9401
                    Mean surrogate loss: 0.0115
             Mean online_retention loss: 0.0159
          Mean rehearsal_retention loss: 0.0183
                            Mean reward: -164.02
                    Mean episode length: 700.14
                        Mean action std: 0.03
--------------------------------------------------------------------------------
                         Iteration time: 1.30s
                           Time elapsed: 0:01:28
                                    ETA: 0:15:27

################################################################################
[1m                           Learning iteration 65/750                            [0m 

                               Run name: retention-native-20260908-v50
                            Total steps: 76032 
                       Steps per second: 878 
                        Collection time: 1.148s 
                          Learning time: 0.164s 
                        Mean value loss: 13.3177
                    Mean surrogate loss: 0.1401
             Mean online_retention loss: 0.0000
          Mean rehearsal_retention loss: 0.0260
                            Mean reward: -164.02
                    Mean episode length: 700.14
                        Mean action std: 0.00
--------------------------------------------------------------------------------
                         Iteration time: 1.31s
                           Time elapsed: 0:01:29
                                    ETA: 0:15:25

################################################################################
[1m                           Learning iteration 66/750                            [0m 

                               Run name: retention-native-20260908-v50
                            Total steps: 77184 
                       Steps per second: 856 
                        Collection time: 1.166s 
                          Learning time: 0.178s 
                        Mean value loss: 1.9522
                    Mean surrogate loss: 0.6350
             Mean online_retention loss: 0.0000
          Mean rehearsal_retention loss: 0.0344
                            Mean reward: -164.02
                    Mean episode length: 700.14
                        Mean action std: 0.00
--------------------------------------------------------------------------------
                         Iteration time: 1.34s
                           Time elapsed: 0:01:30
                                    ETA: 0:15:24

################################################################################
[1m                           Learning iteration 67/750                            [0m 

                               Run name: retention-native-20260908-v50
                            Total steps: 78336 
                       Steps per second: 830 
                        Collection time: 1.202s 
                          Learning time: 0.185s 
                        Mean value loss: 79.3563
                    Mean surrogate loss: 0.0110
             Mean online_retention loss: 0.0000
          Mean rehearsal_retention loss: 0.0282
                            Mean reward: -163.32
                    Mean episode length: 905.89
                        Mean action std: 0.00
--------------------------------------------------------------------------------
                         Iteration time: 1.39s
                           Time elapsed: 0:01:32
                                    ETA: 0:15:23

################################################################################
[1m                           Learning iteration 68/750                            [0m 

                               Run name: retention-native-20260908-v50
                            Total steps: 79488 
                       Steps per second: 859 
                        Collection time: 1.174s 
                          Learning time: 0.166s 
                        Mean value loss: 1.0823
                    Mean surrogate loss: 1.2537
             Mean online_retention loss: 0.0000
          Mean rehearsal_retention loss: 0.0419
                            Mean reward: -163.32
                    Mean episode length: 905.89
                        Mean action std: 0.00
--------------------------------------------------------------------------------
                         Iteration time: 1.34s
                           Time elapsed: 0:01:33
                                    ETA: 0:15:21

################################################################################
[1m                           Learning iteration 69/750                            [0m 

                               Run name: retention-native-20260908-v50
                            Total steps: 80640 
                       Steps per second: 861 
                        Collection time: 1.161s 
                          Learning time: 0.176s 
                        Mean value loss: 0.7033
                    Mean surrogate loss: 1.3785
             Mean online_retention loss: 0.0000
          Mean rehearsal_retention loss: 0.0726
                            Mean reward: -163.32
                    Mean episode length: 905.89
                        Mean action std: 0.01
--------------------------------------------------------------------------------
                         Iteration time: 1.34s
                           Time elapsed: 0:01:34
                                    ETA: 0:15:20

################################################################################
[1m                           Learning iteration 70/750                            [0m 

                               Run name: retention-native-20260908-v50
                            Total steps: 81792 
                       Steps per second: 868 
                        Collection time: 1.157s 
                          Learning time: 0.169s 
                        Mean value loss: 0.5095
                    Mean surrogate loss: 1.1861
             Mean online_retention loss: 0.0000
          Mean rehearsal_retention loss: 0.0763
                            Mean reward: -163.32
                    Mean episode length: 905.89
                        Mean action std: 0.01
--------------------------------------------------------------------------------
                         Iteration time: 1.33s
                           Time elapsed: 0:01:36
                                    ETA: 0:15:18

################################################################################
[1m                           Learning iteration 71/750                            [0m 

                               Run name: retention-native-20260908-v50
                            Total steps: 82944 
                       Steps per second: 827 
                        Collection time: 1.196s 
                          Learning time: 0.197s 
                        Mean value loss: 0.4694
                    Mean surrogate loss: 0.9838
             Mean online_retention loss: 0.0000
          Mean rehearsal_retention loss: 0.0974
                            Mean reward: -163.32
                    Mean episode length: 905.89
                        Mean action std: 0.01
--------------------------------------------------------------------------------
                         Iteration time: 1.39s
                           Time elapsed: 0:01:37
                                    ETA: 0:15:17

################################################################################
[1m                           Learning iteration 72/750                            [0m 

                               Run name: retention-native-20260908-v50
                            Total steps: 84096 
                       Steps per second: 861 
                        Collection time: 1.155s 
                          Learning time: 0.182s 
                        Mean value loss: 0.4712
                    Mean surrogate loss: 1.1939
             Mean online_retention loss: 0.0000
          Mean rehearsal_retention loss: 0.0880
                            Mean reward: -163.32
                    Mean episode length: 905.89
                        Mean action std: 0.01
--------------------------------------------------------------------------------
                         Iteration time: 1.34s
                           Time elapsed: 0:01:38
                                    ETA: 0:15:16

################################################################################
[1m                           Learning iteration 73/750                            [0m 

                               Run name: retention-native-20260908-v50
                            Total steps: 85248 
                       Steps per second: 864 
                        Collection time: 1.163s 
                          Learning time: 0.170s 
                        Mean value loss: 0.5490
                    Mean surrogate loss: 1.4540
             Mean online_retention loss: 0.0000
          Mean rehearsal_retention loss: 0.1045
                            Mean reward: -163.32
                    Mean episode length: 905.89
                        Mean action std: 0.01
--------------------------------------------------------------------------------
                         Iteration time: 1.33s
                           Time elapsed: 0:01:40
                                    ETA: 0:15:14

################################################################################
[1m                           Learning iteration 74/750                            [0m 

                               Run name: retention-native-20260908-v50
                            Total steps: 86400 
                       Steps per second: 875 
                        Collection time: 1.150s 
                          Learning time: 0.167s 
                        Mean value loss: 0.5000
                    Mean surrogate loss: 0.9675
             Mean online_retention loss: 0.0000
          Mean rehearsal_retention loss: 0.1011
                            Mean reward: -163.32
                    Mean episode length: 905.89
                        Mean action std: 0.01
--------------------------------------------------------------------------------
                         Iteration time: 1.32s
                           Time elapsed: 0:01:41
                                    ETA: 0:15:12

################################################################################
[1m                           Learning iteration 75/750                            [0m 

                               Run name: retention-native-20260908-v50
                            Total steps: 87552 
                       Steps per second: 873 
                        Collection time: 1.146s 
                          Learning time: 0.172s 
                        Mean value loss: 0.4367
                    Mean surrogate loss: 1.0996
             Mean online_retention loss: 0.0000
          Mean rehearsal_retention loss: 0.0938
                            Mean reward: -163.32
                    Mean episode length: 905.89
                        Mean action std: 0.01
--------------------------------------------------------------------------------
                         Iteration time: 1.32s
                           Time elapsed: 0:01:42
                                    ETA: 0:15:11

################################################################################
[1m                           Learning iteration 76/750                            [0m 

                               Run name: retention-native-20260908-v50
                            Total steps: 88704 
                       Steps per second: 871 
                        Collection time: 1.138s 
                          Learning time: 0.184s 
                        Mean value loss: 0.4917
                    Mean surrogate loss: 1.4699
             Mean online_retention loss: 0.0000
          Mean rehearsal_retention loss: 0.1100
                            Mean reward: -163.32
                    Mean episode length: 905.89
                        Mean action std: 0.01
--------------------------------------------------------------------------------
                         Iteration time: 1.32s
                           Time elapsed: 0:01:44
                                    ETA: 0:15:09

################################################################################
[1m                           Learning iteration 77/750                            [0m 

                               Run name: retention-native-20260908-v50
                            Total steps: 89856 
                       Steps per second: 855 
                        Collection time: 1.180s 
                          Learning time: 0.166s 
                        Mean value loss: 14.2790
                    Mean surrogate loss: -0.1058
             Mean online_retention loss: 0.0791
          Mean rehearsal_retention loss: 0.0596
                            Mean reward: -163.32
                    Mean episode length: 905.89
                        Mean action std: 0.04
--------------------------------------------------------------------------------
                         Iteration time: 1.35s
                           Time elapsed: 0:01:45
                                    ETA: 0:15:08

################################################################################
[1m                           Learning iteration 78/750                            [0m 

                               Run name: retention-native-20260908-v50
                            Total steps: 91008 
                       Steps per second: 869 
                        Collection time: 1.149s 
                          Learning time: 0.176s 
                        Mean value loss: 4.8116
                    Mean surrogate loss: -0.0173
             Mean online_retention loss: 0.0346
          Mean rehearsal_retention loss: 0.0308
                            Mean reward: -163.32
                    Mean episode length: 905.89
                        Mean action std: 0.04
--------------------------------------------------------------------------------
                         Iteration time: 1.33s
                           Time elapsed: 0:01:46
                                    ETA: 0:15:06

################################################################################
[1m                           Learning iteration 79/750                            [0m 

                               Run name: retention-native-20260908-v50
                            Total steps: 92160 
                       Steps per second: 869 
                        Collection time: 1.149s 
                          Learning time: 0.177s 
                        Mean value loss: 1.5380
                    Mean surrogate loss: -0.0275
             Mean online_retention loss: 0.0217
          Mean rehearsal_retention loss: 0.0233
                            Mean reward: -163.32
                    Mean episode length: 905.89
                        Mean action std: 0.04
--------------------------------------------------------------------------------
                         Iteration time: 1.33s
                           Time elapsed: 0:01:48
                                    ETA: 0:15:05

################################################################################
[1m                           Learning iteration 80/750                            [0m 

                               Run name: retention-native-20260908-v50
                            Total steps: 93312 
                       Steps per second: 883 
                        Collection time: 1.136s 
                          Learning time: 0.168s 
                        Mean value loss: 1.4662
                    Mean surrogate loss: -0.0248
             Mean online_retention loss: 0.0201
          Mean rehearsal_retention loss: 0.0198
                            Mean reward: -163.32
                    Mean episode length: 905.89
                        Mean action std: 0.04
--------------------------------------------------------------------------------
                         Iteration time: 1.30s
                           Time elapsed: 0:01:49
                                    ETA: 0:15:03

################################################################################
[1m                           Learning iteration 81/750                            [0m 

                               Run name: retention-native-20260908-v50
                            Total steps: 94464 
                       Steps per second: 890 
                        Collection time: 1.131s 
                          Learning time: 0.162s 
                        Mean value loss: 1.6718
                    Mean surrogate loss: -0.0316
             Mean online_retention loss: 0.0204
          Mean rehearsal_retention loss: 0.0190
                            Mean reward: -163.32
                    Mean episode length: 905.89
                        Mean action std: 0.04
--------------------------------------------------------------------------------
                         Iteration time: 1.29s
                           Time elapsed: 0:01:50
                                    ETA: 0:15:01

################################################################################
[1m                           Learning iteration 82/750                            [0m 

                               Run name: retention-native-20260908-v50
                            Total steps: 95616 
                       Steps per second: 877 
                        Collection time: 1.130s 
                          Learning time: 0.183s 
                        Mean value loss: 1.3509
                    Mean surrogate loss: -0.0326
             Mean online_retention loss: 0.0209
          Mean rehearsal_retention loss: 0.0193
                            Mean reward: -163.32
                    Mean episode length: 905.89
                        Mean action std: 0.04
--------------------------------------------------------------------------------
                         Iteration time: 1.31s
                           Time elapsed: 0:01:51
                                    ETA: 0:14:59

################################################################################
[1m                           Learning iteration 83/750                            [0m 

                               Run name: retention-native-20260908-v50
                            Total steps: 96768 
                       Steps per second: 873 
                        Collection time: 1.139s 
                          Learning time: 0.180s 
                        Mean value loss: 1.3596
                    Mean surrogate loss: -0.0282
             Mean online_retention loss: 0.0200
          Mean rehearsal_retention loss: 0.0180
                            Mean reward: -163.32
                    Mean episode length: 905.89
                        Mean action std: 0.04
--------------------------------------------------------------------------------
                         Iteration time: 1.32s
                           Time elapsed: 0:01:53
                                    ETA: 0:14:58

################################################################################
[1m                           Learning iteration 84/750                            [0m 

                               Run name: retention-native-20260908-v50
                            Total steps: 97920 
                       Steps per second: 880 
                        Collection time: 1.137s 
                          Learning time: 0.172s 
                        Mean value loss: 1.2669
                    Mean surrogate loss: -0.0271
             Mean online_retention loss: 0.0193
          Mean rehearsal_retention loss: 0.0179
                            Mean reward: -163.32
                    Mean episode length: 905.89
                        Mean action std: 0.04
--------------------------------------------------------------------------------
                         Iteration time: 1.31s
                           Time elapsed: 0:01:54
                                    ETA: 0:14:56

################################################################################
[1m                           Learning iteration 85/750                            [0m 

                               Run name: retention-native-20260908-v50
                            Total steps: 99072 
                       Steps per second: 884 
                        Collection time: 1.138s 
                          Learning time: 0.165s 
                        Mean value loss: 4.7498
                    Mean surrogate loss: -0.0666
             Mean online_retention loss: 0.0175
          Mean rehearsal_retention loss: 0.0168
                            Mean reward: -163.32
                    Mean episode length: 905.89
                        Mean action std: 0.04
--------------------------------------------------------------------------------
                         Iteration time: 1.30s
                           Time elapsed: 0:01:55
                                    ETA: 0:14:54

################################################################################
[1m                           Learning iteration 86/750                            [0m 

                               Run name: retention-native-20260908-v50
                            Total steps: 100224 
                       Steps per second: 886 
                        Collection time: 1.135s 
                          Learning time: 0.164s 
                        Mean value loss: 82.5391
                    Mean surrogate loss: -0.1385
             Mean online_retention loss: 0.0111
          Mean rehearsal_retention loss: 0.0109
                            Mean reward: -163.54
                    Mean episode length: 884.10
                        Mean action std: 0.04
--------------------------------------------------------------------------------
                         Iteration time: 1.30s
                           Time elapsed: 0:01:57
                                    ETA: 0:14:53

################################################################################
[1m                           Learning iteration 87/750                            [0m 

                               Run name: retention-native-20260908-v50
                            Total steps: 101376 
                       Steps per second: 872 
                        Collection time: 1.154s 
                          Learning time: 0.166s 
                        Mean value loss: 71.6953
                    Mean surrogate loss: -0.1322
             Mean online_retention loss: 0.0070
          Mean rehearsal_retention loss: 0.0070
                            Mean reward: -162.77
                    Mean episode length: 867.45
                        Mean action std: 0.04
--------------------------------------------------------------------------------
                         Iteration time: 1.32s
                           Time elapsed: 0:01:58
                                    ETA: 0:14:51

################################################################################
[1m                           Learning iteration 88/750                            [0m 

                               Run name: retention-native-20260908-v50
                            Total steps: 102528 
                       Steps per second: 872 
                        Collection time: 1.145s 
                          Learning time: 0.175s 
                        Mean value loss: 1.9256
                    Mean surrogate loss: 0.0108
             Mean online_retention loss: 0.0105
          Mean rehearsal_retention loss: 0.0104
                            Mean reward: -162.77
                    Mean episode length: 867.45
                        Mean action std: 0.04
--------------------------------------------------------------------------------
                         Iteration time: 1.32s
                           Time elapsed: 0:01:59
                                    ETA: 0:14:50

################################################################################
[1m                           Learning iteration 89/750                            [0m 

                               Run name: retention-native-20260908-v50
                            Total steps: 103680 
                       Steps per second: 873 
                        Collection time: 1.152s 
                          Learning time: 0.167s 
                        Mean value loss: 1.5922
                    Mean surrogate loss: -0.0193
             Mean online_retention loss: 0.0132
          Mean rehearsal_retention loss: 0.0138
                            Mean reward: -162.77
                    Mean episode length: 867.45
                        Mean action std: 0.04
--------------------------------------------------------------------------------
                         Iteration time: 1.32s
                           Time elapsed: 0:02:01
                                    ETA: 0:14:48

################################################################################
[1m                           Learning iteration 90/750                            [0m 

                               Run name: retention-native-20260908-v50
                            Total steps: 104832 
                       Steps per second: 860 
                        Collection time: 1.172s 
                          Learning time: 0.167s 
                        Mean value loss: 1.7496
                    Mean surrogate loss: -0.0262
             Mean online_retention loss: 0.0151
          Mean rehearsal_retention loss: 0.0149
                            Mean reward: -162.77
                    Mean episode length: 867.45
                        Mean action std: 0.04
--------------------------------------------------------------------------------
                         Iteration time: 1.34s
                           Time elapsed: 0:02:02
                                    ETA: 0:14:47

################################################################################
[1m                           Learning iteration 91/750                            [0m 

                               Run name: retention-native-20260908-v50
                            Total steps: 105984 
                       Steps per second: 865 
                        Collection time: 1.156s 
                          Learning time: 0.176s 
                        Mean value loss: 1.4536
                    Mean surrogate loss: -0.0271
             Mean online_retention loss: 0.0156
          Mean rehearsal_retention loss: 0.0158
                            Mean reward: -162.77
                    Mean episode length: 867.45
                        Mean action std: 0.04
--------------------------------------------------------------------------------
                         Iteration time: 1.33s
                           Time elapsed: 0:02:03
                                    ETA: 0:14:45

################################################################################
[1m                           Learning iteration 92/750                            [0m 

                               Run name: retention-native-20260908-v50
                            Total steps: 107136 
                       Steps per second: 865 
                        Collection time: 1.154s 
                          Learning time: 0.178s 
                        Mean value loss: 1.4289
                    Mean surrogate loss: -0.0198
             Mean online_retention loss: 0.0189
          Mean rehearsal_retention loss: 0.0184
                            Mean reward: -162.77
                    Mean episode length: 867.45
                        Mean action std: 0.04
--------------------------------------------------------------------------------
                         Iteration time: 1.33s
                           Time elapsed: 0:02:05
                                    ETA: 0:14:44

################################################################################
[1m                           Learning iteration 93/750                            [0m 

                               Run name: retention-native-20260908-v50
                            Total steps: 108288 
                       Steps per second: 886 
                        Collection time: 1.134s 
                          Learning time: 0.165s 
                        Mean value loss: 1.5603
                    Mean surrogate loss: -0.0393
             Mean online_retention loss: 0.0175
          Mean rehearsal_retention loss: 0.0167
                            Mean reward: -162.77
                    Mean episode length: 867.45
                        Mean action std: 0.04
--------------------------------------------------------------------------------
                         Iteration time: 1.30s
                           Time elapsed: 0:02:06
                                    ETA: 0:14:42

################################################################################
[1m                           Learning iteration 94/750                            [0m 

                               Run name: retention-native-20260908-v50
                            Total steps: 109440 
                       Steps per second: 890 
                        Collection time: 1.132s 
                          Learning time: 0.161s 
                        Mean value loss: 6.0021
                    Mean surrogate loss: -0.1117
             Mean online_retention loss: 0.0156
          Mean rehearsal_retention loss: 0.0142
                            Mean reward: -162.77
                    Mean episode length: 867.45
                        Mean action std: 0.04
--------------------------------------------------------------------------------
                         Iteration time: 1.29s
                           Time elapsed: 0:02:07
                                    ETA: 0:14:40

################################################################################
[1m                           Learning iteration 95/750                            [0m 

                               Run name: retention-native-20260908-v50
                            Total steps: 110592 
                       Steps per second: 878 
                        Collection time: 1.140s 
                          Learning time: 0.172s 
                        Mean value loss: 39.1685
                    Mean surrogate loss: -0.1074
             Mean online_retention loss: 0.0104
          Mean rehearsal_retention loss: 0.0097
                            Mean reward: -163.99
                    Mean episode length: 928.33
                        Mean action std: 0.04
--------------------------------------------------------------------------------
                         Iteration time: 1.31s
                           Time elapsed: 0:02:09
                                    ETA: 0:14:39

################################################################################
[1m                           Learning iteration 96/750                            [0m 

                               Run name: retention-native-20260908-v50
                            Total steps: 111744 
                       Steps per second: 868 
                        Collection time: 1.147s 
                          Learning time: 0.179s 
                        Mean value loss: 29.3511
                    Mean surrogate loss: -0.1188
             Mean online_retention loss: 0.0079
          Mean rehearsal_retention loss: 0.0070
                            Mean reward: -163.99
                    Mean episode length: 928.33
                        Mean action std: 0.04
--------------------------------------------------------------------------------
                         Iteration time: 1.33s
                           Time elapsed: 0:02:10
                                    ETA: 0:14:37

################################################################################
[1m                           Learning iteration 97/750                            [0m 

                               Run name: retention-native-20260908-v50
                            Total steps: 112896 
                       Steps per second: 882 
                        Collection time: 1.152s 
                          Learning time: 0.154s 
                        Mean value loss: 4.5480
                    Mean surrogate loss: -0.0398
             Mean online_retention loss: 0.0096
          Mean rehearsal_retention loss: 0.0089
                            Mean reward: -163.72
                    Mean episode length: 911.54
                        Mean action std: 0.04
--------------------------------------------------------------------------------
                         Iteration time: 1.31s
                           Time elapsed: 0:02:11
                                    ETA: 0:14:36

################################################################################
[1m                           Learning iteration 98/750                            [0m 

                               Run name: retention-native-20260908-v50
                            Total steps: 114048 
                       Steps per second: 895 
                        Collection time: 1.125s 
                          Learning time: 0.161s 
                        Mean value loss: 1.4036
                    Mean surrogate loss: 0.0188
             Mean online_retention loss: 0.0139
          Mean rehearsal_retention loss: 0.0140
                            Mean reward: -163.72
                    Mean episode length: 911.54
                        Mean action std: 0.04
--------------------------------------------------------------------------------
                         Iteration time: 1.29s
                           Time elapsed: 0:02:12
                                    ETA: 0:14:34

################################################################################
[1m                           Learning iteration 99/750                            [0m 

                               Run name: retention-native-20260908-v50
                            Total steps: 115200 
                       Steps per second: 861 
                        Collection time: 1.160s 
                          Learning time: 0.177s 
                        Mean value loss: 1.7575
                    Mean surrogate loss: -0.0323
             Mean online_retention loss: 0.0143
          Mean rehearsal_retention loss: 0.0145
                            Mean reward: -163.72
                    Mean episode length: 911.54
                        Mean action std: 0.04
--------------------------------------------------------------------------------
                         Iteration time: 1.34s
                           Time elapsed: 0:02:14
                                    ETA: 0:14:33

################################################################################
[1m                           Learning iteration 100/750                           [0m 

                               Run name: retention-native-20260908-v50
                            Total steps: 116352 
                       Steps per second: 873 
                        Collection time: 1.135s 
                          Learning time: 0.184s 
                        Mean value loss: 1.2379
                    Mean surrogate loss: 0.0025
             Mean online_retention loss: 0.0178
          Mean rehearsal_retention loss: 0.0172
                            Mean reward: -163.72
                    Mean episode length: 911.54
                        Mean action std: 0.04
--------------------------------------------------------------------------------
                         Iteration time: 1.32s
                           Time elapsed: 0:02:15
                                    ETA: 0:14:31

################################################################################
[1m                           Learning iteration 101/750                           [0m 

                               Run name: retention-native-20260908-v50
                            Total steps: 117504 
                       Steps per second: 864 
                        Collection time: 1.148s 
                          Learning time: 0.184s 
                        Mean value loss: 1.4265
                    Mean surrogate loss: 0.0091
             Mean online_retention loss: 0.0158
          Mean rehearsal_retention loss: 0.0157
                            Mean reward: -163.72
                    Mean episode length: 911.54
                        Mean action std: 0.04
--------------------------------------------------------------------------------
                         Iteration time: 1.33s
                           Time elapsed: 0:02:16
                                    ETA: 0:14:30

################################################################################
[1m                           Learning iteration 102/750                           [0m 

                               Run name: retention-native-20260908-v50
                            Total steps: 118656 
                       Steps per second: 877 
                        Collection time: 1.138s 
                          Learning time: 0.174s 
                        Mean value loss: 27.6400
                    Mean surrogate loss: 0.2120
             Mean online_retention loss: 0.0188
          Mean rehearsal_retention loss: 0.0187
                            Mean reward: -163.72
                    Mean episode length: 911.54
                        Mean action std: 0.02
--------------------------------------------------------------------------------
                         Iteration time: 1.31s
                           Time elapsed: 0:02:18
                                    ETA: 0:14:28

################################################################################
[1m                           Learning iteration 103/750                           [0m 

                               Run name: retention-native-20260908-v50
                            Total steps: 119808 
                       Steps per second: 830 
                        Collection time: 1.206s 
                          Learning time: 0.181s 
                        Mean value loss: 55.8316
                    Mean surrogate loss: 0.1381
             Mean online_retention loss: 0.0000
          Mean rehearsal_retention loss: 0.0207
                            Mean reward: -163.72
                    Mean episode length: 911.54
                        Mean action std: 0.00
--------------------------------------------------------------------------------
                         Iteration time: 1.39s
                           Time elapsed: 0:02:19
                                    ETA: 0:14:27

################################################################################
[1m                           Learning iteration 104/750                           [0m 

                               Run name: retention-native-20260908-v50
                            Total steps: 120960 
                       Steps per second: 857 
                        Collection time: 1.177s 
                          Learning time: 0.167s 
                        Mean value loss: 1.6301
                    Mean surrogate loss: 1.0655
             Mean online_retention loss: 0.0000
          Mean rehearsal_retention loss: 0.0588
                            Mean reward: -164.81
                    Mean episode length: 1024.93
                        Mean action std: 0.00
--------------------------------------------------------------------------------
                         Iteration time: 1.34s
                           Time elapsed: 0:02:21
                                    ETA: 0:14:26

################################################################################
[1m                           Learning iteration 105/750                           [0m 

                               Run name: retention-native-20260908-v50
                            Total steps: 122112 
                       Steps per second: 860 
                        Collection time: 1.164s 
                          Learning time: 0.175s 
                        Mean value loss: 0.9337
                    Mean surrogate loss: 1.4197
             Mean online_retention loss: 0.0000
          Mean rehearsal_retention loss: 0.0808
                            Mean reward: -164.81
                    Mean episode length: 1024.93
                        Mean action std: 0.00
--------------------------------------------------------------------------------
                         Iteration time: 1.34s
                           Time elapsed: 0:02:22
                                    ETA: 0:14:24

################################################################################
[1m                           Learning iteration 106/750                           [0m 

                               Run name: retention-native-20260908-v50
                            Total steps: 123264 
                       Steps per second: 865 
                        Collection time: 1.160s 
                          Learning time: 0.171s 
                        Mean value loss: 1.9492
                    Mean surrogate loss: 0.8578
             Mean online_retention loss: 0.0000
          Mean rehearsal_retention loss: 0.0680
                            Mean reward: -164.81
                    Mean episode length: 1024.93
                        Mean action std: 0.00
--------------------------------------------------------------------------------
                         Iteration time: 1.33s
                           Time elapsed: 0:02:23
                                    ETA: 0:14:23

################################################################################
[1m                           Learning iteration 107/750                           [0m 

                               Run name: retention-native-20260908-v50
                            Total steps: 124416 
                       Steps per second: 868 
                        Collection time: 1.162s 
                          Learning time: 0.165s 
                        Mean value loss: 1.3454
                    Mean surrogate loss: 0.7134
             Mean online_retention loss: 0.0000
          Mean rehearsal_retention loss: 0.0593
                            Mean reward: -164.81
                    Mean episode length: 1024.93
                        Mean action std: 0.01
--------------------------------------------------------------------------------
                         Iteration time: 1.33s
                           Time elapsed: 0:02:25
                                    ETA: 0:14:22

################################################################################
[1m                           Learning iteration 108/750                           [0m 

                               Run name: retention-native-20260908-v50
                            Total steps: 125568 
                       Steps per second: 869 
                        Collection time: 1.156s 
                          Learning time: 0.169s 
                        Mean value loss: 0.5132
                    Mean surrogate loss: 0.3302
             Mean online_retention loss: 0.0000
          Mean rehearsal_retention loss: 0.0682
                            Mean reward: -164.81
                    Mean episode length: 1024.93
                        Mean action std: 0.01
--------------------------------------------------------------------------------
                         Iteration time: 1.32s
                           Time elapsed: 0:02:26
                                    ETA: 0:14:20

################################################################################
[1m                           Learning iteration 109/750                           [0m 

                               Run name: retention-native-20260908-v50
                            Total steps: 126720 
                       Steps per second: 858 
                        Collection time: 1.168s 
                          Learning time: 0.173s 
                        Mean value loss: 0.5340
                    Mean surrogate loss: 1.0181
             Mean online_retention loss: 0.0000
          Mean rehearsal_retention loss: 0.0689
                            Mean reward: -164.81
                    Mean episode length: 1024.93
                        Mean action std: 0.01
--------------------------------------------------------------------------------
                         Iteration time: 1.34s
                           Time elapsed: 0:02:27
                                    ETA: 0:14:19

################################################################################
[1m                           Learning iteration 110/750                           [0m 

                               Run name: retention-native-20260908-v50
                            Total steps: 127872 
                       Steps per second: 865 
                        Collection time: 1.155s 
                          Learning time: 0.176s 
                        Mean value loss: 0.5227
                    Mean surrogate loss: 1.1624
             Mean online_retention loss: 0.0000
          Mean rehearsal_retention loss: 0.0906
                            Mean reward: -164.81
                    Mean episode length: 1024.93
                        Mean action std: 0.01
--------------------------------------------------------------------------------
                         Iteration time: 1.33s
                           Time elapsed: 0:02:29
                                    ETA: 0:14:17

################################################################################
[1m                           Learning iteration 111/750                           [0m 

                               Run name: retention-native-20260908-v50
                            Total steps: 129024 
                       Steps per second: 874 
                        Collection time: 1.144s 
                          Learning time: 0.173s 
                        Mean value loss: 0.4941
                    Mean surrogate loss: 0.8657
             Mean online_retention loss: 0.0000
          Mean rehearsal_retention loss: 0.1192
                            Mean reward: -164.81
                    Mean episode length: 1024.93
                        Mean action std: 0.01
--------------------------------------------------------------------------------
                         Iteration time: 1.32s
                           Time elapsed: 0:02:30
                                    ETA: 0:14:16

################################################################################
[1m                           Learning iteration 112/750                           [0m 

                               Run name: retention-native-20260908-v50
                            Total steps: 130176 
                       Steps per second: 864 
                        Collection time: 1.141s 
                          Learning time: 0.192s 
                        Mean value loss: 0.5563
                    Mean surrogate loss: 1.4655
             Mean online_retention loss: 0.0000
          Mean rehearsal_retention loss: 0.1108
                            Mean reward: -164.81
                    Mean episode length: 1024.93
                        Mean action std: 0.01
--------------------------------------------------------------------------------
                         Iteration time: 1.33s
                           Time elapsed: 0:02:31
                                    ETA: 0:14:14

################################################################################
[1m                           Learning iteration 113/750                           [0m 

                               Run name: retention-native-20260908-v50
                            Total steps: 131328 
                       Steps per second: 873 
                        Collection time: 1.143s 
                          Learning time: 0.175s 
                        Mean value loss: 0.7148
                    Mean surrogate loss: 0.1834
             Mean online_retention loss: 0.0000
          Mean rehearsal_retention loss: 0.1306
                            Mean reward: -164.81
                    Mean episode length: 1024.93
                        Mean action std: 0.01
--------------------------------------------------------------------------------
                         Iteration time: 1.32s
                           Time elapsed: 0:02:32
                                    ETA: 0:14:13

################################################################################
[1m                           Learning iteration 114/750                           [0m 

                               Run name: retention-native-20260908-v50
                            Total steps: 132480 
                       Steps per second: 868 
                        Collection time: 1.163s 
                          Learning time: 0.164s 
                        Mean value loss: 24.3508
                    Mean surrogate loss: -0.2971
             Mean online_retention loss: 0.0615
          Mean rehearsal_retention loss: 0.0786
                            Mean reward: -164.81
                    Mean episode length: 1024.93
                        Mean action std: 0.02
--------------------------------------------------------------------------------
                         Iteration time: 1.33s
                           Time elapsed: 0:02:34
                                    ETA: 0:14:12

################################################################################
[1m                           Learning iteration 115/750                           [0m 

                               Run name: retention-native-20260908-v50
                            Total steps: 133632 
                       Steps per second: 881 
                        Collection time: 1.143s 
                          Learning time: 0.163s 
                        Mean value loss: 66.7002
                    Mean surrogate loss: -0.0941
             Mean online_retention loss: 0.0524
          Mean rehearsal_retention loss: 0.0286
                            Mean reward: -164.14
                    Mean episode length: 1002.80
                        Mean action std: 0.04
--------------------------------------------------------------------------------
                         Iteration time: 1.31s
                           Time elapsed: 0:02:35
                                    ETA: 0:14:10

################################################################################
[1m                           Learning iteration 116/750                           [0m 

                               Run name: retention-native-20260908-v50
                            Total steps: 134784 
                       Steps per second: 873 
                        Collection time: 1.148s 
                          Learning time: 0.170s 
                        Mean value loss: 2.7057
                    Mean surrogate loss: 0.0704
             Mean online_retention loss: 0.0223
          Mean rehearsal_retention loss: 0.0161
                            Mean reward: -164.14
                    Mean episode length: 1002.80
                        Mean action std: 0.04
--------------------------------------------------------------------------------
                         Iteration time: 1.32s
                           Time elapsed: 0:02:36
                                    ETA: 0:14:09

################################################################################
[1m                           Learning iteration 117/750                           [0m 

                               Run name: retention-native-20260908-v50
                            Total steps: 135936 
                       Steps per second: 878 
                        Collection time: 1.140s 
                          Learning time: 0.172s 
                        Mean value loss: 2.0116
                    Mean surrogate loss: -0.0484
             Mean online_retention loss: 0.0197
          Mean rehearsal_retention loss: 0.0163
                            Mean reward: -164.14
                    Mean episode length: 1002.80
                        Mean action std: 0.04
--------------------------------------------------------------------------------
                         Iteration time: 1.31s
                           Time elapsed: 0:02:38
                                    ETA: 0:14:07

################################################################################
[1m                           Learning iteration 118/750                           [0m 

                               Run name: retention-native-20260908-v50
                            Total steps: 137088 
                       Steps per second: 884 
                        Collection time: 1.129s 
                          Learning time: 0.173s 
                        Mean value loss: 1.4914
                    Mean surrogate loss: -0.0099
             Mean online_retention loss: 0.0204
          Mean rehearsal_retention loss: 0.0168
                            Mean reward: -164.14
                    Mean episode length: 1002.80
                        Mean action std: 0.04
--------------------------------------------------------------------------------
                         Iteration time: 1.30s
                           Time elapsed: 0:02:39
                                    ETA: 0:14:06

################################################################################
[1m                           Learning iteration 119/750                           [0m 

                               Run name: retention-native-20260908-v50
                            Total steps: 138240 
                       Steps per second: 876 
                        Collection time: 1.149s 
                          Learning time: 0.166s 
                        Mean value loss: 1.4178
                    Mean surrogate loss: -0.0113
             Mean online_retention loss: 0.0195
          Mean rehearsal_retention loss: 0.0160
                            Mean reward: -164.14
                    Mean episode length: 1002.80
                        Mean action std: 0.04
--------------------------------------------------------------------------------
                         Iteration time: 1.31s
                           Time elapsed: 0:02:40
                                    ETA: 0:14:04

################################################################################
[1m                           Learning iteration 120/750                           [0m 

                               Run name: retention-native-20260908-v50
                            Total steps: 139392 
                       Steps per second: 887 
                        Collection time: 1.131s 
                          Learning time: 0.168s 
                        Mean value loss: 1.1162
                    Mean surrogate loss: -0.0147
             Mean online_retention loss: 0.0197
          Mean rehearsal_retention loss: 0.0163
                            Mean reward: -164.14
                    Mean episode length: 1002.80
                        Mean action std: 0.04
--------------------------------------------------------------------------------
                         Iteration time: 1.30s
                           Time elapsed: 0:02:42
                                    ETA: 0:14:02

################################################################################
[1m                           Learning iteration 121/750                           [0m 

                               Run name: retention-native-20260908-v50
                            Total steps: 140544 
                       Steps per second: 860 
                        Collection time: 1.161s 
                          Learning time: 0.179s 
                        Mean value loss: 1.1266
                    Mean surrogate loss: -0.0029
             Mean online_retention loss: 0.0192
          Mean rehearsal_retention loss: 0.0163
                            Mean reward: -164.14
                    Mean episode length: 1002.80
                        Mean action std: 0.04
--------------------------------------------------------------------------------
                         Iteration time: 1.34s
                           Time elapsed: 0:02:43
                                    ETA: 0:14:01

################################################################################
[1m                           Learning iteration 122/750                           [0m 

                               Run name: retention-native-20260908-v50
                            Total steps: 141696 
                       Steps per second: 864 
                        Collection time: 1.156s 
                          Learning time: 0.176s 
                        Mean value loss: 1.5059
                    Mean surrogate loss: -0.0222
             Mean online_retention loss: 0.0200
          Mean rehearsal_retention loss: 0.0160
                            Mean reward: -164.14
                    Mean episode length: 1002.80
                        Mean action std: 0.04
--------------------------------------------------------------------------------
                         Iteration time: 1.33s
                           Time elapsed: 0:02:44
                                    ETA: 0:14:00

################################################################################
[1m                           Learning iteration 123/750                           [0m 

                               Run name: retention-native-20260908-v50
                            Total steps: 142848 
                       Steps per second: 868 
                        Collection time: 1.156s 
                          Learning time: 0.171s 
                        Mean value loss: 10.3363
                    Mean surrogate loss: -0.1329
             Mean online_retention loss: 0.0148
          Mean rehearsal_retention loss: 0.0125
                            Mean reward: -164.14
                    Mean episode length: 1002.80
                        Mean action std: 0.04
--------------------------------------------------------------------------------
                         Iteration time: 1.33s
                           Time elapsed: 0:02:46
                                    ETA: 0:13:58

################################################################################
[1m                           Learning iteration 124/750                           [0m 

                               Run name: retention-native-20260908-v50
                            Total steps: 144000 
                       Steps per second: 865 
                        Collection time: 1.143s 
                          Learning time: 0.188s 
                        Mean value loss: 16.8411
                    Mean surrogate loss: -0.0681
             Mean online_retention loss: 0.0115
          Mean rehearsal_retention loss: 0.0096
                            Mean reward: -163.15
                    Mean episode length: 983.44
                        Mean action std: 0.04
--------------------------------------------------------------------------------
                         Iteration time: 1.33s
                           Time elapsed: 0:02:47
                                    ETA: 0:13:57

################################################################################
[1m                           Learning iteration 125/750                           [0m 

                               Run name: retention-native-20260908-v50
                            Total steps: 145152 
                       Steps per second: 869 
                        Collection time: 1.148s 
                          Learning time: 0.177s 
                        Mean value loss: 1.4091
                    Mean surrogate loss: 0.0276
             Mean online_retention loss: 0.0139
          Mean rehearsal_retention loss: 0.0118
                            Mean reward: -163.15
                    Mean episode length: 983.44
                        Mean action std: 0.04
--------------------------------------------------------------------------------
                         Iteration time: 1.32s
                           Time elapsed: 0:02:48
                                    ETA: 0:13:56

################################################################################
[1m                           Learning iteration 126/750                           [0m 

                               Run name: retention-native-20260908-v50
                            Total steps: 146304 
                       Steps per second: 864 
                        Collection time: 1.145s 
                          Learning time: 0.187s 
                        Mean value loss: 2.6770
                    Mean surrogate loss: -0.0281
             Mean online_retention loss: 0.0142
          Mean rehearsal_retention loss: 0.0134
                            Mean reward: -163.15
                    Mean episode length: 983.44
                        Mean action std: 0.04
--------------------------------------------------------------------------------
                         Iteration time: 1.33s
                           Time elapsed: 0:02:50
                                    ETA: 0:13:54

################################################################################
[1m                           Learning iteration 127/750                           [0m 

                               Run name: retention-native-20260908-v50
                            Total steps: 147456 
                       Steps per second: 877 
                        Collection time: 1.142s 
                          Learning time: 0.171s 
                        Mean value loss: 2.1099
                    Mean surrogate loss: -0.0718
             Mean online_retention loss: 0.0173
          Mean rehearsal_retention loss: 0.0158
                            Mean reward: -163.15
                    Mean episode length: 983.44
                        Mean action std: 0.04
--------------------------------------------------------------------------------
                         Iteration time: 1.31s
                           Time elapsed: 0:02:51
                                    ETA: 0:13:53

################################################################################
[1m                           Learning iteration 128/750                           [0m 

                               Run name: retention-native-20260908-v50
                            Total steps: 148608 
                       Steps per second: 847 
                        Collection time: 1.178s 
                          Learning time: 0.181s 
                        Mean value loss: 1.6443
                    Mean surrogate loss: -0.0145
             Mean online_retention loss: 0.0191
          Mean rehearsal_retention loss: 0.0173
                            Mean reward: -163.15
                    Mean episode length: 983.44
                        Mean action std: 0.04
--------------------------------------------------------------------------------
                         Iteration time: 1.36s
                           Time elapsed: 0:02:52
                                    ETA: 0:13:51

################################################################################
[1m                           Learning iteration 129/750                           [0m 

                               Run name: retention-native-20260908-v50
                            Total steps: 149760 
                       Steps per second: 868 
                        Collection time: 1.148s 
                          Learning time: 0.178s 
                        Mean value loss: 1.2981
                    Mean surrogate loss: -0.0110
             Mean online_retention loss: 0.0191
          Mean rehearsal_retention loss: 0.0162
                            Mean reward: -163.15
                    Mean episode length: 983.44
                        Mean action std: 0.04
--------------------------------------------------------------------------------
                         Iteration time: 1.33s
                           Time elapsed: 0:02:54
                                    ETA: 0:13:50

################################################################################
[1m                           Learning iteration 130/750                           [0m 

                               Run name: retention-native-20260908-v50
                            Total steps: 150912 
                       Steps per second: 878 
                        Collection time: 1.144s 
                          Learning time: 0.167s 
                        Mean value loss: 1.1587
                    Mean surrogate loss: -0.0120
             Mean online_retention loss: 0.0182
          Mean rehearsal_retention loss: 0.0158
                            Mean reward: -163.15
                    Mean episode length: 983.44
                        Mean action std: 0.04
--------------------------------------------------------------------------------
                         Iteration time: 1.31s
                           Time elapsed: 0:02:55
                                    ETA: 0:13:49

################################################################################
[1m                           Learning iteration 131/750                           [0m 

                               Run name: retention-native-20260908-v50
                            Total steps: 152064 
                       Steps per second: 878 
                        Collection time: 1.134s 
                          Learning time: 0.177s 
                        Mean value loss: 4.2209
                    Mean surrogate loss: -0.1170
             Mean online_retention loss: 0.0160
          Mean rehearsal_retention loss: 0.0142
                            Mean reward: -163.15
                    Mean episode length: 983.44
                        Mean action std: 0.04
--------------------------------------------------------------------------------
                         Iteration time: 1.31s
                           Time elapsed: 0:02:56
                                    ETA: 0:13:47

################################################################################
[1m                           Learning iteration 132/750                           [0m 

                               Run name: retention-native-20260908-v50
                            Total steps: 153216 
                       Steps per second: 875 
                        Collection time: 1.139s 
                          Learning time: 0.176s 
                        Mean value loss: 59.3536
                    Mean surrogate loss: -0.0997
             Mean online_retention loss: 0.0100
          Mean rehearsal_retention loss: 0.0088
                            Mean reward: -169.86
                    Mean episode length: 1072.29
                        Mean action std: 0.04
--------------------------------------------------------------------------------
                         Iteration time: 1.32s
                           Time elapsed: 0:02:58
                                    ETA: 0:13:46

################################################################################
[1m                           Learning iteration 133/750                           [0m 

                               Run name: retention-native-20260908-v50
                            Total steps: 154368 
                       Steps per second: 873 
                        Collection time: 1.137s 
                          Learning time: 0.181s 
                        Mean value loss: 2.7157
                    Mean surrogate loss: -0.0609
             Mean online_retention loss: 0.0112
          Mean rehearsal_retention loss: 0.0091
                            Mean reward: -169.86
                    Mean episode length: 1072.29
                        Mean action std: 0.04
--------------------------------------------------------------------------------
                         Iteration time: 1.32s
                           Time elapsed: 0:02:59
                                    ETA: 0:13:44

################################################################################
[1m                           Learning iteration 134/750                           [0m 

                               Run name: retention-native-20260908-v50
                            Total steps: 155520 
                       Steps per second: 881 
                        Collection time: 1.146s 
                          Learning time: 0.160s 
                        Mean value loss: 33.4664
                    Mean surrogate loss: -0.0813
             Mean online_retention loss: 0.0093
          Mean rehearsal_retention loss: 0.0078
                            Mean reward: -169.29
                    Mean episode length: 1101.67
                        Mean action std: 0.04
--------------------------------------------------------------------------------
                         Iteration time: 1.31s
                           Time elapsed: 0:03:00
                                    ETA: 0:13:43

################################################################################
[1m                           Learning iteration 135/750                           [0m 

                               Run name: retention-native-20260908-v50
                            Total steps: 156672 
                       Steps per second: 886 
                        Collection time: 1.132s 
                          Learning time: 0.167s 
                        Mean value loss: 1.3615
                    Mean surrogate loss: 0.0380
             Mean online_retention loss: 0.0124
          Mean rehearsal_retention loss: 0.0103
                            Mean reward: -169.29
                    Mean episode length: 1101.67
                        Mean action std: 0.04
--------------------------------------------------------------------------------
                         Iteration time: 1.30s
                           Time elapsed: 0:03:02
                                    ETA: 0:13:41

################################################################################
[1m                           Learning iteration 136/750                           [0m 

                               Run name: retention-native-20260908-v50
                            Total steps: 157824 
                       Steps per second: 869 
                        Collection time: 1.143s 
                          Learning time: 0.182s 
                        Mean value loss: 1.4638
                    Mean surrogate loss: -0.0487
             Mean online_retention loss: 0.0143
          Mean rehearsal_retention loss: 0.0134
                            Mean reward: -169.29
                    Mean episode length: 1101.67
                        Mean action std: 0.04
--------------------------------------------------------------------------------
                         Iteration time: 1.33s
                           Time elapsed: 0:03:03
                                    ETA: 0:13:40

################################################################################
[1m                           Learning iteration 137/750                           [0m 

                               Run name: retention-native-20260908-v50
                            Total steps: 158976 
                       Steps per second: 881 
                        Collection time: 1.137s 
                          Learning time: 0.170s 
                        Mean value loss: 1.6503
                    Mean surrogate loss: -0.0148
             Mean online_retention loss: 0.0173
          Mean rehearsal_retention loss: 0.0142
                            Mean reward: -169.29
                    Mean episode length: 1101.67
                        Mean action std: 0.04
--------------------------------------------------------------------------------
                         Iteration time: 1.31s
                           Time elapsed: 0:03:04
                                    ETA: 0:13:38

################################################################################
[1m                           Learning iteration 138/750                           [0m 

                               Run name: retention-native-20260908-v50
                            Total steps: 160128 
                       Steps per second: 879 
                        Collection time: 1.139s 
                          Learning time: 0.171s 
                        Mean value loss: 1.4249
                    Mean surrogate loss: -0.0108
             Mean online_retention loss: 0.0163
          Mean rehearsal_retention loss: 0.0141
                            Mean reward: -169.29
                    Mean episode length: 1101.67
                        Mean action std: 0.04
--------------------------------------------------------------------------------
                         Iteration time: 1.31s
                           Time elapsed: 0:03:05
                                    ETA: 0:13:37

################################################################################
[1m                           Learning iteration 139/750                           [0m 

                               Run name: retention-native-20260908-v50
                            Total steps: 161280 
                       Steps per second: 877 
                        Collection time: 1.150s 
                          Learning time: 0.163s 
                        Mean value loss: 6.3746
                    Mean surrogate loss: -0.0679
             Mean online_retention loss: 0.0209
          Mean rehearsal_retention loss: 0.0162
                            Mean reward: -169.29
                    Mean episode length: 1101.67
                        Mean action std: 0.04
--------------------------------------------------------------------------------
                         Iteration time: 1.31s
                           Time elapsed: 0:03:07
                                    ETA: 0:13:35

################################################################################
[1m                           Learning iteration 140/750                           [0m 

                               Run name: retention-native-20260908-v50
                            Total steps: 162432 
                       Steps per second: 855 
                        Collection time: 1.167s 
                          Learning time: 0.179s 
                        Mean value loss: 104.3269
                    Mean surrogate loss: 0.1048
             Mean online_retention loss: 0.0187
          Mean rehearsal_retention loss: 0.0178
                            Mean reward: -169.29
                    Mean episode length: 1101.67
                        Mean action std: 0.01
--------------------------------------------------------------------------------
                         Iteration time: 1.35s
                           Time elapsed: 0:03:08
                                    ETA: 0:13:34

################################################################################
[1m                           Learning iteration 141/750                           [0m 

                               Run name: retention-native-20260908-v50
                            Total steps: 163584 
                       Steps per second: 852 
                        Collection time: 1.176s 
                          Learning time: 0.176s 
                        Mean value loss: 16.5035
                    Mean surrogate loss: 0.2355
             Mean online_retention loss: 0.0000
          Mean rehearsal_retention loss: 0.0228
                            Mean reward: -186.71
                    Mean episode length: 1330.40
                        Mean action std: 0.01
--------------------------------------------------------------------------------
                         Iteration time: 1.35s
                           Time elapsed: 0:03:09
                                    ETA: 0:13:33

################################################################################
[1m                           Learning iteration 142/750                           [0m 

                               Run name: retention-native-20260908-v50
                            Total steps: 164736 
                       Steps per second: 864 
                        Collection time: 1.168s 
                          Learning time: 0.164s 
                        Mean value loss: 0.6677
                    Mean surrogate loss: 1.5660
             Mean online_retention loss: 0.0000
          Mean rehearsal_retention loss: 0.0585
                            Mean reward: -186.71
                    Mean episode length: 1330.40
                        Mean action std: 0.01
--------------------------------------------------------------------------------
                         Iteration time: 1.33s
                           Time elapsed: 0:03:11
                                    ETA: 0:13:31

################################################################################
[1m                           Learning iteration 143/750                           [0m 

                               Run name: retention-native-20260908-v50
                            Total steps: 165888 
                       Steps per second: 856 
                        Collection time: 1.168s 
                          Learning time: 0.177s 
                        Mean value loss: 3.3268
                    Mean surrogate loss: 0.4716
             Mean online_retention loss: 0.0000
          Mean rehearsal_retention loss: 0.0676
                            Mean reward: -186.71
                    Mean episode length: 1330.40
                        Mean action std: 0.01
--------------------------------------------------------------------------------
                         Iteration time: 1.35s
                           Time elapsed: 0:03:12
                                    ETA: 0:13:30

################################################################################
[1m                           Learning iteration 144/750                           [0m 

                               Run name: retention-native-20260908-v50
                            Total steps: 167040 
                       Steps per second: 864 
                        Collection time: 1.157s 
                          Learning time: 0.175s 
                        Mean value loss: 2.1530
                    Mean surrogate loss: 0.7307
             Mean online_retention loss: 0.0000
          Mean rehearsal_retention loss: 0.0533
                            Mean reward: -186.71
                    Mean episode length: 1330.40
                        Mean action std: 0.01
--------------------------------------------------------------------------------
                         Iteration time: 1.33s
                           Time elapsed: 0:03:13
                                    ETA: 0:13:29

################################################################################
[1m                           Learning iteration 145/750                           [0m 

                               Run name: retention-native-20260908-v50
                            Total steps: 168192 
                       Steps per second: 873 
                        Collection time: 1.155s 
                          Learning time: 0.164s 
                        Mean value loss: 0.6815
                    Mean surrogate loss: 1.1701
             Mean online_retention loss: 0.0000
          Mean rehearsal_retention loss: 0.0884
                            Mean reward: -186.71
                    Mean episode length: 1330.40
                        Mean action std: 0.01
--------------------------------------------------------------------------------
                         Iteration time: 1.32s
                           Time elapsed: 0:03:15
                                    ETA: 0:13:27

################################################################################
[1m                           Learning iteration 146/750                           [0m 

                               Run name: retention-native-20260908-v50
                            Total steps: 169344 
                       Steps per second: 865 
                        Collection time: 1.157s 
                          Learning time: 0.175s 
                        Mean value loss: 0.7244
                    Mean surrogate loss: 0.4529
             Mean online_retention loss: 0.0000
          Mean rehearsal_retention loss: 0.0863
                            Mean reward: -186.71
                    Mean episode length: 1330.40
                        Mean action std: 0.01
--------------------------------------------------------------------------------
                         Iteration time: 1.33s
                           Time elapsed: 0:03:16
                                    ETA: 0:13:26

################################################################################
[1m                           Learning iteration 147/750                           [0m 

                               Run name: retention-native-20260908-v50
                            Total steps: 170496 
                       Steps per second: 864 
                        Collection time: 1.149s 
                          Learning time: 0.184s 
                        Mean value loss: 0.7108
                    Mean surrogate loss: 1.2908
             Mean online_retention loss: 0.0000
          Mean rehearsal_retention loss: 0.0896
                            Mean reward: -186.71
                    Mean episode length: 1330.40
                        Mean action std: 0.01
--------------------------------------------------------------------------------
                         Iteration time: 1.33s
                           Time elapsed: 0:03:17
                                    ETA: 0:13:25

################################################################################
[1m                           Learning iteration 148/750                           [0m 

                               Run name: retention-native-20260908-v50
                            Total steps: 171648 
                       Steps per second: 864 
                        Collection time: 1.167s 
                          Learning time: 0.166s 
                        Mean value loss: 0.5075
                    Mean surrogate loss: 0.6337
             Mean online_retention loss: 0.0000
          Mean rehearsal_retention loss: 0.0898
                            Mean reward: -186.71
                    Mean episode length: 1330.40
                        Mean action std: 0.01
--------------------------------------------------------------------------------
                         Iteration time: 1.33s
                           Time elapsed: 0:03:19
                                    ETA: 0:13:23

################################################################################
[1m                           Learning iteration 149/750                           [0m 

                               Run name: retention-native-20260908-v50
                            Total steps: 172800 
                       Steps per second: 865 
                        Collection time: 1.156s 
                          Learning time: 0.176s 
                        Mean value loss: 0.5994
                    Mean surrogate loss: 0.8394
             Mean online_retention loss: 0.0000
          Mean rehearsal_retention loss: 0.0818
                            Mean reward: -186.71
                    Mean episode length: 1330.40
                        Mean action std: 0.01
--------------------------------------------------------------------------------
                         Iteration time: 1.33s
                           Time elapsed: 0:03:20
                                    ETA: 0:13:22

################################################################################
[1m                           Learning iteration 150/750                           [0m 

                               Run name: retention-native-20260908-v50
                            Total steps: 173952 
                       Steps per second: 877 
                        Collection time: 1.136s 
                          Learning time: 0.176s 
                        Mean value loss: 0.4934
                    Mean surrogate loss: 0.9846
             Mean online_retention loss: 0.0000
          Mean rehearsal_retention loss: 0.0835
                            Mean reward: -186.71
                    Mean episode length: 1330.40
                        Mean action std: 0.01
--------------------------------------------------------------------------------
                         Iteration time: 1.31s
                           Time elapsed: 0:03:21
                                    ETA: 0:13:21

################################################################################
[1m                           Learning iteration 151/750                           [0m 

                               Run name: retention-native-20260908-v50
                            Total steps: 175104 
                       Steps per second: 873 
                        Collection time: 1.135s 
                          Learning time: 0.183s 
                        Mean value loss: 2.0018
                    Mean surrogate loss: 0.6938
             Mean online_retention loss: 0.0000
          Mean rehearsal_retention loss: 0.0753
                            Mean reward: -186.71
                    Mean episode length: 1330.40
                        Mean action std: 0.01
--------------------------------------------------------------------------------
                         Iteration time: 1.32s
                           Time elapsed: 0:03:23
                                    ETA: 0:13:19

################################################################################
[1m                           Learning iteration 152/750                           [0m 

                               Run name: retention-native-20260908-v50
                            Total steps: 176256 
                       Steps per second: 843 
                        Collection time: 1.182s 
                          Learning time: 0.184s 
                        Mean value loss: 18.6479
                    Mean surrogate loss: -0.1053
             Mean online_retention loss: 0.0564
          Mean rehearsal_retention loss: 0.0450
                            Mean reward: -186.71
                    Mean episode length: 1330.40
                        Mean action std: 0.04
--------------------------------------------------------------------------------
                         Iteration time: 1.37s
                           Time elapsed: 0:03:24
                                    ETA: 0:13:18

################################################################################
[1m                           Learning iteration 153/750                           [0m 

                               Run name: retention-native-20260908-v50
                            Total steps: 177408 
                       Steps per second: 882 
                        Collection time: 1.143s 
                          Learning time: 0.163s 
                        Mean value loss: 41.6181
                    Mean surrogate loss: -0.1154
             Mean online_retention loss: 0.0153
          Mean rehearsal_retention loss: 0.0182
                            Mean reward: -184.63
                    Mean episode length: 1300.57
                        Mean action std: 0.04
--------------------------------------------------------------------------------
                         Iteration time: 1.31s
                           Time elapsed: 0:03:25
                                    ETA: 0:13:16

################################################################################
[1m                           Learning iteration 154/750                           [0m 

                               Run name: retention-native-20260908-v50
                            Total steps: 178560 
                       Steps per second: 878 
                        Collection time: 1.138s 
                          Learning time: 0.173s 
                        Mean value loss: 3.0230
                    Mean surrogate loss: 0.0722
             Mean online_retention loss: 0.0136
          Mean rehearsal_retention loss: 0.0167
                            Mean reward: -184.63
                    Mean episode length: 1300.57
                        Mean action std: 0.04
--------------------------------------------------------------------------------
                         Iteration time: 1.31s
                           Time elapsed: 0:03:27
                                    ETA: 0:13:15

################################################################################
[1m                           Learning iteration 155/750                           [0m 

                               Run name: retention-native-20260908-v50
                            Total steps: 179712 
                       Steps per second: 864 
                        Collection time: 1.160s 
                          Learning time: 0.173s 
                        Mean value loss: 2.8766
                    Mean surrogate loss: -0.0789
             Mean online_retention loss: 0.0128
          Mean rehearsal_retention loss: 0.0167
                            Mean reward: -184.63
                    Mean episode length: 1300.57
                        Mean action std: 0.04
--------------------------------------------------------------------------------
                         Iteration time: 1.33s
                           Time elapsed: 0:03:28
                                    ETA: 0:13:14

################################################################################
[1m                           Learning iteration 156/750                           [0m 

                               Run name: retention-native-20260908-v50
                            Total steps: 180864 
                       Steps per second: 891 
                        Collection time: 1.125s 
                          Learning time: 0.167s 
                        Mean value loss: 1.8794
                    Mean surrogate loss: -0.0292
             Mean online_retention loss: 0.0135
          Mean rehearsal_retention loss: 0.0180
                            Mean reward: -184.63
                    Mean episode length: 1300.57
                        Mean action std: 0.04
--------------------------------------------------------------------------------
                         Iteration time: 1.29s
                           Time elapsed: 0:03:29
                                    ETA: 0:13:12

################################################################################
[1m                           Learning iteration 157/750                           [0m 

                               Run name: retention-native-20260908-v50
                            Total steps: 182016 
                       Steps per second: 887 
                        Collection time: 1.134s 
                          Learning time: 0.164s 
                        Mean value loss: 1.3387
                    Mean surrogate loss: -0.0195
             Mean online_retention loss: 0.0146
          Mean rehearsal_retention loss: 0.0185
                            Mean reward: -184.63
                    Mean episode length: 1300.57
                        Mean action std: 0.04
--------------------------------------------------------------------------------
                         Iteration time: 1.30s
                           Time elapsed: 0:03:31
                                    ETA: 0:13:11

################################################################################
[1m                           Learning iteration 158/750                           [0m 

                               Run name: retention-native-20260908-v50
                            Total steps: 183168 
                       Steps per second: 890 
                        Collection time: 1.132s 
                          Learning time: 0.161s 
                        Mean value loss: 1.2191
                    Mean surrogate loss: -0.0179
             Mean online_retention loss: 0.0149
          Mean rehearsal_retention loss: 0.0188
                            Mean reward: -184.63
                    Mean episode length: 1300.57
                        Mean action std: 0.04
--------------------------------------------------------------------------------
                         Iteration time: 1.29s
                           Time elapsed: 0:03:32
                                    ETA: 0:13:09

################################################################################
[1m                           Learning iteration 159/750                           [0m 

                               Run name: retention-native-20260908-v50
                            Total steps: 184320 
                       Steps per second: 869 
                        Collection time: 1.147s 
                          Learning time: 0.177s 
                        Mean value loss: 1.2955
                    Mean surrogate loss: -0.0239
             Mean online_retention loss: 0.0166
          Mean rehearsal_retention loss: 0.0214
                            Mean reward: -184.63
                    Mean episode length: 1300.57
                        Mean action std: 0.04
--------------------------------------------------------------------------------
                         Iteration time: 1.32s
                           Time elapsed: 0:03:33
                                    ETA: 0:13:08

################################################################################
[1m                           Learning iteration 160/750                           [0m 

                               Run name: retention-native-20260908-v50
                            Total steps: 185472 
                       Steps per second: 872 
                        Collection time: 1.147s 
                          Learning time: 0.173s 
                        Mean value loss: 1.1384
                    Mean surrogate loss: -0.0087
             Mean online_retention loss: 0.0158
          Mean rehearsal_retention loss: 0.0201
                            Mean reward: -184.63
                    Mean episode length: 1300.57
                        Mean action std: 0.04
--------------------------------------------------------------------------------
                         Iteration time: 1.32s
                           Time elapsed: 0:03:35
                                    ETA: 0:13:06

################################################################################
[1m                           Learning iteration 161/750                           [0m 

                               Run name: retention-native-20260908-v50
                            Total steps: 186624 
                       Steps per second: 879 
                        Collection time: 1.144s 
                          Learning time: 0.166s 
                        Mean value loss: 1.7007
                    Mean surrogate loss: 0.0539
             Mean online_retention loss: 0.0146
          Mean rehearsal_retention loss: 0.0194
                            Mean reward: -184.63
                    Mean episode length: 1300.57
                        Mean action std: 0.04
--------------------------------------------------------------------------------
                         Iteration time: 1.31s
                           Time elapsed: 0:03:36
                                    ETA: 0:13:05

################################################################################
[1m                           Learning iteration 162/750                           [0m 

                               Run name: retention-native-20260908-v50
                            Total steps: 187776 
                       Steps per second: 877 
                        Collection time: 1.148s 
                          Learning time: 0.165s 
                        Mean value loss: 2.7708
                    Mean surrogate loss: -0.0843
             Mean online_retention loss: 0.0134
          Mean rehearsal_retention loss: 0.0183
                            Mean reward: -184.63
                    Mean episode length: 1300.57
                        Mean action std: 0.04
--------------------------------------------------------------------------------
                         Iteration time: 1.31s
                           Time elapsed: 0:03:37
                                    ETA: 0:13:04

################################################################################
[1m                           Learning iteration 163/750                           [0m 

                               Run name: retention-native-20260908-v50
                            Total steps: 188928 
                       Steps per second: 864 
                        Collection time: 1.157s 
                          Learning time: 0.176s 
                        Mean value loss: 7.0706
                    Mean surrogate loss: -0.1219
             Mean online_retention loss: 0.0094
          Mean rehearsal_retention loss: 0.0133
                            Mean reward: -184.63
                    Mean episode length: 1300.57
                        Mean action std: 0.04
--------------------------------------------------------------------------------
                         Iteration time: 1.33s
                           Time elapsed: 0:03:39
                                    ETA: 0:13:02

################################################################################
[1m                           Learning iteration 164/750                           [0m 

                               Run name: retention-native-20260908-v50
                            Total steps: 190080 
                       Steps per second: 858 
                        Collection time: 1.167s 
                          Learning time: 0.175s 
                        Mean value loss: 24.4252
                    Mean surrogate loss: -0.0616
             Mean online_retention loss: 0.0066
          Mean rehearsal_retention loss: 0.0092
                            Mean reward: -184.26
                    Mean episode length: 1314.82
                        Mean action std: 0.04
--------------------------------------------------------------------------------
                         Iteration time: 1.34s
                           Time elapsed: 0:03:40
                                    ETA: 0:13:01

################################################################################
[1m                           Learning iteration 165/750                           [0m 

                               Run name: retention-native-20260908-v50
                            Total steps: 191232 
                       Steps per second: 866 
                        Collection time: 1.159s 
                          Learning time: 0.170s 
                        Mean value loss: 2.1517
                    Mean surrogate loss: -0.0014
             Mean online_retention loss: 0.0081
          Mean rehearsal_retention loss: 0.0114
                            Mean reward: -184.26
                    Mean episode length: 1314.82
                        Mean action std: 0.04
--------------------------------------------------------------------------------
                         Iteration time: 1.33s
                           Time elapsed: 0:03:41
                                    ETA: 0:13:00

################################################################################
[1m                           Learning iteration 166/750                           [0m 

                               Run name: retention-native-20260908-v50
                            Total steps: 192384 
                       Steps per second: 869 
                        Collection time: 1.136s 
                          Learning time: 0.190s 
                        Mean value loss: 2.9163
                    Mean surrogate loss: -0.0758
             Mean online_retention loss: 0.0106
          Mean rehearsal_retention loss: 0.0164
                            Mean reward: -184.26
                    Mean episode length: 1314.82
                        Mean action std: 0.04
--------------------------------------------------------------------------------
                         Iteration time: 1.33s
                           Time elapsed: 0:03:43
                                    ETA: 0:12:58

################################################################################
[1m                           Learning iteration 167/750                           [0m 

                               Run name: retention-native-20260908-v50
                            Total steps: 193536 
                       Steps per second: 864 
                        Collection time: 1.155s 
                          Learning time: 0.177s 
                        Mean value loss: 1.2556
                    Mean surrogate loss: -0.0167
             Mean online_retention loss: 0.0140
          Mean rehearsal_retention loss: 0.0206
                            Mean reward: -184.26
                    Mean episode length: 1314.82
                        Mean action std: 0.04
--------------------------------------------------------------------------------
                         Iteration time: 1.33s
                           Time elapsed: 0:03:44
                                    ETA: 0:12:57

################################################################################
[1m                           Learning iteration 168/750                           [0m 

                               Run name: retention-native-20260908-v50
                            Total steps: 194688 
                       Steps per second: 882 
                        Collection time: 1.136s 
                          Learning time: 0.169s 
                        Mean value loss: 1.3116
                    Mean surrogate loss: -0.0236
             Mean online_retention loss: 0.0160
          Mean rehearsal_retention loss: 0.0220
                            Mean reward: -184.26
                    Mean episode length: 1314.82
                        Mean action std: 0.04
--------------------------------------------------------------------------------
                         Iteration time: 1.31s
                           Time elapsed: 0:03:45
                                    ETA: 0:12:55

################################################################################
[1m                           Learning iteration 169/750                           [0m 

                               Run name: retention-native-20260908-v50
                            Total steps: 195840 
                       Steps per second: 872 
                        Collection time: 1.153s 
                          Learning time: 0.167s 
                        Mean value loss: 4.0924
                    Mean surrogate loss: 0.0087
             Mean online_retention loss: 0.0117
          Mean rehearsal_retention loss: 0.0166
                            Mean reward: -184.26
                    Mean episode length: 1314.82
                        Mean action std: 0.04
--------------------------------------------------------------------------------
                         Iteration time: 1.32s
                           Time elapsed: 0:03:47
                                    ETA: 0:12:54

################################################################################
[1m                           Learning iteration 170/750                           [0m 

                               Run name: retention-native-20260908-v50
                            Total steps: 196992 
                       Steps per second: 875 
                        Collection time: 1.150s 
                          Learning time: 0.166s 
                        Mean value loss: 16.6433
                    Mean surrogate loss: -0.1046
             Mean online_retention loss: 0.0083
          Mean rehearsal_retention loss: 0.0113
                            Mean reward: -184.26
                    Mean episode length: 1314.82
                        Mean action std: 0.04
--------------------------------------------------------------------------------
                         Iteration time: 1.32s
                           Time elapsed: 0:03:48
                                    ETA: 0:12:53

################################################################################
[1m                           Learning iteration 171/750                           [0m 

                               Run name: retention-native-20260908-v50
                            Total steps: 198144 
                       Steps per second: 871 
                        Collection time: 1.147s 
                          Learning time: 0.175s 
                        Mean value loss: 14.3291
                    Mean surrogate loss: -0.0335
             Mean online_retention loss: 0.0079
          Mean rehearsal_retention loss: 0.0097
                            Mean reward: -183.76
                    Mean episode length: 1327.83
                        Mean action std: 0.04
--------------------------------------------------------------------------------
                         Iteration time: 1.32s
                           Time elapsed: 0:03:49
                                    ETA: 0:12:51

################################################################################
[1m                           Learning iteration 172/750                           [0m 

                               Run name: retention-native-20260908-v50
                            Total steps: 199296 
                       Steps per second: 859 
                        Collection time: 1.167s 
                          Learning time: 0.173s 
                        Mean value loss: 3.6005
                    Mean surrogate loss: -0.0091
             Mean online_retention loss: 0.0085
          Mean rehearsal_retention loss: 0.0118
                            Mean reward: -183.76
                    Mean episode length: 1327.83
                        Mean action std: 0.04
--------------------------------------------------------------------------------
                         Iteration time: 1.34s
                           Time elapsed: 0:03:50
                                    ETA: 0:12:50

################################################################################
[1m                           Learning iteration 173/750                           [0m 

                               Run name: retention-native-20260908-v50
                            Total steps: 200448 
                       Steps per second: 877 
                        Collection time: 1.150s 
                          Learning time: 0.162s 
                        Mean value loss: 3.1404
                    Mean surrogate loss: -0.0478
             Mean online_retention loss: 0.0100
          Mean rehearsal_retention loss: 0.0156
                            Mean reward: -183.76
                    Mean episode length: 1327.83
                        Mean action std: 0.04
--------------------------------------------------------------------------------
                         Iteration time: 1.31s
                           Time elapsed: 0:03:52
                                    ETA: 0:12:48

################################################################################
[1m                           Learning iteration 174/750                           [0m 

                               Run name: retention-native-20260908-v50
                            Total steps: 201600 
                       Steps per second: 865 
                        Collection time: 1.147s 
                          Learning time: 0.185s 
                        Mean value loss: 3.2009
                    Mean surrogate loss: -0.0361
             Mean online_retention loss: 0.0098
          Mean rehearsal_retention loss: 0.0170
                            Mean reward: -183.76
                    Mean episode length: 1327.83
                        Mean action std: 0.04
--------------------------------------------------------------------------------
                         Iteration time: 1.33s
                           Time elapsed: 0:03:53
                                    ETA: 0:12:47

################################################################################
[1m                           Learning iteration 175/750                           [0m 

                               Run name: retention-native-20260908-v50
                            Total steps: 202752 
                       Steps per second: 873 
                        Collection time: 1.145s 
                          Learning time: 0.174s 
                        Mean value loss: 1.1835
                    Mean surrogate loss: -0.0019
             Mean online_retention loss: 0.0114
          Mean rehearsal_retention loss: 0.0175
                            Mean reward: -183.76
                    Mean episode length: 1327.83
                        Mean action std: 0.04
--------------------------------------------------------------------------------
                         Iteration time: 1.32s
                           Time elapsed: 0:03:54
                                    ETA: 0:12:46

################################################################################
[1m                           Learning iteration 176/750                           [0m 

                               Run name: retention-native-20260908-v50
                            Total steps: 203904 
                       Steps per second: 892 
                        Collection time: 1.128s 
                          Learning time: 0.163s 
                        Mean value loss: 1.1549
                    Mean surrogate loss: -0.0080
             Mean online_retention loss: 0.0143
          Mean rehearsal_retention loss: 0.0217
                            Mean reward: -183.76
                    Mean episode length: 1327.83
                        Mean action std: 0.04
--------------------------------------------------------------------------------
                         Iteration time: 1.29s
                           Time elapsed: 0:03:56
                                    ETA: 0:12:44

################################################################################
[1m                           Learning iteration 177/750                           [0m 

                               Run name: retention-native-20260908-v50
                            Total steps: 205056 
                       Steps per second: 884 
                        Collection time: 1.135s 
                          Learning time: 0.167s 
                        Mean value loss: 11.8132
                    Mean surrogate loss: 0.0316
             Mean online_retention loss: 0.0183
          Mean rehearsal_retention loss: 0.0235
                            Mean reward: -183.76
                    Mean episode length: 1327.83
                        Mean action std: 0.02
--------------------------------------------------------------------------------
                         Iteration time: 1.30s
                           Time elapsed: 0:03:57
                                    ETA: 0:12:43

################################################################################
[1m                           Learning iteration 178/750                           [0m 

                               Run name: retention-native-20260908-v50
                            Total steps: 206208 
                       Steps per second: 787 
                        Collection time: 1.286s 
                          Learning time: 0.178s 
                        Mean value loss: 215.2679
                    Mean surrogate loss: -0.0914
             Mean online_retention loss: 0.0000
          Mean rehearsal_retention loss: 0.0162
                            Mean reward: -156.86
                    Mean episode length: 1564.96
                        Mean action std: 0.01
--------------------------------------------------------------------------------
                         Iteration time: 1.46s
                           Time elapsed: 0:03:59
                                    ETA: 0:12:42

################################################################################
[1m                           Learning iteration 179/750                           [0m 

                               Run name: retention-native-20260908-v50
                            Total steps: 207360 
                       Steps per second: 852 
                        Collection time: 1.160s 
                          Learning time: 0.191s 
                        Mean value loss: 2.7761
                    Mean surrogate loss: 0.5139
             Mean online_retention loss: 0.0000
          Mean rehearsal_retention loss: 0.0374
                            Mean reward: -156.86
                    Mean episode length: 1564.96
                        Mean action std: 0.01
--------------------------------------------------------------------------------
                         Iteration time: 1.35s
                           Time elapsed: 0:04:00
                                    ETA: 0:12:41

################################################################################
[1m                           Learning iteration 180/750                           [0m 

                               Run name: retention-native-20260908-v50
                            Total steps: 208512 
                       Steps per second: 864 
                        Collection time: 1.148s 
                          Learning time: 0.184s 
                        Mean value loss: 2.7673
                    Mean surrogate loss: 0.2660
             Mean online_retention loss: 0.0302
          Mean rehearsal_retention loss: 0.0442
                            Mean reward: -156.86
                    Mean episode length: 1564.96
                        Mean action std: 0.01
--------------------------------------------------------------------------------
                         Iteration time: 1.33s
                           Time elapsed: 0:04:01
                                    ETA: 0:12:39

################################################################################
[1m                           Learning iteration 181/750                           [0m 

                               Run name: retention-native-20260908-v50
                            Total steps: 209664 
                       Steps per second: 869 
                        Collection time: 1.163s 
                          Learning time: 0.162s 
                        Mean value loss: 98.5610
                    Mean surrogate loss: -0.0253
             Mean online_retention loss: 0.0254
          Mean rehearsal_retention loss: 0.0224
                            Mean reward: -156.86
                    Mean episode length: 1564.96
                        Mean action std: 0.01
--------------------------------------------------------------------------------
                         Iteration time: 1.32s
                           Time elapsed: 0:04:03
                                    ETA: 0:12:38

################################################################################
[1m                           Learning iteration 182/750                           [0m 

                               Run name: retention-native-20260908-v50
                            Total steps: 210816 
                       Steps per second: 848 
                        Collection time: 1.181s 
                          Learning time: 0.176s 
                        Mean value loss: 73.6175
                    Mean surrogate loss: -0.0106
             Mean online_retention loss: 0.0114
          Mean rehearsal_retention loss: 0.0137
                            Mean reward: -157.86
                    Mean episode length: 1533.85
                        Mean action std: 0.01
--------------------------------------------------------------------------------
                         Iteration time: 1.36s
                           Time elapsed: 0:04:04
                                    ETA: 0:12:37

################################################################################
[1m                           Learning iteration 183/750                           [0m 

                               Run name: retention-native-20260908-v50
                            Total steps: 211968 
                       Steps per second: 860 
                        Collection time: 1.164s 
                          Learning time: 0.175s 
                        Mean value loss: 0.9110
                    Mean surrogate loss: 0.6214
             Mean online_retention loss: 0.0165
          Mean rehearsal_retention loss: 0.0263
                            Mean reward: -157.86
                    Mean episode length: 1533.85
                        Mean action std: 0.01
--------------------------------------------------------------------------------
                         Iteration time: 1.34s
                           Time elapsed: 0:04:05
                                    ETA: 0:12:35

################################################################################
[1m                           Learning iteration 184/750                           [0m 

                               Run name: retention-native-20260908-v50
                            Total steps: 213120 
                       Steps per second: 864 
                        Collection time: 1.168s 
                          Learning time: 0.165s 
                        Mean value loss: 2.2648
                    Mean surrogate loss: 0.2873
             Mean online_retention loss: 0.0179
          Mean rehearsal_retention loss: 0.0360
                            Mean reward: -157.86
                    Mean episode length: 1533.85
                        Mean action std: 0.01
--------------------------------------------------------------------------------
                         Iteration time: 1.33s
                           Time elapsed: 0:04:07
                                    ETA: 0:12:34

################################################################################
[1m                           Learning iteration 185/750                           [0m 

                               Run name: retention-native-20260908-v50
                            Total steps: 214272 
                       Steps per second: 864 
                        Collection time: 1.158s 
                          Learning time: 0.174s 
                        Mean value loss: 1.2009
                    Mean surrogate loss: 0.5745
             Mean online_retention loss: 0.0188
          Mean rehearsal_retention loss: 0.0383
                            Mean reward: -157.86
                    Mean episode length: 1533.85
                        Mean action std: 0.01
--------------------------------------------------------------------------------
                         Iteration time: 1.33s
                           Time elapsed: 0:04:08
                                    ETA: 0:12:33

################################################################################
[1m                           Learning iteration 186/750                           [0m 

                               Run name: retention-native-20260908-v50
                            Total steps: 215424 
                       Steps per second: 864 
                        Collection time: 1.150s 
                          Learning time: 0.182s 
                        Mean value loss: 0.6608
                    Mean surrogate loss: 0.5133
             Mean online_retention loss: 0.0266
          Mean rehearsal_retention loss: 0.0499
                            Mean reward: -157.86
                    Mean episode length: 1533.85
                        Mean action std: 0.01
--------------------------------------------------------------------------------
                         Iteration time: 1.33s
                           Time elapsed: 0:04:09
                                    ETA: 0:12:31

################################################################################
[1m                           Learning iteration 187/750                           [0m 

                               Run name: retention-native-20260908-v50
                            Total steps: 216576 
                       Steps per second: 860 
                        Collection time: 1.168s 
                          Learning time: 0.171s 
                        Mean value loss: 0.6687
                    Mean surrogate loss: 0.1146
             Mean online_retention loss: 0.0297
          Mean rehearsal_retention loss: 0.0616
                            Mean reward: -157.86
                    Mean episode length: 1533.85
                        Mean action std: 0.01
--------------------------------------------------------------------------------
                         Iteration time: 1.34s
                           Time elapsed: 0:04:11
                                    ETA: 0:12:30

################################################################################
[1m                           Learning iteration 188/750                           [0m 

                               Run name: retention-native-20260908-v50
                            Total steps: 217728 
                       Steps per second: 860 
                        Collection time: 1.164s 
                          Learning time: 0.176s 
                        Mean value loss: 0.8419
                    Mean surrogate loss: 0.4302
             Mean online_retention loss: 0.0299
          Mean rehearsal_retention loss: 0.0705
                            Mean reward: -157.86
                    Mean episode length: 1533.85
                        Mean action std: 0.01
--------------------------------------------------------------------------------
                         Iteration time: 1.34s
                           Time elapsed: 0:04:12
                                    ETA: 0:12:29

################################################################################
[1m                           Learning iteration 189/750                           [0m 

                               Run name: retention-native-20260908-v50
                            Total steps: 218880 
                       Steps per second: 843 
                        Collection time: 1.189s 
                          Learning time: 0.176s 
                        Mean value loss: 45.7179
                    Mean surrogate loss: -0.5758
             Mean online_retention loss: 0.0799
          Mean rehearsal_retention loss: 0.0523
                            Mean reward: -157.86
                    Mean episode length: 1533.85
                        Mean action std: 0.03
--------------------------------------------------------------------------------
                         Iteration time: 1.37s
                           Time elapsed: 0:04:13
                                    ETA: 0:12:27

################################################################################
[1m                           Learning iteration 190/750                           [0m 

                               Run name: retention-native-20260908-v50
                            Total steps: 220032 
                       Steps per second: 873 
                        Collection time: 1.154s 
                          Learning time: 0.165s 
                        Mean value loss: 7.2071
                    Mean surrogate loss: -0.0248
             Mean online_retention loss: 0.0515
          Mean rehearsal_retention loss: 0.0295
                            Mean reward: -157.86
                    Mean episode length: 1533.85
                        Mean action std: 0.04
--------------------------------------------------------------------------------
                         Iteration time: 1.32s
                           Time elapsed: 0:04:15
                                    ETA: 0:12:26

################################################################################
[1m                           Learning iteration 191/750                           [0m 

                               Run name: retention-native-20260908-v50
                            Total steps: 221184 
                       Steps per second: 864 
                        Collection time: 1.147s 
                          Learning time: 0.185s 
                        Mean value loss: 2.8782
                    Mean surrogate loss: 0.0168
             Mean online_retention loss: 0.0262
          Mean rehearsal_retention loss: 0.0244
                            Mean reward: -157.86
                    Mean episode length: 1533.85
                        Mean action std: 0.04
--------------------------------------------------------------------------------
                         Iteration time: 1.33s
                           Time elapsed: 0:04:16
                                    ETA: 0:12:25

################################################################################
[1m                           Learning iteration 192/750                           [0m 

                               Run name: retention-native-20260908-v50
                            Total steps: 222336 
                       Steps per second: 878 
                        Collection time: 1.139s 
                          Learning time: 0.173s 
                        Mean value loss: 5.6941
                    Mean surrogate loss: -0.1040
             Mean online_retention loss: 0.0187
          Mean rehearsal_retention loss: 0.0184
                            Mean reward: -157.86
                    Mean episode length: 1533.85
                        Mean action std: 0.04
--------------------------------------------------------------------------------
                         Iteration time: 1.31s
                           Time elapsed: 0:04:17
                                    ETA: 0:12:23

################################################################################
[1m                           Learning iteration 193/750                           [0m 

                               Run name: retention-native-20260908-v50
                            Total steps: 223488 
                       Steps per second: 873 
                        Collection time: 1.136s 
                          Learning time: 0.184s 
                        Mean value loss: 51.5558
                    Mean surrogate loss: -0.0995
             Mean online_retention loss: 0.0141
          Mean rehearsal_retention loss: 0.0126
                            Mean reward: -157.35
                    Mean episode length: 1504.18
                        Mean action std: 0.04
--------------------------------------------------------------------------------
                         Iteration time: 1.32s
                           Time elapsed: 0:04:19
                                    ETA: 0:12:22

################################################################################
[1m                           Learning iteration 194/750                           [0m 

                               Run name: retention-native-20260908-v50
                            Total steps: 224640 
                       Steps per second: 893 
                        Collection time: 1.128s 
                          Learning time: 0.161s 
                        Mean value loss: 2.1022
                    Mean surrogate loss: 0.0177
             Mean online_retention loss: 0.0129
          Mean rehearsal_retention loss: 0.0124
                            Mean reward: -157.35
                    Mean episode length: 1504.18
                        Mean action std: 0.04
--------------------------------------------------------------------------------
                         Iteration time: 1.29s
                           Time elapsed: 0:04:20
                                    ETA: 0:12:20

################################################################################
[1m                           Learning iteration 195/750                           [0m 

                               Run name: retention-native-20260908-v50
                            Total steps: 225792 
                       Steps per second: 892 
                        Collection time: 1.128s 
                          Learning time: 0.163s 
                        Mean value loss: 1.9116
                    Mean surrogate loss: -0.0802
             Mean online_retention loss: 0.0144
          Mean rehearsal_retention loss: 0.0135
                            Mean reward: -157.35
                    Mean episode length: 1504.18
                        Mean action std: 0.04
--------------------------------------------------------------------------------
                         Iteration time: 1.29s
                           Time elapsed: 0:04:21
                                    ETA: 0:12:19

################################################################################
[1m                           Learning iteration 196/750                           [0m 

                               Run name: retention-native-20260908-v50
                            Total steps: 226944 
                       Steps per second: 889 
                        Collection time: 1.134s 
                          Learning time: 0.161s 
                        Mean value loss: 2.3116
                    Mean surrogate loss: -0.0223
             Mean online_retention loss: 0.0166
          Mean rehearsal_retention loss: 0.0157
                            Mean reward: -157.35
                    Mean episode length: 1504.18
                        Mean action std: 0.04
--------------------------------------------------------------------------------
                         Iteration time: 1.29s
                           Time elapsed: 0:04:22
                                    ETA: 0:12:18

################################################################################
[1m                           Learning iteration 197/750                           [0m 

                               Run name: retention-native-20260908-v50
                            Total steps: 228096 
                       Steps per second: 880 
                        Collection time: 1.135s 
                          Learning time: 0.174s 
                        Mean value loss: 2.5420
                    Mean surrogate loss: -0.0543
             Mean online_retention loss: 0.0174
          Mean rehearsal_retention loss: 0.0158
                            Mean reward: -157.35
                    Mean episode length: 1504.18
                        Mean action std: 0.04
--------------------------------------------------------------------------------
                         Iteration time: 1.31s
                           Time elapsed: 0:04:24
                                    ETA: 0:12:16

################################################################################
[1m                           Learning iteration 198/750                           [0m 

                               Run name: retention-native-20260908-v50
                            Total steps: 229248 
                       Steps per second: 878 
                        Collection time: 1.135s 
                          Learning time: 0.177s 
                        Mean value loss: 3.8935
                    Mean surrogate loss: 0.0793
             Mean online_retention loss: 0.0189
          Mean rehearsal_retention loss: 0.0161
                            Mean reward: -157.35
                    Mean episode length: 1504.18
                        Mean action std: 0.04
--------------------------------------------------------------------------------
                         Iteration time: 1.31s
                           Time elapsed: 0:04:25
                                    ETA: 0:12:15

################################################################################
[1m                           Learning iteration 199/750                           [0m 

                               Run name: retention-native-20260908-v50
                            Total steps: 230400 
                       Steps per second: 857 
                        Collection time: 1.172s 
                          Learning time: 0.172s 
                        Mean value loss: 57.0796
                    Mean surrogate loss: -0.1223
             Mean online_retention loss: 0.0115
          Mean rehearsal_retention loss: 0.0107
                            Mean reward: -156.52
                    Mean episode length: 1476.00
                        Mean action std: 0.04
--------------------------------------------------------------------------------
                         Iteration time: 1.34s
                           Time elapsed: 0:04:26
                                    ETA: 0:12:13

################################################################################
[1m                           Learning iteration 200/750                           [0m 

                               Run name: retention-native-20260908-v50
                            Total steps: 231552 
                       Steps per second: 881 
                        Collection time: 1.138s 
                          Learning time: 0.169s 
                        Mean value loss: 16.2143
                    Mean surrogate loss: -0.1220
             Mean online_retention loss: 0.0099
          Mean rehearsal_retention loss: 0.0081
                            Mean reward: -156.52
                    Mean episode length: 1476.00
                        Mean action std: 0.04
--------------------------------------------------------------------------------
                         Iteration time: 1.31s
                           Time elapsed: 0:04:28
                                    ETA: 0:12:12

################################################################################
[1m                           Learning iteration 201/750                           [0m 

                               Run name: retention-native-20260908-v50
                            Total steps: 232704 
                       Steps per second: 873 
                        Collection time: 1.139s 
                          Learning time: 0.180s 
                        Mean value loss: 10.9895
                    Mean surrogate loss: -0.0243
             Mean online_retention loss: 0.0094
          Mean rehearsal_retention loss: 0.0086
                            Mean reward: -156.27
                    Mean episode length: 1480.23
                        Mean action std: 0.04
--------------------------------------------------------------------------------
                         Iteration time: 1.32s
                           Time elapsed: 0:04:29
                                    ETA: 0:12:11

################################################################################
[1m                           Learning iteration 202/750                           [0m 

                               Run name: retention-native-20260908-v50
                            Total steps: 233856 
                       Steps per second: 860 
                        Collection time: 1.162s 
                          Learning time: 0.176s 
                        Mean value loss: 5.4877
                    Mean surrogate loss: -0.0727
             Mean online_retention loss: 0.0113
          Mean rehearsal_retention loss: 0.0107
                            Mean reward: -156.27
                    Mean episode length: 1480.23
                        Mean action std: 0.04
--------------------------------------------------------------------------------
                         Iteration time: 1.34s
                           Time elapsed: 0:04:30
                                    ETA: 0:12:09

################################################################################
[1m                           Learning iteration 203/750                           [0m 

                               Run name: retention-native-20260908-v50
                            Total steps: 235008 
                       Steps per second: 883 
                        Collection time: 1.142s 
                          Learning time: 0.161s 
                        Mean value loss: 4.9640
                    Mean surrogate loss: -0.0741
             Mean online_retention loss: 0.0118
          Mean rehearsal_retention loss: 0.0123
                            Mean reward: -156.27
                    Mean episode length: 1480.23
                        Mean action std: 0.04
--------------------------------------------------------------------------------
                         Iteration time: 1.30s
                           Time elapsed: 0:04:32
                                    ETA: 0:12:08

################################################################################
[1m                           Learning iteration 204/750                           [0m 

                               Run name: retention-native-20260908-v50
                            Total steps: 236160 
                       Steps per second: 876 
                        Collection time: 1.149s 
                          Learning time: 0.165s 
                        Mean value loss: 2.1477
                    Mean surrogate loss: -0.0166
             Mean online_retention loss: 0.0144
          Mean rehearsal_retention loss: 0.0147
                            Mean reward: -156.27
                    Mean episode length: 1480.23
                        Mean action std: 0.04
--------------------------------------------------------------------------------
                         Iteration time: 1.31s
                           Time elapsed: 0:04:33
                                    ETA: 0:12:06

################################################################################
[1m                           Learning iteration 205/750                           [0m 

                               Run name: retention-native-20260908-v50
                            Total steps: 237312 
                       Steps per second: 872 
                        Collection time: 1.146s 
                          Learning time: 0.175s 
                        Mean value loss: 2.1644
                    Mean surrogate loss: -0.0205
             Mean online_retention loss: 0.0165
          Mean rehearsal_retention loss: 0.0173
                            Mean reward: -156.27
                    Mean episode length: 1480.23
                        Mean action std: 0.04
--------------------------------------------------------------------------------
                         Iteration time: 1.32s
                           Time elapsed: 0:04:34
                                    ETA: 0:12:05

################################################################################
[1m                           Learning iteration 206/750                           [0m 

                               Run name: retention-native-20260908-v50
                            Total steps: 238464 
                       Steps per second: 870 
                        Collection time: 1.146s 
                          Learning time: 0.177s 
                        Mean value loss: 3.8831
                    Mean surrogate loss: 0.0502
             Mean online_retention loss: 0.0147
          Mean rehearsal_retention loss: 0.0150
                            Mean reward: -156.27
                    Mean episode length: 1480.23
                        Mean action std: 0.04
--------------------------------------------------------------------------------
                         Iteration time: 1.32s
                           Time elapsed: 0:04:36
                                    ETA: 0:12:04

################################################################################
[1m                           Learning iteration 207/750                           [0m 

                               Run name: retention-native-20260908-v50
                            Total steps: 239616 
                       Steps per second: 872 
                        Collection time: 1.144s 
                          Learning time: 0.175s 
                        Mean value loss: 2.1110
                    Mean surrogate loss: 0.0505
             Mean online_retention loss: 0.0180
          Mean rehearsal_retention loss: 0.0166
                            Mean reward: -156.27
                    Mean episode length: 1480.23
                        Mean action std: 0.04
--------------------------------------------------------------------------------
                         Iteration time: 1.32s
                           Time elapsed: 0:04:37
                                    ETA: 0:12:02

################################################################################
[1m                           Learning iteration 208/750                           [0m 

                               Run name: retention-native-20260908-v50
                            Total steps: 240768 
                       Steps per second: 881 
                        Collection time: 1.149s 
                          Learning time: 0.158s 
                        Mean value loss: 2.1991
                    Mean surrogate loss: 0.0672
             Mean online_retention loss: 0.0173
          Mean rehearsal_retention loss: 0.0155
                            Mean reward: -156.27
                    Mean episode length: 1480.23
                        Mean action std: 0.04
--------------------------------------------------------------------------------
                         Iteration time: 1.31s
                           Time elapsed: 0:04:38
                                    ETA: 0:12:01

################################################################################
[1m                           Learning iteration 209/750                           [0m 

                               Run name: retention-native-20260908-v50
                            Total steps: 241920 
                       Steps per second: 869 
                        Collection time: 1.149s 
                          Learning time: 0.175s 
                        Mean value loss: 3.1780
                    Mean surrogate loss: -0.0736
             Mean online_retention loss: 0.0189
          Mean rehearsal_retention loss: 0.0168
                            Mean reward: -156.27
                    Mean episode length: 1480.23
                        Mean action std: 0.04
--------------------------------------------------------------------------------
                         Iteration time: 1.32s
                           Time elapsed: 0:04:40
                                    ETA: 0:12:00

################################################################################
[1m                           Learning iteration 210/750                           [0m 

                               Run name: retention-native-20260908-v50
                            Total steps: 243072 
                       Steps per second: 876 
                        Collection time: 1.139s 
                          Learning time: 0.176s 
                        Mean value loss: 3.3590
                    Mean surrogate loss: -0.0241
             Mean online_retention loss: 0.0188
          Mean rehearsal_retention loss: 0.0167
                            Mean reward: -156.27
                    Mean episode length: 1480.23
                        Mean action std: 0.04
--------------------------------------------------------------------------------
                         Iteration time: 1.31s
                           Time elapsed: 0:04:41
                                    ETA: 0:11:58

################################################################################
[1m                           Learning iteration 211/750                           [0m 

                               Run name: retention-native-20260908-v50
                            Total steps: 244224 
                       Steps per second: 874 
                        Collection time: 1.143s 
                          Learning time: 0.175s 
                        Mean value loss: 60.9214
                    Mean surrogate loss: -0.1352
             Mean online_retention loss: 0.0110
          Mean rehearsal_retention loss: 0.0102
                            Mean reward: -156.27
                    Mean episode length: 1480.23
                        Mean action std: 0.04
--------------------------------------------------------------------------------
                         Iteration time: 1.32s
                           Time elapsed: 0:04:42
                                    ETA: 0:11:57

################################################################################
[1m                           Learning iteration 212/750                           [0m 

                               Run name: retention-native-20260908-v50
                            Total steps: 245376 
                       Steps per second: 877 
                        Collection time: 1.146s 
                          Learning time: 0.166s 
                        Mean value loss: 4.2804
                    Mean surrogate loss: 0.0433
             Mean online_retention loss: 0.0121
          Mean rehearsal_retention loss: 0.0104
                            Mean reward: -155.98
                    Mean episode length: 1455.23
                        Mean action std: 0.04
--------------------------------------------------------------------------------
                         Iteration time: 1.31s
                           Time elapsed: 0:04:43
                                    ETA: 0:11:55

################################################################################
[1m                           Learning iteration 213/750                           [0m 

                               Run name: retention-native-20260908-v50
                            Total steps: 246528 
                       Steps per second: 869 
                        Collection time: 1.136s 
                          Learning time: 0.189s 
                        Mean value loss: 1.5948
                    Mean surrogate loss: 0.0235
             Mean online_retention loss: 0.0138
          Mean rehearsal_retention loss: 0.0130
                            Mean reward: -155.98
                    Mean episode length: 1455.23
                        Mean action std: 0.04
--------------------------------------------------------------------------------
                         Iteration time: 1.33s
                           Time elapsed: 0:04:45
                                    ETA: 0:11:54

################################################################################
[1m                           Learning iteration 214/750                           [0m 

                               Run name: retention-native-20260908-v50
                            Total steps: 247680 
                       Steps per second: 875 
                        Collection time: 1.150s 
                          Learning time: 0.166s 
                        Mean value loss: 10.3881
                    Mean surrogate loss: -0.1464
             Mean online_retention loss: 0.0145
          Mean rehearsal_retention loss: 0.0152
                            Mean reward: -155.98
                    Mean episode length: 1455.23
                        Mean action std: 0.03
--------------------------------------------------------------------------------
                         Iteration time: 1.32s
                           Time elapsed: 0:04:46
                                    ETA: 0:11:53

################################################################################
[1m                           Learning iteration 215/750                           [0m 

                               Run name: retention-native-20260908-v50
                            Total steps: 248832 
                       Steps per second: 870 
                        Collection time: 1.157s 
                          Learning time: 0.166s 
                        Mean value loss: 20.8583
                    Mean surrogate loss: 0.6629
             Mean online_retention loss: 0.0000
          Mean rehearsal_retention loss: 0.0394
                            Mean reward: -155.98
                    Mean episode length: 1455.23
                        Mean action std: 0.00
--------------------------------------------------------------------------------
                         Iteration time: 1.32s
                           Time elapsed: 0:04:47
                                    ETA: 0:11:51

################################################################################
[1m                           Learning iteration 216/750                           [0m 

                               Run name: retention-native-20260908-v50
                            Total steps: 249984 
                       Steps per second: 865 
                        Collection time: 1.166s 
                          Learning time: 0.165s 
                        Mean value loss: 1.0530
                    Mean surrogate loss: 0.7812
             Mean online_retention loss: 0.0000
          Mean rehearsal_retention loss: 0.0642
                            Mean reward: -155.98
                    Mean episode length: 1455.23
                        Mean action std: 0.01
--------------------------------------------------------------------------------
                         Iteration time: 1.33s
                           Time elapsed: 0:04:49
                                    ETA: 0:11:50

################################################################################
[1m                           Learning iteration 217/750                           [0m 

                               Run name: retention-native-20260908-v50
                            Total steps: 251136 
                       Steps per second: 852 
                        Collection time: 1.167s 
                          Learning time: 0.184s 
                        Mean value loss: 0.4949
                    Mean surrogate loss: 1.0758
             Mean online_retention loss: 0.0000
          Mean rehearsal_retention loss: 0.0896
                            Mean reward: -155.98
                    Mean episode length: 1455.23
                        Mean action std: 0.00
--------------------------------------------------------------------------------
                         Iteration time: 1.35s
                           Time elapsed: 0:04:50
                                    ETA: 0:11:49

################################################################################
[1m                           Learning iteration 218/750                           [0m 

                               Run name: retention-native-20260908-v50
                            Total steps: 252288 
                       Steps per second: 855 
                        Collection time: 1.171s 
                          Learning time: 0.175s 
                        Mean value loss: 11.7637
                    Mean surrogate loss: 0.5869
             Mean online_retention loss: 0.0754
          Mean rehearsal_retention loss: 0.0861
                            Mean reward: -155.98
                    Mean episode length: 1455.23
                        Mean action std: 0.01
--------------------------------------------------------------------------------
                         Iteration time: 1.35s
                           Time elapsed: 0:04:51
                                    ETA: 0:11:47

################################################################################
[1m                           Learning iteration 219/750                           [0m 

                               Run name: retention-native-20260908-v50
                            Total steps: 253440 
                       Steps per second: 852 
                        Collection time: 1.176s 
                          Learning time: 0.176s 
                        Mean value loss: 3.9182
                    Mean surrogate loss: 0.4936
             Mean online_retention loss: 0.0630
          Mean rehearsal_retention loss: 0.0503
                            Mean reward: -155.98
                    Mean episode length: 1455.23
                        Mean action std: 0.01
--------------------------------------------------------------------------------
                         Iteration time: 1.35s
                           Time elapsed: 0:04:53
                                    ETA: 0:11:46

################################################################################
[1m                           Learning iteration 220/750                           [0m 

                               Run name: retention-native-20260908-v50
                            Total steps: 254592 
                       Steps per second: 864 
                        Collection time: 1.149s 
                          Learning time: 0.183s 
                        Mean value loss: 1.2473
                    Mean surrogate loss: 0.1657
             Mean online_retention loss: 0.0500
          Mean rehearsal_retention loss: 0.0569
                            Mean reward: -155.98
                    Mean episode length: 1455.23
                        Mean action std: 0.01
--------------------------------------------------------------------------------
                         Iteration time: 1.33s
                           Time elapsed: 0:04:54
                                    ETA: 0:11:45

################################################################################
[1m                           Learning iteration 221/750                           [0m 

                               Run name: retention-native-20260908-v50
                            Total steps: 255744 
                       Steps per second: 866 
                        Collection time: 1.149s 
                          Learning time: 0.180s 
                        Mean value loss: 4.3772
                    Mean surrogate loss: -0.0422
             Mean online_retention loss: 0.0363
          Mean rehearsal_retention loss: 0.0517
                            Mean reward: -155.98
                    Mean episode length: 1455.23
                        Mean action std: 0.01
--------------------------------------------------------------------------------
                         Iteration time: 1.33s
                           Time elapsed: 0:04:55
                                    ETA: 0:11:43

################################################################################
[1m                           Learning iteration 222/750                           [0m 

                               Run name: retention-native-20260908-v50
                            Total steps: 256896 
                       Steps per second: 872 
                        Collection time: 1.151s 
                          Learning time: 0.170s 
                        Mean value loss: 59.5039
                    Mean surrogate loss: 0.0345
             Mean online_retention loss: 0.0181
          Mean rehearsal_retention loss: 0.0298
                            Mean reward: -155.34
                    Mean episode length: 1431.66
                        Mean action std: 0.01
--------------------------------------------------------------------------------
                         Iteration time: 1.32s
                           Time elapsed: 0:04:57
                                    ETA: 0:11:42

################################################################################
[1m                           Learning iteration 223/750                           [0m 

                               Run name: retention-native-20260908-v50
                            Total steps: 258048 
                       Steps per second: 873 
                        Collection time: 1.149s 
                          Learning time: 0.169s 
                        Mean value loss: 1.8472
                    Mean surrogate loss: 0.4828
             Mean online_retention loss: 0.0243
          Mean rehearsal_retention loss: 0.0302
                            Mean reward: -155.34
                    Mean episode length: 1431.66
                        Mean action std: 0.01
--------------------------------------------------------------------------------
                         Iteration time: 1.32s
                           Time elapsed: 0:04:58
                                    ETA: 0:11:41

################################################################################
[1m                           Learning iteration 224/750                           [0m 

                               Run name: retention-native-20260908-v50
                            Total steps: 259200 
                       Steps per second: 871 
                        Collection time: 1.141s 
                          Learning time: 0.181s 
                        Mean value loss: 0.8887
                    Mean surrogate loss: 0.1442
             Mean online_retention loss: 0.0324
          Mean rehearsal_retention loss: 0.0416
                            Mean reward: -155.34
                    Mean episode length: 1431.66
                        Mean action std: 0.01
--------------------------------------------------------------------------------
                         Iteration time: 1.32s
                           Time elapsed: 0:04:59
                                    ETA: 0:11:39

################################################################################
[1m                           Learning iteration 225/750                           [0m 

                               Run name: retention-native-20260908-v50
                            Total steps: 260352 
                       Steps per second: 872 
                        Collection time: 1.148s 
                          Learning time: 0.173s 
                        Mean value loss: 3.4567
                    Mean surrogate loss: 0.2981
             Mean online_retention loss: 0.0265
          Mean rehearsal_retention loss: 0.0409
                            Mean reward: -155.34
                    Mean episode length: 1431.66
                        Mean action std: 0.01
--------------------------------------------------------------------------------
                         Iteration time: 1.32s
                           Time elapsed: 0:05:01
                                    ETA: 0:11:38

################################################################################
[1m                           Learning iteration 226/750                           [0m 

                               Run name: retention-native-20260908-v50
                            Total steps: 261504 
                       Steps per second: 886 
                        Collection time: 1.137s 
                          Learning time: 0.162s 
                        Mean value loss: 0.8792
                    Mean surrogate loss: 0.2600
             Mean online_retention loss: 0.0349
          Mean rehearsal_retention loss: 0.0438
                            Mean reward: -155.34
                    Mean episode length: 1431.66
                        Mean action std: 0.01
--------------------------------------------------------------------------------
                         Iteration time: 1.30s
                           Time elapsed: 0:05:02
                                    ETA: 0:11:37

################################################################################
[1m                           Learning iteration 227/750                           [0m 

                               Run name: retention-native-20260908-v50
                            Total steps: 262656 
                       Steps per second: 874 
                        Collection time: 1.152s 
                          Learning time: 0.165s 
                        Mean value loss: 129.0401
                    Mean surrogate loss: -0.1145
             Mean online_retention loss: 0.0737
          Mean rehearsal_retention loss: 0.0319
                            Mean reward: -155.34
                    Mean episode length: 1431.66
                        Mean action std: 0.04
--------------------------------------------------------------------------------
                         Iteration time: 1.32s
                           Time elapsed: 0:05:03
                                    ETA: 0:11:35

################################################################################
[1m                           Learning iteration 228/750                           [0m 

                               Run name: retention-native-20260908-v50
                            Total steps: 263808 
                       Steps per second: 885 
                        Collection time: 1.134s 
                          Learning time: 0.168s 
                        Mean value loss: 9.8264
                    Mean surrogate loss: -0.0843
             Mean online_retention loss: 0.0367
          Mean rehearsal_retention loss: 0.0215
                            Mean reward: -155.34
                    Mean episode length: 1431.66
                        Mean action std: 0.04
--------------------------------------------------------------------------------
                         Iteration time: 1.30s
                           Time elapsed: 0:05:05
                                    ETA: 0:11:34

################################################################################
[1m                           Learning iteration 229/750                           [0m 

                               Run name: retention-native-20260908-v50
                            Total steps: 264960 
                       Steps per second: 878 
                        Collection time: 1.141s 
                          Learning time: 0.170s 
                        Mean value loss: 53.5569
                    Mean surrogate loss: -0.0741
             Mean online_retention loss: 0.0178
          Mean rehearsal_retention loss: 0.0135
                            Mean reward: -156.43
                    Mean episode length: 1491.36
                        Mean action std: 0.04
--------------------------------------------------------------------------------
                         Iteration time: 1.31s
                           Time elapsed: 0:05:06
                                    ETA: 0:11:32

################################################################################
[1m                           Learning iteration 230/750                           [0m 

                               Run name: retention-native-20260908-v50
                            Total steps: 266112 
                       Steps per second: 878 
                        Collection time: 1.136s 
                          Learning time: 0.176s 
                        Mean value loss: 2.7165
                    Mean surrogate loss: 0.0226
             Mean online_retention loss: 0.0168
          Mean rehearsal_retention loss: 0.0137
                            Mean reward: -156.43
                    Mean episode length: 1491.36
                        Mean action std: 0.04
--------------------------------------------------------------------------------
                         Iteration time: 1.31s
                           Time elapsed: 0:05:07
                                    ETA: 0:11:31

################################################################################
[1m                           Learning iteration 231/750                           [0m 

                               Run name: retention-native-20260908-v50
                            Total steps: 267264 
                       Steps per second: 886 
                        Collection time: 1.137s 
                          Learning time: 0.163s 
                        Mean value loss: 3.1230
                    Mean surrogate loss: -0.0721
             Mean online_retention loss: 0.0173
          Mean rehearsal_retention loss: 0.0147
                            Mean reward: -156.43
                    Mean episode length: 1491.36
                        Mean action std: 0.04
--------------------------------------------------------------------------------
                         Iteration time: 1.30s
                           Time elapsed: 0:05:09
                                    ETA: 0:11:30

################################################################################
[1m                           Learning iteration 232/750                           [0m 

                               Run name: retention-native-20260908-v50
                            Total steps: 268416 
                       Steps per second: 872 
                        Collection time: 1.136s 
                          Learning time: 0.184s 
                        Mean value loss: 2.8756
                    Mean surrogate loss: -0.0187
             Mean online_retention loss: 0.0184
          Mean rehearsal_retention loss: 0.0163
                            Mean reward: -156.43
                    Mean episode length: 1491.36
                        Mean action std: 0.04
--------------------------------------------------------------------------------
                         Iteration time: 1.32s
                           Time elapsed: 0:05:10
                                    ETA: 0:11:28

################################################################################
[1m                           Learning iteration 233/750                           [0m 

                               Run name: retention-native-20260908-v50
                            Total steps: 269568 
                       Steps per second: 885 
                        Collection time: 1.134s 
                          Learning time: 0.167s 
                        Mean value loss: 2.4285
                    Mean surrogate loss: -0.0165
             Mean online_retention loss: 0.0194
          Mean rehearsal_retention loss: 0.0174
                            Mean reward: -156.43
                    Mean episode length: 1491.36
                        Mean action std: 0.04
--------------------------------------------------------------------------------
                         Iteration time: 1.30s
                           Time elapsed: 0:05:11
                                    ETA: 0:11:27

################################################################################
[1m                           Learning iteration 234/750                           [0m 

                               Run name: retention-native-20260908-v50
                            Total steps: 270720 
                       Steps per second: 873 
                        Collection time: 1.145s 
                          Learning time: 0.174s 
                        Mean value loss: 2.3271
                    Mean surrogate loss: -0.0160
             Mean online_retention loss: 0.0203
          Mean rehearsal_retention loss: 0.0173
                            Mean reward: -156.43
                    Mean episode length: 1491.36
                        Mean action std: 0.04
--------------------------------------------------------------------------------
                         Iteration time: 1.32s
                           Time elapsed: 0:05:13
                                    ETA: 0:11:26

################################################################################
[1m                           Learning iteration 235/750                           [0m 

                               Run name: retention-native-20260908-v50
                            Total steps: 271872 
                       Steps per second: 880 
                        Collection time: 1.145s 
                          Learning time: 0.164s 
                        Mean value loss: 2.7283
                    Mean surrogate loss: 0.0174
             Mean online_retention loss: 0.0200
          Mean rehearsal_retention loss: 0.0164
                            Mean reward: -156.43
                    Mean episode length: 1491.36
                        Mean action std: 0.04
--------------------------------------------------------------------------------
                         Iteration time: 1.31s
                           Time elapsed: 0:05:14
                                    ETA: 0:11:24

################################################################################
[1m                           Learning iteration 236/750                           [0m 

                               Run name: retention-native-20260908-v50
                            Total steps: 273024 
                       Steps per second: 877 
                        Collection time: 1.142s 
                          Learning time: 0.170s 
                        Mean value loss: 2.9863
                    Mean surrogate loss: 0.0168
             Mean online_retention loss: 0.0191
          Mean rehearsal_retention loss: 0.0156
                            Mean reward: -156.43
                    Mean episode length: 1491.36
                        Mean action std: 0.04
--------------------------------------------------------------------------------
                         Iteration time: 1.31s
                           Time elapsed: 0:05:15
                                    ETA: 0:11:23

################################################################################
[1m                           Learning iteration 237/750                           [0m 

                               Run name: retention-native-20260908-v50
                            Total steps: 274176 
                       Steps per second: 856 
                        Collection time: 1.167s 
                          Learning time: 0.178s 
                        Mean value loss: 2.3796
                    Mean surrogate loss: -0.0154
             Mean online_retention loss: 0.0185
          Mean rehearsal_retention loss: 0.0162
                            Mean reward: -156.43
                    Mean episode length: 1491.36
                        Mean action std: 0.04
--------------------------------------------------------------------------------
                         Iteration time: 1.35s
                           Time elapsed: 0:05:17
                                    ETA: 0:11:22

################################################################################
[1m                           Learning iteration 238/750                           [0m 

                               Run name: retention-native-20260908-v50
                            Total steps: 275328 
                       Steps per second: 859 
                        Collection time: 1.167s 
                          Learning time: 0.173s 
                        Mean value loss: 2.4117
                    Mean surrogate loss: -0.0190
             Mean online_retention loss: 0.0221
          Mean rehearsal_retention loss: 0.0179
                            Mean reward: -156.43
                    Mean episode length: 1491.36
                        Mean action std: 0.04
--------------------------------------------------------------------------------
                         Iteration time: 1.34s
                           Time elapsed: 0:05:18
                                    ETA: 0:11:20

################################################################################
[1m                           Learning iteration 239/750                           [0m 

                               Run name: retention-native-20260908-v50
                            Total steps: 276480 
                       Steps per second: 878 
                        Collection time: 1.149s 
                          Learning time: 0.163s 
                        Mean value loss: 7.8755
                    Mean surrogate loss: -0.1015
             Mean online_retention loss: 0.0176
          Mean rehearsal_retention loss: 0.0157
                            Mean reward: -156.43
                    Mean episode length: 1491.36
                        Mean action std: 0.04
--------------------------------------------------------------------------------
                         Iteration time: 1.31s
                           Time elapsed: 0:05:19
                                    ETA: 0:11:19

################################################################################
[1m                           Learning iteration 240/750                           [0m 

                               Run name: retention-native-20260908-v50
                            Total steps: 277632 
                       Steps per second: 874 
                        Collection time: 1.145s 
                          Learning time: 0.173s 
                        Mean value loss: 86.3025
                    Mean surrogate loss: -0.1246
             Mean online_retention loss: 0.0123
          Mean rehearsal_retention loss: 0.0107
                            Mean reward: -156.56
                    Mean episode length: 1467.76
                        Mean action std: 0.04
--------------------------------------------------------------------------------
                         Iteration time: 1.32s
                           Time elapsed: 0:05:20
                                    ETA: 0:11:17

################################################################################
[1m                           Learning iteration 241/750                           [0m 

                               Run name: retention-native-20260908-v50
                            Total steps: 278784 
                       Steps per second: 868 
                        Collection time: 1.149s 
                          Learning time: 0.178s 
                        Mean value loss: 4.2368
                    Mean surrogate loss: 0.0221
             Mean online_retention loss: 0.0122
          Mean rehearsal_retention loss: 0.0108
                            Mean reward: -156.56
                    Mean episode length: 1467.76
                        Mean action std: 0.04
--------------------------------------------------------------------------------
                         Iteration time: 1.33s
                           Time elapsed: 0:05:22
                                    ETA: 0:11:16

################################################################################
[1m                           Learning iteration 242/750                           [0m 

                               Run name: retention-native-20260908-v50
                            Total steps: 279936 
                       Steps per second: 869 
                        Collection time: 1.156s 
                          Learning time: 0.170s 
                        Mean value loss: 2.6880
                    Mean surrogate loss: -0.0496
             Mean online_retention loss: 0.0148
          Mean rehearsal_retention loss: 0.0134
                            Mean reward: -156.56
                    Mean episode length: 1467.76
                        Mean action std: 0.04
--------------------------------------------------------------------------------
                         Iteration time: 1.33s
                           Time elapsed: 0:05:23
                                    ETA: 0:11:15

################################################################################
[1m                           Learning iteration 243/750                           [0m 

                               Run name: retention-native-20260908-v50
                            Total steps: 281088 
                       Steps per second: 882 
                        Collection time: 1.142s 
                          Learning time: 0.164s 
                        Mean value loss: 5.8724
                    Mean surrogate loss: -0.0511
             Mean online_retention loss: 0.0167
          Mean rehearsal_retention loss: 0.0160
                            Mean reward: -156.56
                    Mean episode length: 1467.76
                        Mean action std: 0.04
--------------------------------------------------------------------------------
                         Iteration time: 1.31s
                           Time elapsed: 0:05:24
                                    ETA: 0:11:13

################################################################################
[1m                           Learning iteration 244/750                           [0m 

                               Run name: retention-native-20260908-v50
                            Total steps: 282240 
                       Steps per second: 871 
                        Collection time: 1.154s 
                          Learning time: 0.169s 
                        Mean value loss: 56.5328
                    Mean surrogate loss: -0.1228
             Mean online_retention loss: 0.0116
          Mean rehearsal_retention loss: 0.0111
                            Mean reward: -156.56
                    Mean episode length: 1467.76
                        Mean action std: 0.04
--------------------------------------------------------------------------------
                         Iteration time: 1.32s
                           Time elapsed: 0:05:26
                                    ETA: 0:11:12

################################################################################
[1m                           Learning iteration 245/750                           [0m 

                               Run name: retention-native-20260908-v50
                            Total steps: 283392 
                       Steps per second: 858 
                        Collection time: 1.165s 
                          Learning time: 0.177s 
                        Mean value loss: 11.6969
                    Mean surrogate loss: -0.0718
             Mean online_retention loss: 0.0116
          Mean rehearsal_retention loss: 0.0095
                            Mean reward: -159.27
                    Mean episode length: 1497.06
                        Mean action std: 0.04
--------------------------------------------------------------------------------
                         Iteration time: 1.34s
                           Time elapsed: 0:05:27
                                    ETA: 0:11:11

################################################################################
[1m                           Learning iteration 246/750                           [0m 

                               Run name: retention-native-20260908-v50
                            Total steps: 284544 
                       Steps per second: 873 
                        Collection time: 1.153s 
                          Learning time: 0.166s 
                        Mean value loss: 27.8665
                    Mean surrogate loss: -0.0560
             Mean online_retention loss: 0.0095
          Mean rehearsal_retention loss: 0.0079
                            Mean reward: -160.56
                    Mean episode length: 1600.19
                        Mean action std: 0.04
--------------------------------------------------------------------------------
                         Iteration time: 1.32s
                           Time elapsed: 0:05:28
                                    ETA: 0:11:09

################################################################################
[1m                           Learning iteration 247/750                           [0m 

                               Run name: retention-native-20260908-v50
                            Total steps: 285696 
                       Steps per second: 884 
                        Collection time: 1.139s 
                          Learning time: 0.164s 
                        Mean value loss: 19.2165
                    Mean surrogate loss: -0.1425
             Mean online_retention loss: 0.0097
          Mean rehearsal_retention loss: 0.0087
                            Mean reward: -160.56
                    Mean episode length: 1600.19
                        Mean action std: 0.04
--------------------------------------------------------------------------------
                         Iteration time: 1.30s
                           Time elapsed: 0:05:30
                                    ETA: 0:11:08

################################################################################
[1m                           Learning iteration 248/750                           [0m 

                               Run name: retention-native-20260908-v50
                            Total steps: 286848 
                       Steps per second: 867 
                        Collection time: 1.145s 
                          Learning time: 0.183s 
                        Mean value loss: 32.7775
                    Mean surrogate loss: -0.0902
             Mean online_retention loss: 0.0092
          Mean rehearsal_retention loss: 0.0091
                            Mean reward: -160.17
                    Mean episode length: 1600.05
                        Mean action std: 0.04
--------------------------------------------------------------------------------
                         Iteration time: 1.33s
                           Time elapsed: 0:05:31
                                    ETA: 0:11:07

################################################################################
[1m                           Learning iteration 249/750                           [0m 

                               Run name: retention-native-20260908-v50
                            Total steps: 288000 
                       Steps per second: 873 
                        Collection time: 1.153s 
                          Learning time: 0.166s 
                        Mean value loss: 2.9549
                    Mean surrogate loss: 0.0067
             Mean online_retention loss: 0.0124
          Mean rehearsal_retention loss: 0.0103
                            Mean reward: -160.17
                    Mean episode length: 1600.05
                        Mean action std: 0.04
--------------------------------------------------------------------------------
                         Iteration time: 1.32s
                           Time elapsed: 0:05:32
                                    ETA: 0:11:05

################################################################################
[1m                           Learning iteration 250/750                           [0m 

                               Run name: retention-native-20260908-v50
                            Total steps: 289152 
                       Steps per second: 878 
                        Collection time: 1.142s 
                          Learning time: 0.169s 
                        Mean value loss: 4.4003
                    Mean surrogate loss: -0.0888
             Mean online_retention loss: 0.0126
          Mean rehearsal_retention loss: 0.0119
                            Mean reward: -160.17
                    Mean episode length: 1600.05
                        Mean action std: 0.04
--------------------------------------------------------------------------------
                         Iteration time: 1.31s
                           Time elapsed: 0:05:34
                                    ETA: 0:11:04

################################################################################
[1m                           Learning iteration 251/750                           [0m 

                               Run name: retention-native-20260908-v50
                            Total steps: 290304 
                       Steps per second: 882 
                        Collection time: 1.136s 
                          Learning time: 0.170s 
                        Mean value loss: 2.5736
                    Mean surrogate loss: 0.0317
             Mean online_retention loss: 0.0154
          Mean rehearsal_retention loss: 0.0136
                            Mean reward: -160.17
                    Mean episode length: 1600.05
                        Mean action std: 0.04
--------------------------------------------------------------------------------
                         Iteration time: 1.31s
                           Time elapsed: 0:05:35
                                    ETA: 0:11:03

################################################################################
[1m                           Learning iteration 252/750                           [0m 

                               Run name: retention-native-20260908-v50
                            Total steps: 291456 
                       Steps per second: 869 
                        Collection time: 1.142s 
                          Learning time: 0.183s 
                        Mean value loss: 52.7956
                    Mean surrogate loss: -0.2463
             Mean online_retention loss: 0.0220
          Mean rehearsal_retention loss: 0.0178
                            Mean reward: -160.17
                    Mean episode length: 1600.05
                        Mean action std: 0.02
--------------------------------------------------------------------------------
                         Iteration time: 1.33s
                           Time elapsed: 0:05:36
                                    ETA: 0:11:01

################################################################################
[1m                           Learning iteration 253/750                           [0m 

                               Run name: retention-native-20260908-v50
                            Total steps: 292608 
                       Steps per second: 869 
                        Collection time: 1.156s 
                          Learning time: 0.169s 
                        Mean value loss: 9.2292
                    Mean surrogate loss: 0.7745
             Mean online_retention loss: 0.0000
          Mean rehearsal_retention loss: 0.0391
                            Mean reward: -160.17
                    Mean episode length: 1600.05
                        Mean action std: 0.01
--------------------------------------------------------------------------------
                         Iteration time: 1.32s
                           Time elapsed: 0:05:38
                                    ETA: 0:11:00

################################################################################
[1m                           Learning iteration 254/750                           [0m 

                               Run name: retention-native-20260908-v50
                            Total steps: 293760 
                       Steps per second: 876 
                        Collection time: 1.149s 
                          Learning time: 0.165s 
                        Mean value loss: 2.0947
                    Mean surrogate loss: 0.7249
             Mean online_retention loss: 0.0000
          Mean rehearsal_retention loss: 0.0639
                            Mean reward: -160.17
                    Mean episode length: 1600.05
                        Mean action std: 0.01
--------------------------------------------------------------------------------
                         Iteration time: 1.31s
                           Time elapsed: 0:05:39
                                    ETA: 0:10:58

################################################################################
[1m                           Learning iteration 255/750                           [0m 

                               Run name: retention-native-20260908-v50
                            Total steps: 294912 
                       Steps per second: 843 
                        Collection time: 1.190s 
                          Learning time: 0.176s 
                        Mean value loss: 4.5527
                    Mean surrogate loss: 0.0813
             Mean online_retention loss: 0.0373
          Mean rehearsal_retention loss: 0.0496
                            Mean reward: -160.17
                    Mean episode length: 1600.05
                        Mean action std: 0.01
--------------------------------------------------------------------------------
                         Iteration time: 1.37s
                           Time elapsed: 0:05:40
                                    ETA: 0:10:57

################################################################################
[1m                           Learning iteration 256/750                           [0m 

                               Run name: retention-native-20260908-v50
                            Total steps: 296064 
                       Steps per second: 852 
                        Collection time: 1.171s 
                          Learning time: 0.180s 
                        Mean value loss: 5.6030
                    Mean surrogate loss: 0.6010
             Mean online_retention loss: 0.0691
          Mean rehearsal_retention loss: 0.0433
                            Mean reward: -160.17
                    Mean episode length: 1600.05
                        Mean action std: 0.01
--------------------------------------------------------------------------------
                         Iteration time: 1.35s
                           Time elapsed: 0:05:42
                                    ETA: 0:10:56

################################################################################
[1m                           Learning iteration 257/750                           [0m 

                               Run name: retention-native-20260908-v50
                            Total steps: 297216 
                       Steps per second: 851 
                        Collection time: 1.184s 
                          Learning time: 0.169s 
                        Mean value loss: 2.1246
                    Mean surrogate loss: -0.1587
             Mean online_retention loss: 0.0704
          Mean rehearsal_retention loss: 0.0473
                            Mean reward: -160.17
                    Mean episode length: 1600.05
                        Mean action std: 0.01
--------------------------------------------------------------------------------
                         Iteration time: 1.35s
                           Time elapsed: 0:05:43
                                    ETA: 0:10:55

################################################################################
[1m                           Learning iteration 258/750                           [0m 

                               Run name: retention-native-20260908-v50
                            Total steps: 298368 
                       Steps per second: 834 
                        Collection time: 1.201s 
                          Learning time: 0.180s 
                        Mean value loss: 1.1364
                    Mean surrogate loss: 0.5524
             Mean online_retention loss: 0.0542
          Mean rehearsal_retention loss: 0.0463
                            Mean reward: -160.17
                    Mean episode length: 1600.05
                        Mean action std: 0.01
--------------------------------------------------------------------------------
                         Iteration time: 1.38s
                           Time elapsed: 0:05:44
                                    ETA: 0:10:53

################################################################################
[1m                           Learning iteration 259/750                           [0m 

                               Run name: retention-native-20260908-v50
                            Total steps: 299520 
                       Steps per second: 825 
                        Collection time: 1.221s 
                          Learning time: 0.176s 
                        Mean value loss: 0.6982
                    Mean surrogate loss: 0.3987
             Mean online_retention loss: 0.0483
          Mean rehearsal_retention loss: 0.0449
                            Mean reward: -160.17
                    Mean episode length: 1600.05
                        Mean action std: 0.01
--------------------------------------------------------------------------------
                         Iteration time: 1.40s
                           Time elapsed: 0:05:46
                                    ETA: 0:10:52

################################################################################
[1m                           Learning iteration 260/750                           [0m 

                               Run name: retention-native-20260908-v50
                            Total steps: 300672 
                       Steps per second: 834 
                        Collection time: 1.203s 
                          Learning time: 0.178s 
                        Mean value loss: 0.5092
                    Mean surrogate loss: 0.5018
             Mean online_retention loss: 0.0516
          Mean rehearsal_retention loss: 0.0525
                            Mean reward: -160.17
                    Mean episode length: 1600.05
                        Mean action std: 0.01
--------------------------------------------------------------------------------
                         Iteration time: 1.38s
                           Time elapsed: 0:05:47
                                    ETA: 0:10:51

################################################################################
[1m                           Learning iteration 261/750                           [0m 

                               Run name: retention-native-20260908-v50
                            Total steps: 301824 
                       Steps per second: 848 
                        Collection time: 1.188s 
                          Learning time: 0.170s 
                        Mean value loss: 0.6920
                    Mean surrogate loss: 0.3927
             Mean online_retention loss: 0.0579
          Mean rehearsal_retention loss: 0.0570
                            Mean reward: -160.17
                    Mean episode length: 1600.05
                        Mean action std: 0.01
--------------------------------------------------------------------------------
                         Iteration time: 1.36s
                           Time elapsed: 0:05:49
                                    ETA: 0:10:50

################################################################################
[1m                           Learning iteration 262/750                           [0m 

                               Run name: retention-native-20260908-v50
                            Total steps: 302976 
                       Steps per second: 850 
                        Collection time: 1.177s 
                          Learning time: 0.177s 
                        Mean value loss: 6.3552
                    Mean surrogate loss: 0.0732
             Mean online_retention loss: 0.0440
          Mean rehearsal_retention loss: 0.0434
                            Mean reward: -160.17
                    Mean episode length: 1600.05
                        Mean action std: 0.01
--------------------------------------------------------------------------------
                         Iteration time: 1.35s
                           Time elapsed: 0:05:50
                                    ETA: 0:10:48

################################################################################
[1m                           Learning iteration 263/750                           [0m 

                               Run name: retention-native-20260908-v50
                            Total steps: 304128 
                       Steps per second: 842 
                        Collection time: 1.182s 
                          Learning time: 0.186s 
                        Mean value loss: 0.7720
                    Mean surrogate loss: 0.6983
             Mean online_retention loss: 0.0407
          Mean rehearsal_retention loss: 0.0419
                            Mean reward: -160.17
                    Mean episode length: 1600.05
                        Mean action std: 0.01
--------------------------------------------------------------------------------
                         Iteration time: 1.37s
                           Time elapsed: 0:05:51
                                    ETA: 0:10:47

################################################################################
[1m                           Learning iteration 264/750                           [0m 

                               Run name: retention-native-20260908-v50
                            Total steps: 305280 
                       Steps per second: 852 
                        Collection time: 1.176s 
                          Learning time: 0.176s 
                        Mean value loss: 58.9200
                    Mean surrogate loss: -0.5020
             Mean online_retention loss: 0.0844
          Mean rehearsal_retention loss: 0.0358
                            Mean reward: -160.17
                    Mean episode length: 1600.05
                        Mean action std: 0.02
--------------------------------------------------------------------------------
                         Iteration time: 1.35s
                           Time elapsed: 0:05:53
                                    ETA: 0:10:46

################################################################################
[1m                           Learning iteration 265/750                           [0m 

                               Run name: retention-native-20260908-v50
                            Total steps: 306432 
                       Steps per second: 847 
                        Collection time: 1.183s 
                          Learning time: 0.176s 
                        Mean value loss: 10.2058
                    Mean surrogate loss: -0.1159
             Mean online_retention loss: 0.0272
          Mean rehearsal_retention loss: 0.0252
                            Mean reward: -160.17
                    Mean episode length: 1600.05
                        Mean action std: 0.04
--------------------------------------------------------------------------------
                         Iteration time: 1.36s
                           Time elapsed: 0:05:54
                                    ETA: 0:10:45

################################################################################
[1m                           Learning iteration 266/750                           [0m 

                               Run name: retention-native-20260908-v50
                            Total steps: 307584 
                       Steps per second: 864 
                        Collection time: 1.167s 
                          Learning time: 0.165s 
                        Mean value loss: 65.2529
                    Mean surrogate loss: -0.1131
             Mean online_retention loss: 0.0102
          Mean rehearsal_retention loss: 0.0145
                            Mean reward: -160.49
                    Mean episode length: 1600.13
                        Mean action std: 0.04
--------------------------------------------------------------------------------
                         Iteration time: 1.33s
                           Time elapsed: 0:05:55
                                    ETA: 0:10:43

################################################################################
[1m                           Learning iteration 267/750                           [0m 

                               Run name: retention-native-20260908-v50
                            Total steps: 308736 
                       Steps per second: 869 
                        Collection time: 1.134s 
                          Learning time: 0.191s 
                        Mean value loss: 11.0157
                    Mean surrogate loss: -0.1184
             Mean online_retention loss: 0.0085
          Mean rehearsal_retention loss: 0.0115
                            Mean reward: -160.49
                    Mean episode length: 1600.13
                        Mean action std: 0.04
--------------------------------------------------------------------------------
                         Iteration time: 1.33s
                           Time elapsed: 0:05:57
                                    ETA: 0:10:42

################################################################################
[1m                           Learning iteration 268/750                           [0m 

                               Run name: retention-native-20260908-v50
                            Total steps: 309888 
                       Steps per second: 859 
                        Collection time: 1.170s 
                          Learning time: 0.170s 
                        Mean value loss: 32.0860
                    Mean surrogate loss: -0.1159
             Mean online_retention loss: 0.0071
          Mean rehearsal_retention loss: 0.0094
                            Mean reward: -160.56
                    Mean episode length: 1600.46
                        Mean action std: 0.04
--------------------------------------------------------------------------------
                         Iteration time: 1.34s
                           Time elapsed: 0:05:58
                                    ETA: 0:10:41

################################################################################
[1m                           Learning iteration 269/750                           [0m 

                               Run name: retention-native-20260908-v50
                            Total steps: 311040 
                       Steps per second: 871 
                        Collection time: 1.155s 
                          Learning time: 0.166s 
                        Mean value loss: 102.8959
                    Mean surrogate loss: -0.1537
             Mean online_retention loss: 0.0063
          Mean rehearsal_retention loss: 0.0084
                            Mean reward: -160.56
                    Mean episode length: 1600.46
                        Mean action std: 0.04
--------------------------------------------------------------------------------
                         Iteration time: 1.32s
                           Time elapsed: 0:05:59
                                    ETA: 0:10:39

################################################################################
[1m                           Learning iteration 270/750                           [0m 

                               Run name: retention-native-20260908-v50
                            Total steps: 312192 
                       Steps per second: 880 
                        Collection time: 1.144s 
                          Learning time: 0.165s 
                        Mean value loss: 7.2505
                    Mean surrogate loss: -0.0439
             Mean online_retention loss: 0.0076
          Mean rehearsal_retention loss: 0.0102
                            Mean reward: -160.36
                    Mean episode length: 1577.97
                        Mean action std: 0.04
--------------------------------------------------------------------------------
                         Iteration time: 1.31s
                           Time elapsed: 0:06:01
                                    ETA: 0:10:38

################################################################################
[1m                           Learning iteration 271/750                           [0m 

                               Run name: retention-native-20260908-v50
                            Total steps: 313344 
                       Steps per second: 873 
                        Collection time: 1.136s 
                          Learning time: 0.183s 
                        Mean value loss: 1.5219
                    Mean surrogate loss: -0.0091
             Mean online_retention loss: 0.0107
          Mean rehearsal_retention loss: 0.0152
                            Mean reward: -160.36
                    Mean episode length: 1577.97
                        Mean action std: 0.04
--------------------------------------------------------------------------------
                         Iteration time: 1.32s
                           Time elapsed: 0:06:02
                                    ETA: 0:10:36

################################################################################
[1m                           Learning iteration 272/750                           [0m 

                               Run name: retention-native-20260908-v50
                            Total steps: 314496 
                       Steps per second: 873 
                        Collection time: 1.145s 
                          Learning time: 0.174s 
                        Mean value loss: 5.2335
                    Mean surrogate loss: -0.0946
             Mean online_retention loss: 0.0099
          Mean rehearsal_retention loss: 0.0134
                            Mean reward: -160.36
                    Mean episode length: 1577.97
                        Mean action std: 0.04
--------------------------------------------------------------------------------
                         Iteration time: 1.32s
                           Time elapsed: 0:06:03
                                    ETA: 0:10:35

################################################################################
[1m                           Learning iteration 273/750                           [0m 

                               Run name: retention-native-20260908-v50
                            Total steps: 315648 
                       Steps per second: 864 
                        Collection time: 1.159s 
                          Learning time: 0.173s 
                        Mean value loss: 64.2845
                    Mean surrogate loss: -0.1999
             Mean online_retention loss: 0.0076
          Mean rehearsal_retention loss: 0.0104
                            Mean reward: -160.36
                    Mean episode length: 1577.97
                        Mean action std: 0.04
--------------------------------------------------------------------------------
                         Iteration time: 1.33s
                           Time elapsed: 0:06:05
                                    ETA: 0:10:34

################################################################################
[1m                           Learning iteration 274/750                           [0m 

                               Run name: retention-native-20260908-v50
                            Total steps: 316800 
                       Steps per second: 835 
                        Collection time: 1.197s 
                          Learning time: 0.182s 
                        Mean value loss: 21.4855
                    Mean surrogate loss: -0.0551
             Mean online_retention loss: 0.0062
          Mean rehearsal_retention loss: 0.0085
                            Mean reward: -164.42
                    Mean episode length: 1600.48
                        Mean action std: 0.04
--------------------------------------------------------------------------------
                         Iteration time: 1.38s
                           Time elapsed: 0:06:06
                                    ETA: 0:10:32

################################################################################
[1m                           Learning iteration 275/750                           [0m 

                               Run name: retention-native-20260908-v50
                            Total steps: 317952 
                       Steps per second: 864 
                        Collection time: 1.153s 
                          Learning time: 0.180s 
                        Mean value loss: 13.9202
                    Mean surrogate loss: -0.1398
             Mean online_retention loss: 0.0058
          Mean rehearsal_retention loss: 0.0079
                            Mean reward: -164.42
                    Mean episode length: 1600.48
                        Mean action std: 0.04
--------------------------------------------------------------------------------
                         Iteration time: 1.33s
                           Time elapsed: 0:06:07
                                    ETA: 0:10:31

################################################################################
[1m                           Learning iteration 276/750                           [0m 

                               Run name: retention-native-20260908-v50
                            Total steps: 319104 
                       Steps per second: 851 
                        Collection time: 1.181s 
                          Learning time: 0.172s 
                        Mean value loss: 44.0873
                    Mean surrogate loss: -0.1710
             Mean online_retention loss: 0.0065
          Mean rehearsal_retention loss: 0.0084
                            Mean reward: -163.92
                    Mean episode length: 1579.93
                        Mean action std: 0.04
--------------------------------------------------------------------------------
                         Iteration time: 1.35s
                           Time elapsed: 0:06:09
                                    ETA: 0:10:30

################################################################################
[1m                           Learning iteration 277/750                           [0m 

                               Run name: retention-native-20260908-v50
                            Total steps: 320256 
                       Steps per second: 858 
                        Collection time: 1.160s 
                          Learning time: 0.182s 
                        Mean value loss: 19.9428
                    Mean surrogate loss: -0.0436
             Mean online_retention loss: 0.0059
          Mean rehearsal_retention loss: 0.0082
                            Mean reward: -163.90
                    Mean episode length: 1559.75
                        Mean action std: 0.04
--------------------------------------------------------------------------------
                         Iteration time: 1.34s
                           Time elapsed: 0:06:10
                                    ETA: 0:10:29

################################################################################
[1m                           Learning iteration 278/750                           [0m 

                               Run name: retention-native-20260908-v50
                            Total steps: 321408 
                       Steps per second: 864 
                        Collection time: 1.149s 
                          Learning time: 0.184s 
                        Mean value loss: 5.6310
                    Mean surrogate loss: -0.0728
             Mean online_retention loss: 0.0074
          Mean rehearsal_retention loss: 0.0099
                            Mean reward: -163.90
                    Mean episode length: 1559.75
                        Mean action std: 0.04
--------------------------------------------------------------------------------
                         Iteration time: 1.33s
                           Time elapsed: 0:06:11
                                    ETA: 0:10:27

################################################################################
[1m                           Learning iteration 279/750                           [0m 

                               Run name: retention-native-20260908-v50
                            Total steps: 322560 
                       Steps per second: 872 
                        Collection time: 1.153s 
                          Learning time: 0.167s 
                        Mean value loss: 6.0739
                    Mean surrogate loss: -0.0869
             Mean online_retention loss: 0.0090
          Mean rehearsal_retention loss: 0.0134
                            Mean reward: -163.90
                    Mean episode length: 1559.75
                        Mean action std: 0.04
--------------------------------------------------------------------------------
                         Iteration time: 1.32s
                           Time elapsed: 0:06:13
                                    ETA: 0:10:26

################################################################################
[1m                           Learning iteration 280/750                           [0m 

                               Run name: retention-native-20260908-v50
                            Total steps: 323712 
                       Steps per second: 873 
                        Collection time: 1.146s 
                          Learning time: 0.172s 
                        Mean value loss: 1.9148
                    Mean surrogate loss: -0.0287
             Mean online_retention loss: 0.0115
          Mean rehearsal_retention loss: 0.0170
                            Mean reward: -163.90
                    Mean episode length: 1559.75
                        Mean action std: 0.04
--------------------------------------------------------------------------------
                         Iteration time: 1.32s
                           Time elapsed: 0:06:14
                                    ETA: 0:10:24

################################################################################
[1m                           Learning iteration 281/750                           [0m 

                               Run name: retention-native-20260908-v50
                            Total steps: 324864 
                       Steps per second: 868 
                        Collection time: 1.141s 
                          Learning time: 0.184s 
                        Mean value loss: 4.9664
                    Mean surrogate loss: 0.0879
             Mean online_retention loss: 0.0110
          Mean rehearsal_retention loss: 0.0161
                            Mean reward: -163.90
                    Mean episode length: 1559.75
                        Mean action std: 0.04
--------------------------------------------------------------------------------
                         Iteration time: 1.33s
                           Time elapsed: 0:06:15
                                    ETA: 0:10:23

################################################################################
[1m                           Learning iteration 282/750                           [0m 

                               Run name: retention-native-20260908-v50
                            Total steps: 326016 
                       Steps per second: 854 
                        Collection time: 1.166s 
                          Learning time: 0.182s 
                        Mean value loss: 2.6215
                    Mean surrogate loss: 0.0964
             Mean online_retention loss: 0.0101
          Mean rehearsal_retention loss: 0.0160
                            Mean reward: -163.90
                    Mean episode length: 1559.75
                        Mean action std: 0.04
--------------------------------------------------------------------------------
                         Iteration time: 1.35s
                           Time elapsed: 0:06:17
                                    ETA: 0:10:22

################################################################################
[1m                           Learning iteration 283/750                           [0m 

                               Run name: retention-native-20260908-v50
                            Total steps: 327168 
                       Steps per second: 870 
                        Collection time: 1.163s 
                          Learning time: 0.161s 
                        Mean value loss: 1.6922
                    Mean surrogate loss: -0.0050
             Mean online_retention loss: 0.0116
          Mean rehearsal_retention loss: 0.0186
                            Mean reward: -163.90
                    Mean episode length: 1559.75
                        Mean action std: 0.04
--------------------------------------------------------------------------------
                         Iteration time: 1.32s
                           Time elapsed: 0:06:18
                                    ETA: 0:10:20

################################################################################
[1m                           Learning iteration 284/750                           [0m 

                               Run name: retention-native-20260908-v50
                            Total steps: 328320 
                       Steps per second: 843 
                        Collection time: 1.174s 
                          Learning time: 0.193s 
                        Mean value loss: 1.3029
                    Mean surrogate loss: -0.0063
             Mean online_retention loss: 0.0120
          Mean rehearsal_retention loss: 0.0179
                            Mean reward: -163.90
                    Mean episode length: 1559.75
                        Mean action std: 0.04
--------------------------------------------------------------------------------
                         Iteration time: 1.37s
                           Time elapsed: 0:06:19
                                    ETA: 0:10:19

################################################################################
[1m                           Learning iteration 285/750                           [0m 

                               Run name: retention-native-20260908-v50
                            Total steps: 329472 
                       Steps per second: 856 
                        Collection time: 1.176s 
                          Learning time: 0.168s 
                        Mean value loss: 1.4843
                    Mean surrogate loss: -0.0114
             Mean online_retention loss: 0.0144
          Mean rehearsal_retention loss: 0.0194
                            Mean reward: -163.90
                    Mean episode length: 1559.75
                        Mean action std: 0.04
--------------------------------------------------------------------------------
                         Iteration time: 1.34s
                           Time elapsed: 0:06:21
                                    ETA: 0:10:18

################################################################################
[1m                           Learning iteration 286/750                           [0m 

                               Run name: retention-native-20260908-v50
                            Total steps: 330624 
                       Steps per second: 810 
                        Collection time: 1.237s 
                          Learning time: 0.185s 
                        Mean value loss: 1.7581
                    Mean surrogate loss: -0.0185
             Mean online_retention loss: 0.0138
          Mean rehearsal_retention loss: 0.0212
                            Mean reward: -163.90
                    Mean episode length: 1559.75
                        Mean action std: 0.04
--------------------------------------------------------------------------------
                         Iteration time: 1.42s
                           Time elapsed: 0:06:22
                                    ETA: 0:10:17

################################################################################
[1m                           Learning iteration 287/750                           [0m 

                               Run name: retention-native-20260908-v50
                            Total steps: 331776 
                       Steps per second: 857 
                        Collection time: 1.178s 
                          Learning time: 0.166s 
                        Mean value loss: 2.7165
                    Mean surrogate loss: -0.0177
             Mean online_retention loss: 0.0130
          Mean rehearsal_retention loss: 0.0223
                            Mean reward: -163.90
                    Mean episode length: 1559.75
                        Mean action std: 0.04
--------------------------------------------------------------------------------
                         Iteration time: 1.34s
                           Time elapsed: 0:06:23
                                    ETA: 0:10:15

################################################################################
[1m                           Learning iteration 288/750                           [0m 

                               Run name: retention-native-20260908-v50
                            Total steps: 332928 
                       Steps per second: 856 
                        Collection time: 1.166s 
                          Learning time: 0.180s 
                        Mean value loss: 14.0799
                    Mean surrogate loss: -0.1301
             Mean online_retention loss: 0.0105
          Mean rehearsal_retention loss: 0.0158
                            Mean reward: -163.90
                    Mean episode length: 1559.75
                        Mean action std: 0.04
--------------------------------------------------------------------------------
                         Iteration time: 1.35s
                           Time elapsed: 0:06:25
                                    ETA: 0:10:14

################################################################################
[1m                           Learning iteration 289/750                           [0m 

                               Run name: retention-native-20260908-v50
                            Total steps: 334080 
                       Steps per second: 843 
                        Collection time: 1.185s 
                          Learning time: 0.181s 
                        Mean value loss: 50.2513
                    Mean surrogate loss: -0.0916
             Mean online_retention loss: 0.0099
          Mean rehearsal_retention loss: 0.0140
                            Mean reward: -164.17
                    Mean episode length: 1560.64
                        Mean action std: 0.03
--------------------------------------------------------------------------------
                         Iteration time: 1.37s
                           Time elapsed: 0:06:26
                                    ETA: 0:10:13

################################################################################
[1m                           Learning iteration 290/750                           [0m 

                               Run name: retention-native-20260908-v50
                            Total steps: 335232 
                       Steps per second: 864 
                        Collection time: 1.158s 
                          Learning time: 0.175s 
                        Mean value loss: 37.7711
                    Mean surrogate loss: 0.4350
             Mean online_retention loss: 0.0000
          Mean rehearsal_retention loss: 0.0251
                            Mean reward: -164.17
                    Mean episode length: 1560.64
                        Mean action std: 0.01
--------------------------------------------------------------------------------
                         Iteration time: 1.33s
                           Time elapsed: 0:06:27
                                    ETA: 0:10:11

################################################################################
[1m                           Learning iteration 291/750                           [0m 

                               Run name: retention-native-20260908-v50
                            Total steps: 336384 
                       Steps per second: 835 
                        Collection time: 1.201s 
                          Learning time: 0.178s 
                        Mean value loss: 187.4274
                    Mean surrogate loss: -0.1154
             Mean online_retention loss: 0.0000
          Mean rehearsal_retention loss: 0.0211
                            Mean reward: -163.40
                    Mean episode length: 1900.46
                        Mean action std: 0.01
--------------------------------------------------------------------------------
                         Iteration time: 1.38s
                           Time elapsed: 0:06:29
                                    ETA: 0:10:10

################################################################################
[1m                           Learning iteration 292/750                           [0m 

                               Run name: retention-native-20260908-v50
                            Total steps: 337536 
                       Steps per second: 852 
                        Collection time: 1.167s 
                          Learning time: 0.185s 
                        Mean value loss: 51.1570
                    Mean surrogate loss: 0.0028
             Mean online_retention loss: 0.0000
          Mean rehearsal_retention loss: 0.0189
                            Mean reward: -155.25
                    Mean episode length: 2004.82
                        Mean action std: 0.01
--------------------------------------------------------------------------------
                         Iteration time: 1.35s
                           Time elapsed: 0:06:30
                                    ETA: 0:10:09

################################################################################
[1m                           Learning iteration 293/750                           [0m 

                               Run name: retention-native-20260908-v50
                            Total steps: 338688 
                       Steps per second: 852 
                        Collection time: 1.181s 
                          Learning time: 0.171s 
                        Mean value loss: 15.1500
                    Mean surrogate loss: 0.2190
             Mean online_retention loss: 0.0328
          Mean rehearsal_retention loss: 0.0209
                            Mean reward: -155.25
                    Mean episode length: 2004.82
                        Mean action std: 0.01
--------------------------------------------------------------------------------
                         Iteration time: 1.35s
                           Time elapsed: 0:06:32
                                    ETA: 0:10:08

################################################################################
[1m                           Learning iteration 294/750                           [0m 

                               Run name: retention-native-20260908-v50
                            Total steps: 339840 
                       Steps per second: 855 
                        Collection time: 1.160s 
                          Learning time: 0.186s 
                        Mean value loss: 6.2796
                    Mean surrogate loss: 0.0130
             Mean online_retention loss: 0.0309
          Mean rehearsal_retention loss: 0.0229
                            Mean reward: -155.25
                    Mean episode length: 2004.82
                        Mean action std: 0.01
--------------------------------------------------------------------------------
                         Iteration time: 1.35s
                           Time elapsed: 0:06:33
                                    ETA: 0:10:06

################################################################################
[1m                           Learning iteration 295/750                           [0m 

                               Run name: retention-native-20260908-v50
                            Total steps: 340992 
                       Steps per second: 843 
                        Collection time: 1.188s 
                          Learning time: 0.178s 
                        Mean value loss: 7.7878
                    Mean surrogate loss: -0.0416
             Mean online_retention loss: 0.0183
          Mean rehearsal_retention loss: 0.0283
                            Mean reward: -155.25
                    Mean episode length: 2004.82
                        Mean action std: 0.01
--------------------------------------------------------------------------------
                         Iteration time: 1.37s
                           Time elapsed: 0:06:34
                                    ETA: 0:10:05

################################################################################
[1m                           Learning iteration 296/750                           [0m 

                               Run name: retention-native-20260908-v50
                            Total steps: 342144 
                       Steps per second: 843 
                        Collection time: 1.184s 
                          Learning time: 0.182s 
                        Mean value loss: 45.2613
                    Mean surrogate loss: -0.0135
             Mean online_retention loss: 0.0106
          Mean rehearsal_retention loss: 0.0204
                            Mean reward: -155.31
                    Mean episode length: 1996.90
                        Mean action std: 0.01
--------------------------------------------------------------------------------
                         Iteration time: 1.37s
                           Time elapsed: 0:06:36
                                    ETA: 0:10:04

################################################################################
[1m                           Learning iteration 297/750                           [0m 

                               Run name: retention-native-20260908-v50
                            Total steps: 343296 
                       Steps per second: 835 
                        Collection time: 1.202s 
                          Learning time: 0.178s 
                        Mean value loss: 2.0083
                    Mean surrogate loss: 0.0472
             Mean online_retention loss: 0.0155
          Mean rehearsal_retention loss: 0.0271
                            Mean reward: -155.31
                    Mean episode length: 1996.90
                        Mean action std: 0.01
--------------------------------------------------------------------------------
                         Iteration time: 1.38s
                           Time elapsed: 0:06:37
                                    ETA: 0:10:02

################################################################################
[1m                           Learning iteration 298/750                           [0m 

                               Run name: retention-native-20260908-v50
                            Total steps: 344448 
                       Steps per second: 831 
                        Collection time: 1.201s 
                          Learning time: 0.184s 
                        Mean value loss: 18.3859
                    Mean surrogate loss: -0.0408
             Mean online_retention loss: 0.0134
          Mean rehearsal_retention loss: 0.0256
                            Mean reward: -155.31
                    Mean episode length: 1996.90
                        Mean action std: 0.01
--------------------------------------------------------------------------------
                         Iteration time: 1.38s
                           Time elapsed: 0:06:38
                                    ETA: 0:10:01

################################################################################
[1m                           Learning iteration 299/750                           [0m 

                               Run name: retention-native-20260908-v50
                            Total steps: 345600 
                       Steps per second: 864 
                        Collection time: 1.157s 
                          Learning time: 0.175s 
                        Mean value loss: 18.1910
                    Mean surrogate loss: -0.0463
             Mean online_retention loss: 0.0110
          Mean rehearsal_retention loss: 0.0219
                            Mean reward: -155.14
                    Mean episode length: 1971.59
                        Mean action std: 0.01
--------------------------------------------------------------------------------
                         Iteration time: 1.33s
                           Time elapsed: 0:06:40
                                    ETA: 0:10:00

################################################################################
[1m                           Learning iteration 300/750                           [0m 

                               Run name: retention-native-20260908-v50
                            Total steps: 346752 
                       Steps per second: 886 
                        Collection time: 1.140s 
                          Learning time: 0.159s 
                        Mean value loss: 1.0852
                    Mean surrogate loss: 0.1841
             Mean online_retention loss: 0.0181
          Mean rehearsal_retention loss: 0.0347
                            Mean reward: -155.14
                    Mean episode length: 1971.59
                        Mean action std: 0.01
--------------------------------------------------------------------------------
                         Iteration time: 1.30s
                           Time elapsed: 0:06:41
                                    ETA: 0:09:58

################################################################################
[1m                           Learning iteration 301/750                           [0m 

                               Run name: retention-native-20260908-v50
                            Total steps: 347904 
                       Steps per second: 882 
                        Collection time: 1.136s 
                          Learning time: 0.169s 
                        Mean value loss: 7.0834
                    Mean surrogate loss: -0.0714
             Mean online_retention loss: 0.0176
          Mean rehearsal_retention loss: 0.0356
                            Mean reward: -155.14
                    Mean episode length: 1971.59
                        Mean action std: 0.01
--------------------------------------------------------------------------------
                         Iteration time: 1.31s
                           Time elapsed: 0:06:42
                                    ETA: 0:09:57

################################################################################
[1m                           Learning iteration 302/750                           [0m 

                               Run name: retention-native-20260908-v50
                            Total steps: 349056 
                       Steps per second: 847 
                        Collection time: 1.174s 
                          Learning time: 0.185s 
                        Mean value loss: 115.1174
                    Mean surrogate loss: -0.0428
             Mean online_retention loss: 0.0701
          Mean rehearsal_retention loss: 0.0245
                            Mean reward: -155.14
                    Mean episode length: 1971.59
                        Mean action std: 0.04
--------------------------------------------------------------------------------
                         Iteration time: 1.36s
                           Time elapsed: 0:06:44
                                    ETA: 0:09:56

################################################################################
[1m                           Learning iteration 303/750                           [0m 

                               Run name: retention-native-20260908-v50
                            Total steps: 350208 
                       Steps per second: 887 
                        Collection time: 1.129s 
                          Learning time: 0.169s 
                        Mean value loss: 4.5879
                    Mean surrogate loss: -0.0433
             Mean online_retention loss: 0.0231
          Mean rehearsal_retention loss: 0.0199
                            Mean reward: -155.14
                    Mean episode length: 1971.59
                        Mean action std: 0.04
--------------------------------------------------------------------------------
                         Iteration time: 1.30s
                           Time elapsed: 0:06:45
                                    ETA: 0:09:54

################################################################################
[1m                           Learning iteration 304/750                           [0m 

                               Run name: retention-native-20260908-v50
                            Total steps: 351360 
                       Steps per second: 872 
                        Collection time: 1.150s 
                          Learning time: 0.169s 
                        Mean value loss: 3.2972
                    Mean surrogate loss: 0.0396
             Mean online_retention loss: 0.0180
          Mean rehearsal_retention loss: 0.0187
                            Mean reward: -155.14
                    Mean episode length: 1971.59
                        Mean action std: 0.04
--------------------------------------------------------------------------------
                         Iteration time: 1.32s
                           Time elapsed: 0:06:46
                                    ETA: 0:09:53

################################################################################
[1m                           Learning iteration 305/750                           [0m 

                               Run name: retention-native-20260908-v50
                            Total steps: 352512 
                       Steps per second: 873 
                        Collection time: 1.148s 
                          Learning time: 0.171s 
                        Mean value loss: 17.1771
                    Mean surrogate loss: -0.1338
             Mean online_retention loss: 0.0147
          Mean rehearsal_retention loss: 0.0154
                            Mean reward: -155.14
                    Mean episode length: 1971.59
                        Mean action std: 0.04
--------------------------------------------------------------------------------
                         Iteration time: 1.32s
                           Time elapsed: 0:06:48
                                    ETA: 0:09:52

################################################################################
[1m                           Learning iteration 306/750                           [0m 

                               Run name: retention-native-20260908-v50
                            Total steps: 353664 
                       Steps per second: 869 
                        Collection time: 1.141s 
                          Learning time: 0.183s 
                        Mean value loss: 37.1119
                    Mean surrogate loss: -0.0892
             Mean online_retention loss: 0.0110
          Mean rehearsal_retention loss: 0.0115
                            Mean reward: -154.86
                    Mean episode length: 1947.15
                        Mean action std: 0.04
--------------------------------------------------------------------------------
                         Iteration time: 1.32s
                           Time elapsed: 0:06:49
                                    ETA: 0:09:50

################################################################################
[1m                           Learning iteration 307/750                           [0m 

                               Run name: retention-native-20260908-v50
                            Total steps: 354816 
                       Steps per second: 877 
                        Collection time: 1.135s 
                          Learning time: 0.178s 
                        Mean value loss: 3.5866
                    Mean surrogate loss: 0.0140
             Mean online_retention loss: 0.0129
          Mean rehearsal_retention loss: 0.0135
                            Mean reward: -154.86
                    Mean episode length: 1947.15
                        Mean action std: 0.04
--------------------------------------------------------------------------------
                         Iteration time: 1.31s
                           Time elapsed: 0:06:50
                                    ETA: 0:09:49

################################################################################
[1m                           Learning iteration 308/750                           [0m 

                               Run name: retention-native-20260908-v50
                            Total steps: 355968 
                       Steps per second: 873 
                        Collection time: 1.153s 
                          Learning time: 0.166s 
                        Mean value loss: 11.8258
                    Mean surrogate loss: -0.1063
             Mean online_retention loss: 0.0129
          Mean rehearsal_retention loss: 0.0149
                            Mean reward: -154.86
                    Mean episode length: 1947.15
                        Mean action std: 0.04
--------------------------------------------------------------------------------
                         Iteration time: 1.32s
                           Time elapsed: 0:06:52
                                    ETA: 0:09:48

################################################################################
[1m                           Learning iteration 309/750                           [0m 

                               Run name: retention-native-20260908-v50
                            Total steps: 357120 
                       Steps per second: 864 
                        Collection time: 1.140s 
                          Learning time: 0.192s 
                        Mean value loss: 2.2632
                    Mean surrogate loss: -0.0322
             Mean online_retention loss: 0.0151
          Mean rehearsal_retention loss: 0.0157
                            Mean reward: -154.86
                    Mean episode length: 1947.15
                        Mean action std: 0.04
--------------------------------------------------------------------------------
                         Iteration time: 1.33s
                           Time elapsed: 0:06:53
                                    ETA: 0:09:46

################################################################################
[1m                           Learning iteration 310/750                           [0m 

                               Run name: retention-native-20260908-v50
                            Total steps: 358272 
                       Steps per second: 873 
                        Collection time: 1.140s 
                          Learning time: 0.179s 
                        Mean value loss: 2.5887
                    Mean surrogate loss: -0.0252
             Mean online_retention loss: 0.0182
          Mean rehearsal_retention loss: 0.0181
                            Mean reward: -154.86
                    Mean episode length: 1947.15
                        Mean action std: 0.04
--------------------------------------------------------------------------------
                         Iteration time: 1.32s
                           Time elapsed: 0:06:54
                                    ETA: 0:09:45

################################################################################
[1m                           Learning iteration 311/750                           [0m 

                               Run name: retention-native-20260908-v50
                            Total steps: 359424 
                       Steps per second: 873 
                        Collection time: 1.142s 
                          Learning time: 0.177s 
                        Mean value loss: 2.3663
                    Mean surrogate loss: -0.0065
             Mean online_retention loss: 0.0174
          Mean rehearsal_retention loss: 0.0187
                            Mean reward: -154.86
                    Mean episode length: 1947.15
                        Mean action std: 0.04
--------------------------------------------------------------------------------
                         Iteration time: 1.32s
                           Time elapsed: 0:06:56
                                    ETA: 0:09:44

################################################################################
[1m                           Learning iteration 312/750                           [0m 

                               Run name: retention-native-20260908-v50
                            Total steps: 360576 
                       Steps per second: 882 
                        Collection time: 1.141s 
                          Learning time: 0.164s 
                        Mean value loss: 2.3895
                    Mean surrogate loss: -0.0339
             Mean online_retention loss: 0.0196
          Mean rehearsal_retention loss: 0.0184
                            Mean reward: -154.86
                    Mean episode length: 1947.15
                        Mean action std: 0.04
--------------------------------------------------------------------------------
                         Iteration time: 1.31s
                           Time elapsed: 0:06:57
                                    ETA: 0:09:42

################################################################################
[1m                           Learning iteration 313/750                           [0m 

                               Run name: retention-native-20260908-v50
                            Total steps: 361728 
                       Steps per second: 863 
                        Collection time: 1.160s 
                          Learning time: 0.174s 
                        Mean value loss: 4.3817
                    Mean surrogate loss: -0.1012
             Mean online_retention loss: 0.0197
          Mean rehearsal_retention loss: 0.0183
                            Mean reward: -154.86
                    Mean episode length: 1947.15
                        Mean action std: 0.04
--------------------------------------------------------------------------------
                         Iteration time: 1.33s
                           Time elapsed: 0:06:58
                                    ETA: 0:09:41

################################################################################
[1m                           Learning iteration 314/750                           [0m 

                               Run name: retention-native-20260908-v50
                            Total steps: 362880 
                       Steps per second: 844 
                        Collection time: 1.186s 
                          Learning time: 0.179s 
                        Mean value loss: 7.7087
                    Mean surrogate loss: -0.0266
             Mean online_retention loss: 0.0179
          Mean rehearsal_retention loss: 0.0173
                            Mean reward: -154.86
                    Mean episode length: 1947.15
                        Mean action std: 0.04
--------------------------------------------------------------------------------
                         Iteration time: 1.36s
                           Time elapsed: 0:07:00
                                    ETA: 0:09:40

################################################################################
[1m                           Learning iteration 315/750                           [0m 

                               Run name: retention-native-20260908-v50
                            Total steps: 364032 
                       Steps per second: 887 
                        Collection time: 1.135s 
                          Learning time: 0.163s 
                        Mean value loss: 2.4989
                    Mean surrogate loss: -0.0274
             Mean online_retention loss: 0.0172
          Mean rehearsal_retention loss: 0.0177
                            Mean reward: -154.86
                    Mean episode length: 1947.15
                        Mean action std: 0.04
--------------------------------------------------------------------------------
                         Iteration time: 1.30s
                           Time elapsed: 0:07:01
                                    ETA: 0:09:38

################################################################################
[1m                           Learning iteration 316/750                           [0m 

                               Run name: retention-native-20260908-v50
                            Total steps: 365184 
                       Steps per second: 831 
                        Collection time: 1.207s 
                          Learning time: 0.178s 
                        Mean value loss: 6.8024
                    Mean surrogate loss: -0.0356
             Mean online_retention loss: 0.0165
          Mean rehearsal_retention loss: 0.0177
                            Mean reward: -154.86
                    Mean episode length: 1947.15
                        Mean action std: 0.04
--------------------------------------------------------------------------------
                         Iteration time: 1.39s
                           Time elapsed: 0:07:02
                                    ETA: 0:09:37

################################################################################
[1m                           Learning iteration 317/750                           [0m 

                               Run name: retention-native-20260908-v50
                            Total steps: 366336 
                       Steps per second: 855 
                        Collection time: 1.168s 
                          Learning time: 0.179s 
                        Mean value loss: 10.9310
                    Mean surrogate loss: -0.1322
             Mean online_retention loss: 0.0128
          Mean rehearsal_retention loss: 0.0133
                            Mean reward: -154.86
                    Mean episode length: 1947.15
                        Mean action std: 0.04
--------------------------------------------------------------------------------
                         Iteration time: 1.35s
                           Time elapsed: 0:07:04
                                    ETA: 0:09:36

################################################################################
[1m                           Learning iteration 318/750                           [0m 

                               Run name: retention-native-20260908-v50
                            Total steps: 367488 
                       Steps per second: 865 
                        Collection time: 1.167s 
                          Learning time: 0.164s 
                        Mean value loss: 59.1719
                    Mean surrogate loss: -0.1192
             Mean online_retention loss: 0.0106
          Mean rehearsal_retention loss: 0.0103
                            Mean reward: -154.91
                    Mean episode length: 1923.64
                        Mean action std: 0.04
--------------------------------------------------------------------------------
                         Iteration time: 1.33s
                           Time elapsed: 0:07:05
                                    ETA: 0:09:34

################################################################################
[1m                           Learning iteration 319/750                           [0m 

                               Run name: retention-native-20260908-v50
                            Total steps: 368640 
                       Steps per second: 864 
                        Collection time: 1.155s 
                          Learning time: 0.177s 
                        Mean value loss: 9.0855
                    Mean surrogate loss: 0.0206
             Mean online_retention loss: 0.0113
          Mean rehearsal_retention loss: 0.0111
                            Mean reward: -154.91
                    Mean episode length: 1923.64
                        Mean action std: 0.04
--------------------------------------------------------------------------------
                         Iteration time: 1.33s
                           Time elapsed: 0:07:06
                                    ETA: 0:09:33

################################################################################
[1m                           Learning iteration 320/750                           [0m 

                               Run name: retention-native-20260908-v50
                            Total steps: 369792 
                       Steps per second: 865 
                        Collection time: 1.152s 
                          Learning time: 0.180s 
                        Mean value loss: 34.7366
                    Mean surrogate loss: -0.1389
             Mean online_retention loss: 0.0103
          Mean rehearsal_retention loss: 0.0100
                            Mean reward: -154.91
                    Mean episode length: 1923.64
                        Mean action std: 0.04
--------------------------------------------------------------------------------
                         Iteration time: 1.33s
                           Time elapsed: 0:07:08
                                    ETA: 0:09:32

################################################################################
[1m                           Learning iteration 321/750                           [0m 

                               Run name: retention-native-20260908-v50
                            Total steps: 370944 
                       Steps per second: 873 
                        Collection time: 1.154s 
                          Learning time: 0.165s 
                        Mean value loss: 286.8037
                    Mean surrogate loss: -0.1110
             Mean online_retention loss: 0.0076
          Mean rehearsal_retention loss: 0.0074
                            Mean reward: -154.71
                    Mean episode length: 1879.45
                        Mean action std: 0.04
--------------------------------------------------------------------------------
                         Iteration time: 1.32s
                           Time elapsed: 0:07:09
                                    ETA: 0:09:30

################################################################################
[1m                           Learning iteration 322/750                           [0m 

                               Run name: retention-native-20260908-v50
                            Total steps: 372096 
                       Steps per second: 885 
                        Collection time: 1.136s 
                          Learning time: 0.164s 
                        Mean value loss: 3.3413
                    Mean surrogate loss: 0.0930
             Mean online_retention loss: 0.0096
          Mean rehearsal_retention loss: 0.0098
                            Mean reward: -154.71
                    Mean episode length: 1879.45
                        Mean action std: 0.04
--------------------------------------------------------------------------------
                         Iteration time: 1.30s
                           Time elapsed: 0:07:10
                                    ETA: 0:09:29

################################################################################
[1m                           Learning iteration 323/750                           [0m 

                               Run name: retention-native-20260908-v50
                            Total steps: 373248 
                       Steps per second: 874 
                        Collection time: 1.145s 
                          Learning time: 0.172s 
                        Mean value loss: 11.0531
                    Mean surrogate loss: -0.1179
             Mean online_retention loss: 0.0115
          Mean rehearsal_retention loss: 0.0115
                            Mean reward: -154.71
                    Mean episode length: 1879.45
                        Mean action std: 0.04
--------------------------------------------------------------------------------
                         Iteration time: 1.32s
                           Time elapsed: 0:07:12
                                    ETA: 0:09:28

################################################################################
[1m                           Learning iteration 324/750                           [0m 

                               Run name: retention-native-20260908-v50
                            Total steps: 374400 
                       Steps per second: 868 
                        Collection time: 1.149s 
                          Learning time: 0.178s 
                        Mean value loss: 5.4349
                    Mean surrogate loss: -0.0833
             Mean online_retention loss: 0.0135
          Mean rehearsal_retention loss: 0.0131
                            Mean reward: -154.71
                    Mean episode length: 1879.45
                        Mean action std: 0.04
--------------------------------------------------------------------------------
                         Iteration time: 1.33s
                           Time elapsed: 0:07:13
                                    ETA: 0:09:26

################################################################################
[1m                           Learning iteration 325/750                           [0m 

                               Run name: retention-native-20260908-v50
                            Total steps: 375552 
                       Steps per second: 864 
                        Collection time: 1.153s 
                          Learning time: 0.179s 
                        Mean value loss: 59.3367
                    Mean surrogate loss: -0.1416
             Mean online_retention loss: 0.0102
          Mean rehearsal_retention loss: 0.0100
                            Mean reward: -154.71
                    Mean episode length: 1879.45
                        Mean action std: 0.04
--------------------------------------------------------------------------------
                         Iteration time: 1.33s
                           Time elapsed: 0:07:14
                                    ETA: 0:09:25

################################################################################
[1m                           Learning iteration 326/750                           [0m 

                               Run name: retention-native-20260908-v50
                            Total steps: 376704 
                       Steps per second: 860 
                        Collection time: 1.169s 
                          Learning time: 0.169s 
                        Mean value loss: 9.2662
                    Mean surrogate loss: 0.0204
             Mean online_retention loss: 0.0101
          Mean rehearsal_retention loss: 0.0102
                            Mean reward: -155.00
                    Mean episode length: 1858.52
                        Mean action std: 0.04
--------------------------------------------------------------------------------
                         Iteration time: 1.34s
                           Time elapsed: 0:07:16
                                    ETA: 0:09:24

################################################################################
[1m                           Learning iteration 327/750                           [0m 

                               Run name: retention-native-20260908-v50
                            Total steps: 377856 
                       Steps per second: 856 
                        Collection time: 1.164s 
                          Learning time: 0.181s 
                        Mean value loss: 63.3609
                    Mean surrogate loss: -0.2522
             Mean online_retention loss: 0.0166
          Mean rehearsal_retention loss: 0.0161
                            Mean reward: -155.00
                    Mean episode length: 1858.52
                        Mean action std: 0.02
--------------------------------------------------------------------------------
                         Iteration time: 1.35s
                           Time elapsed: 0:07:17
                                    ETA: 0:09:22

################################################################################
[1m                           Learning iteration 328/750                           [0m 

                               Run name: retention-native-20260908-v50
                            Total steps: 379008 
                       Steps per second: 857 
                        Collection time: 1.168s 
                          Learning time: 0.175s 
                        Mean value loss: 70.6938
                    Mean surrogate loss: 0.0695
             Mean online_retention loss: 0.0128
          Mean rehearsal_retention loss: 0.0179
                            Mean reward: -155.19
                    Mean episode length: 1838.28
                        Mean action std: 0.01
--------------------------------------------------------------------------------
                         Iteration time: 1.34s
                           Time elapsed: 0:07:18
                                    ETA: 0:09:21

################################################################################
[1m                           Learning iteration 329/750                           [0m 

                               Run name: retention-native-20260908-v50
                            Total steps: 380160 
                       Steps per second: 858 
                        Collection time: 1.174s 
                          Learning time: 0.169s 
                        Mean value loss: 1.8926
                    Mean surrogate loss: 0.6326
             Mean online_retention loss: 0.0217
          Mean rehearsal_retention loss: 0.0231
                            Mean reward: -155.19
                    Mean episode length: 1838.28
                        Mean action std: 0.01
--------------------------------------------------------------------------------
                         Iteration time: 1.34s
                           Time elapsed: 0:07:20
                                    ETA: 0:09:20

################################################################################
[1m                           Learning iteration 330/750                           [0m 

                               Run name: retention-native-20260908-v50
                            Total steps: 381312 
                       Steps per second: 848 
                        Collection time: 1.181s 
                          Learning time: 0.178s 
                        Mean value loss: 11.5779
                    Mean surrogate loss: -0.1011
             Mean online_retention loss: 0.0391
          Mean rehearsal_retention loss: 0.0237
                            Mean reward: -155.19
                    Mean episode length: 1838.28
                        Mean action std: 0.01
--------------------------------------------------------------------------------
                         Iteration time: 1.36s
                           Time elapsed: 0:07:21
                                    ETA: 0:09:18

################################################################################
[1m                           Learning iteration 331/750                           [0m 

                               Run name: retention-native-20260908-v50
                            Total steps: 382464 
                       Steps per second: 851 
                        Collection time: 1.171s 
                          Learning time: 0.181s 
                        Mean value loss: 12.5363
                    Mean surrogate loss: 0.2543
             Mean online_retention loss: 0.0417
          Mean rehearsal_retention loss: 0.0255
                            Mean reward: -155.19
                    Mean episode length: 1838.28
                        Mean action std: 0.02
--------------------------------------------------------------------------------
                         Iteration time: 1.35s
                           Time elapsed: 0:07:22
                                    ETA: 0:09:17

################################################################################
[1m                           Learning iteration 332/750                           [0m 

                               Run name: retention-native-20260908-v50
                            Total steps: 383616 
                       Steps per second: 873 
                        Collection time: 1.155s 
                          Learning time: 0.163s 
                        Mean value loss: 3.7388
                    Mean surrogate loss: 0.2897
             Mean online_retention loss: 0.0258
          Mean rehearsal_retention loss: 0.0290
                            Mean reward: -155.19
                    Mean episode length: 1838.28
                        Mean action std: 0.01
--------------------------------------------------------------------------------
                         Iteration time: 1.32s
                           Time elapsed: 0:07:24
                                    ETA: 0:09:16

################################################################################
[1m                           Learning iteration 333/750                           [0m 

                               Run name: retention-native-20260908-v50
                            Total steps: 384768 
                       Steps per second: 856 
                        Collection time: 1.163s 
                          Learning time: 0.183s 
                        Mean value loss: 3.0708
                    Mean surrogate loss: -0.4396
             Mean online_retention loss: 0.0279
          Mean rehearsal_retention loss: 0.0355
                            Mean reward: -155.19
                    Mean episode length: 1838.28
                        Mean action std: 0.01
--------------------------------------------------------------------------------
                         Iteration time: 1.35s
                           Time elapsed: 0:07:25
                                    ETA: 0:09:14

################################################################################
[1m                           Learning iteration 334/750                           [0m 

                               Run name: retention-native-20260908-v50
                            Total steps: 385920 
                       Steps per second: 864 
                        Collection time: 1.148s 
                          Learning time: 0.184s 
                        Mean value loss: 31.5018
                    Mean surrogate loss: -0.1430
             Mean online_retention loss: 0.0180
          Mean rehearsal_retention loss: 0.0262
                            Mean reward: -155.19
                    Mean episode length: 1838.28
                        Mean action std: 0.01
--------------------------------------------------------------------------------
                         Iteration time: 1.33s
                           Time elapsed: 0:07:26
                                    ETA: 0:09:13

################################################################################
[1m                           Learning iteration 335/750                           [0m 

                               Run name: retention-native-20260908-v50
                            Total steps: 387072 
                       Steps per second: 877 
                        Collection time: 1.148s 
                          Learning time: 0.165s 
                        Mean value loss: 12.1469
                    Mean surrogate loss: 0.2049
             Mean online_retention loss: 0.0175
          Mean rehearsal_retention loss: 0.0237
                            Mean reward: -155.26
                    Mean episode length: 1834.22
                        Mean action std: 0.01
--------------------------------------------------------------------------------
                         Iteration time: 1.31s
                           Time elapsed: 0:07:28
                                    ETA: 0:09:12

################################################################################
[1m                           Learning iteration 336/750                           [0m 

                               Run name: retention-native-20260908-v50
                            Total steps: 388224 
                       Steps per second: 864 
                        Collection time: 1.156s 
                          Learning time: 0.176s 
                        Mean value loss: 1.2886
                    Mean surrogate loss: 0.0965
             Mean online_retention loss: 0.0259
          Mean rehearsal_retention loss: 0.0288
                            Mean reward: -155.26
                    Mean episode length: 1834.22
                        Mean action std: 0.01
--------------------------------------------------------------------------------
                         Iteration time: 1.33s
                           Time elapsed: 0:07:29
                                    ETA: 0:09:10

################################################################################
[1m                           Learning iteration 337/750                           [0m 

                               Run name: retention-native-20260908-v50
                            Total steps: 389376 
                       Steps per second: 869 
                        Collection time: 1.151s 
                          Learning time: 0.174s 
                        Mean value loss: 7.0251
                    Mean surrogate loss: 0.2614
             Mean online_retention loss: 0.0190
          Mean rehearsal_retention loss: 0.0292
                            Mean reward: -155.26
                    Mean episode length: 1834.22
                        Mean action std: 0.01
--------------------------------------------------------------------------------
                         Iteration time: 1.33s
                           Time elapsed: 0:07:30
                                    ETA: 0:09:09

################################################################################
[1m                           Learning iteration 338/750                           [0m 

                               Run name: retention-native-20260908-v50
                            Total steps: 390528 
                       Steps per second: 886 
                        Collection time: 1.142s 
                          Learning time: 0.157s 
                        Mean value loss: 1.4881
                    Mean surrogate loss: -0.2053
             Mean online_retention loss: 0.0258
          Mean rehearsal_retention loss: 0.0312
                            Mean reward: -155.26
                    Mean episode length: 1834.22
                        Mean action std: 0.01
--------------------------------------------------------------------------------
                         Iteration time: 1.30s
                           Time elapsed: 0:07:32
                                    ETA: 0:09:08

################################################################################
[1m                           Learning iteration 339/750                           [0m 

                               Run name: retention-native-20260908-v50
                            Total steps: 391680 
                       Steps per second: 869 
                        Collection time: 1.162s 
                          Learning time: 0.163s 
                        Mean value loss: 225.7016
                    Mean surrogate loss: -0.4271
             Mean online_retention loss: 0.0752
          Mean rehearsal_retention loss: 0.0314
                            Mean reward: -155.26
                    Mean episode length: 1834.22
                        Mean action std: 0.02
--------------------------------------------------------------------------------
                         Iteration time: 1.33s
                           Time elapsed: 0:07:33
                                    ETA: 0:09:06

################################################################################
[1m                           Learning iteration 340/750                           [0m 

                               Run name: retention-native-20260908-v50
                            Total steps: 392832 
                       Steps per second: 864 
                        Collection time: 1.152s 
                          Learning time: 0.180s 
                        Mean value loss: 11.3720
                    Mean surrogate loss: 0.0170
             Mean online_retention loss: 0.0432
          Mean rehearsal_retention loss: 0.0226
                            Mean reward: -155.26
                    Mean episode length: 1834.22
                        Mean action std: 0.04
--------------------------------------------------------------------------------
                         Iteration time: 1.33s
                           Time elapsed: 0:07:34
                                    ETA: 0:09:05

################################################################################
[1m                           Learning iteration 341/750                           [0m 

                               Run name: retention-native-20260908-v50
                            Total steps: 393984 
                       Steps per second: 873 
                        Collection time: 1.144s 
                          Learning time: 0.175s 
                        Mean value loss: 5.9572
                    Mean surrogate loss: 0.0010
             Mean online_retention loss: 0.0245
          Mean rehearsal_retention loss: 0.0201
                            Mean reward: -155.26
                    Mean episode length: 1834.22
                        Mean action std: 0.04
--------------------------------------------------------------------------------
                         Iteration time: 1.32s
                           Time elapsed: 0:07:36
                                    ETA: 0:09:04

################################################################################
[1m                           Learning iteration 342/750                           [0m 

                               Run name: retention-native-20260908-v50
                            Total steps: 395136 
                       Steps per second: 867 
                        Collection time: 1.163s 
                          Learning time: 0.165s 
                        Mean value loss: 5.1369
                    Mean surrogate loss: 0.0337
             Mean online_retention loss: 0.0204
          Mean rehearsal_retention loss: 0.0180
                            Mean reward: -155.26
                    Mean episode length: 1834.22
                        Mean action std: 0.04
--------------------------------------------------------------------------------
                         Iteration time: 1.33s
                           Time elapsed: 0:07:37
                                    ETA: 0:09:02

################################################################################
[1m                           Learning iteration 343/750                           [0m 

                               Run name: retention-native-20260908-v50
                            Total steps: 396288 
                       Steps per second: 870 
                        Collection time: 1.160s 
                          Learning time: 0.164s 
                        Mean value loss: 5.1049
                    Mean surrogate loss: -0.0928
             Mean online_retention loss: 0.0185
          Mean rehearsal_retention loss: 0.0161
                            Mean reward: -155.26
                    Mean episode length: 1834.22
                        Mean action std: 0.04
--------------------------------------------------------------------------------
                         Iteration time: 1.32s
                           Time elapsed: 0:07:38
                                    ETA: 0:09:01

################################################################################
[1m                           Learning iteration 344/750                           [0m 

                               Run name: retention-native-20260908-v50
                            Total steps: 397440 
                       Steps per second: 878 
                        Collection time: 1.140s 
                          Learning time: 0.171s 
                        Mean value loss: 3.9963
                    Mean surrogate loss: -0.0179
             Mean online_retention loss: 0.0193
          Mean rehearsal_retention loss: 0.0170
                            Mean reward: -155.26
                    Mean episode length: 1834.22
                        Mean action std: 0.04
--------------------------------------------------------------------------------
                         Iteration time: 1.31s
                           Time elapsed: 0:07:39
                                    ETA: 0:08:59

################################################################################
[1m                           Learning iteration 345/750                           [0m 

                               Run name: retention-native-20260908-v50
                            Total steps: 398592 
                       Steps per second: 868 
                        Collection time: 1.150s 
                          Learning time: 0.177s 
                        Mean value loss: 3.2494
                    Mean surrogate loss: -0.0357
             Mean online_retention loss: 0.0198
          Mean rehearsal_retention loss: 0.0174
                            Mean reward: -155.26
                    Mean episode length: 1834.22
                        Mean action std: 0.04
--------------------------------------------------------------------------------
                         Iteration time: 1.33s
                           Time elapsed: 0:07:41
                                    ETA: 0:08:58

################################################################################
[1m                           Learning iteration 346/750                           [0m 

                               Run name: retention-native-20260908-v50
                            Total steps: 399744 
                       Steps per second: 873 
                        Collection time: 1.153s 
                          Learning time: 0.165s 
                        Mean value loss: 9.2785
                    Mean surrogate loss: -0.0455
             Mean online_retention loss: 0.0179
          Mean rehearsal_retention loss: 0.0170
                            Mean reward: -155.26
                    Mean episode length: 1834.22
                        Mean action std: 0.04
--------------------------------------------------------------------------------
                         Iteration time: 1.32s
                           Time elapsed: 0:07:42
                                    ETA: 0:08:57

################################################################################
[1m                           Learning iteration 347/750                           [0m 

                               Run name: retention-native-20260908-v50
                            Total steps: 400896 
                       Steps per second: 881 
                        Collection time: 1.140s 
                          Learning time: 0.166s 
                        Mean value loss: 3.4647
                    Mean surrogate loss: 0.0073
             Mean online_retention loss: 0.0173
          Mean rehearsal_retention loss: 0.0178
                            Mean reward: -155.26
                    Mean episode length: 1834.22
                        Mean action std: 0.04
--------------------------------------------------------------------------------
                         Iteration time: 1.31s
                           Time elapsed: 0:07:43
                                    ETA: 0:08:55

################################################################################
[1m                           Learning iteration 348/750                           [0m 

                               Run name: retention-native-20260908-v50
                            Total steps: 402048 
                       Steps per second: 870 
                        Collection time: 1.149s 
                          Learning time: 0.175s 
                        Mean value loss: 3.3435
                    Mean surrogate loss: -0.0206
             Mean online_retention loss: 0.0181
          Mean rehearsal_retention loss: 0.0173
                            Mean reward: -155.26
                    Mean episode length: 1834.22
                        Mean action std: 0.04
--------------------------------------------------------------------------------
                         Iteration time: 1.32s
                           Time elapsed: 0:07:45
                                    ETA: 0:08:54

################################################################################
[1m                           Learning iteration 349/750                           [0m 

                               Run name: retention-native-20260908-v50
                            Total steps: 403200 
                       Steps per second: 843 
                        Collection time: 1.189s 
                          Learning time: 0.177s 
                        Mean value loss: 3.6733
                    Mean surrogate loss: 0.0539
             Mean online_retention loss: 0.0193
          Mean rehearsal_retention loss: 0.0184
                            Mean reward: -155.26
                    Mean episode length: 1834.22
                        Mean action std: 0.04
--------------------------------------------------------------------------------
                         Iteration time: 1.37s
                           Time elapsed: 0:07:46
                                    ETA: 0:08:53

################################################################################
[1m                           Learning iteration 350/750                           [0m 

                               Run name: retention-native-20260908-v50
                            Total steps: 404352 
                       Steps per second: 864 
                        Collection time: 1.167s 
                          Learning time: 0.165s 
                        Mean value loss: 3.2827
                    Mean surrogate loss: 0.0431
             Mean online_retention loss: 0.0172
          Mean rehearsal_retention loss: 0.0164
                            Mean reward: -155.26
                    Mean episode length: 1834.22
                        Mean action std: 0.04
--------------------------------------------------------------------------------
                         Iteration time: 1.33s
                           Time elapsed: 0:07:47
                                    ETA: 0:08:51

################################################################################
[1m                           Learning iteration 351/750                           [0m 

                               Run name: retention-native-20260908-v50
                            Total steps: 405504 
                       Steps per second: 873 
                        Collection time: 1.143s 
                          Learning time: 0.176s 
                        Mean value loss: 21.0123
                    Mean surrogate loss: -0.1208
             Mean online_retention loss: 0.0158
          Mean rehearsal_retention loss: 0.0146
                            Mean reward: -155.26
                    Mean episode length: 1834.22
                        Mean action std: 0.04
--------------------------------------------------------------------------------
                         Iteration time: 1.32s
                           Time elapsed: 0:07:49
                                    ETA: 0:08:50

################################################################################
[1m                           Learning iteration 352/750                           [0m 

                               Run name: retention-native-20260908-v50
                            Total steps: 406656 
                       Steps per second: 878 
                        Collection time: 1.136s 
                          Learning time: 0.175s 
                        Mean value loss: 3.0268
                    Mean surrogate loss: -0.0173
             Mean online_retention loss: 0.0180
          Mean rehearsal_retention loss: 0.0171
                            Mean reward: -155.26
                    Mean episode length: 1834.22
                        Mean action std: 0.04
--------------------------------------------------------------------------------
                         Iteration time: 1.31s
                           Time elapsed: 0:07:50
                                    ETA: 0:08:49

################################################################################
[1m                           Learning iteration 353/750                           [0m 

                               Run name: retention-native-20260908-v50
                            Total steps: 407808 
                       Steps per second: 877 
                        Collection time: 1.135s 
                          Learning time: 0.178s 
                        Mean value loss: 16.1813
                    Mean surrogate loss: -0.0879
             Mean online_retention loss: 0.0177
          Mean rehearsal_retention loss: 0.0160
                            Mean reward: -155.26
                    Mean episode length: 1834.22
                        Mean action std: 0.04
--------------------------------------------------------------------------------
                         Iteration time: 1.31s
                           Time elapsed: 0:07:51
                                    ETA: 0:08:47

################################################################################
[1m                           Learning iteration 354/750                           [0m 

                               Run name: retention-native-20260908-v50
                            Total steps: 408960 
                       Steps per second: 873 
                        Collection time: 1.152s 
                          Learning time: 0.166s 
                        Mean value loss: 7.7368
                    Mean surrogate loss: -0.1143
             Mean online_retention loss: 0.0161
          Mean rehearsal_retention loss: 0.0146
                            Mean reward: -155.26
                    Mean episode length: 1834.22
                        Mean action std: 0.04
--------------------------------------------------------------------------------
                         Iteration time: 1.32s
                           Time elapsed: 0:07:53
                                    ETA: 0:08:46

################################################################################
[1m                           Learning iteration 355/750                           [0m 

                               Run name: retention-native-20260908-v50
                            Total steps: 410112 
                       Steps per second: 860 
                        Collection time: 1.145s 
                          Learning time: 0.194s 
                        Mean value loss: 62.4184
                    Mean surrogate loss: -0.1164
             Mean online_retention loss: 0.0126
          Mean rehearsal_retention loss: 0.0104
                            Mean reward: -155.18
                    Mean episode length: 1815.24
                        Mean action std: 0.04
--------------------------------------------------------------------------------
                         Iteration time: 1.34s
                           Time elapsed: 0:07:54
                                    ETA: 0:08:45

################################################################################
[1m                           Learning iteration 356/750                           [0m 

                               Run name: retention-native-20260908-v50
                            Total steps: 411264 
                       Steps per second: 886 
                        Collection time: 1.133s 
                          Learning time: 0.167s 
                        Mean value loss: 30.0850
                    Mean surrogate loss: -0.1245
             Mean online_retention loss: 0.0115
          Mean rehearsal_retention loss: 0.0100
                            Mean reward: -155.18
                    Mean episode length: 1815.24
                        Mean action std: 0.03
--------------------------------------------------------------------------------
                         Iteration time: 1.30s
                           Time elapsed: 0:07:55
                                    ETA: 0:08:43

################################################################################
[1m                           Learning iteration 357/750                           [0m 

                               Run name: retention-native-20260908-v50
                            Total steps: 412416 
                       Steps per second: 869 
                        Collection time: 1.141s 
                          Learning time: 0.183s 
                        Mean value loss: 90.0443
                    Mean surrogate loss: -0.0822
             Mean online_retention loss: 0.0091
          Mean rehearsal_retention loss: 0.0082
                            Mean reward: -158.64
                    Mean episode length: 1852.31
                        Mean action std: 0.03
--------------------------------------------------------------------------------
                         Iteration time: 1.32s
                           Time elapsed: 0:07:57
                                    ETA: 0:08:42

################################################################################
[1m                           Learning iteration 358/750                           [0m 

                               Run name: retention-native-20260908-v50
                            Total steps: 413568 
                       Steps per second: 882 
                        Collection time: 1.139s 
                          Learning time: 0.167s 
                        Mean value loss: 18.0584
                    Mean surrogate loss: -0.0423
             Mean online_retention loss: 0.0098
          Mean rehearsal_retention loss: 0.0095
                            Mean reward: -158.64
                    Mean episode length: 1852.31
                        Mean action std: 0.03
--------------------------------------------------------------------------------
                         Iteration time: 1.31s
                           Time elapsed: 0:07:58
                                    ETA: 0:08:41

################################################################################
[1m                           Learning iteration 359/750                           [0m 

                               Run name: retention-native-20260908-v50
                            Total steps: 414720 
                       Steps per second: 877 
                        Collection time: 1.148s 
                          Learning time: 0.164s 
                        Mean value loss: 10.1672
                    Mean surrogate loss: -0.0656
             Mean online_retention loss: 0.0121
          Mean rehearsal_retention loss: 0.0124
                            Mean reward: -158.64
                    Mean episode length: 1852.31
                        Mean action std: 0.04
--------------------------------------------------------------------------------
                         Iteration time: 1.31s
                           Time elapsed: 0:07:59
                                    ETA: 0:08:39

################################################################################
[1m                           Learning iteration 360/750                           [0m 

                               Run name: retention-native-20260908-v50
                            Total steps: 415872 
                       Steps per second: 877 
                        Collection time: 1.143s 
                          Learning time: 0.171s 
                        Mean value loss: 7.7243
                    Mean surrogate loss: -0.0967
             Mean online_retention loss: 0.0127
          Mean rehearsal_retention loss: 0.0145
                            Mean reward: -158.64
                    Mean episode length: 1852.31
                        Mean action std: 0.04
--------------------------------------------------------------------------------
                         Iteration time: 1.31s
                           Time elapsed: 0:08:01
                                    ETA: 0:08:38

################################################################################
[1m                           Learning iteration 361/750                           [0m 

                               Run name: retention-native-20260908-v50
                            Total steps: 417024 
                       Steps per second: 863 
                        Collection time: 1.155s 
                          Learning time: 0.179s 
                        Mean value loss: 16.2692
                    Mean surrogate loss: -0.0579
             Mean online_retention loss: 0.0162
          Mean rehearsal_retention loss: 0.0134
                            Mean reward: -158.64
                    Mean episode length: 1852.31
                        Mean action std: 0.04
--------------------------------------------------------------------------------
                         Iteration time: 1.33s
                           Time elapsed: 0:08:02
                                    ETA: 0:08:37

################################################################################
[1m                           Learning iteration 362/750                           [0m 

                               Run name: retention-native-20260908-v50
                            Total steps: 418176 
                       Steps per second: 857 
                        Collection time: 1.166s 
                          Learning time: 0.177s 
                        Mean value loss: 3.0101
                    Mean surrogate loss: -0.0412
             Mean online_retention loss: 0.0147
          Mean rehearsal_retention loss: 0.0143
                            Mean reward: -158.64
                    Mean episode length: 1852.31
                        Mean action std: 0.04
--------------------------------------------------------------------------------
                         Iteration time: 1.34s
                           Time elapsed: 0:08:03
                                    ETA: 0:08:35

################################################################################
[1m                           Learning iteration 363/750                           [0m 

                               Run name: retention-native-20260908-v50
                            Total steps: 419328 
                       Steps per second: 882 
                        Collection time: 1.154s 
                          Learning time: 0.152s 
                        Mean value loss: 17.9379
                    Mean surrogate loss: -0.1274
             Mean online_retention loss: 0.0124
          Mean rehearsal_retention loss: 0.0117
                            Mean reward: -158.64
                    Mean episode length: 1852.31
                        Mean action std: 0.04
--------------------------------------------------------------------------------
                         Iteration time: 1.31s
                           Time elapsed: 0:08:05
                                    ETA: 0:08:34

################################################################################
[1m                           Learning iteration 364/750                           [0m 

                               Run name: retention-native-20260908-v50
                            Total steps: 420480 
                       Steps per second: 868 
                        Collection time: 1.149s 
                          Learning time: 0.178s 
                        Mean value loss: 90.6372
                    Mean surrogate loss: -0.1791
             Mean online_retention loss: 0.0178
          Mean rehearsal_retention loss: 0.0126
                            Mean reward: -158.76
                    Mean episode length: 1833.77
                        Mean action std: 0.03
--------------------------------------------------------------------------------
                         Iteration time: 1.33s
                           Time elapsed: 0:08:06
                                    ETA: 0:08:33

################################################################################
[1m                           Learning iteration 365/750                           [0m 

                               Run name: retention-native-20260908-v50
                            Total steps: 421632 
                       Steps per second: 881 
                        Collection time: 1.134s 
                          Learning time: 0.173s 
                        Mean value loss: 60.9111
                    Mean surrogate loss: 0.6198
             Mean online_retention loss: 0.0218
          Mean rehearsal_retention loss: 0.0186
                            Mean reward: -158.76
                    Mean episode length: 1833.77
                        Mean action std: 0.01
--------------------------------------------------------------------------------
                         Iteration time: 1.31s
                           Time elapsed: 0:08:07
                                    ETA: 0:08:31

################################################################################
[1m                           Learning iteration 366/750                           [0m 

                               Run name: retention-native-20260908-v50
                            Total steps: 422784 
                       Steps per second: 848 
                        Collection time: 1.177s 
                          Learning time: 0.180s 
                        Mean value loss: 7.5031
                    Mean surrogate loss: 0.2471
             Mean online_retention loss: 0.0207
          Mean rehearsal_retention loss: 0.0220
                            Mean reward: -158.76
                    Mean episode length: 1833.77
                        Mean action std: 0.01
--------------------------------------------------------------------------------
                         Iteration time: 1.36s
                           Time elapsed: 0:08:09
                                    ETA: 0:08:30

################################################################################
[1m                           Learning iteration 367/750                           [0m 

                               Run name: retention-native-20260908-v50
                            Total steps: 423936 
                       Steps per second: 869 
                        Collection time: 1.162s 
                          Learning time: 0.164s 
                        Mean value loss: 246.9633
                    Mean surrogate loss: -0.1266
             Mean online_retention loss: 0.0137
          Mean rehearsal_retention loss: 0.0169
                            Mean reward: -151.62
                    Mean episode length: 1944.86
                        Mean action std: 0.01
--------------------------------------------------------------------------------
                         Iteration time: 1.33s
                           Time elapsed: 0:08:10
                                    ETA: 0:08:29

################################################################################
[1m                           Learning iteration 368/750                           [0m 

                               Run name: retention-native-20260908-v50
                            Total steps: 425088 
                       Steps per second: 860 
                        Collection time: 1.161s 
                          Learning time: 0.178s 
                        Mean value loss: 50.8751
                    Mean surrogate loss: 0.1318
             Mean online_retention loss: 0.0430
          Mean rehearsal_retention loss: 0.0170
                            Mean reward: -151.62
                    Mean episode length: 1944.86
                        Mean action std: 0.01
--------------------------------------------------------------------------------
                         Iteration time: 1.34s
                           Time elapsed: 0:08:11
                                    ETA: 0:08:27

################################################################################
[1m                           Learning iteration 369/750                           [0m 

                               Run name: retention-native-20260908-v50
                            Total steps: 426240 
                       Steps per second: 843 
                        Collection time: 1.189s 
                          Learning time: 0.177s 
                        Mean value loss: 8.0308
                    Mean surrogate loss: -0.0901
             Mean online_retention loss: 0.0397
          Mean rehearsal_retention loss: 0.0200
                            Mean reward: -151.62
                    Mean episode length: 1944.86
                        Mean action std: 0.01
--------------------------------------------------------------------------------
                         Iteration time: 1.37s
                           Time elapsed: 0:08:13
                                    ETA: 0:08:26

################################################################################
[1m                           Learning iteration 370/750                           [0m 

                               Run name: retention-native-20260908-v50
                            Total steps: 427392 
                       Steps per second: 868 
                        Collection time: 1.156s 
                          Learning time: 0.170s 
                        Mean value loss: 87.7862
                    Mean surrogate loss: -0.0647
             Mean online_retention loss: 0.0150
          Mean rehearsal_retention loss: 0.0153
                            Mean reward: -151.62
                    Mean episode length: 1944.86
                        Mean action std: 0.01
--------------------------------------------------------------------------------
                         Iteration time: 1.33s
                           Time elapsed: 0:08:14
                                    ETA: 0:08:25

################################################################################
[1m                           Learning iteration 371/750                           [0m 

                               Run name: retention-native-20260908-v50
                            Total steps: 428544 
                       Steps per second: 860 
                        Collection time: 1.162s 
                          Learning time: 0.177s 
                        Mean value loss: 7.4093
                    Mean surrogate loss: 0.0474
             Mean online_retention loss: 0.0155
          Mean rehearsal_retention loss: 0.0173
                            Mean reward: -152.01
                    Mean episode length: 1953.59
                        Mean action std: 0.01
--------------------------------------------------------------------------------
                         Iteration time: 1.34s
                           Time elapsed: 0:08:15
                                    ETA: 0:08:23

################################################################################
[1m                           Learning iteration 372/750                           [0m 

                               Run name: retention-native-20260908-v50
                            Total steps: 429696 
                       Steps per second: 873 
                        Collection time: 1.140s 
                          Learning time: 0.179s 
                        Mean value loss: 86.1465
                    Mean surrogate loss: -0.1095
             Mean online_retention loss: 0.0136
          Mean rehearsal_retention loss: 0.0146
                            Mean reward: -152.01
                    Mean episode length: 1953.59
                        Mean action std: 0.01
--------------------------------------------------------------------------------
                         Iteration time: 1.32s
                           Time elapsed: 0:08:17
                                    ETA: 0:08:22

################################################################################
[1m                           Learning iteration 373/750                           [0m 

                               Run name: retention-native-20260908-v50
                            Total steps: 430848 
                       Steps per second: 873 
                        Collection time: 1.153s 
                          Learning time: 0.167s 
                        Mean value loss: 9.8222
                    Mean surrogate loss: 0.0755
             Mean online_retention loss: 0.0148
          Mean rehearsal_retention loss: 0.0171
                            Mean reward: -152.26
                    Mean episode length: 1948.11
                        Mean action std: 0.01
--------------------------------------------------------------------------------
                         Iteration time: 1.32s
                           Time elapsed: 0:08:18
                                    ETA: 0:08:21

################################################################################
[1m                           Learning iteration 374/750                           [0m 

                               Run name: retention-native-20260908-v50
                            Total steps: 432000 
                       Steps per second: 856 
                        Collection time: 1.162s 
                          Learning time: 0.183s 
                        Mean value loss: 2.0686
                    Mean surrogate loss: 0.1041
             Mean online_retention loss: 0.0204
          Mean rehearsal_retention loss: 0.0264
                            Mean reward: 61.11
                    Mean episode length: 4225.28
                        Mean action std: 0.01
--------------------------------------------------------------------------------
                         Iteration time: 1.35s
                           Time elapsed: 0:08:19
                                    ETA: 0:08:19

################################################################################
[1m                           Learning iteration 375/750                           [0m 

                               Run name: retention-native-20260908-v50
                            Total steps: 433152 
                       Steps per second: 900 
                        Collection time: 1.115s 
                          Learning time: 0.164s 
                        Mean value loss: 136.6341
                    Mean surrogate loss: 0.6725
             Mean online_retention loss: 0.0217
          Mean rehearsal_retention loss: 0.0264
                            Mean reward: 61.11
                    Mean episode length: 4225.28
                        Mean action std: 0.02
--------------------------------------------------------------------------------
                         Iteration time: 1.28s
                           Time elapsed: 0:08:21
                                    ETA: 0:08:18

################################################################################
[1m                           Learning iteration 376/750                           [0m 

                               Run name: retention-native-20260908-v50
                            Total steps: 434304 
                       Steps per second: 882 
                        Collection time: 1.142s 
                          Learning time: 0.164s 
                        Mean value loss: 3.6083
                    Mean surrogate loss: -0.0414
             Mean online_retention loss: 0.0299
          Mean rehearsal_retention loss: 0.0337
                            Mean reward: 61.11
                    Mean episode length: 4225.28
                        Mean action std: 0.02
--------------------------------------------------------------------------------
                         Iteration time: 1.31s
                           Time elapsed: 0:08:22
                                    ETA: 0:08:17

################################################################################
[1m                           Learning iteration 377/750                           [0m 

                               Run name: retention-native-20260908-v50
                            Total steps: 435456 
                       Steps per second: 872 
                        Collection time: 1.160s 
                          Learning time: 0.160s 
                        Mean value loss: 68.1730
                    Mean surrogate loss: -0.0817
             Mean online_retention loss: 0.0494
          Mean rehearsal_retention loss: 0.0216
                            Mean reward: 61.11
                    Mean episode length: 4225.28
                        Mean action std: 0.04
--------------------------------------------------------------------------------
                         Iteration time: 1.32s
                           Time elapsed: 0:08:23
                                    ETA: 0:08:15

################################################################################
[1m                           Learning iteration 378/750                           [0m 

                               Run name: retention-native-20260908-v50
                            Total steps: 436608 
                       Steps per second: 882 
                        Collection time: 1.136s 
                          Learning time: 0.169s 
                        Mean value loss: 3.8617
                    Mean surrogate loss: -0.0405
             Mean online_retention loss: 0.0188
          Mean rehearsal_retention loss: 0.0210
                            Mean reward: 61.11
                    Mean episode length: 4225.28
                        Mean action std: 0.04
--------------------------------------------------------------------------------
                         Iteration time: 1.30s
                           Time elapsed: 0:08:24
                                    ETA: 0:08:14

################################################################################
[1m                           Learning iteration 379/750                           [0m 

                               Run name: retention-native-20260908-v50
                            Total steps: 437760 
                       Steps per second: 872 
                        Collection time: 1.144s 
                          Learning time: 0.176s 
                        Mean value loss: 2.7795
                    Mean surrogate loss: 0.0413
             Mean online_retention loss: 0.0168
          Mean rehearsal_retention loss: 0.0213
                            Mean reward: 61.11
                    Mean episode length: 4225.28
                        Mean action std: 0.04
--------------------------------------------------------------------------------
                         Iteration time: 1.32s
                           Time elapsed: 0:08:26
                                    ETA: 0:08:12

################################################################################
[1m                           Learning iteration 380/750                           [0m 

                               Run name: retention-native-20260908-v50
                            Total steps: 438912 
                       Steps per second: 873 
                        Collection time: 1.145s 
                          Learning time: 0.174s 
                        Mean value loss: 2.4382
                    Mean surrogate loss: 0.0131
             Mean online_retention loss: 0.0159
          Mean rehearsal_retention loss: 0.0197
                            Mean reward: 61.11
                    Mean episode length: 4225.28
                        Mean action std: 0.04
--------------------------------------------------------------------------------
                         Iteration time: 1.32s
                           Time elapsed: 0:08:27
                                    ETA: 0:08:11

################################################################################
[1m                           Learning iteration 381/750                           [0m 

                               Run name: retention-native-20260908-v50
                            Total steps: 440064 
                       Steps per second: 863 
                        Collection time: 1.159s 
                          Learning time: 0.176s 
                        Mean value loss: 1.9006
                    Mean surrogate loss: -0.0077
             Mean online_retention loss: 0.0161
          Mean rehearsal_retention loss: 0.0200
                            Mean reward: 61.11
                    Mean episode length: 4225.28
                        Mean action std: 0.04
--------------------------------------------------------------------------------
                         Iteration time: 1.33s
                           Time elapsed: 0:08:28
                                    ETA: 0:08:10

################################################################################
[1m                           Learning iteration 382/750                           [0m 

                               Run name: retention-native-20260908-v50
                            Total steps: 441216 
                       Steps per second: 879 
                        Collection time: 1.146s 
                          Learning time: 0.164s 
                        Mean value loss: 1.5687
                    Mean surrogate loss: -0.0151
             Mean online_retention loss: 0.0156
          Mean rehearsal_retention loss: 0.0194
                            Mean reward: 61.11
                    Mean episode length: 4225.28
                        Mean action std: 0.04
--------------------------------------------------------------------------------
                         Iteration time: 1.31s
                           Time elapsed: 0:08:30
                                    ETA: 0:08:08

################################################################################
[1m                           Learning iteration 383/750                           [0m 

                               Run name: retention-native-20260908-v50
                            Total steps: 442368 
                       Steps per second: 874 
                        Collection time: 1.144s 
                          Learning time: 0.174s 
                        Mean value loss: 3.9551
                    Mean surrogate loss: -0.0131
             Mean online_retention loss: 0.0151
          Mean rehearsal_retention loss: 0.0188
                            Mean reward: 61.11
                    Mean episode length: 4225.28
                        Mean action std: 0.04
--------------------------------------------------------------------------------
                         Iteration time: 1.32s
                           Time elapsed: 0:08:31
                                    ETA: 0:08:07

################################################################################
[1m                           Learning iteration 384/750                           [0m 

                               Run name: retention-native-20260908-v50
                            Total steps: 443520 
                       Steps per second: 870 
                        Collection time: 1.150s 
                          Learning time: 0.174s 
                        Mean value loss: 14.4720
                    Mean surrogate loss: -0.1523
             Mean online_retention loss: 0.0124
          Mean rehearsal_retention loss: 0.0156
                            Mean reward: 61.11
                    Mean episode length: 4225.28
                        Mean action std: 0.04
--------------------------------------------------------------------------------
                         Iteration time: 1.32s
                           Time elapsed: 0:08:32
                                    ETA: 0:08:06

################################################################################
[1m                           Learning iteration 385/750                           [0m 

                               Run name: retention-native-20260908-v50
                            Total steps: 444672 
                       Steps per second: 880 
                        Collection time: 1.144s 
                          Learning time: 0.165s 
                        Mean value loss: 29.8359
                    Mean surrogate loss: -0.0332
             Mean online_retention loss: 0.0085
          Mean rehearsal_retention loss: 0.0108
                            Mean reward: 59.03
                    Mean episode length: 4189.07
                        Mean action std: 0.04
--------------------------------------------------------------------------------
                         Iteration time: 1.31s
                           Time elapsed: 0:08:34
                                    ETA: 0:08:04

################################################################################
[1m                           Learning iteration 386/750                           [0m 

                               Run name: retention-native-20260908-v50
                            Total steps: 445824 
                       Steps per second: 873 
                        Collection time: 1.154s 
                          Learning time: 0.165s 
                        Mean value loss: 6.0680
                    Mean surrogate loss: 0.0172
             Mean online_retention loss: 0.0096
          Mean rehearsal_retention loss: 0.0129
                            Mean reward: 59.03
                    Mean episode length: 4189.07
                        Mean action std: 0.03
--------------------------------------------------------------------------------
                         Iteration time: 1.32s
                           Time elapsed: 0:08:35
                                    ETA: 0:08:03

################################################################################
[1m                           Learning iteration 387/750                           [0m 

                               Run name: retention-native-20260908-v50
                            Total steps: 446976 
                       Steps per second: 877 
                        Collection time: 1.142s 
                          Learning time: 0.171s 
                        Mean value loss: 10.3345
                    Mean surrogate loss: 0.0264
             Mean online_retention loss: 0.0091
          Mean rehearsal_retention loss: 0.0126
                            Mean reward: 59.03
                    Mean episode length: 4189.07
                        Mean action std: 0.03
--------------------------------------------------------------------------------
                         Iteration time: 1.31s
                           Time elapsed: 0:08:36
                                    ETA: 0:08:02

################################################################################
[1m                           Learning iteration 388/750                           [0m 

                               Run name: retention-native-20260908-v50
                            Total steps: 448128 
                       Steps per second: 869 
                        Collection time: 1.148s 
                          Learning time: 0.178s 
                        Mean value loss: 5.8022
                    Mean surrogate loss: -0.0989
             Mean online_retention loss: 0.0090
          Mean rehearsal_retention loss: 0.0122
                            Mean reward: 59.03
                    Mean episode length: 4189.07
                        Mean action std: 0.03
--------------------------------------------------------------------------------
                         Iteration time: 1.33s
                           Time elapsed: 0:08:38
                                    ETA: 0:08:00

################################################################################
[1m                           Learning iteration 389/750                           [0m 

                               Run name: retention-native-20260908-v50
                            Total steps: 449280 
                       Steps per second: 856 
                        Collection time: 1.169s 
                          Learning time: 0.175s 
                        Mean value loss: 6.9115
                    Mean surrogate loss: -0.0169
             Mean online_retention loss: 0.0089
          Mean rehearsal_retention loss: 0.0144
                            Mean reward: 59.03
                    Mean episode length: 4189.07
                        Mean action std: 0.04
--------------------------------------------------------------------------------
                         Iteration time: 1.34s
                           Time elapsed: 0:08:39
                                    ETA: 0:07:59

################################################################################
[1m                           Learning iteration 390/750                           [0m 

                               Run name: retention-native-20260908-v50
                            Total steps: 450432 
                       Steps per second: 884 
                        Collection time: 1.140s 
                          Learning time: 0.163s 
                        Mean value loss: 1.8362
                    Mean surrogate loss: -0.0259
             Mean online_retention loss: 0.0128
          Mean rehearsal_retention loss: 0.0207
                            Mean reward: 59.03
                    Mean episode length: 4189.07
                        Mean action std: 0.04
--------------------------------------------------------------------------------
                         Iteration time: 1.30s
                           Time elapsed: 0:08:40
                                    ETA: 0:07:58

################################################################################
[1m                           Learning iteration 391/750                           [0m 

                               Run name: retention-native-20260908-v50
                            Total steps: 451584 
                       Steps per second: 867 
                        Collection time: 1.146s 
                          Learning time: 0.181s 
                        Mean value loss: 6.6830
                    Mean surrogate loss: -0.0250
             Mean online_retention loss: 0.0121
          Mean rehearsal_retention loss: 0.0180
                            Mean reward: 59.03
                    Mean episode length: 4189.07
                        Mean action std: 0.04
--------------------------------------------------------------------------------
                         Iteration time: 1.33s
                           Time elapsed: 0:08:42
                                    ETA: 0:07:56

################################################################################
[1m                           Learning iteration 392/750                           [0m 

                               Run name: retention-native-20260908-v50
                            Total steps: 452736 
                       Steps per second: 876 
                        Collection time: 1.145s 
                          Learning time: 0.170s 
                        Mean value loss: 11.5676
                    Mean surrogate loss: -0.1258
             Mean online_retention loss: 0.0101
          Mean rehearsal_retention loss: 0.0142
                            Mean reward: 59.03
                    Mean episode length: 4189.07
                        Mean action std: 0.04
--------------------------------------------------------------------------------
                         Iteration time: 1.31s
                           Time elapsed: 0:08:43
                                    ETA: 0:07:55

################################################################################
[1m                           Learning iteration 393/750                           [0m 

                               Run name: retention-native-20260908-v50
                            Total steps: 453888 
                       Steps per second: 878 
                        Collection time: 1.154s 
                          Learning time: 0.157s 
                        Mean value loss: 57.0545
                    Mean surrogate loss: -0.1145
             Mean online_retention loss: 0.0083
          Mean rehearsal_retention loss: 0.0121
                            Mean reward: 56.80
                    Mean episode length: 4153.48
                        Mean action std: 0.04
--------------------------------------------------------------------------------
                         Iteration time: 1.31s
                           Time elapsed: 0:08:44
                                    ETA: 0:07:54

################################################################################
[1m                           Learning iteration 394/750                           [0m 

                               Run name: retention-native-20260908-v50
                            Total steps: 455040 
                       Steps per second: 879 
                        Collection time: 1.153s 
                          Learning time: 0.157s 
                        Mean value loss: 21.1750
                    Mean surrogate loss: 0.0198
             Mean online_retention loss: 0.0066
          Mean rehearsal_retention loss: 0.0105
                            Mean reward: 56.80
                    Mean episode length: 4153.48
                        Mean action std: 0.03
--------------------------------------------------------------------------------
                         Iteration time: 1.31s
                           Time elapsed: 0:08:46
                                    ETA: 0:07:52

################################################################################
[1m                           Learning iteration 395/750                           [0m 

                               Run name: retention-native-20260908-v50
                            Total steps: 456192 
                       Steps per second: 862 
                        Collection time: 1.159s 
                          Learning time: 0.177s 
                        Mean value loss: 33.7585
                    Mean surrogate loss: -0.0769
             Mean online_retention loss: 0.0064
          Mean rehearsal_retention loss: 0.0091
                            Mean reward: 53.59
                    Mean episode length: 4136.72
                        Mean action std: 0.03
--------------------------------------------------------------------------------
                         Iteration time: 1.34s
                           Time elapsed: 0:08:47
                                    ETA: 0:07:51

################################################################################
[1m                           Learning iteration 396/750                           [0m 

                               Run name: retention-native-20260908-v50
                            Total steps: 457344 
                       Steps per second: 862 
                        Collection time: 1.157s 
                          Learning time: 0.178s 
                        Mean value loss: 3.6876
                    Mean surrogate loss: 0.0288
             Mean online_retention loss: 0.0087
          Mean rehearsal_retention loss: 0.0124
                            Mean reward: 53.59
                    Mean episode length: 4136.72
                        Mean action std: 0.03
--------------------------------------------------------------------------------
                         Iteration time: 1.34s
                           Time elapsed: 0:08:48
                                    ETA: 0:07:50

################################################################################
[1m                           Learning iteration 397/750                           [0m 

                               Run name: retention-native-20260908-v50
                            Total steps: 458496 
                       Steps per second: 887 
                        Collection time: 1.134s 
                          Learning time: 0.165s 
                        Mean value loss: 25.6491
                    Mean surrogate loss: -0.1267
             Mean online_retention loss: 0.0081
          Mean rehearsal_retention loss: 0.0138
                            Mean reward: 53.59
                    Mean episode length: 4136.72
                        Mean action std: 0.03
--------------------------------------------------------------------------------
                         Iteration time: 1.30s
                           Time elapsed: 0:08:50
                                    ETA: 0:07:48

################################################################################
[1m                           Learning iteration 398/750                           [0m 

                               Run name: retention-native-20260908-v50
                            Total steps: 459648 
                       Steps per second: 878 
                        Collection time: 1.144s 
                          Learning time: 0.168s 
                        Mean value loss: 18.5916
                    Mean surrogate loss: -0.1398
             Mean online_retention loss: 0.0101
          Mean rehearsal_retention loss: 0.0125
                            Mean reward: 53.59
                    Mean episode length: 4136.72
                        Mean action std: 0.04
--------------------------------------------------------------------------------
                         Iteration time: 1.31s
                           Time elapsed: 0:08:51
                                    ETA: 0:07:47

################################################################################
[1m                           Learning iteration 399/750                           [0m 

                               Run name: retention-native-20260908-v50
                            Total steps: 460800 
                       Steps per second: 879 
                        Collection time: 1.138s 
                          Learning time: 0.173s 
                        Mean value loss: 102.9478
                    Mean surrogate loss: -0.1439
             Mean online_retention loss: 0.0072
          Mean rehearsal_retention loss: 0.0098
                            Mean reward: 53.59
                    Mean episode length: 4136.72
                        Mean action std: 0.04
--------------------------------------------------------------------------------
                         Iteration time: 1.31s
                           Time elapsed: 0:08:52
                                    ETA: 0:07:46

################################################################################
[1m                           Learning iteration 400/750                           [0m 

                               Run name: retention-native-20260908-v50
                            Total steps: 461952 
                       Steps per second: 879 
                        Collection time: 1.136s 
                          Learning time: 0.174s 
                        Mean value loss: 10.8471
                    Mean surrogate loss: 0.0573
             Mean online_retention loss: 0.0072
          Mean rehearsal_retention loss: 0.0116
                            Mean reward: 51.64
                    Mean episode length: 4102.31
                        Mean action std: 0.04
--------------------------------------------------------------------------------
                         Iteration time: 1.31s
                           Time elapsed: 0:08:53
                                    ETA: 0:07:44

################################################################################
[1m                           Learning iteration 401/750                           [0m 

                               Run name: retention-native-20260908-v50
                            Total steps: 463104 
                       Steps per second: 878 
                        Collection time: 1.133s 
                          Learning time: 0.177s 
                        Mean value loss: 4.1139
                    Mean surrogate loss: -0.0661
             Mean online_retention loss: 0.0082
          Mean rehearsal_retention loss: 0.0138
                            Mean reward: 51.64
                    Mean episode length: 4102.31
                        Mean action std: 0.04
--------------------------------------------------------------------------------
                         Iteration time: 1.31s
                           Time elapsed: 0:08:55
                                    ETA: 0:07:43

################################################################################
[1m                           Learning iteration 402/750                           [0m 

                               Run name: retention-native-20260908-v50
                            Total steps: 464256 
                       Steps per second: 883 
                        Collection time: 1.136s 
                          Learning time: 0.168s 
                        Mean value loss: 67.1454
                    Mean surrogate loss: 0.1095
             Mean online_retention loss: 0.0133
          Mean rehearsal_retention loss: 0.0203
                            Mean reward: 51.64
                    Mean episode length: 4102.31
                        Mean action std: 0.02
--------------------------------------------------------------------------------
                         Iteration time: 1.30s
                           Time elapsed: 0:08:56
                                    ETA: 0:07:42

################################################################################
[1m                           Learning iteration 403/750                           [0m 

                               Run name: retention-native-20260908-v50
                            Total steps: 465408 
                       Steps per second: 867 
                        Collection time: 1.163s 
                          Learning time: 0.165s 
                        Mean value loss: 4.9269
                    Mean surrogate loss: 0.6038
             Mean online_retention loss: 0.0162
          Mean rehearsal_retention loss: 0.0312
                            Mean reward: 51.64
                    Mean episode length: 4102.31
                        Mean action std: 0.01
--------------------------------------------------------------------------------
                         Iteration time: 1.33s
                           Time elapsed: 0:08:57
                                    ETA: 0:07:40

################################################################################
[1m                           Learning iteration 404/750                           [0m 

                               Run name: retention-native-20260908-v50
                            Total steps: 466560 
                       Steps per second: 864 
                        Collection time: 1.154s 
                          Learning time: 0.178s 
                        Mean value loss: 0.8372
                    Mean surrogate loss: 0.1647
             Mean online_retention loss: 0.0172
          Mean rehearsal_retention loss: 0.0357
                            Mean reward: 51.64
                    Mean episode length: 4102.31
                        Mean action std: 0.01
--------------------------------------------------------------------------------
                         Iteration time: 1.33s
                           Time elapsed: 0:08:59
                                    ETA: 0:07:39

################################################################################
[1m                           Learning iteration 405/750                           [0m 

                               Run name: retention-native-20260908-v50
                            Total steps: 467712 
                       Steps per second: 873 
                        Collection time: 1.149s 
                          Learning time: 0.171s 
                        Mean value loss: 4.1208
                    Mean surrogate loss: -0.0202
             Mean online_retention loss: 0.0303
          Mean rehearsal_retention loss: 0.0369
                            Mean reward: 51.64
                    Mean episode length: 4102.31
                        Mean action std: 0.01
--------------------------------------------------------------------------------
                         Iteration time: 1.32s
                           Time elapsed: 0:09:00
                                    ETA: 0:07:38

################################################################################
[1m                           Learning iteration 406/750                           [0m 

                               Run name: retention-native-20260908-v50
                            Total steps: 468864 
                       Steps per second: 873 
                        Collection time: 1.155s 
                          Learning time: 0.164s 
                        Mean value loss: 2.0030
                    Mean surrogate loss: 0.0832
             Mean online_retention loss: 0.0378
          Mean rehearsal_retention loss: 0.0385
                            Mean reward: 51.64
                    Mean episode length: 4102.31
                        Mean action std: 0.01
--------------------------------------------------------------------------------
                         Iteration time: 1.32s
                           Time elapsed: 0:09:01
                                    ETA: 0:07:36

################################################################################
[1m                           Learning iteration 407/750                           [0m 

                               Run name: retention-native-20260908-v50
                            Total steps: 470016 
                       Steps per second: 873 
                        Collection time: 1.160s 
                          Learning time: 0.158s 
                        Mean value loss: 8.6962
                    Mean surrogate loss: 0.0384
             Mean online_retention loss: 0.0221
          Mean rehearsal_retention loss: 0.0337
                            Mean reward: 51.64
                    Mean episode length: 4102.31
                        Mean action std: 0.02
--------------------------------------------------------------------------------
                         Iteration time: 1.32s
                           Time elapsed: 0:09:03
                                    ETA: 0:07:35

################################################################################
[1m                           Learning iteration 408/750                           [0m 

                               Run name: retention-native-20260908-v50
                            Total steps: 471168 
                       Steps per second: 875 
                        Collection time: 1.142s 
                          Learning time: 0.173s 
                        Mean value loss: 1.6119
                    Mean surrogate loss: 0.3045
             Mean online_retention loss: 0.0195
          Mean rehearsal_retention loss: 0.0365
                            Mean reward: 51.64
                    Mean episode length: 4102.31
                        Mean action std: 0.01
--------------------------------------------------------------------------------
                         Iteration time: 1.32s
                           Time elapsed: 0:09:04
                                    ETA: 0:07:33

################################################################################
[1m                           Learning iteration 409/750                           [0m 

                               Run name: retention-native-20260908-v50
                            Total steps: 472320 
                       Steps per second: 860 
                        Collection time: 1.164s 
                          Learning time: 0.175s 
                        Mean value loss: 0.8519
                    Mean surrogate loss: -0.1399
             Mean online_retention loss: 0.0197
          Mean rehearsal_retention loss: 0.0437
                            Mean reward: 51.64
                    Mean episode length: 4102.31
                        Mean action std: 0.01
--------------------------------------------------------------------------------
                         Iteration time: 1.34s
                           Time elapsed: 0:09:05
                                    ETA: 0:07:32

################################################################################
[1m                           Learning iteration 410/750                           [0m 

                               Run name: retention-native-20260908-v50
                            Total steps: 473472 
                       Steps per second: 887 
                        Collection time: 1.132s 
                          Learning time: 0.165s 
                        Mean value loss: 0.9064
                    Mean surrogate loss: 0.1849
             Mean online_retention loss: 0.0228
          Mean rehearsal_retention loss: 0.0459
                            Mean reward: 51.64
                    Mean episode length: 4102.31
                        Mean action std: 0.02
--------------------------------------------------------------------------------
                         Iteration time: 1.30s
                           Time elapsed: 0:09:07
                                    ETA: 0:07:31

################################################################################
[1m                           Learning iteration 411/750                           [0m 

                               Run name: retention-native-20260908-v50
                            Total steps: 474624 
                       Steps per second: 883 
                        Collection time: 1.137s 
                          Learning time: 0.168s 
                        Mean value loss: 0.9049
                    Mean surrogate loss: 0.2249
             Mean online_retention loss: 0.0238
          Mean rehearsal_retention loss: 0.0487
                            Mean reward: 51.64
                    Mean episode length: 4102.31
                        Mean action std: 0.01
--------------------------------------------------------------------------------
                         Iteration time: 1.30s
                           Time elapsed: 0:09:08
                                    ETA: 0:07:29

################################################################################
[1m                           Learning iteration 412/750                           [0m 

                               Run name: retention-native-20260908-v50
                            Total steps: 475776 
                       Steps per second: 879 
                        Collection time: 1.130s 
                          Learning time: 0.180s 
                        Mean value loss: 13.5218
                    Mean surrogate loss: -0.0739
             Mean online_retention loss: 0.0152
          Mean rehearsal_retention loss: 0.0383
                            Mean reward: 51.64
                    Mean episode length: 4102.31
                        Mean action std: 0.01
--------------------------------------------------------------------------------
                         Iteration time: 1.31s
                           Time elapsed: 0:09:09
                                    ETA: 0:07:28

################################################################################
[1m                           Learning iteration 413/750                           [0m 

                               Run name: retention-native-20260908-v50
                            Total steps: 476928 
                       Steps per second: 886 
                        Collection time: 1.128s 
                          Learning time: 0.171s 
                        Mean value loss: 7.6823
                    Mean surrogate loss: -0.1574
             Mean online_retention loss: 0.0119
          Mean rehearsal_retention loss: 0.0278
                            Mean reward: 51.64
                    Mean episode length: 4102.31
                        Mean action std: 0.02
--------------------------------------------------------------------------------
                         Iteration time: 1.30s
                           Time elapsed: 0:09:11
                                    ETA: 0:07:27

################################################################################
[1m                           Learning iteration 414/750                           [0m 

                               Run name: retention-native-20260908-v50
                            Total steps: 478080 
                       Steps per second: 864 
                        Collection time: 1.162s 
                          Learning time: 0.170s 
                        Mean value loss: 360.0792
                    Mean surrogate loss: -0.5191
             Mean online_retention loss: 0.0589
          Mean rehearsal_retention loss: 0.0266
                            Mean reward: 51.75
                    Mean episode length: 4102.43
                        Mean action std: 0.02
--------------------------------------------------------------------------------
                         Iteration time: 1.33s
                           Time elapsed: 0:09:12
                                    ETA: 0:07:25

################################################################################
[1m                           Learning iteration 415/750                           [0m 

                               Run name: retention-native-20260908-v50
                            Total steps: 479232 
                       Steps per second: 885 
                        Collection time: 1.132s 
                          Learning time: 0.169s 
                        Mean value loss: 9.2848
                    Mean surrogate loss: 0.0300
             Mean online_retention loss: 0.0406
          Mean rehearsal_retention loss: 0.0221
                            Mean reward: 51.75
                    Mean episode length: 4102.43
                        Mean action std: 0.04
--------------------------------------------------------------------------------
                         Iteration time: 1.30s
                           Time elapsed: 0:09:13
                                    ETA: 0:07:24

################################################################################
[1m                           Learning iteration 416/750                           [0m 

                               Run name: retention-native-20260908-v50
                            Total steps: 480384 
                       Steps per second: 878 
                        Collection time: 1.142s 
                          Learning time: 0.169s 
                        Mean value loss: 7.0395
                    Mean surrogate loss: 0.0256
             Mean online_retention loss: 0.0221
          Mean rehearsal_retention loss: 0.0208
                            Mean reward: 51.75
                    Mean episode length: 4102.43
                        Mean action std: 0.04
--------------------------------------------------------------------------------
                         Iteration time: 1.31s
                           Time elapsed: 0:09:15
                                    ETA: 0:07:23

################################################################################
[1m                           Learning iteration 417/750                           [0m 

                               Run name: retention-native-20260908-v50
                            Total steps: 481536 
                       Steps per second: 869 
                        Collection time: 1.147s 
                          Learning time: 0.178s 
                        Mean value loss: 4.9781
                    Mean surrogate loss: 0.0049
             Mean online_retention loss: 0.0170
          Mean rehearsal_retention loss: 0.0187
                            Mean reward: 51.75
                    Mean episode length: 4102.43
                        Mean action std: 0.04
--------------------------------------------------------------------------------
                         Iteration time: 1.32s
                           Time elapsed: 0:09:16
                                    ETA: 0:07:21

################################################################################
[1m                           Learning iteration 418/750                           [0m 

                               Run name: retention-native-20260908-v50
                            Total steps: 482688 
                       Steps per second: 864 
                        Collection time: 1.153s 
                          Learning time: 0.179s 
                        Mean value loss: 2.0206
                    Mean surrogate loss: -0.0245
             Mean online_retention loss: 0.0186
          Mean rehearsal_retention loss: 0.0207
                            Mean reward: 51.75
                    Mean episode length: 4102.43
                        Mean action std: 0.04
--------------------------------------------------------------------------------
                         Iteration time: 1.33s
                           Time elapsed: 0:09:17
                                    ETA: 0:07:20

################################################################################
[1m                           Learning iteration 419/750                           [0m 

                               Run name: retention-native-20260908-v50
                            Total steps: 483840 
                       Steps per second: 882 
                        Collection time: 1.142s 
                          Learning time: 0.163s 
                        Mean value loss: 1.8680
                    Mean surrogate loss: -0.0204
             Mean online_retention loss: 0.0188
          Mean rehearsal_retention loss: 0.0208
                            Mean reward: 51.75
                    Mean episode length: 4102.43
                        Mean action std: 0.04
--------------------------------------------------------------------------------
                         Iteration time: 1.31s
                           Time elapsed: 0:09:18
                                    ETA: 0:07:19

################################################################################
[1m                           Learning iteration 420/750                           [0m 

                               Run name: retention-native-20260908-v50
                            Total steps: 484992 
                       Steps per second: 886 
                        Collection time: 1.134s 
                          Learning time: 0.164s 
                        Mean value loss: 2.4945
                    Mean surrogate loss: -0.0257
             Mean online_retention loss: 0.0214
          Mean rehearsal_retention loss: 0.0222
                            Mean reward: 51.75
                    Mean episode length: 4102.43
                        Mean action std: 0.04
--------------------------------------------------------------------------------
                         Iteration time: 1.30s
                           Time elapsed: 0:09:20
                                    ETA: 0:07:17

################################################################################
[1m                           Learning iteration 421/750                           [0m 

                               Run name: retention-native-20260908-v50
                            Total steps: 486144 
                       Steps per second: 876 
                        Collection time: 1.129s 
                          Learning time: 0.185s 
                        Mean value loss: 3.7800
                    Mean surrogate loss: -0.0565
             Mean online_retention loss: 0.0199
          Mean rehearsal_retention loss: 0.0209
                            Mean reward: 51.75
                    Mean episode length: 4102.43
                        Mean action std: 0.04
--------------------------------------------------------------------------------
                         Iteration time: 1.31s
                           Time elapsed: 0:09:21
                                    ETA: 0:07:16

################################################################################
[1m                           Learning iteration 422/750                           [0m 

                               Run name: retention-native-20260908-v50
                            Total steps: 487296 
                       Steps per second: 879 
                        Collection time: 1.134s 
                          Learning time: 0.176s 
                        Mean value loss: 45.1500
                    Mean surrogate loss: -0.0907
             Mean online_retention loss: 0.0145
          Mean rehearsal_retention loss: 0.0142
                            Mean reward: 51.75
                    Mean episode length: 4102.43
                        Mean action std: 0.04
--------------------------------------------------------------------------------
                         Iteration time: 1.31s
                           Time elapsed: 0:09:22
                                    ETA: 0:07:15

################################################################################
[1m                           Learning iteration 423/750                           [0m 

                               Run name: retention-native-20260908-v50
                            Total steps: 488448 
                       Steps per second: 875 
                        Collection time: 1.136s 
                          Learning time: 0.180s 
                        Mean value loss: 30.5009
                    Mean surrogate loss: -0.0629
             Mean online_retention loss: 0.0117
          Mean rehearsal_retention loss: 0.0116
                            Mean reward: 52.24
                    Mean episode length: 4120.64
                        Mean action std: 0.03
--------------------------------------------------------------------------------
                         Iteration time: 1.32s
                           Time elapsed: 0:09:24
                                    ETA: 0:07:13

################################################################################
[1m                           Learning iteration 424/750                           [0m 

                               Run name: retention-native-20260908-v50
                            Total steps: 489600 
                       Steps per second: 875 
                        Collection time: 1.160s 
                          Learning time: 0.156s 
                        Mean value loss: 62.0228
                    Mean surrogate loss: -0.1004
             Mean online_retention loss: 0.0091
          Mean rehearsal_retention loss: 0.0093
                            Mean reward: 51.94
                    Mean episode length: 4129.76
                        Mean action std: 0.03
--------------------------------------------------------------------------------
                         Iteration time: 1.32s
                           Time elapsed: 0:09:25
                                    ETA: 0:07:12

################################################################################
[1m                           Learning iteration 425/750                           [0m 

                               Run name: retention-native-20260908-v50
                            Total steps: 490752 
                       Steps per second: 875 
                        Collection time: 1.140s 
                          Learning time: 0.175s 
                        Mean value loss: 15.4286
                    Mean surrogate loss: -0.0069
             Mean online_retention loss: 0.0092
          Mean rehearsal_retention loss: 0.0099
                            Mean reward: 51.94
                    Mean episode length: 4129.76
                        Mean action std: 0.03
--------------------------------------------------------------------------------
                         Iteration time: 1.32s
                           Time elapsed: 0:09:26
                                    ETA: 0:07:11

################################################################################
[1m                           Learning iteration 426/750                           [0m 

                               Run name: retention-native-20260908-v50
                            Total steps: 491904 
                       Steps per second: 859 
                        Collection time: 1.158s 
                          Learning time: 0.182s 
                        Mean value loss: 27.2509
                    Mean surrogate loss: -0.1447
             Mean online_retention loss: 0.0090
          Mean rehearsal_retention loss: 0.0118
                            Mean reward: 51.94
                    Mean episode length: 4129.76
                        Mean action std: 0.03
--------------------------------------------------------------------------------
                         Iteration time: 1.34s
                           Time elapsed: 0:09:28
                                    ETA: 0:07:09

################################################################################
[1m                           Learning iteration 427/750                           [0m 

                               Run name: retention-native-20260908-v50
                            Total steps: 493056 
                       Steps per second: 838 
                        Collection time: 1.196s 
                          Learning time: 0.178s 
                        Mean value loss: 4.7055
                    Mean surrogate loss: -0.0287
             Mean online_retention loss: 0.0106
          Mean rehearsal_retention loss: 0.0135
                            Mean reward: 51.94
                    Mean episode length: 4129.76
                        Mean action std: 0.03
--------------------------------------------------------------------------------
                         Iteration time: 1.37s
                           Time elapsed: 0:09:29
                                    ETA: 0:07:08

################################################################################
[1m                           Learning iteration 428/750                           [0m 

                               Run name: retention-native-20260908-v50
                            Total steps: 494208 
                       Steps per second: 866 
                        Collection time: 1.160s 
                          Learning time: 0.169s 
                        Mean value loss: 159.1479
                    Mean surrogate loss: -0.1599
             Mean online_retention loss: 0.0091
          Mean rehearsal_retention loss: 0.0116
                            Mean reward: 51.94
                    Mean episode length: 4129.76
                        Mean action std: 0.03
--------------------------------------------------------------------------------
                         Iteration time: 1.33s
                           Time elapsed: 0:09:30
                                    ETA: 0:07:07

################################################################################
[1m                           Learning iteration 429/750                           [0m 

                               Run name: retention-native-20260908-v50
                            Total steps: 495360 
                       Steps per second: 872 
                        Collection time: 1.145s 
                          Learning time: 0.175s 
                        Mean value loss: 4.4694
                    Mean surrogate loss: 0.0306
             Mean online_retention loss: 0.0109
          Mean rehearsal_retention loss: 0.0119
                            Mean reward: 51.99
                    Mean episode length: 4129.68
                        Mean action std: 0.03
--------------------------------------------------------------------------------
                         Iteration time: 1.32s
                           Time elapsed: 0:09:32
                                    ETA: 0:07:05

################################################################################
[1m                           Learning iteration 430/750                           [0m 

                               Run name: retention-native-20260908-v50
                            Total steps: 496512 
                       Steps per second: 874 
                        Collection time: 1.142s 
                          Learning time: 0.176s 
                        Mean value loss: 2.3148
                    Mean surrogate loss: -0.0435
             Mean online_retention loss: 0.0139
          Mean rehearsal_retention loss: 0.0148
                            Mean reward: 51.99
                    Mean episode length: 4129.68
                        Mean action std: 0.03
--------------------------------------------------------------------------------
                         Iteration time: 1.32s
                           Time elapsed: 0:09:33
                                    ETA: 0:07:04

################################################################################
[1m                           Learning iteration 431/750                           [0m 

                               Run name: retention-native-20260908-v50
                            Total steps: 497664 
                       Steps per second: 882 
                        Collection time: 1.148s 
                          Learning time: 0.157s 
                        Mean value loss: 9.2519
                    Mean surrogate loss: 0.0406
             Mean online_retention loss: 0.0130
          Mean rehearsal_retention loss: 0.0143
                            Mean reward: 51.99
                    Mean episode length: 4129.68
                        Mean action std: 0.03
--------------------------------------------------------------------------------
                         Iteration time: 1.30s
                           Time elapsed: 0:09:34
                                    ETA: 0:07:03

################################################################################
[1m                           Learning iteration 432/750                           [0m 

                               Run name: retention-native-20260908-v50
                            Total steps: 498816 
                       Steps per second: 895 
                        Collection time: 1.121s 
                          Learning time: 0.166s 
                        Mean value loss: 3.8053
                    Mean surrogate loss: -0.0386
             Mean online_retention loss: 0.0146
          Mean rehearsal_retention loss: 0.0170
                            Mean reward: 51.99
                    Mean episode length: 4129.68
                        Mean action std: 0.03
--------------------------------------------------------------------------------
                         Iteration time: 1.29s
                           Time elapsed: 0:09:36
                                    ETA: 0:07:01

################################################################################
[1m                           Learning iteration 433/750                           [0m 

                               Run name: retention-native-20260908-v50
                            Total steps: 499968 
                       Steps per second: 877 
                        Collection time: 1.143s 
                          Learning time: 0.170s 
                        Mean value loss: 238.9940
                    Mean surrogate loss: -0.1076
             Mean online_retention loss: 0.0100
          Mean rehearsal_retention loss: 0.0112
                            Mean reward: 55.52
                    Mean episode length: 4183.75
                        Mean action std: 0.03
--------------------------------------------------------------------------------
                         Iteration time: 1.31s
                           Time elapsed: 0:09:37
                                    ETA: 0:07:00

################################################################################
[1m                           Learning iteration 434/750                           [0m 

                               Run name: retention-native-20260908-v50
                            Total steps: 501120 
                       Steps per second: 882 
                        Collection time: 1.134s 
                          Learning time: 0.172s 
                        Mean value loss: 15.5308
                    Mean surrogate loss: -0.0700
             Mean online_retention loss: 0.0090
          Mean rehearsal_retention loss: 0.0102
                            Mean reward: 55.52
                    Mean episode length: 4183.75
                        Mean action std: 0.03
--------------------------------------------------------------------------------
                         Iteration time: 1.31s
                           Time elapsed: 0:09:38
                                    ETA: 0:06:59

################################################################################
[1m                           Learning iteration 435/750                           [0m 

                               Run name: retention-native-20260908-v50
                            Total steps: 502272 
                       Steps per second: 881 
                        Collection time: 1.140s 
                          Learning time: 0.167s 
                        Mean value loss: 21.8412
                    Mean surrogate loss: -0.1482
             Mean online_retention loss: 0.0132
          Mean rehearsal_retention loss: 0.0125
                            Mean reward: 55.52
                    Mean episode length: 4183.75
                        Mean action std: 0.04
--------------------------------------------------------------------------------
                         Iteration time: 1.31s
                           Time elapsed: 0:09:40
                                    ETA: 0:06:57

################################################################################
[1m                           Learning iteration 436/750                           [0m 

                               Run name: retention-native-20260908-v50
                            Total steps: 503424 
                       Steps per second: 886 
                        Collection time: 1.133s 
                          Learning time: 0.167s 
                        Mean value loss: 13.1499
                    Mean surrogate loss: -0.0708
             Mean online_retention loss: 0.0160
          Mean rehearsal_retention loss: 0.0139
                            Mean reward: 55.52
                    Mean episode length: 4183.75
                        Mean action std: 0.04
--------------------------------------------------------------------------------
                         Iteration time: 1.30s
                           Time elapsed: 0:09:41
                                    ETA: 0:06:56

################################################################################
[1m                           Learning iteration 437/750                           [0m 

                               Run name: retention-native-20260908-v50
                            Total steps: 504576 
                       Steps per second: 887 
                        Collection time: 1.134s 
                          Learning time: 0.163s 
                        Mean value loss: 4.4390
                    Mean surrogate loss: -0.0271
             Mean online_retention loss: 0.0142
          Mean rehearsal_retention loss: 0.0146
                            Mean reward: 55.52
                    Mean episode length: 4183.75
                        Mean action std: 0.04
--------------------------------------------------------------------------------
                         Iteration time: 1.30s
                           Time elapsed: 0:09:42
                                    ETA: 0:06:55

################################################################################
[1m                           Learning iteration 438/750                           [0m 

                               Run name: retention-native-20260908-v50
                            Total steps: 505728 
                       Steps per second: 872 
                        Collection time: 1.143s 
                          Learning time: 0.177s 
                        Mean value loss: 15.3673
                    Mean surrogate loss: -0.1226
             Mean online_retention loss: 0.0122
          Mean rehearsal_retention loss: 0.0123
                            Mean reward: 55.52
                    Mean episode length: 4183.75
                        Mean action std: 0.04
--------------------------------------------------------------------------------
                         Iteration time: 1.32s
                           Time elapsed: 0:09:43
                                    ETA: 0:06:53

################################################################################
[1m                           Learning iteration 439/750                           [0m 

                               Run name: retention-native-20260908-v50
                            Total steps: 506880 
                       Steps per second: 856 
                        Collection time: 1.167s 
                          Learning time: 0.179s 
                        Mean value loss: 97.5729
                    Mean surrogate loss: -0.1842
             Mean online_retention loss: 0.0135
          Mean rehearsal_retention loss: 0.0123
                            Mean reward: 55.40
                    Mean episode length: 4192.66
                        Mean action std: 0.03
--------------------------------------------------------------------------------
                         Iteration time: 1.35s
                           Time elapsed: 0:09:45
                                    ETA: 0:06:52

################################################################################
[1m                           Learning iteration 440/750                           [0m 

                               Run name: retention-native-20260908-v50
                            Total steps: 508032 
                       Steps per second: 869 
                        Collection time: 1.155s 
                          Learning time: 0.170s 
                        Mean value loss: 41.4466
                    Mean surrogate loss: 0.5935
             Mean online_retention loss: 0.0193
          Mean rehearsal_retention loss: 0.0211
                            Mean reward: 55.40
                    Mean episode length: 4192.66
                        Mean action std: 0.01
--------------------------------------------------------------------------------
                         Iteration time: 1.32s
                           Time elapsed: 0:09:46
                                    ETA: 0:06:51

################################################################################
[1m                           Learning iteration 441/750                           [0m 

                               Run name: retention-native-20260908-v50
                            Total steps: 509184 
                       Steps per second: 869 
                        Collection time: 1.160s 
                          Learning time: 0.165s 
                        Mean value loss: 3.2551
                    Mean surrogate loss: 0.2442
             Mean online_retention loss: 0.0186
          Mean rehearsal_retention loss: 0.0220
                            Mean reward: 55.40
                    Mean episode length: 4192.66
                        Mean action std: 0.01
--------------------------------------------------------------------------------
                         Iteration time: 1.33s
                           Time elapsed: 0:09:47
                                    ETA: 0:06:49

################################################################################
[1m                           Learning iteration 442/750                           [0m 

                               Run name: retention-native-20260908-v50
                            Total steps: 510336 
                       Steps per second: 855 
                        Collection time: 1.167s 
                          Learning time: 0.179s 
                        Mean value loss: 3.5928
                    Mean surrogate loss: 0.1564
             Mean online_retention loss: 0.0207
          Mean rehearsal_retention loss: 0.0286
                            Mean reward: 55.40
                    Mean episode length: 4192.66
                        Mean action std: 0.01
--------------------------------------------------------------------------------
                         Iteration time: 1.35s
                           Time elapsed: 0:09:49
                                    ETA: 0:06:48

################################################################################
[1m                           Learning iteration 443/750                           [0m 

                               Run name: retention-native-20260908-v50
                            Total steps: 511488 
                       Steps per second: 872 
                        Collection time: 1.145s 
                          Learning time: 0.175s 
                        Mean value loss: 24.3614
                    Mean surrogate loss: 0.0817
             Mean online_retention loss: 0.0503
          Mean rehearsal_retention loss: 0.0228
                            Mean reward: 55.40
                    Mean episode length: 4192.66
                        Mean action std: 0.01
--------------------------------------------------------------------------------
                         Iteration time: 1.32s
                           Time elapsed: 0:09:50
                                    ETA: 0:06:47

################################################################################
[1m                           Learning iteration 444/750                           [0m 

                               Run name: retention-native-20260908-v50
                            Total steps: 512640 
                       Steps per second: 878 
                        Collection time: 1.142s 
                          Learning time: 0.169s 
                        Mean value loss: 1.5983
                    Mean surrogate loss: 0.1385
             Mean online_retention loss: 0.0307
          Mean rehearsal_retention loss: 0.0233
                            Mean reward: 55.40
                    Mean episode length: 4192.66
                        Mean action std: 0.01
--------------------------------------------------------------------------------
                         Iteration time: 1.31s
                           Time elapsed: 0:09:51
                                    ETA: 0:06:45

################################################################################
[1m                           Learning iteration 445/750                           [0m 

                               Run name: retention-native-20260908-v50
                            Total steps: 513792 
                       Steps per second: 865 
                        Collection time: 1.156s 
                          Learning time: 0.176s 
                        Mean value loss: 8.6378
                    Mean surrogate loss: 0.0759
             Mean online_retention loss: 0.0223
          Mean rehearsal_retention loss: 0.0278
                            Mean reward: 55.40
                    Mean episode length: 4192.66
                        Mean action std: 0.01
--------------------------------------------------------------------------------
                         Iteration time: 1.33s
                           Time elapsed: 0:09:53
                                    ETA: 0:06:44

################################################################################
[1m                           Learning iteration 446/750                           [0m 

                               Run name: retention-native-20260908-v50
                            Total steps: 514944 
                       Steps per second: 869 
                        Collection time: 1.151s 
                          Learning time: 0.174s 
                        Mean value loss: 1.7252
                    Mean surrogate loss: 0.1548
             Mean online_retention loss: 0.0273
          Mean rehearsal_retention loss: 0.0324
                            Mean reward: 55.40
                    Mean episode length: 4192.66
                        Mean action std: 0.01
--------------------------------------------------------------------------------
                         Iteration time: 1.33s
                           Time elapsed: 0:09:54
                                    ETA: 0:06:43

################################################################################
[1m                           Learning iteration 447/750                           [0m 

                               Run name: retention-native-20260908-v50
                            Total steps: 516096 
                       Steps per second: 881 
                        Collection time: 1.137s 
                          Learning time: 0.169s 
                        Mean value loss: 0.9482
                    Mean surrogate loss: 0.2991
             Mean online_retention loss: 0.0310
          Mean rehearsal_retention loss: 0.0358
                            Mean reward: 55.40
                    Mean episode length: 4192.66
                        Mean action std: 0.01
--------------------------------------------------------------------------------
                         Iteration time: 1.31s
                           Time elapsed: 0:09:55
                                    ETA: 0:06:41

################################################################################
[1m                           Learning iteration 448/750                           [0m 

                               Run name: retention-native-20260908-v50
                            Total steps: 517248 
                       Steps per second: 874 
                        Collection time: 1.142s 
                          Learning time: 0.175s 
                        Mean value loss: 1.2261
                    Mean surrogate loss: -0.0789
             Mean online_retention loss: 0.0297
          Mean rehearsal_retention loss: 0.0350
                            Mean reward: 55.40
                    Mean episode length: 4192.66
                        Mean action std: 0.01
--------------------------------------------------------------------------------
                         Iteration time: 1.32s
                           Time elapsed: 0:09:57
                                    ETA: 0:06:40

################################################################################
[1m                           Learning iteration 449/750                           [0m 

                               Run name: retention-native-20260908-v50
                            Total steps: 518400 
                       Steps per second: 883 
                        Collection time: 1.141s 
                          Learning time: 0.163s 
                        Mean value loss: 1.6408
                    Mean surrogate loss: 0.2449
             Mean online_retention loss: 0.0291
          Mean rehearsal_retention loss: 0.0419
                            Mean reward: 55.40
                    Mean episode length: 4192.66
                        Mean action std: 0.01
--------------------------------------------------------------------------------
                         Iteration time: 1.30s
                           Time elapsed: 0:09:58
                                    ETA: 0:06:39

################################################################################
[1m                           Learning iteration 450/750                           [0m 

                               Run name: retention-native-20260908-v50
                            Total steps: 519552 
                       Steps per second: 884 
                        Collection time: 1.131s 
                          Learning time: 0.171s 
                        Mean value loss: 3.7188
                    Mean surrogate loss: -0.2876
             Mean online_retention loss: 0.0289
          Mean rehearsal_retention loss: 0.0447
                            Mean reward: 55.40
                    Mean episode length: 4192.66
                        Mean action std: 0.02
--------------------------------------------------------------------------------
                         Iteration time: 1.30s
                           Time elapsed: 0:09:59
                                    ETA: 0:06:37

################################################################################
[1m                           Learning iteration 451/750                           [0m 

                               Run name: retention-native-20260908-v50
                            Total steps: 520704 
                       Steps per second: 874 
                        Collection time: 1.142s 
                          Learning time: 0.175s 
                        Mean value loss: 120.9576
                    Mean surrogate loss: -0.2215
             Mean online_retention loss: 0.0214
          Mean rehearsal_retention loss: 0.0295
                            Mean reward: 55.40
                    Mean episode length: 4192.66
                        Mean action std: 0.01
--------------------------------------------------------------------------------
                         Iteration time: 1.32s
                           Time elapsed: 0:10:01
                                    ETA: 0:06:36

################################################################################
[1m                           Learning iteration 452/750                           [0m 

                               Run name: retention-native-20260908-v50
                            Total steps: 521856 
                       Steps per second: 874 
                        Collection time: 1.157s 
                          Learning time: 0.161s 
                        Mean value loss: 306.7483
                    Mean surrogate loss: -0.0877
             Mean online_retention loss: 0.0539
          Mean rehearsal_retention loss: 0.0202
                            Mean reward: 55.73
                    Mean episode length: 4192.46
                        Mean action std: 0.03
--------------------------------------------------------------------------------
                         Iteration time: 1.32s
                           Time elapsed: 0:10:02
                                    ETA: 0:06:34

################################################################################
[1m                           Learning iteration 453/750                           [0m 

                               Run name: retention-native-20260908-v50
                            Total steps: 523008 
                       Steps per second: 889 
                        Collection time: 1.132s 
                          Learning time: 0.162s 
                        Mean value loss: 37.5457
                    Mean surrogate loss: -0.0609
             Mean online_retention loss: 0.0246
          Mean rehearsal_retention loss: 0.0153
                            Mean reward: 55.81
                    Mean episode length: 4183.13
                        Mean action std: 0.03
--------------------------------------------------------------------------------
                         Iteration time: 1.29s
                           Time elapsed: 0:10:03
                                    ETA: 0:06:33

################################################################################
[1m                           Learning iteration 454/750                           [0m 

                               Run name: retention-native-20260908-v50
                            Total steps: 524160 
                       Steps per second: 870 
                        Collection time: 1.157s 
                          Learning time: 0.165s 
                        Mean value loss: 24.3372
                    Mean surrogate loss: -0.0831
             Mean online_retention loss: 0.0173
          Mean rehearsal_retention loss: 0.0133
                            Mean reward: 55.81
                    Mean episode length: 4183.13
                        Mean action std: 0.04
--------------------------------------------------------------------------------
                         Iteration time: 1.32s
                           Time elapsed: 0:10:05
                                    ETA: 0:06:32

################################################################################
[1m                           Learning iteration 455/750                           [0m 

                               Run name: retention-native-20260908-v50
                            Total steps: 525312 
                       Steps per second: 873 
                        Collection time: 1.145s 
                          Learning time: 0.174s 
                        Mean value loss: 14.6601
                    Mean surrogate loss: -0.0737
             Mean online_retention loss: 0.0156
          Mean rehearsal_retention loss: 0.0130
                            Mean reward: 55.81
                    Mean episode length: 4183.13
                        Mean action std: 0.04
--------------------------------------------------------------------------------
                         Iteration time: 1.32s
                           Time elapsed: 0:10:06
                                    ETA: 0:06:30

################################################################################
[1m                           Learning iteration 456/750                           [0m 

                               Run name: retention-native-20260908-v50
                            Total steps: 526464 
                       Steps per second: 877 
                        Collection time: 1.134s 
                          Learning time: 0.179s 
                        Mean value loss: 4.1153
                    Mean surrogate loss: -0.0570
             Mean online_retention loss: 0.0158
          Mean rehearsal_retention loss: 0.0136
                            Mean reward: 55.81
                    Mean episode length: 4183.13
                        Mean action std: 0.04
--------------------------------------------------------------------------------
                         Iteration time: 1.31s
                           Time elapsed: 0:10:07
                                    ETA: 0:06:29

################################################################################
[1m                           Learning iteration 457/750                           [0m 

                               Run name: retention-native-20260908-v50
                            Total steps: 527616 
                       Steps per second: 883 
                        Collection time: 1.136s 
                          Learning time: 0.169s 
                        Mean value loss: 4.5647
                    Mean surrogate loss: 0.0589
             Mean online_retention loss: 0.0173
          Mean rehearsal_retention loss: 0.0151
                            Mean reward: 55.81
                    Mean episode length: 4183.13
                        Mean action std: 0.04
--------------------------------------------------------------------------------
                         Iteration time: 1.30s
                           Time elapsed: 0:10:09
                                    ETA: 0:06:28

################################################################################
[1m                           Learning iteration 458/750                           [0m 

                               Run name: retention-native-20260908-v50
                            Total steps: 528768 
                       Steps per second: 875 
                        Collection time: 1.149s 
                          Learning time: 0.166s 
                        Mean value loss: 6.1937
                    Mean surrogate loss: -0.0204
             Mean online_retention loss: 0.0200
          Mean rehearsal_retention loss: 0.0172
                            Mean reward: 55.81
                    Mean episode length: 4183.13
                        Mean action std: 0.04
--------------------------------------------------------------------------------
                         Iteration time: 1.32s
                           Time elapsed: 0:10:10
                                    ETA: 0:06:26

################################################################################
[1m                           Learning iteration 459/750                           [0m 

                               Run name: retention-native-20260908-v50
                            Total steps: 529920 
                       Steps per second: 870 
                        Collection time: 1.147s 
                          Learning time: 0.177s 
                        Mean value loss: 10.2665
                    Mean surrogate loss: -0.0021
             Mean online_retention loss: 0.0172
          Mean rehearsal_retention loss: 0.0148
                            Mean reward: 55.81
                    Mean episode length: 4183.13
                        Mean action std: 0.04
--------------------------------------------------------------------------------
                         Iteration time: 1.32s
                           Time elapsed: 0:10:11
                                    ETA: 0:06:25

################################################################################
[1m                           Learning iteration 460/750                           [0m 

                               Run name: retention-native-20260908-v50
                            Total steps: 531072 
                       Steps per second: 864 
                        Collection time: 1.155s 
                          Learning time: 0.177s 
                        Mean value loss: 8.2445
                    Mean surrogate loss: 0.0330
             Mean online_retention loss: 0.0191
          Mean rehearsal_retention loss: 0.0160
                            Mean reward: 55.81
                    Mean episode length: 4183.13
                        Mean action std: 0.03
--------------------------------------------------------------------------------
                         Iteration time: 1.33s
                           Time elapsed: 0:10:12
                                    ETA: 0:06:24

################################################################################
[1m                           Learning iteration 461/750                           [0m 

                               Run name: retention-native-20260908-v50
                            Total steps: 532224 
                       Steps per second: 865 
                        Collection time: 1.168s 
                          Learning time: 0.164s 
                        Mean value loss: 8.0081
                    Mean surrogate loss: 0.0798
             Mean online_retention loss: 0.0167
          Mean rehearsal_retention loss: 0.0150
                            Mean reward: 55.81
                    Mean episode length: 4183.13
                        Mean action std: 0.03
--------------------------------------------------------------------------------
                         Iteration time: 1.33s
                           Time elapsed: 0:10:14
                                    ETA: 0:06:22

################################################################################
[1m                           Learning iteration 462/750                           [0m 

                               Run name: retention-native-20260908-v50
                            Total steps: 533376 
                       Steps per second: 851 
                        Collection time: 1.170s 
                          Learning time: 0.182s 
                        Mean value loss: 111.7483
                    Mean surrogate loss: -0.1411
             Mean online_retention loss: 0.0127
          Mean rehearsal_retention loss: 0.0110
                            Mean reward: 55.81
                    Mean episode length: 4183.13
                        Mean action std: 0.03
--------------------------------------------------------------------------------
                         Iteration time: 1.35s
                           Time elapsed: 0:10:15
                                    ETA: 0:06:21

################################################################################
[1m                           Learning iteration 463/750                           [0m 

                               Run name: retention-native-20260908-v50
                            Total steps: 534528 
                       Steps per second: 843 
                        Collection time: 1.182s 
                          Learning time: 0.183s 
                        Mean value loss: 8.3906
                    Mean surrogate loss: -0.0662
             Mean online_retention loss: 0.0123
          Mean rehearsal_retention loss: 0.0106
                            Mean reward: 55.76
                    Mean episode length: 4200.86
                        Mean action std: 0.03
--------------------------------------------------------------------------------
                         Iteration time: 1.37s
                           Time elapsed: 0:10:17
                                    ETA: 0:06:20

################################################################################
[1m                           Learning iteration 464/750                           [0m 

                               Run name: retention-native-20260908-v50
                            Total steps: 535680 
                       Steps per second: 877 
                        Collection time: 1.143s 
                          Learning time: 0.169s 
                        Mean value loss: 9.5643
                    Mean surrogate loss: -0.0027
             Mean online_retention loss: 0.0140
          Mean rehearsal_retention loss: 0.0138
                            Mean reward: 55.76
                    Mean episode length: 4200.86
                        Mean action std: 0.03
--------------------------------------------------------------------------------
                         Iteration time: 1.31s
                           Time elapsed: 0:10:18
                                    ETA: 0:06:18

################################################################################
[1m                           Learning iteration 465/750                           [0m 

                               Run name: retention-native-20260908-v50
                            Total steps: 536832 
                       Steps per second: 882 
                        Collection time: 1.135s 
                          Learning time: 0.170s 
                        Mean value loss: 9.0098
                    Mean surrogate loss: -0.0670
             Mean online_retention loss: 0.0131
          Mean rehearsal_retention loss: 0.0144
                            Mean reward: 55.76
                    Mean episode length: 4200.86
                        Mean action std: 0.04
--------------------------------------------------------------------------------
                         Iteration time: 1.31s
                           Time elapsed: 0:10:19
                                    ETA: 0:06:17

################################################################################
[1m                           Learning iteration 466/750                           [0m 

                               Run name: retention-native-20260908-v50
                            Total steps: 537984 
                       Steps per second: 871 
                        Collection time: 1.150s 
                          Learning time: 0.173s 
                        Mean value loss: 7.2473
                    Mean surrogate loss: -0.0306
             Mean online_retention loss: 0.0144
          Mean rehearsal_retention loss: 0.0158
                            Mean reward: 55.76
                    Mean episode length: 4200.86
                        Mean action std: 0.03
--------------------------------------------------------------------------------
                         Iteration time: 1.32s
                           Time elapsed: 0:10:20
                                    ETA: 0:06:16

################################################################################
[1m                           Learning iteration 467/750                           [0m 

                               Run name: retention-native-20260908-v50
                            Total steps: 539136 
                       Steps per second: 881 
                        Collection time: 1.137s 
                          Learning time: 0.170s 
                        Mean value loss: 5.5039
                    Mean surrogate loss: -0.1038
             Mean online_retention loss: 0.0145
          Mean rehearsal_retention loss: 0.0156
                            Mean reward: 55.76
                    Mean episode length: 4200.86
                        Mean action std: 0.03
--------------------------------------------------------------------------------
                         Iteration time: 1.31s
                           Time elapsed: 0:10:22
                                    ETA: 0:06:14

################################################################################
[1m                           Learning iteration 468/750                           [0m 

                               Run name: retention-native-20260908-v50
                            Total steps: 540288 
                       Steps per second: 877 
                        Collection time: 1.153s 
                          Learning time: 0.161s 
                        Mean value loss: 105.3833
                    Mean surrogate loss: -0.1508
             Mean online_retention loss: 0.0110
          Mean rehearsal_retention loss: 0.0119
                            Mean reward: 55.85
                    Mean episode length: 4200.98
                        Mean action std: 0.03
--------------------------------------------------------------------------------
                         Iteration time: 1.31s
                           Time elapsed: 0:10:23
                                    ETA: 0:06:13

################################################################################
[1m                           Learning iteration 469/750                           [0m 

                               Run name: retention-native-20260908-v50
                            Total steps: 541440 
                       Steps per second: 886 
                        Collection time: 1.136s 
                          Learning time: 0.163s 
                        Mean value loss: 3.4407
                    Mean surrogate loss: 0.0632
             Mean online_retention loss: 0.0143
          Mean rehearsal_retention loss: 0.0127
                            Mean reward: 55.85
                    Mean episode length: 4200.98
                        Mean action std: 0.03
--------------------------------------------------------------------------------
                         Iteration time: 1.30s
                           Time elapsed: 0:10:24
                                    ETA: 0:06:12

################################################################################
[1m                           Learning iteration 470/750                           [0m 

                               Run name: retention-native-20260908-v50
                            Total steps: 542592 
                       Steps per second: 882 
                        Collection time: 1.136s 
                          Learning time: 0.170s 
                        Mean value loss: 9.1410
                    Mean surrogate loss: -0.0174
             Mean online_retention loss: 0.0156
          Mean rehearsal_retention loss: 0.0150
                            Mean reward: 55.85
                    Mean episode length: 4200.98
                        Mean action std: 0.03
--------------------------------------------------------------------------------
                         Iteration time: 1.31s
                           Time elapsed: 0:10:26
                                    ETA: 0:06:10

################################################################################
[1m                           Learning iteration 471/750                           [0m 

                               Run name: retention-native-20260908-v50
                            Total steps: 543744 
                       Steps per second: 877 
                        Collection time: 1.141s 
                          Learning time: 0.171s 
                        Mean value loss: 8.3089
                    Mean surrogate loss: -0.0385
             Mean online_retention loss: 0.0137
          Mean rehearsal_retention loss: 0.0140
                            Mean reward: 55.85
                    Mean episode length: 4200.98
                        Mean action std: 0.03
--------------------------------------------------------------------------------
                         Iteration time: 1.31s
                           Time elapsed: 0:10:27
                                    ETA: 0:06:09

################################################################################
[1m                           Learning iteration 472/750                           [0m 

                               Run name: retention-native-20260908-v50
                            Total steps: 544896 
                       Steps per second: 877 
                        Collection time: 1.145s 
                          Learning time: 0.168s 
                        Mean value loss: 24.6094
                    Mean surrogate loss: -0.1059
             Mean online_retention loss: 0.0114
          Mean rehearsal_retention loss: 0.0138
                            Mean reward: 55.85
                    Mean episode length: 4200.98
                        Mean action std: 0.04
--------------------------------------------------------------------------------
                         Iteration time: 1.31s
                           Time elapsed: 0:10:28
                                    ETA: 0:06:08

################################################################################
[1m                           Learning iteration 473/750                           [0m 

                               Run name: retention-native-20260908-v50
                            Total steps: 546048 
                       Steps per second: 887 
                        Collection time: 1.140s 
                          Learning time: 0.159s 
                        Mean value loss: 26.5142
                    Mean surrogate loss: -0.1139
             Mean online_retention loss: 0.0173
          Mean rehearsal_retention loss: 0.0114
                            Mean reward: 55.85
                    Mean episode length: 4200.98
                        Mean action std: 0.04
--------------------------------------------------------------------------------
                         Iteration time: 1.30s
                           Time elapsed: 0:10:30
                                    ETA: 0:06:06

################################################################################
[1m                           Learning iteration 474/750                           [0m 

                               Run name: retention-native-20260908-v50
                            Total steps: 547200 
                       Steps per second: 877 
                        Collection time: 1.146s 
                          Learning time: 0.167s 
                        Mean value loss: 3.2247
                    Mean surrogate loss: -0.0328
             Mean online_retention loss: 0.0184
          Mean rehearsal_retention loss: 0.0137
                            Mean reward: 55.85
                    Mean episode length: 4200.98
                        Mean action std: 0.04
--------------------------------------------------------------------------------
                         Iteration time: 1.31s
                           Time elapsed: 0:10:31
                                    ETA: 0:06:05

################################################################################
[1m                           Learning iteration 475/750                           [0m 

                               Run name: retention-native-20260908-v50
                            Total steps: 548352 
                       Steps per second: 864 
                        Collection time: 1.155s 
                          Learning time: 0.177s 
                        Mean value loss: 2.9440
                    Mean surrogate loss: -0.0147
             Mean online_retention loss: 0.0165
          Mean rehearsal_retention loss: 0.0151
                            Mean reward: 55.85
                    Mean episode length: 4200.98
                        Mean action std: 0.04
--------------------------------------------------------------------------------
                         Iteration time: 1.33s
                           Time elapsed: 0:10:32
                                    ETA: 0:06:04

################################################################################
[1m                           Learning iteration 476/750                           [0m 

                               Run name: retention-native-20260908-v50
                            Total steps: 549504 
                       Steps per second: 864 
                        Collection time: 1.156s 
                          Learning time: 0.176s 
                        Mean value loss: 2.5888
                    Mean surrogate loss: -0.0335
             Mean online_retention loss: 0.0196
          Mean rehearsal_retention loss: 0.0172
                            Mean reward: 55.85
                    Mean episode length: 4200.98
                        Mean action std: 0.04
--------------------------------------------------------------------------------
                         Iteration time: 1.33s
                           Time elapsed: 0:10:34
                                    ETA: 0:06:02

################################################################################
[1m                           Learning iteration 477/750                           [0m 

                               Run name: retention-native-20260908-v50
                            Total steps: 550656 
                       Steps per second: 873 
                        Collection time: 1.154s 
                          Learning time: 0.164s 
                        Mean value loss: 232.0707
                    Mean surrogate loss: -0.0916
             Mean online_retention loss: 0.0252
          Mean rehearsal_retention loss: 0.0185
                            Mean reward: 55.85
                    Mean episode length: 4200.98
                        Mean action std: 0.02
--------------------------------------------------------------------------------
                         Iteration time: 1.32s
                           Time elapsed: 0:10:35
                                    ETA: 0:06:01

################################################################################
[1m                           Learning iteration 478/750                           [0m 

                               Run name: retention-native-20260908-v50
                            Total steps: 551808 
                       Steps per second: 856 
                        Collection time: 1.158s 
                          Learning time: 0.188s 
                        Mean value loss: 3.2962
                    Mean surrogate loss: 0.4003
             Mean online_retention loss: 0.0232
          Mean rehearsal_retention loss: 0.0252
                            Mean reward: 55.85
                    Mean episode length: 4200.98
                        Mean action std: 0.01
--------------------------------------------------------------------------------
                         Iteration time: 1.35s
                           Time elapsed: 0:10:36
                                    ETA: 0:06:00

################################################################################
[1m                           Learning iteration 479/750                           [0m 

                               Run name: retention-native-20260908-v50
                            Total steps: 552960 
                       Steps per second: 851 
                        Collection time: 1.167s 
                          Learning time: 0.185s 
                        Mean value loss: 7.1659
                    Mean surrogate loss: -0.2955
             Mean online_retention loss: 0.0243
          Mean rehearsal_retention loss: 0.0250
                            Mean reward: 55.85
                    Mean episode length: 4200.98
                        Mean action std: 0.01
--------------------------------------------------------------------------------
                         Iteration time: 1.35s
                           Time elapsed: 0:10:38
                                    ETA: 0:05:58

################################################################################
[1m                           Learning iteration 480/750                           [0m 

                               Run name: retention-native-20260908-v50
                            Total steps: 554112 
                       Steps per second: 873 
                        Collection time: 1.150s 
                          Learning time: 0.169s 
                        Mean value loss: 30.3653
                    Mean surrogate loss: -0.2059
             Mean online_retention loss: 0.0309
          Mean rehearsal_retention loss: 0.0264
                            Mean reward: 55.85
                    Mean episode length: 4200.98
                        Mean action std: 0.01
--------------------------------------------------------------------------------
                         Iteration time: 1.32s
                           Time elapsed: 0:10:39
                                    ETA: 0:05:57

################################################################################
[1m                           Learning iteration 481/750                           [0m 

                               Run name: retention-native-20260908-v50
                            Total steps: 555264 
                       Steps per second: 864 
                        Collection time: 1.168s 
                          Learning time: 0.164s 
                        Mean value loss: 126.6946
                    Mean surrogate loss: -0.1536
             Mean online_retention loss: 0.0334
          Mean rehearsal_retention loss: 0.0187
                            Mean reward: 55.78
                    Mean episode length: 4210.00
                        Mean action std: 0.01
--------------------------------------------------------------------------------
                         Iteration time: 1.33s
                           Time elapsed: 0:10:40
                                    ETA: 0:05:56

################################################################################
[1m                           Learning iteration 482/750                           [0m 

                               Run name: retention-native-20260908-v50
                            Total steps: 556416 
                       Steps per second: 851 
                        Collection time: 1.174s 
                          Learning time: 0.178s 
                        Mean value loss: 62.0599
                    Mean surrogate loss: -0.0934
             Mean online_retention loss: 0.0192
          Mean rehearsal_retention loss: 0.0152
                            Mean reward: 56.18
                    Mean episode length: 4201.10
                        Mean action std: 0.01
--------------------------------------------------------------------------------
                         Iteration time: 1.35s
                           Time elapsed: 0:10:42
                                    ETA: 0:05:54

################################################################################
[1m                           Learning iteration 483/750                           [0m 

                               Run name: retention-native-20260908-v50
                            Total steps: 557568 
                       Steps per second: 882 
                        Collection time: 1.142s 
                          Learning time: 0.164s 
                        Mean value loss: 10.8505
                    Mean surrogate loss: 0.0530
             Mean online_retention loss: 0.0160
          Mean rehearsal_retention loss: 0.0171
                            Mean reward: 56.18
                    Mean episode length: 4201.10
                        Mean action std: 0.01
--------------------------------------------------------------------------------
                         Iteration time: 1.31s
                           Time elapsed: 0:10:43
                                    ETA: 0:05:53

################################################################################
[1m                           Learning iteration 484/750                           [0m 

                               Run name: retention-native-20260908-v50
                            Total steps: 558720 
                       Steps per second: 878 
                        Collection time: 1.154s 
                          Learning time: 0.157s 
                        Mean value loss: 12.7054
                    Mean surrogate loss: -0.0031
             Mean online_retention loss: 0.0135
          Mean rehearsal_retention loss: 0.0179
                            Mean reward: 56.18
                    Mean episode length: 4201.10
                        Mean action std: 0.01
--------------------------------------------------------------------------------
                         Iteration time: 1.31s
                           Time elapsed: 0:10:44
                                    ETA: 0:05:52

################################################################################
[1m                           Learning iteration 485/750                           [0m 

                               Run name: retention-native-20260908-v50
                            Total steps: 559872 
                       Steps per second: 872 
                        Collection time: 1.155s 
                          Learning time: 0.166s 
                        Mean value loss: 2.1641
                    Mean surrogate loss: 0.1236
             Mean online_retention loss: 0.0190
          Mean rehearsal_retention loss: 0.0230
                            Mean reward: 56.18
                    Mean episode length: 4201.10
                        Mean action std: 0.01
--------------------------------------------------------------------------------
                         Iteration time: 1.32s
                           Time elapsed: 0:10:46
                                    ETA: 0:05:50

################################################################################
[1m                           Learning iteration 486/750                           [0m 

                               Run name: retention-native-20260908-v50
                            Total steps: 561024 
                       Steps per second: 868 
                        Collection time: 1.149s 
                          Learning time: 0.177s 
                        Mean value loss: 1.3152
                    Mean surrogate loss: 0.0415
             Mean online_retention loss: 0.0297
          Mean rehearsal_retention loss: 0.0318
                            Mean reward: 56.18
                    Mean episode length: 4201.10
                        Mean action std: 0.01
--------------------------------------------------------------------------------
                         Iteration time: 1.33s
                           Time elapsed: 0:10:47
                                    ETA: 0:05:49

################################################################################
[1m                           Learning iteration 487/750                           [0m 

                               Run name: retention-native-20260908-v50
                            Total steps: 562176 
                       Steps per second: 885 
                        Collection time: 1.135s 
                          Learning time: 0.167s 
                        Mean value loss: 1.5399
                    Mean surrogate loss: 0.1720
             Mean online_retention loss: 0.0301
          Mean rehearsal_retention loss: 0.0307
                            Mean reward: 56.18
                    Mean episode length: 4201.10
                        Mean action std: 0.01
--------------------------------------------------------------------------------
                         Iteration time: 1.30s
                           Time elapsed: 0:10:48
                                    ETA: 0:05:48

################################################################################
[1m                           Learning iteration 488/750                           [0m 

                               Run name: retention-native-20260908-v50
                            Total steps: 563328 
                       Steps per second: 888 
                        Collection time: 1.132s 
                          Learning time: 0.164s 
                        Mean value loss: 1.2674
                    Mean surrogate loss: -0.0165
             Mean online_retention loss: 0.0299
          Mean rehearsal_retention loss: 0.0323
                            Mean reward: 56.18
                    Mean episode length: 4201.10
                        Mean action std: 0.01
--------------------------------------------------------------------------------
                         Iteration time: 1.30s
                           Time elapsed: 0:10:49
                                    ETA: 0:05:46

################################################################################
[1m                           Learning iteration 489/750                           [0m 

                               Run name: retention-native-20260908-v50
                            Total steps: 564480 
                       Steps per second: 869 
                        Collection time: 1.156s 
                          Learning time: 0.170s 
                        Mean value loss: 210.1039
                    Mean surrogate loss: -0.4490
             Mean online_retention loss: 0.0702
          Mean rehearsal_retention loss: 0.0288
                            Mean reward: 56.18
                    Mean episode length: 4201.10
                        Mean action std: 0.02
--------------------------------------------------------------------------------
                         Iteration time: 1.33s
                           Time elapsed: 0:10:51
                                    ETA: 0:05:45

################################################################################
[1m                           Learning iteration 490/750                           [0m 

                               Run name: retention-native-20260908-v50
                            Total steps: 565632 
                       Steps per second: 877 
                        Collection time: 1.143s 
                          Learning time: 0.171s 
                        Mean value loss: 7.3797
                    Mean surrogate loss: -0.0037
             Mean online_retention loss: 0.0286
          Mean rehearsal_retention loss: 0.0217
                            Mean reward: 56.18
                    Mean episode length: 4201.10
                        Mean action std: 0.04
--------------------------------------------------------------------------------
                         Iteration time: 1.31s
                           Time elapsed: 0:10:52
                                    ETA: 0:05:44

################################################################################
[1m                           Learning iteration 491/750                           [0m 

                               Run name: retention-native-20260908-v50
                            Total steps: 566784 
                       Steps per second: 895 
                        Collection time: 1.116s 
                          Learning time: 0.171s 
                        Mean value loss: 83.1428
                    Mean surrogate loss: -0.1330
             Mean online_retention loss: 0.0114
          Mean rehearsal_retention loss: 0.0142
                            Mean reward: 56.18
                    Mean episode length: 4201.10
                        Mean action std: 0.04
--------------------------------------------------------------------------------
                         Iteration time: 1.29s
                           Time elapsed: 0:10:53
                                    ETA: 0:05:42

################################################################################
[1m                           Learning iteration 492/750                           [0m 

                               Run name: retention-native-20260908-v50
                            Total steps: 567936 
                       Steps per second: 879 
                        Collection time: 1.139s 
                          Learning time: 0.172s 
                        Mean value loss: 5.4441
                    Mean surrogate loss: 0.0938
             Mean online_retention loss: 0.0115
          Mean rehearsal_retention loss: 0.0144
                            Mean reward: 56.44
                    Mean episode length: 4183.10
                        Mean action std: 0.04
--------------------------------------------------------------------------------
                         Iteration time: 1.31s
                           Time elapsed: 0:10:55
                                    ETA: 0:05:41

################################################################################
[1m                           Learning iteration 493/750                           [0m 

                               Run name: retention-native-20260908-v50
                            Total steps: 569088 
                       Steps per second: 882 
                        Collection time: 1.147s 
                          Learning time: 0.159s 
                        Mean value loss: 4.4013
                    Mean surrogate loss: -0.0085
             Mean online_retention loss: 0.0135
          Mean rehearsal_retention loss: 0.0166
                            Mean reward: 56.44
                    Mean episode length: 4183.10
                        Mean action std: 0.04
--------------------------------------------------------------------------------
                         Iteration time: 1.31s
                           Time elapsed: 0:10:56
                                    ETA: 0:05:40

################################################################################
[1m                           Learning iteration 494/750                           [0m 

                               Run name: retention-native-20260908-v50
                            Total steps: 570240 
                       Steps per second: 885 
                        Collection time: 1.136s 
                          Learning time: 0.165s 
                        Mean value loss: 33.6398
                    Mean surrogate loss: -0.1576
             Mean online_retention loss: 0.0097
          Mean rehearsal_retention loss: 0.0131
                            Mean reward: 56.44
                    Mean episode length: 4183.10
                        Mean action std: 0.04
--------------------------------------------------------------------------------
                         Iteration time: 1.30s
                           Time elapsed: 0:10:57
                                    ETA: 0:05:38

################################################################################
[1m                           Learning iteration 495/750                           [0m 

                               Run name: retention-native-20260908-v50
                            Total steps: 571392 
                       Steps per second: 877 
                        Collection time: 1.133s 
                          Learning time: 0.179s 
                        Mean value loss: 40.1792
                    Mean surrogate loss: -0.0854
             Mean online_retention loss: 0.0067
          Mean rehearsal_retention loss: 0.0096
                            Mean reward: 56.28
                    Mean episode length: 4192.17
                        Mean action std: 0.04
--------------------------------------------------------------------------------
                         Iteration time: 1.31s
                           Time elapsed: 0:10:59
                                    ETA: 0:05:37

################################################################################
[1m                           Learning iteration 496/750                           [0m 

                               Run name: retention-native-20260908-v50
                            Total steps: 572544 
                       Steps per second: 866 
                        Collection time: 1.154s 
                          Learning time: 0.176s 
                        Mean value loss: 8.6911
                    Mean surrogate loss: -0.1239
             Mean online_retention loss: 0.0073
          Mean rehearsal_retention loss: 0.0096
                            Mean reward: 56.28
                    Mean episode length: 4192.17
                        Mean action std: 0.04
--------------------------------------------------------------------------------
                         Iteration time: 1.33s
                           Time elapsed: 0:11:00
                                    ETA: 0:05:36

################################################################################
[1m                           Learning iteration 497/750                           [0m 

                               Run name: retention-native-20260908-v50
                            Total steps: 573696 
                       Steps per second: 871 
                        Collection time: 1.147s 
                          Learning time: 0.174s 
                        Mean value loss: 139.1970
                    Mean surrogate loss: -0.2235
             Mean online_retention loss: 0.0074
          Mean rehearsal_retention loss: 0.0096
                            Mean reward: 56.05
                    Mean episode length: 4192.19
                        Mean action std: 0.03
--------------------------------------------------------------------------------
                         Iteration time: 1.32s
                           Time elapsed: 0:11:01
                                    ETA: 0:05:34

################################################################################
[1m                           Learning iteration 498/750                           [0m 

                               Run name: retention-native-20260908-v50
                            Total steps: 574848 
                       Steps per second: 878 
                        Collection time: 1.145s 
                          Learning time: 0.167s 
                        Mean value loss: 85.2812
                    Mean surrogate loss: -0.0969
             Mean online_retention loss: 0.0068
          Mean rehearsal_retention loss: 0.0094
                            Mean reward: 55.95
                    Mean episode length: 4210.28
                        Mean action std: 0.03
--------------------------------------------------------------------------------
                         Iteration time: 1.31s
                           Time elapsed: 0:11:03
                                    ETA: 0:05:33

################################################################################
[1m                           Learning iteration 499/750                           [0m 

                               Run name: retention-native-20260908-v50
                            Total steps: 576000 
                       Steps per second: 859 
                        Collection time: 1.161s 
                          Learning time: 0.179s 
                        Mean value loss: 4.4729
                    Mean surrogate loss: 0.1429
             Mean online_retention loss: 0.0079
          Mean rehearsal_retention loss: 0.0111
                            Mean reward: 55.95
                    Mean episode length: 4210.28
                        Mean action std: 0.03
--------------------------------------------------------------------------------
                         Iteration time: 1.34s
                           Time elapsed: 0:11:04
                                    ETA: 0:05:32

################################################################################
[1m                           Learning iteration 500/750                           [0m 

                               Run name: retention-native-20260908-v50
                            Total steps: 577152 
                       Steps per second: 868 
                        Collection time: 1.147s 
                          Learning time: 0.179s 
                        Mean value loss: 16.1124
                    Mean surrogate loss: -0.0834
             Mean online_retention loss: 0.0076
          Mean rehearsal_retention loss: 0.0122
                            Mean reward: 55.95
                    Mean episode length: 4210.28
                        Mean action std: 0.03
--------------------------------------------------------------------------------
                         Iteration time: 1.33s
                           Time elapsed: 0:11:05
                                    ETA: 0:05:30

################################################################################
[1m                           Learning iteration 501/750                           [0m 

                               Run name: retention-native-20260908-v50
                            Total steps: 578304 
                       Steps per second: 874 
                        Collection time: 1.152s 
                          Learning time: 0.166s 
                        Mean value loss: 29.2880
                    Mean surrogate loss: -0.1159
             Mean online_retention loss: 0.0070
          Mean rehearsal_retention loss: 0.0117
                            Mean reward: 55.95
                    Mean episode length: 4210.28
                        Mean action std: 0.04
--------------------------------------------------------------------------------
                         Iteration time: 1.32s
                           Time elapsed: 0:11:07
                                    ETA: 0:05:29

################################################################################
[1m                           Learning iteration 502/750                           [0m 

                               Run name: retention-native-20260908-v50
                            Total steps: 579456 
                       Steps per second: 882 
                        Collection time: 1.137s 
                          Learning time: 0.169s 
                        Mean value loss: 2.1822
                    Mean surrogate loss: -0.0122
             Mean online_retention loss: 0.0095
          Mean rehearsal_retention loss: 0.0158
                            Mean reward: 55.95
                    Mean episode length: 4210.28
                        Mean action std: 0.04
--------------------------------------------------------------------------------
                         Iteration time: 1.31s
                           Time elapsed: 0:11:08
                                    ETA: 0:05:28

################################################################################
[1m                           Learning iteration 503/750                           [0m 

                               Run name: retention-native-20260908-v50
                            Total steps: 580608 
                       Steps per second: 885 
                        Collection time: 1.133s 
                          Learning time: 0.168s 
                        Mean value loss: 14.2143
                    Mean surrogate loss: -0.0945
             Mean online_retention loss: 0.0086
          Mean rehearsal_retention loss: 0.0151
                            Mean reward: 55.95
                    Mean episode length: 4210.28
                        Mean action std: 0.04
--------------------------------------------------------------------------------
                         Iteration time: 1.30s
                           Time elapsed: 0:11:09
                                    ETA: 0:05:26

################################################################################
[1m                           Learning iteration 504/750                           [0m 

                               Run name: retention-native-20260908-v50
                            Total steps: 581760 
                       Steps per second: 883 
                        Collection time: 1.131s 
                          Learning time: 0.174s 
                        Mean value loss: 1.5961
                    Mean surrogate loss: -0.0276
             Mean online_retention loss: 0.0100
          Mean rehearsal_retention loss: 0.0168
                            Mean reward: 55.95
                    Mean episode length: 4210.28
                        Mean action std: 0.04
--------------------------------------------------------------------------------
                         Iteration time: 1.30s
                           Time elapsed: 0:11:10
                                    ETA: 0:05:25

################################################################################
[1m                           Learning iteration 505/750                           [0m 

                               Run name: retention-native-20260908-v50
                            Total steps: 582912 
                       Steps per second: 881 
                        Collection time: 1.134s 
                          Learning time: 0.173s 
                        Mean value loss: 2.4038
                    Mean surrogate loss: -0.0346
             Mean online_retention loss: 0.0108
          Mean rehearsal_retention loss: 0.0188
                            Mean reward: 55.95
                    Mean episode length: 4210.28
                        Mean action std: 0.04
--------------------------------------------------------------------------------
                         Iteration time: 1.31s
                           Time elapsed: 0:11:12
                                    ETA: 0:05:24

################################################################################
[1m                           Learning iteration 506/750                           [0m 

                               Run name: retention-native-20260908-v50
                            Total steps: 584064 
                       Steps per second: 888 
                        Collection time: 1.135s 
                          Learning time: 0.162s 
                        Mean value loss: 5.9874
                    Mean surrogate loss: 0.0767
             Mean online_retention loss: 0.0096
          Mean rehearsal_retention loss: 0.0182
                            Mean reward: 55.95
                    Mean episode length: 4210.28
                        Mean action std: 0.04
--------------------------------------------------------------------------------
                         Iteration time: 1.30s
                           Time elapsed: 0:11:13
                                    ETA: 0:05:22

################################################################################
[1m                           Learning iteration 507/750                           [0m 

                               Run name: retention-native-20260908-v50
                            Total steps: 585216 
                       Steps per second: 886 
                        Collection time: 1.136s 
                          Learning time: 0.163s 
                        Mean value loss: 4.0899
                    Mean surrogate loss: 0.0232
             Mean online_retention loss: 0.0110
          Mean rehearsal_retention loss: 0.0205
                            Mean reward: 55.95
                    Mean episode length: 4210.28
                        Mean action std: 0.04
--------------------------------------------------------------------------------
                         Iteration time: 1.30s
                           Time elapsed: 0:11:14
                                    ETA: 0:05:21

################################################################################
[1m                           Learning iteration 508/750                           [0m 

                               Run name: retention-native-20260908-v50
                            Total steps: 586368 
                       Steps per second: 851 
                        Collection time: 1.169s 
                          Learning time: 0.184s 
                        Mean value loss: 6.1490
                    Mean surrogate loss: 0.0738
             Mean online_retention loss: 0.0106
          Mean rehearsal_retention loss: 0.0191
                            Mean reward: 55.95
                    Mean episode length: 4210.28
                        Mean action std: 0.03
--------------------------------------------------------------------------------
                         Iteration time: 1.35s
                           Time elapsed: 0:11:16
                                    ETA: 0:05:20

################################################################################
[1m                           Learning iteration 509/750                           [0m 

                               Run name: retention-native-20260908-v50
                            Total steps: 587520 
                       Steps per second: 877 
                        Collection time: 1.147s 
                          Learning time: 0.166s 
                        Mean value loss: 6.6186
                    Mean surrogate loss: -0.0508
             Mean online_retention loss: 0.0105
          Mean rehearsal_retention loss: 0.0178
                            Mean reward: 55.95
                    Mean episode length: 4210.28
                        Mean action std: 0.03
--------------------------------------------------------------------------------
                         Iteration time: 1.31s
                           Time elapsed: 0:11:17
                                    ETA: 0:05:18

################################################################################
[1m                           Learning iteration 510/750                           [0m 

                               Run name: retention-native-20260908-v50
                            Total steps: 588672 
                       Steps per second: 897 
                        Collection time: 1.124s 
                          Learning time: 0.160s 
                        Mean value loss: 27.0058
                    Mean surrogate loss: -0.1438
             Mean online_retention loss: 0.0114
          Mean rehearsal_retention loss: 0.0159
                            Mean reward: 55.95
                    Mean episode length: 4210.28
                        Mean action std: 0.03
--------------------------------------------------------------------------------
                         Iteration time: 1.28s
                           Time elapsed: 0:11:18
                                    ETA: 0:05:17

################################################################################
[1m                           Learning iteration 511/750                           [0m 

                               Run name: retention-native-20260908-v50
                            Total steps: 589824 
                       Steps per second: 882 
                        Collection time: 1.140s 
                          Learning time: 0.165s 
                        Mean value loss: 114.8874
                    Mean surrogate loss: -0.1200
             Mean online_retention loss: 0.0091
          Mean rehearsal_retention loss: 0.0110
                            Mean reward: 55.95
                    Mean episode length: 4210.28
                        Mean action std: 0.03
--------------------------------------------------------------------------------
                         Iteration time: 1.30s
                           Time elapsed: 0:11:20
                                    ETA: 0:05:16

################################################################################
[1m                           Learning iteration 512/750                           [0m 

                               Run name: retention-native-20260908-v50
                            Total steps: 590976 
                       Steps per second: 873 
                        Collection time: 1.144s 
                          Learning time: 0.175s 
                        Mean value loss: 2.5386
                    Mean surrogate loss: 0.0175
             Mean online_retention loss: 0.0091
          Mean rehearsal_retention loss: 0.0132
                            Mean reward: 57.91
                    Mean episode length: 4183.44
                        Mean action std: 0.03
--------------------------------------------------------------------------------
                         Iteration time: 1.32s
                           Time elapsed: 0:11:21
                                    ETA: 0:05:14

################################################################################
[1m                           Learning iteration 513/750                           [0m 

                               Run name: retention-native-20260908-v50
                            Total steps: 592128 
                       Steps per second: 873 
                        Collection time: 1.143s 
                          Learning time: 0.176s 
                        Mean value loss: 1.5822
                    Mean surrogate loss: 0.0186
             Mean online_retention loss: 0.0114
          Mean rehearsal_retention loss: 0.0166
                            Mean reward: 57.91
                    Mean episode length: 4183.44
                        Mean action std: 0.03
--------------------------------------------------------------------------------
                         Iteration time: 1.32s
                           Time elapsed: 0:11:22
                                    ETA: 0:05:13

################################################################################
[1m                           Learning iteration 514/750                           [0m 

                               Run name: retention-native-20260908-v50
                            Total steps: 593280 
                       Steps per second: 873 
                        Collection time: 1.138s 
                          Learning time: 0.181s 
                        Mean value loss: 41.6805
                    Mean surrogate loss: -0.1241
             Mean online_retention loss: 0.0137
          Mean rehearsal_retention loss: 0.0197
                            Mean reward: 57.91
                    Mean episode length: 4183.44
                        Mean action std: 0.03
--------------------------------------------------------------------------------
                         Iteration time: 1.32s
                           Time elapsed: 0:11:24
                                    ETA: 0:05:12

################################################################################
[1m                           Learning iteration 515/750                           [0m 

                               Run name: retention-native-20260908-v50
                            Total steps: 594432 
                       Steps per second: 887 
                        Collection time: 1.142s 
                          Learning time: 0.157s 
                        Mean value loss: 40.5096
                    Mean surrogate loss: 0.4856
             Mean online_retention loss: 0.0126
          Mean rehearsal_retention loss: 0.0244
                            Mean reward: 57.91
                    Mean episode length: 4183.44
                        Mean action std: 0.01
--------------------------------------------------------------------------------
                         Iteration time: 1.30s
                           Time elapsed: 0:11:25
                                    ETA: 0:05:10

################################################################################
[1m                           Learning iteration 516/750                           [0m 

                               Run name: retention-native-20260908-v50
                            Total steps: 595584 
                       Steps per second: 868 
                        Collection time: 1.161s 
                          Learning time: 0.165s 
                        Mean value loss: 352.8556
                    Mean surrogate loss: -0.0821
             Mean online_retention loss: 0.0081
          Mean rehearsal_retention loss: 0.0166
                            Mean reward: 62.92
                    Mean episode length: 4210.38
                        Mean action std: 0.01
--------------------------------------------------------------------------------
                         Iteration time: 1.33s
                           Time elapsed: 0:11:26
                                    ETA: 0:05:09

################################################################################
[1m                           Learning iteration 517/750                           [0m 

                               Run name: retention-native-20260908-v50
                            Total steps: 596736 
                       Steps per second: 855 
                        Collection time: 1.166s 
                          Learning time: 0.180s 
                        Mean value loss: 1.4419
                    Mean surrogate loss: 0.2382
             Mean online_retention loss: 0.0147
          Mean rehearsal_retention loss: 0.0233
                            Mean reward: 62.92
                    Mean episode length: 4210.38
                        Mean action std: 0.01
--------------------------------------------------------------------------------
                         Iteration time: 1.35s
                           Time elapsed: 0:11:28
                                    ETA: 0:05:08

################################################################################
[1m                           Learning iteration 518/750                           [0m 

                               Run name: retention-native-20260908-v50
                            Total steps: 597888 
                       Steps per second: 860 
                        Collection time: 1.166s 
                          Learning time: 0.174s 
                        Mean value loss: 27.3952
                    Mean surrogate loss: 0.0126
             Mean online_retention loss: 0.0354
          Mean rehearsal_retention loss: 0.0273
                            Mean reward: 62.92
                    Mean episode length: 4210.38
                        Mean action std: 0.01
--------------------------------------------------------------------------------
                         Iteration time: 1.34s
                           Time elapsed: 0:11:29
                                    ETA: 0:05:06

################################################################################
[1m                           Learning iteration 519/750                           [0m 

                               Run name: retention-native-20260908-v50
                            Total steps: 599040 
                       Steps per second: 878 
                        Collection time: 1.148s 
                          Learning time: 0.163s 
                        Mean value loss: 10.2534
                    Mean surrogate loss: -0.3662
             Mean online_retention loss: 0.0287
          Mean rehearsal_retention loss: 0.0284
                            Mean reward: 62.92
                    Mean episode length: 4210.38
                        Mean action std: 0.01
--------------------------------------------------------------------------------
                         Iteration time: 1.31s
                           Time elapsed: 0:11:30
                                    ETA: 0:05:05

################################################################################
[1m                           Learning iteration 520/750                           [0m 

                               Run name: retention-native-20260908-v50
                            Total steps: 600192 
                       Steps per second: 872 
                        Collection time: 1.145s 
                          Learning time: 0.175s 
                        Mean value loss: 7.8334
                    Mean surrogate loss: 0.1169
             Mean online_retention loss: 0.0185
          Mean rehearsal_retention loss: 0.0312
                            Mean reward: 62.92
                    Mean episode length: 4210.38
                        Mean action std: 0.01
--------------------------------------------------------------------------------
                         Iteration time: 1.32s
                           Time elapsed: 0:11:32
                                    ETA: 0:05:04

################################################################################
[1m                           Learning iteration 521/750                           [0m 

                               Run name: retention-native-20260908-v50
                            Total steps: 601344 
                       Steps per second: 873 
                        Collection time: 1.148s 
                          Learning time: 0.171s 
                        Mean value loss: 26.7238
                    Mean surrogate loss: 0.0052
             Mean online_retention loss: 0.0134
          Mean rehearsal_retention loss: 0.0235
                            Mean reward: 62.92
                    Mean episode length: 4210.38
                        Mean action std: 0.01
--------------------------------------------------------------------------------
                         Iteration time: 1.32s
                           Time elapsed: 0:11:33
                                    ETA: 0:05:02

################################################################################
[1m                           Learning iteration 522/750                           [0m 

                               Run name: retention-native-20260908-v50
                            Total steps: 602496 
                       Steps per second: 878 
                        Collection time: 1.143s 
                          Learning time: 0.168s 
                        Mean value loss: 2.0005
                    Mean surrogate loss: -0.1034
             Mean online_retention loss: 0.0147
          Mean rehearsal_retention loss: 0.0241
                            Mean reward: 62.92
                    Mean episode length: 4210.38
                        Mean action std: 0.02
--------------------------------------------------------------------------------
                         Iteration time: 1.31s
                           Time elapsed: 0:11:34
                                    ETA: 0:05:01

################################################################################
[1m                           Learning iteration 523/750                           [0m 

                               Run name: retention-native-20260908-v50
                            Total steps: 603648 
                       Steps per second: 886 
                        Collection time: 1.136s 
                          Learning time: 0.163s 
                        Mean value loss: 48.5779
                    Mean surrogate loss: -0.1001
             Mean online_retention loss: 0.0123
          Mean rehearsal_retention loss: 0.0233
                            Mean reward: 62.92
                    Mean episode length: 4210.38
                        Mean action std: 0.01
--------------------------------------------------------------------------------
                         Iteration time: 1.30s
                           Time elapsed: 0:11:35
                                    ETA: 0:05:00

################################################################################
[1m                           Learning iteration 524/750                           [0m 

                               Run name: retention-native-20260908-v50
                            Total steps: 604800 
                       Steps per second: 832 
                        Collection time: 1.205s 
                          Learning time: 0.180s 
                        Mean value loss: 17.1488
                    Mean surrogate loss: 0.0180
             Mean online_retention loss: 0.0113
          Mean rehearsal_retention loss: 0.0190
                            Mean reward: 63.16
                    Mean episode length: 4201.15
                        Mean action std: 0.01
--------------------------------------------------------------------------------
                         Iteration time: 1.38s
                           Time elapsed: 0:11:37
                                    ETA: 0:04:58

################################################################################
[1m                           Learning iteration 525/750                           [0m 

                               Run name: retention-native-20260908-v50
                            Total steps: 605952 
                       Steps per second: 863 
                        Collection time: 1.142s 
                          Learning time: 0.192s 
                        Mean value loss: 22.6525
                    Mean surrogate loss: -0.1352
             Mean online_retention loss: 0.0138
          Mean rehearsal_retention loss: 0.0218
                            Mean reward: 63.16
                    Mean episode length: 4201.15
                        Mean action std: 0.01
--------------------------------------------------------------------------------
                         Iteration time: 1.33s
                           Time elapsed: 0:11:38
                                    ETA: 0:04:57

################################################################################
[1m                           Learning iteration 526/750                           [0m 

                               Run name: retention-native-20260908-v50
                            Total steps: 607104 
                       Steps per second: 861 
                        Collection time: 1.169s 
                          Learning time: 0.169s 
                        Mean value loss: 54.5841
                    Mean surrogate loss: -0.2127
             Mean online_retention loss: 0.0149
          Mean rehearsal_retention loss: 0.0226
                            Mean reward: 63.59
                    Mean episode length: 4191.90
                        Mean action std: 0.01
--------------------------------------------------------------------------------
                         Iteration time: 1.34s
                           Time elapsed: 0:11:40
                                    ETA: 0:04:56

################################################################################
[1m                           Learning iteration 527/750                           [0m 

                               Run name: retention-native-20260908-v50
                            Total steps: 608256 
                       Steps per second: 844 
                        Collection time: 1.189s 
                          Learning time: 0.176s 
                        Mean value loss: 169.1904
                    Mean surrogate loss: -0.0847
             Mean online_retention loss: 0.0417
          Mean rehearsal_retention loss: 0.0173
                            Mean reward: 63.59
                    Mean episode length: 4191.90
                        Mean action std: 0.03
--------------------------------------------------------------------------------
                         Iteration time: 1.36s
                           Time elapsed: 0:11:41
                                    ETA: 0:04:54

################################################################################
[1m                           Learning iteration 528/750                           [0m 

                               Run name: retention-native-20260908-v50
                            Total steps: 609408 
                       Steps per second: 874 
                        Collection time: 1.152s 
                          Learning time: 0.166s 
                        Mean value loss: 41.4630
                    Mean surrogate loss: -0.1767
             Mean online_retention loss: 0.0154
          Mean rehearsal_retention loss: 0.0141
                            Mean reward: 63.59
                    Mean episode length: 4191.90
                        Mean action std: 0.03
--------------------------------------------------------------------------------
                         Iteration time: 1.32s
                           Time elapsed: 0:11:42
                                    ETA: 0:04:53

################################################################################
[1m                           Learning iteration 529/750                           [0m 

                               Run name: retention-native-20260908-v50
                            Total steps: 610560 
                       Steps per second: 873 
                        Collection time: 1.156s 
                          Learning time: 0.164s 
                        Mean value loss: 14.3002
                    Mean surrogate loss: -0.0405
             Mean online_retention loss: 0.0122
          Mean rehearsal_retention loss: 0.0121
                            Mean reward: 59.11
                    Mean episode length: 4210.25
                        Mean action std: 0.03
--------------------------------------------------------------------------------
                         Iteration time: 1.32s
                           Time elapsed: 0:11:44
                                    ETA: 0:04:52

################################################################################
[1m                           Learning iteration 530/750                           [0m 

                               Run name: retention-native-20260908-v50
                            Total steps: 611712 
                       Steps per second: 856 
                        Collection time: 1.162s 
                          Learning time: 0.183s 
                        Mean value loss: 2.0584
                    Mean surrogate loss: -0.0175
             Mean online_retention loss: 0.0146
          Mean rehearsal_retention loss: 0.0146
                            Mean reward: 59.11
                    Mean episode length: 4210.25
                        Mean action std: 0.03
--------------------------------------------------------------------------------
                         Iteration time: 1.35s
                           Time elapsed: 0:11:45
                                    ETA: 0:04:50

################################################################################
[1m                           Learning iteration 531/750                           [0m 

                               Run name: retention-native-20260908-v50
                            Total steps: 612864 
                       Steps per second: 860 
                        Collection time: 1.158s 
                          Learning time: 0.181s 
                        Mean value loss: 30.7580
                    Mean surrogate loss: -0.1574
             Mean online_retention loss: 0.0144
          Mean rehearsal_retention loss: 0.0142
                            Mean reward: 59.11
                    Mean episode length: 4210.25
                        Mean action std: 0.03
--------------------------------------------------------------------------------
                         Iteration time: 1.34s
                           Time elapsed: 0:11:46
                                    ETA: 0:04:49

################################################################################
[1m                           Learning iteration 532/750                           [0m 

                               Run name: retention-native-20260908-v50
                            Total steps: 614016 
                       Steps per second: 865 
                        Collection time: 1.162s 
                          Learning time: 0.169s 
                        Mean value loss: 2.2813
                    Mean surrogate loss: -0.0218
             Mean online_retention loss: 0.0156
          Mean rehearsal_retention loss: 0.0156
                            Mean reward: 59.11
                    Mean episode length: 4210.25
                        Mean action std: 0.04
--------------------------------------------------------------------------------
                         Iteration time: 1.33s
                           Time elapsed: 0:11:48
                                    ETA: 0:04:48

################################################################################
[1m                           Learning iteration 533/750                           [0m 

                               Run name: retention-native-20260908-v50
                            Total steps: 615168 
                       Steps per second: 863 
                        Collection time: 1.157s 
                          Learning time: 0.177s 
                        Mean value loss: 2.2293
                    Mean surrogate loss: -0.0313
             Mean online_retention loss: 0.0206
          Mean rehearsal_retention loss: 0.0210
                            Mean reward: 59.11
                    Mean episode length: 4210.25
                        Mean action std: 0.04
--------------------------------------------------------------------------------
                         Iteration time: 1.33s
                           Time elapsed: 0:11:49
                                    ETA: 0:04:46

################################################################################
[1m                           Learning iteration 534/750                           [0m 

                               Run name: retention-native-20260908-v50
                            Total steps: 616320 
                       Steps per second: 861 
                        Collection time: 1.158s 
                          Learning time: 0.178s 
                        Mean value loss: 1.9899
                    Mean surrogate loss: -0.0362
             Mean online_retention loss: 0.0212
          Mean rehearsal_retention loss: 0.0220
                            Mean reward: 59.11
                    Mean episode length: 4210.25
                        Mean action std: 0.04
--------------------------------------------------------------------------------
                         Iteration time: 1.34s
                           Time elapsed: 0:11:50
                                    ETA: 0:04:45

################################################################################
[1m                           Learning iteration 535/750                           [0m 

                               Run name: retention-native-20260908-v50
                            Total steps: 617472 
                       Steps per second: 873 
                        Collection time: 1.150s 
                          Learning time: 0.169s 
                        Mean value loss: 3.3382
                    Mean surrogate loss: -0.0706
             Mean online_retention loss: 0.0202
          Mean rehearsal_retention loss: 0.0193
                            Mean reward: 59.11
                    Mean episode length: 4210.25
                        Mean action std: 0.03
--------------------------------------------------------------------------------
                         Iteration time: 1.32s
                           Time elapsed: 0:11:52
                                    ETA: 0:04:44

################################################################################
[1m                           Learning iteration 536/750                           [0m 

                               Run name: retention-native-20260908-v50
                            Total steps: 618624 
                       Steps per second: 860 
                        Collection time: 1.147s 
                          Learning time: 0.193s 
                        Mean value loss: 108.0979
                    Mean surrogate loss: -0.1198
             Mean online_retention loss: 0.0128
          Mean rehearsal_retention loss: 0.0121
                            Mean reward: 59.11
                    Mean episode length: 4210.25
                        Mean action std: 0.03
--------------------------------------------------------------------------------
                         Iteration time: 1.34s
                           Time elapsed: 0:11:53
                                    ETA: 0:04:42

################################################################################
[1m                           Learning iteration 537/750                           [0m 

                               Run name: retention-native-20260908-v50
                            Total steps: 619776 
                       Steps per second: 869 
                        Collection time: 1.142s 
                          Learning time: 0.184s 
                        Mean value loss: 3.1622
                    Mean surrogate loss: 0.0843
             Mean online_retention loss: 0.0119
          Mean rehearsal_retention loss: 0.0118
                            Mean reward: 54.00
                    Mean episode length: 4201.29
                        Mean action std: 0.03
--------------------------------------------------------------------------------
                         Iteration time: 1.33s
                           Time elapsed: 0:11:54
                                    ETA: 0:04:41

################################################################################
[1m                           Learning iteration 538/750                           [0m 

                               Run name: retention-native-20260908-v50
                            Total steps: 620928 
                       Steps per second: 859 
                        Collection time: 1.166s 
                          Learning time: 0.174s 
                        Mean value loss: 23.7834
                    Mean surrogate loss: -0.0849
             Mean online_retention loss: 0.0111
          Mean rehearsal_retention loss: 0.0119
                            Mean reward: 54.00
                    Mean episode length: 4201.29
                        Mean action std: 0.03
--------------------------------------------------------------------------------
                         Iteration time: 1.34s
                           Time elapsed: 0:11:56
                                    ETA: 0:04:40

################################################################################
[1m                           Learning iteration 539/750                           [0m 

                               Run name: retention-native-20260908-v50
                            Total steps: 622080 
                       Steps per second: 867 
                        Collection time: 1.162s 
                          Learning time: 0.166s 
                        Mean value loss: 19.6443
                    Mean surrogate loss: -0.0831
             Mean online_retention loss: 0.0106
          Mean rehearsal_retention loss: 0.0135
                            Mean reward: 54.00
                    Mean episode length: 4201.29
                        Mean action std: 0.04
--------------------------------------------------------------------------------
                         Iteration time: 1.33s
                           Time elapsed: 0:11:57
                                    ETA: 0:04:38

################################################################################
[1m                           Learning iteration 540/750                           [0m 

                               Run name: retention-native-20260908-v50
                            Total steps: 623232 
                       Steps per second: 876 
                        Collection time: 1.139s 
                          Learning time: 0.176s 
                        Mean value loss: 79.4283
                    Mean surrogate loss: -0.1376
             Mean online_retention loss: 0.0098
          Mean rehearsal_retention loss: 0.0122
                            Mean reward: 54.00
                    Mean episode length: 4201.29
                        Mean action std: 0.04
--------------------------------------------------------------------------------
                         Iteration time: 1.32s
                           Time elapsed: 0:11:58
                                    ETA: 0:04:37

################################################################################
[1m                           Learning iteration 541/750                           [0m 

                               Run name: retention-native-20260908-v50
                            Total steps: 624384 
                       Steps per second: 868 
                        Collection time: 1.152s 
                          Learning time: 0.175s 
                        Mean value loss: 10.6076
                    Mean surrogate loss: -0.0085
             Mean online_retention loss: 0.0089
          Mean rehearsal_retention loss: 0.0117
                            Mean reward: 54.21
                    Mean episode length: 4192.39
                        Mean action std: 0.04
--------------------------------------------------------------------------------
                         Iteration time: 1.33s
                           Time elapsed: 0:12:00
                                    ETA: 0:04:36

################################################################################
[1m                           Learning iteration 542/750                           [0m 

                               Run name: retention-native-20260908-v50
                            Total steps: 625536 
                       Steps per second: 879 
                        Collection time: 1.154s 
                          Learning time: 0.157s 
                        Mean value loss: 2.5128
                    Mean surrogate loss: 0.0066
             Mean online_retention loss: 0.0124
          Mean rehearsal_retention loss: 0.0163
                            Mean reward: 54.21
                    Mean episode length: 4192.39
                        Mean action std: 0.04
--------------------------------------------------------------------------------
                         Iteration time: 1.31s
                           Time elapsed: 0:12:01
                                    ETA: 0:04:34

################################################################################
[1m                           Learning iteration 543/750                           [0m 

                               Run name: retention-native-20260908-v50
                            Total steps: 626688 
                       Steps per second: 885 
                        Collection time: 1.138s 
                          Learning time: 0.164s 
                        Mean value loss: 19.8029
                    Mean surrogate loss: -0.0924
             Mean online_retention loss: 0.0114
          Mean rehearsal_retention loss: 0.0144
                            Mean reward: 54.21
                    Mean episode length: 4192.39
                        Mean action std: 0.03
--------------------------------------------------------------------------------
                         Iteration time: 1.30s
                           Time elapsed: 0:12:02
                                    ETA: 0:04:33

################################################################################
[1m                           Learning iteration 544/750                           [0m 

                               Run name: retention-native-20260908-v50
                            Total steps: 627840 
                       Steps per second: 877 
                        Collection time: 1.147s 
                          Learning time: 0.166s 
                        Mean value loss: 4.8778
                    Mean surrogate loss: 0.0511
             Mean online_retention loss: 0.0126
          Mean rehearsal_retention loss: 0.0154
                            Mean reward: 54.21
                    Mean episode length: 4192.39
                        Mean action std: 0.03
--------------------------------------------------------------------------------
                         Iteration time: 1.31s
                           Time elapsed: 0:12:03
                                    ETA: 0:04:32

################################################################################
[1m                           Learning iteration 545/750                           [0m 

                               Run name: retention-native-20260908-v50
                            Total steps: 628992 
                       Steps per second: 871 
                        Collection time: 1.149s 
                          Learning time: 0.173s 
                        Mean value loss: 9.0613
                    Mean surrogate loss: 0.0391
             Mean online_retention loss: 0.0127
          Mean rehearsal_retention loss: 0.0144
                            Mean reward: 54.21
                    Mean episode length: 4192.39
                        Mean action std: 0.03
--------------------------------------------------------------------------------
                         Iteration time: 1.32s
                           Time elapsed: 0:12:05
                                    ETA: 0:04:30

################################################################################
[1m                           Learning iteration 546/750                           [0m 

                               Run name: retention-native-20260908-v50
                            Total steps: 630144 
                       Steps per second: 862 
                        Collection time: 1.165s 
                          Learning time: 0.171s 
                        Mean value loss: 7.8649
                    Mean surrogate loss: -0.0394
             Mean online_retention loss: 0.0139
          Mean rehearsal_retention loss: 0.0142
                            Mean reward: 54.21
                    Mean episode length: 4192.39
                        Mean action std: 0.03
--------------------------------------------------------------------------------
                         Iteration time: 1.34s
                           Time elapsed: 0:12:06
                                    ETA: 0:04:29

################################################################################
[1m                           Learning iteration 547/750                           [0m 

                               Run name: retention-native-20260908-v50
                            Total steps: 631296 
                       Steps per second: 885 
                        Collection time: 1.140s 
                          Learning time: 0.162s 
                        Mean value loss: 7.1036
                    Mean surrogate loss: -0.0905
             Mean online_retention loss: 0.0150
          Mean rehearsal_retention loss: 0.0147
                            Mean reward: 54.21
                    Mean episode length: 4192.39
                        Mean action std: 0.03
--------------------------------------------------------------------------------
                         Iteration time: 1.30s
                           Time elapsed: 0:12:07
                                    ETA: 0:04:28

################################################################################
[1m                           Learning iteration 548/750                           [0m 

                               Run name: retention-native-20260908-v50
                            Total steps: 632448 
                       Steps per second: 866 
                        Collection time: 1.155s 
                          Learning time: 0.174s 
                        Mean value loss: 108.7129
                    Mean surrogate loss: -0.1709
             Mean online_retention loss: 0.0125
          Mean rehearsal_retention loss: 0.0109
                            Mean reward: 54.21
                    Mean episode length: 4192.39
                        Mean action std: 0.03
--------------------------------------------------------------------------------
                         Iteration time: 1.33s
                           Time elapsed: 0:12:09
                                    ETA: 0:04:26

################################################################################
[1m                           Learning iteration 549/750                           [0m 

                               Run name: retention-native-20260908-v50
                            Total steps: 633600 
                       Steps per second: 848 
                        Collection time: 1.180s 
                          Learning time: 0.178s 
                        Mean value loss: 4.7793
                    Mean surrogate loss: 0.0211
             Mean online_retention loss: 0.0136
          Mean rehearsal_retention loss: 0.0121
                            Mean reward: 54.32
                    Mean episode length: 4201.51
                        Mean action std: 0.03
--------------------------------------------------------------------------------
                         Iteration time: 1.36s
                           Time elapsed: 0:12:10
                                    ETA: 0:04:25

################################################################################
[1m                           Learning iteration 550/750                           [0m 

                               Run name: retention-native-20260908-v50
                            Total steps: 634752 
                       Steps per second: 877 
                        Collection time: 1.148s 
                          Learning time: 0.165s 
                        Mean value loss: 2.4209
                    Mean surrogate loss: -0.0277
             Mean online_retention loss: 0.0154
          Mean rehearsal_retention loss: 0.0148
                            Mean reward: 54.32
                    Mean episode length: 4201.51
                        Mean action std: 0.03
--------------------------------------------------------------------------------
                         Iteration time: 1.31s
                           Time elapsed: 0:12:11
                                    ETA: 0:04:24

################################################################################
[1m                           Learning iteration 551/750                           [0m 

                               Run name: retention-native-20260908-v50
                            Total steps: 635904 
                       Steps per second: 860 
                        Collection time: 1.155s 
                          Learning time: 0.184s 
                        Mean value loss: 15.1252
                    Mean surrogate loss: -0.0645
             Mean online_retention loss: 0.0152
          Mean rehearsal_retention loss: 0.0155
                            Mean reward: 54.32
                    Mean episode length: 4201.51
                        Mean action std: 0.03
--------------------------------------------------------------------------------
                         Iteration time: 1.34s
                           Time elapsed: 0:12:13
                                    ETA: 0:04:23

################################################################################
[1m                           Learning iteration 552/750                           [0m 

                               Run name: retention-native-20260908-v50
                            Total steps: 637056 
                       Steps per second: 869 
                        Collection time: 1.150s 
                          Learning time: 0.175s 
                        Mean value loss: 152.2235
                    Mean surrogate loss: -0.1803
             Mean online_retention loss: 0.0171
          Mean rehearsal_retention loss: 0.0187
                            Mean reward: 54.32
                    Mean episode length: 4201.51
                        Mean action std: 0.02
--------------------------------------------------------------------------------
                         Iteration time: 1.32s
                           Time elapsed: 0:12:14
                                    ETA: 0:04:21

################################################################################
[1m                           Learning iteration 553/750                           [0m 

                               Run name: retention-native-20260908-v50
                            Total steps: 638208 
                       Steps per second: 852 
                        Collection time: 1.167s 
                          Learning time: 0.185s 
                        Mean value loss: 5.8141
                    Mean surrogate loss: -0.1826
             Mean online_retention loss: 0.0238
          Mean rehearsal_retention loss: 0.0261
                            Mean reward: 60.81
                    Mean episode length: 4284.48
                        Mean action std: 0.01
--------------------------------------------------------------------------------
                         Iteration time: 1.35s
                           Time elapsed: 0:12:15
                                    ETA: 0:04:20

################################################################################
[1m                           Learning iteration 554/750                           [0m 

                               Run name: retention-native-20260908-v50
                            Total steps: 639360 
                       Steps per second: 856 
                        Collection time: 1.172s 
                          Learning time: 0.174s 
                        Mean value loss: 4.7327
                    Mean surrogate loss: 0.2982
             Mean online_retention loss: 0.0256
          Mean rehearsal_retention loss: 0.0342
                            Mean reward: 60.81
                    Mean episode length: 4284.48
                        Mean action std: 0.01
--------------------------------------------------------------------------------
                         Iteration time: 1.35s
                           Time elapsed: 0:12:17
                                    ETA: 0:04:19

################################################################################
[1m                           Learning iteration 555/750                           [0m 

                               Run name: retention-native-20260908-v50
                            Total steps: 640512 
                       Steps per second: 851 
                        Collection time: 1.167s 
                          Learning time: 0.185s 
                        Mean value loss: 77.5931
                    Mean surrogate loss: -0.1468
             Mean online_retention loss: 0.0190
          Mean rehearsal_retention loss: 0.0221
                            Mean reward: 60.81
                    Mean episode length: 4284.48
                        Mean action std: 0.01
--------------------------------------------------------------------------------
                         Iteration time: 1.35s
                           Time elapsed: 0:12:18
                                    ETA: 0:04:17

################################################################################
[1m                           Learning iteration 556/750                           [0m 

                               Run name: retention-native-20260908-v50
                            Total steps: 641664 
                       Steps per second: 856 
                        Collection time: 1.181s 
                          Learning time: 0.164s 
                        Mean value loss: 26.9114
                    Mean surrogate loss: -0.0667
             Mean online_retention loss: 0.0381
          Mean rehearsal_retention loss: 0.0243
                            Mean reward: 60.75
                    Mean episode length: 4284.71
                        Mean action std: 0.01
--------------------------------------------------------------------------------
                         Iteration time: 1.34s
                           Time elapsed: 0:12:19
                                    ETA: 0:04:16

################################################################################
[1m                           Learning iteration 557/750                           [0m 

                               Run name: retention-native-20260908-v50
                            Total steps: 642816 
                       Steps per second: 865 
                        Collection time: 1.159s 
                          Learning time: 0.172s 
                        Mean value loss: 35.5112
                    Mean surrogate loss: -0.2069
             Mean online_retention loss: 0.0256
          Mean rehearsal_retention loss: 0.0218
                            Mean reward: 60.75
                    Mean episode length: 4284.71
                        Mean action std: 0.01
--------------------------------------------------------------------------------
                         Iteration time: 1.33s
                           Time elapsed: 0:12:21
                                    ETA: 0:04:15

################################################################################
[1m                           Learning iteration 558/750                           [0m 

                               Run name: retention-native-20260908-v50
                            Total steps: 643968 
                       Steps per second: 854 
                        Collection time: 1.169s 
                          Learning time: 0.180s 
                        Mean value loss: 67.0809
                    Mean surrogate loss: -0.1055
             Mean online_retention loss: 0.0142
          Mean rehearsal_retention loss: 0.0191
                            Mean reward: 60.24
                    Mean episode length: 4275.68
                        Mean action std: 0.01
--------------------------------------------------------------------------------
                         Iteration time: 1.35s
                           Time elapsed: 0:12:22
                                    ETA: 0:04:13

################################################################################
[1m                           Learning iteration 559/750                           [0m 

                               Run name: retention-native-20260908-v50
                            Total steps: 645120 
                       Steps per second: 854 
                        Collection time: 1.172s 
                          Learning time: 0.176s 
                        Mean value loss: 36.9453
                    Mean surrogate loss: -0.1700
             Mean online_retention loss: 0.0139
          Mean rehearsal_retention loss: 0.0175
                            Mean reward: 60.36
                    Mean episode length: 4284.88
                        Mean action std: 0.01
--------------------------------------------------------------------------------
                         Iteration time: 1.35s
                           Time elapsed: 0:12:23
                                    ETA: 0:04:12

################################################################################
[1m                           Learning iteration 560/750                           [0m 

                               Run name: retention-native-20260908-v50
                            Total steps: 646272 
                       Steps per second: 871 
                        Collection time: 1.148s 
                          Learning time: 0.173s 
                        Mean value loss: 8.3640
                    Mean surrogate loss: -0.1154
             Mean online_retention loss: 0.0161
          Mean rehearsal_retention loss: 0.0207
                            Mean reward: 60.36
                    Mean episode length: 4284.88
                        Mean action std: 0.01
--------------------------------------------------------------------------------
                         Iteration time: 1.32s
                           Time elapsed: 0:12:25
                                    ETA: 0:04:11

################################################################################
[1m                           Learning iteration 561/750                           [0m 

                               Run name: retention-native-20260908-v50
                            Total steps: 647424 
                       Steps per second: 867 
                        Collection time: 1.149s 
                          Learning time: 0.179s 
                        Mean value loss: 1.9187
                    Mean surrogate loss: -0.0391
             Mean online_retention loss: 0.0199
          Mean rehearsal_retention loss: 0.0242
                            Mean reward: 60.36
                    Mean episode length: 4284.88
                        Mean action std: 0.01
--------------------------------------------------------------------------------
                         Iteration time: 1.33s
                           Time elapsed: 0:12:26
                                    ETA: 0:04:09

################################################################################
[1m                           Learning iteration 562/750                           [0m 

                               Run name: retention-native-20260908-v50
                            Total steps: 648576 
                       Steps per second: 872 
                        Collection time: 1.156s 
                          Learning time: 0.164s 
                        Mean value loss: 4.1943
                    Mean surrogate loss: 0.1063
             Mean online_retention loss: 0.0216
          Mean rehearsal_retention loss: 0.0266
                            Mean reward: 60.36
                    Mean episode length: 4284.88
                        Mean action std: 0.01
--------------------------------------------------------------------------------
                         Iteration time: 1.32s
                           Time elapsed: 0:12:27
                                    ETA: 0:04:08

################################################################################
[1m                           Learning iteration 563/750                           [0m 

                               Run name: retention-native-20260908-v50
                            Total steps: 649728 
                       Steps per second: 886 
                        Collection time: 1.139s 
                          Learning time: 0.160s 
                        Mean value loss: 17.1718
                    Mean surrogate loss: -0.2250
             Mean online_retention loss: 0.0215
          Mean rehearsal_retention loss: 0.0333
                            Mean reward: 60.36
                    Mean episode length: 4284.88
                        Mean action std: 0.01
--------------------------------------------------------------------------------
                         Iteration time: 1.30s
                           Time elapsed: 0:12:29
                                    ETA: 0:04:07

################################################################################
[1m                           Learning iteration 564/750                           [0m 

                               Run name: retention-native-20260908-v50
                            Total steps: 650880 
                       Steps per second: 859 
                        Collection time: 1.169s 
                          Learning time: 0.171s 
                        Mean value loss: 535.5665
                    Mean surrogate loss: -0.4753
             Mean online_retention loss: 0.0993
          Mean rehearsal_retention loss: 0.0316
                            Mean reward: 60.36
                    Mean episode length: 4284.88
                        Mean action std: 0.02
--------------------------------------------------------------------------------
                         Iteration time: 1.34s
                           Time elapsed: 0:12:30
                                    ETA: 0:04:05

################################################################################
[1m                           Learning iteration 565/750                           [0m 

                               Run name: retention-native-20260908-v50
                            Total steps: 652032 
                       Steps per second: 877 
                        Collection time: 1.140s 
                          Learning time: 0.174s 
                        Mean value loss: 104.5888
                    Mean surrogate loss: -0.1297
             Mean online_retention loss: 0.0308
          Mean rehearsal_retention loss: 0.0190
                            Mean reward: 60.36
                    Mean episode length: 4284.88
                        Mean action std: 0.04
--------------------------------------------------------------------------------
                         Iteration time: 1.31s
                           Time elapsed: 0:12:31
                                    ETA: 0:04:04

################################################################################
[1m                           Learning iteration 566/750                           [0m 

                               Run name: retention-native-20260908-v50
                            Total steps: 653184 
                       Steps per second: 877 
                        Collection time: 1.148s 
                          Learning time: 0.166s 
                        Mean value loss: 7.0284
                    Mean surrogate loss: -0.0653
             Mean online_retention loss: 0.0187
          Mean rehearsal_retention loss: 0.0140
                            Mean reward: 59.74
                    Mean episode length: 4284.87
                        Mean action std: 0.03
--------------------------------------------------------------------------------
                         Iteration time: 1.31s
                           Time elapsed: 0:12:33
                                    ETA: 0:04:03

################################################################################
[1m                           Learning iteration 567/750                           [0m 

                               Run name: retention-native-20260908-v50
                            Total steps: 654336 
                       Steps per second: 877 
                        Collection time: 1.148s 
                          Learning time: 0.165s 
                        Mean value loss: 99.4069
                    Mean surrogate loss: -0.1344
             Mean online_retention loss: 0.0130
          Mean rehearsal_retention loss: 0.0106
                            Mean reward: 59.74
                    Mean episode length: 4284.87
                        Mean action std: 0.03
--------------------------------------------------------------------------------
                         Iteration time: 1.31s
                           Time elapsed: 0:12:34
                                    ETA: 0:04:01

################################################################################
[1m                           Learning iteration 568/750                           [0m 

                               Run name: retention-native-20260908-v50
                            Total steps: 655488 
                       Steps per second: 859 
                        Collection time: 1.168s 
                          Learning time: 0.172s 
                        Mean value loss: 20.9791
                    Mean surrogate loss: -0.0797
             Mean online_retention loss: 0.0115
          Mean rehearsal_retention loss: 0.0103
                            Mean reward: 59.73
                    Mean episode length: 4320.86
                        Mean action std: 0.03
--------------------------------------------------------------------------------
                         Iteration time: 1.34s
                           Time elapsed: 0:12:35
                                    ETA: 0:04:00

################################################################################
[1m                           Learning iteration 569/750                           [0m 

                               Run name: retention-native-20260908-v50
                            Total steps: 656640 
                       Steps per second: 855 
                        Collection time: 1.170s 
                          Learning time: 0.176s 
                        Mean value loss: 80.8770
                    Mean surrogate loss: -0.0898
             Mean online_retention loss: 0.0099
          Mean rehearsal_retention loss: 0.0093
                            Mean reward: 60.04
                    Mean episode length: 4320.85
                        Mean action std: 0.03
--------------------------------------------------------------------------------
                         Iteration time: 1.35s
                           Time elapsed: 0:12:37
                                    ETA: 0:03:59

################################################################################
[1m                           Learning iteration 570/750                           [0m 

                               Run name: retention-native-20260908-v50
                            Total steps: 657792 
                       Steps per second: 876 
                        Collection time: 1.150s 
                          Learning time: 0.164s 
                        Mean value loss: 12.8687
                    Mean surrogate loss: -0.0661
             Mean online_retention loss: 0.0098
          Mean rehearsal_retention loss: 0.0093
                            Mean reward: 60.04
                    Mean episode length: 4320.85
                        Mean action std: 0.03
--------------------------------------------------------------------------------
                         Iteration time: 1.31s
                           Time elapsed: 0:12:38
                                    ETA: 0:03:57

################################################################################
[1m                           Learning iteration 571/750                           [0m 

                               Run name: retention-native-20260908-v50
                            Total steps: 658944 
                       Steps per second: 857 
                        Collection time: 1.167s 
                          Learning time: 0.176s 
                        Mean value loss: 3.0718
                    Mean surrogate loss: -0.0071
             Mean online_retention loss: 0.0149
          Mean rehearsal_retention loss: 0.0142
                            Mean reward: 60.04
                    Mean episode length: 4320.85
                        Mean action std: 0.04
--------------------------------------------------------------------------------
                         Iteration time: 1.34s
                           Time elapsed: 0:12:39
                                    ETA: 0:03:56

################################################################################
[1m                           Learning iteration 572/750                           [0m 

                               Run name: retention-native-20260908-v50
                            Total steps: 660096 
                       Steps per second: 871 
                        Collection time: 1.146s 
                          Learning time: 0.176s 
                        Mean value loss: 6.8955
                    Mean surrogate loss: -0.0394
             Mean online_retention loss: 0.0146
          Mean rehearsal_retention loss: 0.0146
                            Mean reward: 60.04
                    Mean episode length: 4320.85
                        Mean action std: 0.04
--------------------------------------------------------------------------------
                         Iteration time: 1.32s
                           Time elapsed: 0:12:41
                                    ETA: 0:03:55

################################################################################
[1m                           Learning iteration 573/750                           [0m 

                               Run name: retention-native-20260908-v50
                            Total steps: 661248 
                       Steps per second: 878 
                        Collection time: 1.144s 
                          Learning time: 0.168s 
                        Mean value loss: 7.7457
                    Mean surrogate loss: -0.0041
             Mean online_retention loss: 0.0169
          Mean rehearsal_retention loss: 0.0172
                            Mean reward: 60.04
                    Mean episode length: 4320.85
                        Mean action std: 0.04
--------------------------------------------------------------------------------
                         Iteration time: 1.31s
                           Time elapsed: 0:12:42
                                    ETA: 0:03:53

################################################################################
[1m                           Learning iteration 574/750                           [0m 

                               Run name: retention-native-20260908-v50
                            Total steps: 662400 
                       Steps per second: 875 
                        Collection time: 1.149s 
                          Learning time: 0.167s 
                        Mean value loss: 3.4808
                    Mean surrogate loss: -0.0328
             Mean online_retention loss: 0.0165
          Mean rehearsal_retention loss: 0.0166
                            Mean reward: 60.04
                    Mean episode length: 4320.85
                        Mean action std: 0.03
--------------------------------------------------------------------------------
                         Iteration time: 1.32s
                           Time elapsed: 0:12:43
                                    ETA: 0:03:52

################################################################################
[1m                           Learning iteration 575/750                           [0m 

                               Run name: retention-native-20260908-v50
                            Total steps: 663552 
                       Steps per second: 851 
                        Collection time: 1.177s 
                          Learning time: 0.176s 
                        Mean value loss: 22.3111
                    Mean surrogate loss: -0.0986
             Mean online_retention loss: 0.0146
          Mean rehearsal_retention loss: 0.0142
                            Mean reward: 60.04
                    Mean episode length: 4320.85
                        Mean action std: 0.03
--------------------------------------------------------------------------------
                         Iteration time: 1.35s
                           Time elapsed: 0:12:45
                                    ETA: 0:03:51

################################################################################
[1m                           Learning iteration 576/750                           [0m 

                               Run name: retention-native-20260908-v50
                            Total steps: 664704 
                       Steps per second: 864 
                        Collection time: 1.149s 
                          Learning time: 0.184s 
                        Mean value loss: 25.3461
                    Mean surrogate loss: -0.0900
             Mean online_retention loss: 0.0129
          Mean rehearsal_retention loss: 0.0130
                            Mean reward: 60.04
                    Mean episode length: 4320.85
                        Mean action std: 0.04
--------------------------------------------------------------------------------
                         Iteration time: 1.33s
                           Time elapsed: 0:12:46
                                    ETA: 0:03:49

################################################################################
[1m                           Learning iteration 577/750                           [0m 

                               Run name: retention-native-20260908-v50
                            Total steps: 665856 
                       Steps per second: 872 
                        Collection time: 1.157s 
                          Learning time: 0.163s 
                        Mean value loss: 6.0168
                    Mean surrogate loss: -0.1066
             Mean online_retention loss: 0.0149
          Mean rehearsal_retention loss: 0.0141
                            Mean reward: 60.04
                    Mean episode length: 4320.85
                        Mean action std: 0.04
--------------------------------------------------------------------------------
                         Iteration time: 1.32s
                           Time elapsed: 0:12:47
                                    ETA: 0:03:48

################################################################################
[1m                           Learning iteration 578/750                           [0m 

                               Run name: retention-native-20260908-v50
                            Total steps: 667008 
                       Steps per second: 868 
                        Collection time: 1.150s 
                          Learning time: 0.176s 
                        Mean value loss: 47.1877
                    Mean surrogate loss: -0.1370
             Mean online_retention loss: 0.0120
          Mean rehearsal_retention loss: 0.0106
                            Mean reward: 60.04
                    Mean episode length: 4320.85
                        Mean action std: 0.04
--------------------------------------------------------------------------------
                         Iteration time: 1.33s
                           Time elapsed: 0:12:49
                                    ETA: 0:03:47

################################################################################
[1m                           Learning iteration 579/750                           [0m 

                               Run name: retention-native-20260908-v50
                            Total steps: 668160 
                       Steps per second: 864 
                        Collection time: 1.157s 
                          Learning time: 0.176s 
                        Mean value loss: 4.3740
                    Mean surrogate loss: 0.0013
             Mean online_retention loss: 0.0124
          Mean rehearsal_retention loss: 0.0106
                            Mean reward: 61.15
                    Mean episode length: 4303.14
                        Mean action std: 0.04
--------------------------------------------------------------------------------
                         Iteration time: 1.33s
                           Time elapsed: 0:12:50
                                    ETA: 0:03:45

################################################################################
[1m                           Learning iteration 580/750                           [0m 

                               Run name: retention-native-20260908-v50
                            Total steps: 669312 
                       Steps per second: 878 
                        Collection time: 1.149s 
                          Learning time: 0.162s 
                        Mean value loss: 3.4412
                    Mean surrogate loss: -0.0077
             Mean online_retention loss: 0.0144
          Mean rehearsal_retention loss: 0.0119
                            Mean reward: 61.15
                    Mean episode length: 4303.14
                        Mean action std: 0.04
--------------------------------------------------------------------------------
                         Iteration time: 1.31s
                           Time elapsed: 0:12:51
                                    ETA: 0:03:44

################################################################################
[1m                           Learning iteration 581/750                           [0m 

                               Run name: retention-native-20260908-v50
                            Total steps: 670464 
                       Steps per second: 875 
                        Collection time: 1.148s 
                          Learning time: 0.167s 
                        Mean value loss: 30.8237
                    Mean surrogate loss: -0.0097
             Mean online_retention loss: 0.0152
          Mean rehearsal_retention loss: 0.0121
                            Mean reward: 61.15
                    Mean episode length: 4303.14
                        Mean action std: 0.03
--------------------------------------------------------------------------------
                         Iteration time: 1.32s
                           Time elapsed: 0:12:53
                                    ETA: 0:03:43

################################################################################
[1m                           Learning iteration 582/750                           [0m 

                               Run name: retention-native-20260908-v50
                            Total steps: 671616 
                       Steps per second: 869 
                        Collection time: 1.147s 
                          Learning time: 0.178s 
                        Mean value loss: 6.9456
                    Mean surrogate loss: -0.0217
             Mean online_retention loss: 0.0161
          Mean rehearsal_retention loss: 0.0151
                            Mean reward: 61.15
                    Mean episode length: 4303.14
                        Mean action std: 0.03
--------------------------------------------------------------------------------
                         Iteration time: 1.33s
                           Time elapsed: 0:12:54
                                    ETA: 0:03:41

################################################################################
[1m                           Learning iteration 583/750                           [0m 

                               Run name: retention-native-20260908-v50
                            Total steps: 672768 
                       Steps per second: 877 
                        Collection time: 1.137s 
                          Learning time: 0.176s 
                        Mean value loss: 9.0229
                    Mean surrogate loss: -0.0115
             Mean online_retention loss: 0.0179
          Mean rehearsal_retention loss: 0.0161
                            Mean reward: 61.15
                    Mean episode length: 4303.14
                        Mean action std: 0.03
--------------------------------------------------------------------------------
                         Iteration time: 1.31s
                           Time elapsed: 0:12:55
                                    ETA: 0:03:40

################################################################################
[1m                           Learning iteration 584/750                           [0m 

                               Run name: retention-native-20260908-v50
                            Total steps: 673920 
                       Steps per second: 875 
                        Collection time: 1.148s 
                          Learning time: 0.167s 
                        Mean value loss: 74.2912
                    Mean surrogate loss: -0.1473
             Mean online_retention loss: 0.0147
          Mean rehearsal_retention loss: 0.0122
                            Mean reward: 61.15
                    Mean episode length: 4303.14
                        Mean action std: 0.03
--------------------------------------------------------------------------------
                         Iteration time: 1.32s
                           Time elapsed: 0:12:57
                                    ETA: 0:03:39

################################################################################
[1m                           Learning iteration 585/750                           [0m 

                               Run name: retention-native-20260908-v50
                            Total steps: 675072 
                       Steps per second: 862 
                        Collection time: 1.170s 
                          Learning time: 0.166s 
                        Mean value loss: 29.2500
                    Mean surrogate loss: -0.0663
             Mean online_retention loss: 0.0144
          Mean rehearsal_retention loss: 0.0107
                            Mean reward: 61.81
                    Mean episode length: 4258.03
                        Mean action std: 0.03
--------------------------------------------------------------------------------
                         Iteration time: 1.34s
                           Time elapsed: 0:12:58
                                    ETA: 0:03:37

################################################################################
[1m                           Learning iteration 586/750                           [0m 

                               Run name: retention-native-20260908-v50
                            Total steps: 676224 
                       Steps per second: 864 
                        Collection time: 1.149s 
                          Learning time: 0.184s 
                        Mean value loss: 24.9790
                    Mean surrogate loss: -0.0114
             Mean online_retention loss: 0.0161
          Mean rehearsal_retention loss: 0.0109
                            Mean reward: 61.81
                    Mean episode length: 4258.03
                        Mean action std: 0.03
--------------------------------------------------------------------------------
                         Iteration time: 1.33s
                           Time elapsed: 0:12:59
                                    ETA: 0:03:36

################################################################################
[1m                           Learning iteration 587/750                           [0m 

                               Run name: retention-native-20260908-v50
                            Total steps: 677376 
                       Steps per second: 844 
                        Collection time: 1.183s 
                          Learning time: 0.181s 
                        Mean value loss: 18.5841
                    Mean surrogate loss: -0.0956
             Mean online_retention loss: 0.0141
          Mean rehearsal_retention loss: 0.0129
                            Mean reward: 61.81
                    Mean episode length: 4258.03
                        Mean action std: 0.03
--------------------------------------------------------------------------------
                         Iteration time: 1.36s
                           Time elapsed: 0:13:01
                                    ETA: 0:03:35

################################################################################
[1m                           Learning iteration 588/750                           [0m 

                               Run name: retention-native-20260908-v50
                            Total steps: 678528 
                       Steps per second: 877 
                        Collection time: 1.143s 
                          Learning time: 0.169s 
                        Mean value loss: 6.2591
                    Mean surrogate loss: 0.0860
             Mean online_retention loss: 0.0140
          Mean rehearsal_retention loss: 0.0136
                            Mean reward: 61.81
                    Mean episode length: 4258.03
                        Mean action std: 0.03
--------------------------------------------------------------------------------
                         Iteration time: 1.31s
                           Time elapsed: 0:13:02
                                    ETA: 0:03:33

################################################################################
[1m                           Learning iteration 589/750                           [0m 

                               Run name: retention-native-20260908-v50
                            Total steps: 679680 
                       Steps per second: 869 
                        Collection time: 1.149s 
                          Learning time: 0.176s 
                        Mean value loss: 172.0647
                    Mean surrogate loss: -0.3161
             Mean online_retention loss: 0.0182
          Mean rehearsal_retention loss: 0.0141
                            Mean reward: 61.81
                    Mean episode length: 4258.03
                        Mean action std: 0.03
--------------------------------------------------------------------------------
                         Iteration time: 1.32s
                           Time elapsed: 0:13:03
                                    ETA: 0:03:32

################################################################################
[1m                           Learning iteration 590/750                           [0m 

                               Run name: retention-native-20260908-v50
                            Total steps: 680832 
                       Steps per second: 859 
                        Collection time: 1.167s 
                          Learning time: 0.173s 
                        Mean value loss: 70.4814
                    Mean surrogate loss: 0.4767
             Mean online_retention loss: 0.0274
          Mean rehearsal_retention loss: 0.0220
                            Mean reward: 61.81
                    Mean episode length: 4258.03
                        Mean action std: 0.01
--------------------------------------------------------------------------------
                         Iteration time: 1.34s
                           Time elapsed: 0:13:05
                                    ETA: 0:03:31

################################################################################
[1m                           Learning iteration 591/750                           [0m 

                               Run name: retention-native-20260908-v50
                            Total steps: 681984 
                       Steps per second: 870 
                        Collection time: 1.161s 
                          Learning time: 0.162s 
                        Mean value loss: 0.6941
                    Mean surrogate loss: 0.1014
             Mean online_retention loss: 0.0280
          Mean rehearsal_retention loss: 0.0276
                            Mean reward: 61.81
                    Mean episode length: 4258.03
                        Mean action std: 0.01
--------------------------------------------------------------------------------
                         Iteration time: 1.32s
                           Time elapsed: 0:13:06
                                    ETA: 0:03:29

################################################################################
[1m                           Learning iteration 592/750                           [0m 

                               Run name: retention-native-20260908-v50
                            Total steps: 683136 
                       Steps per second: 850 
                        Collection time: 1.179s 
                          Learning time: 0.176s 
                        Mean value loss: 0.6660
                    Mean surrogate loss: 0.6294
             Mean online_retention loss: 0.0457
          Mean rehearsal_retention loss: 0.0419
                            Mean reward: 61.81
                    Mean episode length: 4258.03
                        Mean action std: 0.01
--------------------------------------------------------------------------------
                         Iteration time: 1.35s
                           Time elapsed: 0:13:07
                                    ETA: 0:03:28

################################################################################
[1m                           Learning iteration 593/750                           [0m 

                               Run name: retention-native-20260908-v50
                            Total steps: 684288 
                       Steps per second: 869 
                        Collection time: 1.157s 
                          Learning time: 0.168s 
                        Mean value loss: 50.3817
                    Mean surrogate loss: -0.0626
             Mean online_retention loss: 0.0501
          Mean rehearsal_retention loss: 0.0334
                            Mean reward: 61.81
                    Mean episode length: 4258.03
                        Mean action std: 0.01
--------------------------------------------------------------------------------
                         Iteration time: 1.32s
                           Time elapsed: 0:13:09
                                    ETA: 0:03:27

################################################################################
[1m                           Learning iteration 594/750                           [0m 

                               Run name: retention-native-20260908-v50
                            Total steps: 685440 
                       Steps per second: 861 
                        Collection time: 1.171s 
                          Learning time: 0.166s 
                        Mean value loss: 3.3405
                    Mean surrogate loss: -0.0234
             Mean online_retention loss: 0.0434
          Mean rehearsal_retention loss: 0.0308
                            Mean reward: 61.81
                    Mean episode length: 4258.03
                        Mean action std: 0.01
--------------------------------------------------------------------------------
                         Iteration time: 1.34s
                           Time elapsed: 0:13:10
                                    ETA: 0:03:25

################################################################################
[1m                           Learning iteration 595/750                           [0m 

                               Run name: retention-native-20260908-v50
                            Total steps: 686592 
                       Steps per second: 856 
                        Collection time: 1.171s 
                          Learning time: 0.174s 
                        Mean value loss: 15.4116
                    Mean surrogate loss: -0.0468
             Mean online_retention loss: 0.0258
          Mean rehearsal_retention loss: 0.0281
                            Mean reward: 61.81
                    Mean episode length: 4258.03
                        Mean action std: 0.01
--------------------------------------------------------------------------------
                         Iteration time: 1.34s
                           Time elapsed: 0:13:11
                                    ETA: 0:03:24

################################################################################
[1m                           Learning iteration 596/750                           [0m 

                               Run name: retention-native-20260908-v50
                            Total steps: 687744 
                       Steps per second: 851 
                        Collection time: 1.175s 
                          Learning time: 0.178s 
                        Mean value loss: 16.0171
                    Mean surrogate loss: -0.1099
             Mean online_retention loss: 0.0218
          Mean rehearsal_retention loss: 0.0255
                            Mean reward: 61.81
                    Mean episode length: 4258.03
                        Mean action std: 0.01
--------------------------------------------------------------------------------
                         Iteration time: 1.35s
                           Time elapsed: 0:13:13
                                    ETA: 0:03:23

################################################################################
[1m                           Learning iteration 597/750                           [0m 

                               Run name: retention-native-20260908-v50
                            Total steps: 688896 
                       Steps per second: 877 
                        Collection time: 1.149s 
                          Learning time: 0.164s 
                        Mean value loss: 74.0655
                    Mean surrogate loss: -0.1552
             Mean online_retention loss: 0.0163
          Mean rehearsal_retention loss: 0.0198
                            Mean reward: 61.81
                    Mean episode length: 4258.03
                        Mean action std: 0.01
--------------------------------------------------------------------------------
                         Iteration time: 1.31s
                           Time elapsed: 0:13:14
                                    ETA: 0:03:21

################################################################################
[1m                           Learning iteration 598/750                           [0m 

                               Run name: retention-native-20260908-v50
                            Total steps: 690048 
                       Steps per second: 844 
                        Collection time: 1.188s 
                          Learning time: 0.177s 
                        Mean value loss: 47.6153
                    Mean surrogate loss: -0.0989
             Mean online_retention loss: 0.0142
          Mean rehearsal_retention loss: 0.0193
                            Mean reward: 61.80
                    Mean episode length: 4249.28
                        Mean action std: 0.01
--------------------------------------------------------------------------------
                         Iteration time: 1.36s
                           Time elapsed: 0:13:15
                                    ETA: 0:03:20

################################################################################
[1m                           Learning iteration 599/750                           [0m 

                               Run name: retention-native-20260908-v50
                            Total steps: 691200 
                       Steps per second: 852 
                        Collection time: 1.174s 
                          Learning time: 0.178s 
                        Mean value loss: 29.6924
                    Mean surrogate loss: -0.0436
             Mean online_retention loss: 0.0144
          Mean rehearsal_retention loss: 0.0183
                            Mean reward: 62.08
                    Mean episode length: 4240.37
                        Mean action std: 0.01
--------------------------------------------------------------------------------
                         Iteration time: 1.35s
                           Time elapsed: 0:13:17
                                    ETA: 0:03:19

################################################################################
[1m                           Learning iteration 600/750                           [0m 

                               Run name: retention-native-20260908-v50
                            Total steps: 692352 
                       Steps per second: 880 
                        Collection time: 1.144s 
                          Learning time: 0.165s 
                        Mean value loss: 13.6167
                    Mean surrogate loss: -0.1853
             Mean online_retention loss: 0.0150
          Mean rehearsal_retention loss: 0.0195
                            Mean reward: 62.08
                    Mean episode length: 4240.37
                        Mean action std: 0.01
--------------------------------------------------------------------------------
                         Iteration time: 1.31s
                           Time elapsed: 0:13:18
                                    ETA: 0:03:17

################################################################################
[1m                           Learning iteration 601/750                           [0m 

                               Run name: retention-native-20260908-v50
                            Total steps: 693504 
                       Steps per second: 885 
                        Collection time: 1.138s 
                          Learning time: 0.164s 
                        Mean value loss: 46.9731
                    Mean surrogate loss: -0.1854
             Mean online_retention loss: 0.0148
          Mean rehearsal_retention loss: 0.0227
                            Mean reward: 62.08
                    Mean episode length: 4240.37
                        Mean action std: 0.01
--------------------------------------------------------------------------------
                         Iteration time: 1.30s
                           Time elapsed: 0:13:19
                                    ETA: 0:03:16

################################################################################
[1m                           Learning iteration 602/750                           [0m 

                               Run name: retention-native-20260908-v50
                            Total steps: 694656 
                       Steps per second: 846 
                        Collection time: 1.189s 
                          Learning time: 0.171s 
                        Mean value loss: 102.1130
                    Mean surrogate loss: -0.0994
             Mean online_retention loss: 0.0884
          Mean rehearsal_retention loss: 0.0197
                            Mean reward: 62.08
                    Mean episode length: 4240.37
                        Mean action std: 0.03
--------------------------------------------------------------------------------
                         Iteration time: 1.36s
                           Time elapsed: 0:13:21
                                    ETA: 0:03:15

################################################################################
[1m                           Learning iteration 603/750                           [0m 

                               Run name: retention-native-20260908-v50
                            Total steps: 695808 
                       Steps per second: 882 
                        Collection time: 1.141s 
                          Learning time: 0.164s 
                        Mean value loss: 2.1293
                    Mean surrogate loss: -0.0186
             Mean online_retention loss: 0.0141
          Mean rehearsal_retention loss: 0.0166
                            Mean reward: 62.08
                    Mean episode length: 4240.37
                        Mean action std: 0.03
--------------------------------------------------------------------------------
                         Iteration time: 1.31s
                           Time elapsed: 0:13:22
                                    ETA: 0:03:13

################################################################################
[1m                           Learning iteration 604/750                           [0m 

                               Run name: retention-native-20260908-v50
                            Total steps: 696960 
                       Steps per second: 869 
                        Collection time: 1.159s 
                          Learning time: 0.166s 
                        Mean value loss: 1.4721
                    Mean surrogate loss: -0.0435
             Mean online_retention loss: 0.0150
          Mean rehearsal_retention loss: 0.0194
                            Mean reward: 62.08
                    Mean episode length: 4240.37
                        Mean action std: 0.03
--------------------------------------------------------------------------------
                         Iteration time: 1.33s
                           Time elapsed: 0:13:23
                                    ETA: 0:03:12

################################################################################
[1m                           Learning iteration 605/750                           [0m 

                               Run name: retention-native-20260908-v50
                            Total steps: 698112 
                       Steps per second: 869 
                        Collection time: 1.149s 
                          Learning time: 0.176s 
                        Mean value loss: 10.6851
                    Mean surrogate loss: -0.1183
             Mean online_retention loss: 0.0133
          Mean rehearsal_retention loss: 0.0163
                            Mean reward: 62.08
                    Mean episode length: 4240.37
                        Mean action std: 0.04
--------------------------------------------------------------------------------
                         Iteration time: 1.33s
                           Time elapsed: 0:13:25
                                    ETA: 0:03:11

################################################################################
[1m                           Learning iteration 606/750                           [0m 

                               Run name: retention-native-20260908-v50
                            Total steps: 699264 
                       Steps per second: 855 
                        Collection time: 1.168s 
                          Learning time: 0.178s 
                        Mean value loss: 5.1949
                    Mean surrogate loss: -0.0781
             Mean online_retention loss: 0.0112
          Mean rehearsal_retention loss: 0.0149
                            Mean reward: 62.08
                    Mean episode length: 4240.37
                        Mean action std: 0.03
--------------------------------------------------------------------------------
                         Iteration time: 1.35s
                           Time elapsed: 0:13:26
                                    ETA: 0:03:09

################################################################################
[1m                           Learning iteration 607/750                           [0m 

                               Run name: retention-native-20260908-v50
                            Total steps: 700416 
                       Steps per second: 869 
                        Collection time: 1.156s 
                          Learning time: 0.169s 
                        Mean value loss: 68.4089
                    Mean surrogate loss: -0.0853
             Mean online_retention loss: 0.0077
          Mean rehearsal_retention loss: 0.0106
                            Mean reward: 62.44
                    Mean episode length: 4231.12
                        Mean action std: 0.04
--------------------------------------------------------------------------------
                         Iteration time: 1.33s
                           Time elapsed: 0:13:27
                                    ETA: 0:03:08

################################################################################
[1m                           Learning iteration 608/750                           [0m 

                               Run name: retention-native-20260908-v50
                            Total steps: 701568 
                       Steps per second: 860 
                        Collection time: 1.163s 
                          Learning time: 0.177s 
                        Mean value loss: 1.2103
                    Mean surrogate loss: -0.0322
             Mean online_retention loss: 0.0093
          Mean rehearsal_retention loss: 0.0120
                            Mean reward: 62.44
                    Mean episode length: 4231.12
                        Mean action std: 0.03
--------------------------------------------------------------------------------
                         Iteration time: 1.34s
                           Time elapsed: 0:13:29
                                    ETA: 0:03:07

################################################################################
[1m                           Learning iteration 609/750                           [0m 

                               Run name: retention-native-20260908-v50
                            Total steps: 702720 
                       Steps per second: 852 
                        Collection time: 1.173s 
                          Learning time: 0.178s 
                        Mean value loss: 1.0072
                    Mean surrogate loss: -0.0438
             Mean online_retention loss: 0.0136
          Mean rehearsal_retention loss: 0.0161
                            Mean reward: 62.44
                    Mean episode length: 4231.12
                        Mean action std: 0.04
--------------------------------------------------------------------------------
                         Iteration time: 1.35s
                           Time elapsed: 0:13:30
                                    ETA: 0:03:06

################################################################################
[1m                           Learning iteration 610/750                           [0m 

                               Run name: retention-native-20260908-v50
                            Total steps: 703872 
                       Steps per second: 864 
                        Collection time: 1.163s 
                          Learning time: 0.169s 
                        Mean value loss: 7.1583
                    Mean surrogate loss: -0.0199
             Mean online_retention loss: 0.0129
          Mean rehearsal_retention loss: 0.0172
                            Mean reward: 62.44
                    Mean episode length: 4231.12
                        Mean action std: 0.04
--------------------------------------------------------------------------------
                         Iteration time: 1.33s
                           Time elapsed: 0:13:31
                                    ETA: 0:03:04

################################################################################
[1m                           Learning iteration 611/750                           [0m 

                               Run name: retention-native-20260908-v50
                            Total steps: 705024 
                       Steps per second: 872 
                        Collection time: 1.147s 
                          Learning time: 0.174s 
                        Mean value loss: 12.3186
                    Mean surrogate loss: 0.0283
             Mean online_retention loss: 0.0140
          Mean rehearsal_retention loss: 0.0216
                            Mean reward: 62.44
                    Mean episode length: 4231.12
                        Mean action std: 0.04
--------------------------------------------------------------------------------
                         Iteration time: 1.32s
                           Time elapsed: 0:13:33
                                    ETA: 0:03:03

################################################################################
[1m                           Learning iteration 612/750                           [0m 

                               Run name: retention-native-20260908-v50
                            Total steps: 706176 
                       Steps per second: 869 
                        Collection time: 1.147s 
                          Learning time: 0.177s 
                        Mean value loss: 3.7543
                    Mean surrogate loss: -0.0148
             Mean online_retention loss: 0.0128
          Mean rehearsal_retention loss: 0.0216
                            Mean reward: 62.44
                    Mean episode length: 4231.12
                        Mean action std: 0.03
--------------------------------------------------------------------------------
                         Iteration time: 1.32s
                           Time elapsed: 0:13:34
                                    ETA: 0:03:02

################################################################################
[1m                           Learning iteration 613/750                           [0m 

                               Run name: retention-native-20260908-v50
                            Total steps: 707328 
                       Steps per second: 851 
                        Collection time: 1.168s 
                          Learning time: 0.185s 
                        Mean value loss: 25.5257
                    Mean surrogate loss: -0.0745
             Mean online_retention loss: 0.0093
          Mean rehearsal_retention loss: 0.0149
                            Mean reward: 62.44
                    Mean episode length: 4231.12
                        Mean action std: 0.03
--------------------------------------------------------------------------------
                         Iteration time: 1.35s
                           Time elapsed: 0:13:35
                                    ETA: 0:03:00

################################################################################
[1m                           Learning iteration 614/750                           [0m 

                               Run name: retention-native-20260908-v50
                            Total steps: 708480 
                       Steps per second: 878 
                        Collection time: 1.147s 
                          Learning time: 0.165s 
                        Mean value loss: 8.8076
                    Mean surrogate loss: -0.0178
             Mean online_retention loss: 0.0082
          Mean rehearsal_retention loss: 0.0133
                            Mean reward: 62.44
                    Mean episode length: 4231.12
                        Mean action std: 0.04
--------------------------------------------------------------------------------
                         Iteration time: 1.31s
                           Time elapsed: 0:13:37
                                    ETA: 0:02:59

################################################################################
[1m                           Learning iteration 615/750                           [0m 

                               Run name: retention-native-20260908-v50
                            Total steps: 709632 
                       Steps per second: 864 
                        Collection time: 1.159s 
                          Learning time: 0.173s 
                        Mean value loss: 1.7361
                    Mean surrogate loss: -0.0211
             Mean online_retention loss: 0.0101
          Mean rehearsal_retention loss: 0.0162
                            Mean reward: 62.44
                    Mean episode length: 4231.12
                        Mean action std: 0.04
--------------------------------------------------------------------------------
                         Iteration time: 1.33s
                           Time elapsed: 0:13:38
                                    ETA: 0:02:58

################################################################################
[1m                           Learning iteration 616/750                           [0m 

                               Run name: retention-native-20260908-v50
                            Total steps: 710784 
                       Steps per second: 864 
                        Collection time: 1.155s 
                          Learning time: 0.178s 
                        Mean value loss: 1.7112
                    Mean surrogate loss: -0.0195
             Mean online_retention loss: 0.0124
          Mean rehearsal_retention loss: 0.0202
                            Mean reward: 62.44
                    Mean episode length: 4231.12
                        Mean action std: 0.04
--------------------------------------------------------------------------------
                         Iteration time: 1.33s
                           Time elapsed: 0:13:39
                                    ETA: 0:02:56

################################################################################
[1m                           Learning iteration 617/750                           [0m 

                               Run name: retention-native-20260908-v50
                            Total steps: 711936 
                       Steps per second: 869 
                        Collection time: 1.155s 
                          Learning time: 0.170s 
                        Mean value loss: 1.4622
                    Mean surrogate loss: -0.0257
             Mean online_retention loss: 0.0143
          Mean rehearsal_retention loss: 0.0219
                            Mean reward: 62.44
                    Mean episode length: 4231.12
                        Mean action std: 0.04
--------------------------------------------------------------------------------
                         Iteration time: 1.33s
                           Time elapsed: 0:13:41
                                    ETA: 0:02:55

################################################################################
[1m                           Learning iteration 618/750                           [0m 

                               Run name: retention-native-20260908-v50
                            Total steps: 713088 
                       Steps per second: 861 
                        Collection time: 1.160s 
                          Learning time: 0.178s 
                        Mean value loss: 14.0381
                    Mean surrogate loss: -0.0330
             Mean online_retention loss: 0.0150
          Mean rehearsal_retention loss: 0.0218
                            Mean reward: 62.44
                    Mean episode length: 4231.12
                        Mean action std: 0.04
--------------------------------------------------------------------------------
                         Iteration time: 1.34s
                           Time elapsed: 0:13:42
                                    ETA: 0:02:54

################################################################################
[1m                           Learning iteration 619/750                           [0m 

                               Run name: retention-native-20260908-v50
                            Total steps: 714240 
                       Steps per second: 851 
                        Collection time: 1.174s 
                          Learning time: 0.179s 
                        Mean value loss: 8.3299
                    Mean surrogate loss: 0.1705
             Mean online_retention loss: 0.0096
          Mean rehearsal_retention loss: 0.0192
                            Mean reward: 62.44
                    Mean episode length: 4231.12
                        Mean action std: 0.03
--------------------------------------------------------------------------------
                         Iteration time: 1.35s
                           Time elapsed: 0:13:43
                                    ETA: 0:02:52

################################################################################
[1m                           Learning iteration 620/750                           [0m 

                               Run name: retention-native-20260908-v50
                            Total steps: 715392 
                       Steps per second: 864 
                        Collection time: 1.157s 
                          Learning time: 0.176s 
                        Mean value loss: 8.3221
                    Mean surrogate loss: 0.0041
             Mean online_retention loss: 0.0098
          Mean rehearsal_retention loss: 0.0182
                            Mean reward: 62.44
                    Mean episode length: 4231.12
                        Mean action std: 0.03
--------------------------------------------------------------------------------
                         Iteration time: 1.33s
                           Time elapsed: 0:13:45
                                    ETA: 0:02:51

################################################################################
[1m                           Learning iteration 621/750                           [0m 

                               Run name: retention-native-20260908-v50
                            Total steps: 716544 
                       Steps per second: 851 
                        Collection time: 1.179s 
                          Learning time: 0.174s 
                        Mean value loss: 7.0789
                    Mean surrogate loss: -0.0217
             Mean online_retention loss: 0.0119
          Mean rehearsal_retention loss: 0.0216
                            Mean reward: 62.44
                    Mean episode length: 4231.12
                        Mean action std: 0.03
--------------------------------------------------------------------------------
                         Iteration time: 1.35s
                           Time elapsed: 0:13:46
                                    ETA: 0:02:50

################################################################################
[1m                           Learning iteration 622/750                           [0m 

                               Run name: retention-native-20260908-v50
                            Total steps: 717696 
                       Steps per second: 864 
                        Collection time: 1.158s 
                          Learning time: 0.174s 
                        Mean value loss: 2.7850
                    Mean surrogate loss: 0.0580
             Mean online_retention loss: 0.0102
          Mean rehearsal_retention loss: 0.0188
                            Mean reward: 62.44
                    Mean episode length: 4231.12
                        Mean action std: 0.03
--------------------------------------------------------------------------------
                         Iteration time: 1.33s
                           Time elapsed: 0:13:47
                                    ETA: 0:02:48

################################################################################
[1m                           Learning iteration 623/750                           [0m 

                               Run name: retention-native-20260908-v50
                            Total steps: 718848 
                       Steps per second: 883 
                        Collection time: 1.146s 
                          Learning time: 0.157s 
                        Mean value loss: 21.9317
                    Mean surrogate loss: -0.0893
             Mean online_retention loss: 0.0132
          Mean rehearsal_retention loss: 0.0196
                            Mean reward: 62.44
                    Mean episode length: 4231.12
                        Mean action std: 0.03
--------------------------------------------------------------------------------
                         Iteration time: 1.30s
                           Time elapsed: 0:13:49
                                    ETA: 0:02:47

################################################################################
[1m                           Learning iteration 624/750                           [0m 

                               Run name: retention-native-20260908-v50
                            Total steps: 720000 
                       Steps per second: 853 
                        Collection time: 1.174s 
                          Learning time: 0.176s 
                        Mean value loss: 9.7799
                    Mean surrogate loss: -0.0753
             Mean online_retention loss: 0.0107
          Mean rehearsal_retention loss: 0.0178
                            Mean reward: 62.44
                    Mean episode length: 4231.12
                        Mean action std: 0.03
--------------------------------------------------------------------------------
                         Iteration time: 1.35s
                           Time elapsed: 0:13:50
                                    ETA: 0:02:46

################################################################################
[1m                           Learning iteration 625/750                           [0m 

                               Run name: retention-native-20260908-v50
                            Total steps: 721152 
                       Steps per second: 860 
                        Collection time: 1.165s 
                          Learning time: 0.174s 
                        Mean value loss: 11.0907
                    Mean surrogate loss: 0.0314
             Mean online_retention loss: 0.0100
          Mean rehearsal_retention loss: 0.0186
                            Mean reward: 62.44
                    Mean episode length: 4231.12
                        Mean action std: 0.03
--------------------------------------------------------------------------------
                         Iteration time: 1.34s
                           Time elapsed: 0:13:51
                                    ETA: 0:02:44

################################################################################
[1m                           Learning iteration 626/750                           [0m 

                               Run name: retention-native-20260908-v50
                            Total steps: 722304 
                       Steps per second: 872 
                        Collection time: 1.149s 
                          Learning time: 0.171s 
                        Mean value loss: 10.4427
                    Mean surrogate loss: -0.0227
             Mean online_retention loss: 0.0122
          Mean rehearsal_retention loss: 0.0216
                            Mean reward: 62.44
                    Mean episode length: 4231.12
                        Mean action std: 0.03
--------------------------------------------------------------------------------
                         Iteration time: 1.32s
                           Time elapsed: 0:13:53
                                    ETA: 0:02:43

################################################################################
[1m                           Learning iteration 627/750                           [0m 

                               Run name: retention-native-20260908-v50
                            Total steps: 723456 
                       Steps per second: 856 
                        Collection time: 1.170s 
                          Learning time: 0.175s 
                        Mean value loss: 164.7275
                    Mean surrogate loss: -0.2658
             Mean online_retention loss: 0.0129
          Mean rehearsal_retention loss: 0.0220
                            Mean reward: 62.44
                    Mean episode length: 4231.12
                        Mean action std: 0.02
--------------------------------------------------------------------------------
                         Iteration time: 1.35s
                           Time elapsed: 0:13:54
                                    ETA: 0:02:42

################################################################################
[1m                           Learning iteration 628/750                           [0m 

                               Run name: retention-native-20260908-v50
                            Total steps: 724608 
                       Steps per second: 864 
                        Collection time: 1.154s 
                          Learning time: 0.178s 
                        Mean value loss: 424.4180
                    Mean surrogate loss: -0.2760
             Mean online_retention loss: 0.0116
          Mean rehearsal_retention loss: 0.0221
                            Mean reward: 62.55
                    Mean episode length: 4231.03
                        Mean action std: 0.01
--------------------------------------------------------------------------------
                         Iteration time: 1.33s
                           Time elapsed: 0:13:55
                                    ETA: 0:02:40

################################################################################
[1m                           Learning iteration 629/750                           [0m 

                               Run name: retention-native-20260908-v50
                            Total steps: 725760 
                       Steps per second: 856 
                        Collection time: 1.169s 
                          Learning time: 0.176s 
                        Mean value loss: 431.0238
                    Mean surrogate loss: -0.0884
             Mean online_retention loss: 0.0084
          Mean rehearsal_retention loss: 0.0145
                            Mean reward: 72.17
                    Mean episode length: 4384.19
                        Mean action std: 0.01
--------------------------------------------------------------------------------
                         Iteration time: 1.35s
                           Time elapsed: 0:13:57
                                    ETA: 0:02:39

################################################################################
[1m                           Learning iteration 630/750                           [0m 

                               Run name: retention-native-20260908-v50
                            Total steps: 726912 
                       Steps per second: 856 
                        Collection time: 1.172s 
                          Learning time: 0.174s 
                        Mean value loss: 19.4933
                    Mean surrogate loss: -0.3884
             Mean online_retention loss: 0.0226
          Mean rehearsal_retention loss: 0.0210
                            Mean reward: 72.17
                    Mean episode length: 4384.19
                        Mean action std: 0.01
--------------------------------------------------------------------------------
                         Iteration time: 1.35s
                           Time elapsed: 0:13:58
                                    ETA: 0:02:38

################################################################################
[1m                           Learning iteration 631/750                           [0m 

                               Run name: retention-native-20260908-v50
                            Total steps: 728064 
                       Steps per second: 851 
                        Collection time: 1.175s 
                          Learning time: 0.178s 
                        Mean value loss: 40.0461
                    Mean surrogate loss: 0.0106
             Mean online_retention loss: 0.0376
          Mean rehearsal_retention loss: 0.0218
                            Mean reward: 72.17
                    Mean episode length: 4384.19
                        Mean action std: 0.01
--------------------------------------------------------------------------------
                         Iteration time: 1.35s
                           Time elapsed: 0:13:59
                                    ETA: 0:02:36

################################################################################
[1m                           Learning iteration 632/750                           [0m 

                               Run name: retention-native-20260908-v50
                            Total steps: 729216 
                       Steps per second: 865 
                        Collection time: 1.157s 
                          Learning time: 0.175s 
                        Mean value loss: 18.4646
                    Mean surrogate loss: 0.0548
             Mean online_retention loss: 0.0168
          Mean rehearsal_retention loss: 0.0226
                            Mean reward: 72.17
                    Mean episode length: 4384.19
                        Mean action std: 0.01
--------------------------------------------------------------------------------
                         Iteration time: 1.33s
                           Time elapsed: 0:14:01
                                    ETA: 0:02:35

################################################################################
[1m                           Learning iteration 633/750                           [0m 

                               Run name: retention-native-20260908-v50
                            Total steps: 730368 
                       Steps per second: 864 
                        Collection time: 1.166s 
                          Learning time: 0.167s 
                        Mean value loss: 19.3777
                    Mean surrogate loss: -0.0872
             Mean online_retention loss: 0.0136
          Mean rehearsal_retention loss: 0.0214
                            Mean reward: 72.17
                    Mean episode length: 4384.19
                        Mean action std: 0.01
--------------------------------------------------------------------------------
                         Iteration time: 1.33s
                           Time elapsed: 0:14:02
                                    ETA: 0:02:34

################################################################################
[1m                           Learning iteration 634/750                           [0m 

                               Run name: retention-native-20260908-v50
                            Total steps: 731520 
                       Steps per second: 865 
                        Collection time: 1.148s 
                          Learning time: 0.183s 
                        Mean value loss: 0.9430
                    Mean surrogate loss: -0.2188
             Mean online_retention loss: 0.0190
          Mean rehearsal_retention loss: 0.0294
                            Mean reward: 72.17
                    Mean episode length: 4384.19
                        Mean action std: 0.02
--------------------------------------------------------------------------------
                         Iteration time: 1.33s
                           Time elapsed: 0:14:03
                                    ETA: 0:02:32

################################################################################
[1m                           Learning iteration 635/750                           [0m 

                               Run name: retention-native-20260908-v50
                            Total steps: 732672 
                       Steps per second: 877 
                        Collection time: 1.147s 
                          Learning time: 0.166s 
                        Mean value loss: 13.6677
                    Mean surrogate loss: -0.1021
             Mean online_retention loss: 0.0152
          Mean rehearsal_retention loss: 0.0287
                            Mean reward: 72.17
                    Mean episode length: 4384.19
                        Mean action std: 0.01
--------------------------------------------------------------------------------
                         Iteration time: 1.31s
                           Time elapsed: 0:14:05
                                    ETA: 0:02:31

################################################################################
[1m                           Learning iteration 636/750                           [0m 

                               Run name: retention-native-20260908-v50
                            Total steps: 733824 
                       Steps per second: 873 
                        Collection time: 1.155s 
                          Learning time: 0.164s 
                        Mean value loss: 42.1065
                    Mean surrogate loss: -0.1436
             Mean online_retention loss: 0.0110
          Mean rehearsal_retention loss: 0.0206
                            Mean reward: 72.17
                    Mean episode length: 4384.19
                        Mean action std: 0.01
--------------------------------------------------------------------------------
                         Iteration time: 1.32s
                           Time elapsed: 0:14:06
                                    ETA: 0:02:30

################################################################################
[1m                           Learning iteration 637/750                           [0m 

                               Run name: retention-native-20260908-v50
                            Total steps: 734976 
                       Steps per second: 864 
                        Collection time: 1.148s 
                          Learning time: 0.184s 
                        Mean value loss: 32.7172
                    Mean surrogate loss: -0.1094
             Mean online_retention loss: 0.0098
          Mean rehearsal_retention loss: 0.0187
                            Mean reward: 72.47
                    Mean episode length: 4375.31
                        Mean action std: 0.02
--------------------------------------------------------------------------------
                         Iteration time: 1.33s
                           Time elapsed: 0:14:07
                                    ETA: 0:02:28

################################################################################
[1m                           Learning iteration 638/750                           [0m 

                               Run name: retention-native-20260908-v50
                            Total steps: 736128 
                       Steps per second: 877 
                        Collection time: 1.136s 
                          Learning time: 0.177s 
                        Mean value loss: 13.9693
                    Mean surrogate loss: -0.1788
             Mean online_retention loss: 0.0128
          Mean rehearsal_retention loss: 0.0222
                            Mean reward: 72.47
                    Mean episode length: 4375.31
                        Mean action std: 0.02
--------------------------------------------------------------------------------
                         Iteration time: 1.31s
                           Time elapsed: 0:14:09
                                    ETA: 0:02:27

################################################################################
[1m                           Learning iteration 639/750                           [0m 

                               Run name: retention-native-20260908-v50
                            Total steps: 737280 
                       Steps per second: 860 
                        Collection time: 1.175s 
                          Learning time: 0.163s 
                        Mean value loss: 377.3671
                    Mean surrogate loss: -0.5349
             Mean online_retention loss: 0.0575
          Mean rehearsal_retention loss: 0.0230
                            Mean reward: 72.47
                    Mean episode length: 4375.31
                        Mean action std: 0.02
--------------------------------------------------------------------------------
                         Iteration time: 1.34s
                           Time elapsed: 0:14:10
                                    ETA: 0:02:26

################################################################################
[1m                           Learning iteration 640/750                           [0m 

                               Run name: retention-native-20260908-v50
                            Total steps: 738432 
                       Steps per second: 877 
                        Collection time: 1.136s 
                          Learning time: 0.176s 
                        Mean value loss: 94.1647
                    Mean surrogate loss: -0.1111
             Mean online_retention loss: 0.0240
          Mean rehearsal_retention loss: 0.0149
                            Mean reward: 72.47
                    Mean episode length: 4375.31
                        Mean action std: 0.03
--------------------------------------------------------------------------------
                         Iteration time: 1.31s
                           Time elapsed: 0:14:11
                                    ETA: 0:02:24

################################################################################
[1m                           Learning iteration 641/750                           [0m 

                               Run name: retention-native-20260908-v50
                            Total steps: 739584 
                       Steps per second: 877 
                        Collection time: 1.136s 
                          Learning time: 0.177s 
                        Mean value loss: 3.1463
                    Mean surrogate loss: -0.0464
             Mean online_retention loss: 0.0143
          Mean rehearsal_retention loss: 0.0139
                            Mean reward: 65.37
                    Mean episode length: 4393.39
                        Mean action std: 0.03
--------------------------------------------------------------------------------
                         Iteration time: 1.31s
                           Time elapsed: 0:14:13
                                    ETA: 0:02:23

################################################################################
[1m                           Learning iteration 642/750                           [0m 

                               Run name: retention-native-20260908-v50
                            Total steps: 740736 
                       Steps per second: 864 
                        Collection time: 1.156s 
                          Learning time: 0.176s 
                        Mean value loss: 1.9766
                    Mean surrogate loss: -0.0216
             Mean online_retention loss: 0.0157
          Mean rehearsal_retention loss: 0.0164
                            Mean reward: 65.37
                    Mean episode length: 4393.39
                        Mean action std: 0.03
--------------------------------------------------------------------------------
                         Iteration time: 1.33s
                           Time elapsed: 0:14:14
                                    ETA: 0:02:22

################################################################################
[1m                           Learning iteration 643/750                           [0m 

                               Run name: retention-native-20260908-v50
                            Total steps: 741888 
                       Steps per second: 873 
                        Collection time: 1.154s 
                          Learning time: 0.164s 
                        Mean value loss: 30.9214
                    Mean surrogate loss: -0.0920
             Mean online_retention loss: 0.0131
          Mean rehearsal_retention loss: 0.0144
                            Mean reward: 65.37
                    Mean episode length: 4393.39
                        Mean action std: 0.03
--------------------------------------------------------------------------------
                         Iteration time: 1.32s
                           Time elapsed: 0:14:15
                                    ETA: 0:02:20

################################################################################
[1m                           Learning iteration 644/750                           [0m 

                               Run name: retention-native-20260908-v50
                            Total steps: 743040 
                       Steps per second: 877 
                        Collection time: 1.148s 
                          Learning time: 0.164s 
                        Mean value loss: 2.3489
                    Mean surrogate loss: -0.0136
             Mean online_retention loss: 0.0138
          Mean rehearsal_retention loss: 0.0165
                            Mean reward: 65.37
                    Mean episode length: 4393.39
                        Mean action std: 0.04
--------------------------------------------------------------------------------
                         Iteration time: 1.31s
                           Time elapsed: 0:14:17
                                    ETA: 0:02:19

################################################################################
[1m                           Learning iteration 645/750                           [0m 

                               Run name: retention-native-20260908-v50
                            Total steps: 744192 
                       Steps per second: 864 
                        Collection time: 1.158s 
                          Learning time: 0.175s 
                        Mean value loss: 2.0764
                    Mean surrogate loss: -0.0164
             Mean online_retention loss: 0.0172
          Mean rehearsal_retention loss: 0.0199
                            Mean reward: 65.37
                    Mean episode length: 4393.39
                        Mean action std: 0.04
--------------------------------------------------------------------------------
                         Iteration time: 1.33s
                           Time elapsed: 0:14:18
                                    ETA: 0:02:18

################################################################################
[1m                           Learning iteration 646/750                           [0m 

                               Run name: retention-native-20260908-v50
                            Total steps: 745344 
                       Steps per second: 868 
                        Collection time: 1.144s 
                          Learning time: 0.181s 
                        Mean value loss: 1.5745
                    Mean surrogate loss: -0.0288
             Mean online_retention loss: 0.0188
          Mean rehearsal_retention loss: 0.0213
                            Mean reward: 65.37
                    Mean episode length: 4393.39
                        Mean action std: 0.04
--------------------------------------------------------------------------------
                         Iteration time: 1.33s
                           Time elapsed: 0:14:19
                                    ETA: 0:02:16

################################################################################
[1m                           Learning iteration 647/750                           [0m 

                               Run name: retention-native-20260908-v50
                            Total steps: 746496 
                       Steps per second: 881 
                        Collection time: 1.142s 
                          Learning time: 0.165s 
                        Mean value loss: 1.7063
                    Mean surrogate loss: -0.0366
             Mean online_retention loss: 0.0166
          Mean rehearsal_retention loss: 0.0190
                            Mean reward: 65.37
                    Mean episode length: 4393.39
                        Mean action std: 0.04
--------------------------------------------------------------------------------
                         Iteration time: 1.31s
                           Time elapsed: 0:14:20
                                    ETA: 0:02:15

################################################################################
[1m                           Learning iteration 648/750                           [0m 

                               Run name: retention-native-20260908-v50
                            Total steps: 747648 
                       Steps per second: 883 
                        Collection time: 1.139s 
                          Learning time: 0.165s 
                        Mean value loss: 2.9130
                    Mean surrogate loss: 0.0255
             Mean online_retention loss: 0.0164
          Mean rehearsal_retention loss: 0.0188
                            Mean reward: 65.37
                    Mean episode length: 4393.39
                        Mean action std: 0.04
--------------------------------------------------------------------------------
                         Iteration time: 1.30s
                           Time elapsed: 0:14:22
                                    ETA: 0:02:14

################################################################################
[1m                           Learning iteration 649/750                           [0m 

                               Run name: retention-native-20260908-v50
                            Total steps: 748800 
                       Steps per second: 855 
                        Collection time: 1.162s 
                          Learning time: 0.183s 
                        Mean value loss: 3.5518
                    Mean surrogate loss: -0.0035
             Mean online_retention loss: 0.0162
          Mean rehearsal_retention loss: 0.0178
                            Mean reward: 65.37
                    Mean episode length: 4393.39
                        Mean action std: 0.03
--------------------------------------------------------------------------------
                         Iteration time: 1.35s
                           Time elapsed: 0:14:23
                                    ETA: 0:02:12

################################################################################
[1m                           Learning iteration 650/750                           [0m 

                               Run name: retention-native-20260908-v50
                            Total steps: 749952 
                       Steps per second: 860 
                        Collection time: 1.158s 
                          Learning time: 0.181s 
                        Mean value loss: 59.8811
                    Mean surrogate loss: -0.1535
             Mean online_retention loss: 0.0129
          Mean rehearsal_retention loss: 0.0138
                            Mean reward: 65.37
                    Mean episode length: 4393.39
                        Mean action std: 0.03
--------------------------------------------------------------------------------
                         Iteration time: 1.34s
                           Time elapsed: 0:14:24
                                    ETA: 0:02:11

################################################################################
[1m                           Learning iteration 651/750                           [0m 

                               Run name: retention-native-20260908-v50
                            Total steps: 751104 
                       Steps per second: 882 
                        Collection time: 1.141s 
                          Learning time: 0.165s 
                        Mean value loss: 22.8664
                    Mean surrogate loss: -0.0429
             Mean online_retention loss: 0.0102
          Mean rehearsal_retention loss: 0.0117
                            Mean reward: 68.94
                    Mean episode length: 4339.27
                        Mean action std: 0.03
--------------------------------------------------------------------------------
                         Iteration time: 1.31s
                           Time elapsed: 0:14:26
                                    ETA: 0:02:10

################################################################################
[1m                           Learning iteration 652/750                           [0m 

                               Run name: retention-native-20260908-v50
                            Total steps: 752256 
                       Steps per second: 873 
                        Collection time: 1.142s 
                          Learning time: 0.177s 
                        Mean value loss: 2.3067
                    Mean surrogate loss: -0.0024
             Mean online_retention loss: 0.0125
          Mean rehearsal_retention loss: 0.0142
                            Mean reward: 68.94
                    Mean episode length: 4339.27
                        Mean action std: 0.04
--------------------------------------------------------------------------------
                         Iteration time: 1.32s
                           Time elapsed: 0:14:27
                                    ETA: 0:02:08

################################################################################
[1m                           Learning iteration 653/750                           [0m 

                               Run name: retention-native-20260908-v50
                            Total steps: 753408 
                       Steps per second: 877 
                        Collection time: 1.134s 
                          Learning time: 0.178s 
                        Mean value loss: 18.9558
                    Mean surrogate loss: -0.1082
             Mean online_retention loss: 0.0122
          Mean rehearsal_retention loss: 0.0136
                            Mean reward: 68.94
                    Mean episode length: 4339.27
                        Mean action std: 0.03
--------------------------------------------------------------------------------
                         Iteration time: 1.31s
                           Time elapsed: 0:14:28
                                    ETA: 0:02:07

################################################################################
[1m                           Learning iteration 654/750                           [0m 

                               Run name: retention-native-20260908-v50
                            Total steps: 754560 
                       Steps per second: 886 
                        Collection time: 1.135s 
                          Learning time: 0.164s 
                        Mean value loss: 1.7708
                    Mean surrogate loss: -0.0255
             Mean online_retention loss: 0.0129
          Mean rehearsal_retention loss: 0.0144
                            Mean reward: 68.94
                    Mean episode length: 4339.27
                        Mean action std: 0.04
--------------------------------------------------------------------------------
                         Iteration time: 1.30s
                           Time elapsed: 0:14:30
                                    ETA: 0:02:06

################################################################################
[1m                           Learning iteration 655/750                           [0m 

                               Run name: retention-native-20260908-v50
                            Total steps: 755712 
                       Steps per second: 890 
                        Collection time: 1.135s 
                          Learning time: 0.158s 
                        Mean value loss: 4.5907
                    Mean surrogate loss: -0.0276
             Mean online_retention loss: 0.0155
          Mean rehearsal_retention loss: 0.0164
                            Mean reward: 68.94
                    Mean episode length: 4339.27
                        Mean action std: 0.04
--------------------------------------------------------------------------------
                         Iteration time: 1.29s
                           Time elapsed: 0:14:31
                                    ETA: 0:02:04

################################################################################
[1m                           Learning iteration 656/750                           [0m 

                               Run name: retention-native-20260908-v50
                            Total steps: 756864 
                       Steps per second: 890 
                        Collection time: 1.129s 
                          Learning time: 0.166s 
                        Mean value loss: 40.0785
                    Mean surrogate loss: -0.0902
             Mean online_retention loss: 0.0149
          Mean rehearsal_retention loss: 0.0162
                            Mean reward: 68.94
                    Mean episode length: 4339.27
                        Mean action std: 0.03
--------------------------------------------------------------------------------
                         Iteration time: 1.29s
                           Time elapsed: 0:14:32
                                    ETA: 0:02:03

################################################################################
[1m                           Learning iteration 657/750                           [0m 

                               Run name: retention-native-20260908-v50
                            Total steps: 758016 
                       Steps per second: 882 
                        Collection time: 1.133s 
                          Learning time: 0.172s 
                        Mean value loss: 98.7575
                    Mean surrogate loss: -0.0856
             Mean online_retention loss: 0.0113
          Mean rehearsal_retention loss: 0.0124
                            Mean reward: 65.96
                    Mean episode length: 4213.03
                        Mean action std: 0.03
--------------------------------------------------------------------------------
                         Iteration time: 1.31s
                           Time elapsed: 0:14:34
                                    ETA: 0:02:02

################################################################################
[1m                           Learning iteration 658/750                           [0m 

                               Run name: retention-native-20260908-v50
                            Total steps: 759168 
                       Steps per second: 871 
                        Collection time: 1.140s 
                          Learning time: 0.181s 
                        Mean value loss: 7.0442
                    Mean surrogate loss: -0.0194
             Mean online_retention loss: 0.0128
          Mean rehearsal_retention loss: 0.0152
                            Mean reward: 65.96
                    Mean episode length: 4213.03
                        Mean action std: 0.03
--------------------------------------------------------------------------------
                         Iteration time: 1.32s
                           Time elapsed: 0:14:35
                                    ETA: 0:02:00

################################################################################
[1m                           Learning iteration 659/750                           [0m 

                               Run name: retention-native-20260908-v50
                            Total steps: 760320 
                       Steps per second: 872 
                        Collection time: 1.141s 
                          Learning time: 0.179s 
                        Mean value loss: 24.0350
                    Mean surrogate loss: -0.2075
             Mean online_retention loss: 0.0128
          Mean rehearsal_retention loss: 0.0141
                            Mean reward: 65.96
                    Mean episode length: 4213.03
                        Mean action std: 0.03
--------------------------------------------------------------------------------
                         Iteration time: 1.32s
                           Time elapsed: 0:14:36
                                    ETA: 0:01:59

################################################################################
[1m                           Learning iteration 660/750                           [0m 

                               Run name: retention-native-20260908-v50
                            Total steps: 761472 
                       Steps per second: 874 
                        Collection time: 1.148s 
                          Learning time: 0.170s 
                        Mean value loss: 77.2955
                    Mean surrogate loss: -0.1524
             Mean online_retention loss: 0.0128
          Mean rehearsal_retention loss: 0.0114
                            Mean reward: 65.94
                    Mean episode length: 4239.94
                        Mean action std: 0.03
--------------------------------------------------------------------------------
                         Iteration time: 1.32s
                           Time elapsed: 0:14:38
                                    ETA: 0:01:58

################################################################################
[1m                           Learning iteration 661/750                           [0m 

                               Run name: retention-native-20260908-v50
                            Total steps: 762624 
                       Steps per second: 864 
                        Collection time: 1.160s 
                          Learning time: 0.173s 
                        Mean value loss: 25.2331
                    Mean surrogate loss: -0.1456
             Mean online_retention loss: 0.0122
          Mean rehearsal_retention loss: 0.0109
                            Mean reward: 65.94
                    Mean episode length: 4239.94
                        Mean action std: 0.03
--------------------------------------------------------------------------------
                         Iteration time: 1.33s
                           Time elapsed: 0:14:39
                                    ETA: 0:01:56

################################################################################
[1m                           Learning iteration 662/750                           [0m 

                               Run name: retention-native-20260908-v50
                            Total steps: 763776 
                       Steps per second: 860 
                        Collection time: 1.167s 
                          Learning time: 0.172s 
                        Mean value loss: 57.0546
                    Mean surrogate loss: -0.1705
             Mean online_retention loss: 0.0107
          Mean rehearsal_retention loss: 0.0126
                            Mean reward: 65.04
                    Mean episode length: 4257.86
                        Mean action std: 0.03
--------------------------------------------------------------------------------
                         Iteration time: 1.34s
                           Time elapsed: 0:14:40
                                    ETA: 0:01:55

################################################################################
[1m                           Learning iteration 663/750                           [0m 

                               Run name: retention-native-20260908-v50
                            Total steps: 764928 
                       Steps per second: 873 
                        Collection time: 1.154s 
                          Learning time: 0.164s 
                        Mean value loss: 43.2248
                    Mean surrogate loss: -0.1395
             Mean online_retention loss: 0.0088
          Mean rehearsal_retention loss: 0.0096
                            Mean reward: 65.04
                    Mean episode length: 4257.86
                        Mean action std: 0.03
--------------------------------------------------------------------------------
                         Iteration time: 1.32s
                           Time elapsed: 0:14:42
                                    ETA: 0:01:54

################################################################################
[1m                           Learning iteration 664/750                           [0m 

                               Run name: retention-native-20260908-v50
                            Total steps: 766080 
                       Steps per second: 873 
                        Collection time: 1.153s 
                          Learning time: 0.167s 
                        Mean value loss: 106.3396
                    Mean surrogate loss: -0.3844
             Mean online_retention loss: 0.0134
          Mean rehearsal_retention loss: 0.0127
                            Mean reward: 64.99
                    Mean episode length: 4275.97
                        Mean action std: 0.03
--------------------------------------------------------------------------------
                         Iteration time: 1.32s
                           Time elapsed: 0:14:43
                                    ETA: 0:01:52

################################################################################
[1m                           Learning iteration 665/750                           [0m 

                               Run name: retention-native-20260908-v50
                            Total steps: 767232 
                       Steps per second: 858 
                        Collection time: 1.167s 
                          Learning time: 0.174s 
                        Mean value loss: 135.5797
                    Mean surrogate loss: 0.1531
             Mean online_retention loss: 0.0097
          Mean rehearsal_retention loss: 0.0134
                            Mean reward: 64.99
                    Mean episode length: 4275.97
                        Mean action std: 0.01
--------------------------------------------------------------------------------
                         Iteration time: 1.34s
                           Time elapsed: 0:14:44
                                    ETA: 0:01:51

################################################################################
[1m                           Learning iteration 666/750                           [0m 

                               Run name: retention-native-20260908-v50
                            Total steps: 768384 
                       Steps per second: 842 
                        Collection time: 1.182s 
                          Learning time: 0.185s 
                        Mean value loss: 26.6018
                    Mean surrogate loss: -0.0073
             Mean online_retention loss: 0.0093
          Mean rehearsal_retention loss: 0.0157
                            Mean reward: 72.02
                    Mean episode length: 4358.75
                        Mean action std: 0.01
--------------------------------------------------------------------------------
                         Iteration time: 1.37s
                           Time elapsed: 0:14:46
                                    ETA: 0:01:50

################################################################################
[1m                           Learning iteration 667/750                           [0m 

                               Run name: retention-native-20260908-v50
                            Total steps: 769536 
                       Steps per second: 850 
                        Collection time: 1.178s 
                          Learning time: 0.176s 
                        Mean value loss: 1.9167
                    Mean surrogate loss: 0.5261
             Mean online_retention loss: 0.0212
          Mean rehearsal_retention loss: 0.0295
                            Mean reward: 72.02
                    Mean episode length: 4358.75
                        Mean action std: 0.01
--------------------------------------------------------------------------------
                         Iteration time: 1.35s
                           Time elapsed: 0:14:47
                                    ETA: 0:01:48

################################################################################
[1m                           Learning iteration 668/750                           [0m 

                               Run name: retention-native-20260908-v50
                            Total steps: 770688 
                       Steps per second: 848 
                        Collection time: 1.180s 
                          Learning time: 0.177s 
                        Mean value loss: 108.9896
                    Mean surrogate loss: -0.1709
             Mean online_retention loss: 0.0566
          Mean rehearsal_retention loss: 0.0245
                            Mean reward: 72.02
                    Mean episode length: 4358.75
                        Mean action std: 0.01
--------------------------------------------------------------------------------
                         Iteration time: 1.36s
                           Time elapsed: 0:14:48
                                    ETA: 0:01:47

################################################################################
[1m                           Learning iteration 669/750                           [0m 

                               Run name: retention-native-20260908-v50
                            Total steps: 771840 
                       Steps per second: 860 
                        Collection time: 1.175s 
                          Learning time: 0.164s 
                        Mean value loss: 128.1068
                    Mean surrogate loss: -0.1470
             Mean online_retention loss: 0.0202
          Mean rehearsal_retention loss: 0.0176
                            Mean reward: 72.02
                    Mean episode length: 4358.75
                        Mean action std: 0.01
--------------------------------------------------------------------------------
                         Iteration time: 1.34s
                           Time elapsed: 0:14:50
                                    ETA: 0:01:46

################################################################################
[1m                           Learning iteration 670/750                           [0m 

                               Run name: retention-native-20260908-v50
                            Total steps: 772992 
                       Steps per second: 873 
                        Collection time: 1.149s 
                          Learning time: 0.170s 
                        Mean value loss: 8.4212
                    Mean surrogate loss: 0.0055
             Mean online_retention loss: 0.0160
          Mean rehearsal_retention loss: 0.0211
                            Mean reward: 70.94
                    Mean episode length: 4376.62
                        Mean action std: 0.02
--------------------------------------------------------------------------------
                         Iteration time: 1.32s
                           Time elapsed: 0:14:51
                                    ETA: 0:01:44

################################################################################
[1m                           Learning iteration 671/750                           [0m 

                               Run name: retention-native-20260908-v50
                            Total steps: 774144 
                       Steps per second: 855 
                        Collection time: 1.172s 
                          Learning time: 0.174s 
                        Mean value loss: 1.4281
                    Mean surrogate loss: -0.0692
             Mean online_retention loss: 0.0270
          Mean rehearsal_retention loss: 0.0322
                            Mean reward: 70.94
                    Mean episode length: 4376.62
                        Mean action std: 0.01
--------------------------------------------------------------------------------
                         Iteration time: 1.35s
                           Time elapsed: 0:14:52
                                    ETA: 0:01:43

################################################################################
[1m                           Learning iteration 672/750                           [0m 

                               Run name: retention-native-20260908-v50
                            Total steps: 775296 
                       Steps per second: 874 
                        Collection time: 1.147s 
                          Learning time: 0.171s 
                        Mean value loss: 11.3820
                    Mean surrogate loss: -0.1155
             Mean online_retention loss: 0.0190
          Mean rehearsal_retention loss: 0.0258
                            Mean reward: 70.94
                    Mean episode length: 4376.62
                        Mean action std: 0.01
--------------------------------------------------------------------------------
                         Iteration time: 1.32s
                           Time elapsed: 0:14:54
                                    ETA: 0:01:42

################################################################################
[1m                           Learning iteration 673/750                           [0m 

                               Run name: retention-native-20260908-v50
                            Total steps: 776448 
                       Steps per second: 877 
                        Collection time: 1.151s 
                          Learning time: 0.162s 
                        Mean value loss: 1.4003
                    Mean surrogate loss: -0.0006
             Mean online_retention loss: 0.0247
          Mean rehearsal_retention loss: 0.0305
                            Mean reward: 70.94
                    Mean episode length: 4376.62
                        Mean action std: 0.01
--------------------------------------------------------------------------------
                         Iteration time: 1.31s
                           Time elapsed: 0:14:55
                                    ETA: 0:01:40

################################################################################
[1m                           Learning iteration 674/750                           [0m 

                               Run name: retention-native-20260908-v50
                            Total steps: 777600 
                       Steps per second: 877 
                        Collection time: 1.145s 
                          Learning time: 0.168s 
                        Mean value loss: 1.4563
                    Mean surrogate loss: 0.0307
             Mean online_retention loss: 0.0231
          Mean rehearsal_retention loss: 0.0301
                            Mean reward: 70.94
                    Mean episode length: 4376.62
                        Mean action std: 0.02
--------------------------------------------------------------------------------
                         Iteration time: 1.31s
                           Time elapsed: 0:14:56
                                    ETA: 0:01:39

################################################################################
[1m                           Learning iteration 675/750                           [0m 

                               Run name: retention-native-20260908-v50
                            Total steps: 778752 
                       Steps per second: 865 
                        Collection time: 1.147s 
                          Learning time: 0.184s 
                        Mean value loss: 16.8612
                    Mean surrogate loss: -0.1897
             Mean online_retention loss: 0.0213
          Mean rehearsal_retention loss: 0.0275
                            Mean reward: 70.94
                    Mean episode length: 4376.62
                        Mean action std: 0.02
--------------------------------------------------------------------------------
                         Iteration time: 1.33s
                           Time elapsed: 0:14:58
                                    ETA: 0:01:38

################################################################################
[1m                           Learning iteration 676/750                           [0m 

                               Run name: retention-native-20260908-v50
                            Total steps: 779904 
                       Steps per second: 879 
                        Collection time: 1.145s 
                          Learning time: 0.164s 
                        Mean value loss: 17.8206
                    Mean surrogate loss: -0.0238
             Mean online_retention loss: 0.0177
          Mean rehearsal_retention loss: 0.0251
                            Mean reward: 70.94
                    Mean episode length: 4376.62
                        Mean action std: 0.02
--------------------------------------------------------------------------------
                         Iteration time: 1.31s
                           Time elapsed: 0:14:59
                                    ETA: 0:01:36

################################################################################
[1m                           Learning iteration 677/750                           [0m 

                               Run name: retention-native-20260908-v50
                            Total steps: 781056 
                       Steps per second: 846 
                        Collection time: 1.186s 
                          Learning time: 0.176s 
                        Mean value loss: 275.6539
                    Mean surrogate loss: -0.1559
             Mean online_retention loss: 0.0528
          Mean rehearsal_retention loss: 0.0163
                            Mean reward: 69.58
                    Mean episode length: 4412.47
                        Mean action std: 0.03
--------------------------------------------------------------------------------
                         Iteration time: 1.36s
                           Time elapsed: 0:15:00
                                    ETA: 0:01:35

################################################################################
[1m                           Learning iteration 678/750                           [0m 

                               Run name: retention-native-20260908-v50
                            Total steps: 782208 
                       Steps per second: 871 
                        Collection time: 1.141s 
                          Learning time: 0.181s 
                        Mean value loss: 8.3774
                    Mean surrogate loss: -0.0338
             Mean online_retention loss: 0.0253
          Mean rehearsal_retention loss: 0.0175
                            Mean reward: 69.58
                    Mean episode length: 4412.47
                        Mean action std: 0.03
--------------------------------------------------------------------------------
                         Iteration time: 1.32s
                           Time elapsed: 0:15:02
                                    ETA: 0:01:34

################################################################################
[1m                           Learning iteration 679/750                           [0m 

                               Run name: retention-native-20260908-v50
                            Total steps: 783360 
                       Steps per second: 876 
                        Collection time: 1.138s 
                          Learning time: 0.176s 
                        Mean value loss: 68.4973
                    Mean surrogate loss: -0.1701
             Mean online_retention loss: 0.0156
          Mean rehearsal_retention loss: 0.0134
                            Mean reward: 69.58
                    Mean episode length: 4412.47
                        Mean action std: 0.03
--------------------------------------------------------------------------------
                         Iteration time: 1.31s
                           Time elapsed: 0:15:03
                                    ETA: 0:01:32

################################################################################
[1m                           Learning iteration 680/750                           [0m 

                               Run name: retention-native-20260908-v50
                            Total steps: 784512 
                       Steps per second: 865 
                        Collection time: 1.164s 
                          Learning time: 0.167s 
                        Mean value loss: 32.6166
                    Mean surrogate loss: -0.1111
             Mean online_retention loss: 0.0132
          Mean rehearsal_retention loss: 0.0112
                            Mean reward: 69.79
                    Mean episode length: 4412.37
                        Mean action std: 0.03
--------------------------------------------------------------------------------
                         Iteration time: 1.33s
                           Time elapsed: 0:15:04
                                    ETA: 0:01:31

################################################################################
[1m                           Learning iteration 681/750                           [0m 

                               Run name: retention-native-20260908-v50
                            Total steps: 785664 
                       Steps per second: 868 
                        Collection time: 1.155s 
                          Learning time: 0.171s 
                        Mean value loss: 3.6422
                    Mean surrogate loss: 0.0053
             Mean online_retention loss: 0.0145
          Mean rehearsal_retention loss: 0.0127
                            Mean reward: 69.79
                    Mean episode length: 4412.37
                        Mean action std: 0.03
--------------------------------------------------------------------------------
                         Iteration time: 1.33s
                           Time elapsed: 0:15:06
                                    ETA: 0:01:30

################################################################################
[1m                           Learning iteration 682/750                           [0m 

                               Run name: retention-native-20260908-v50
                            Total steps: 786816 
                       Steps per second: 864 
                        Collection time: 1.162s 
                          Learning time: 0.171s 
                        Mean value loss: 16.6752
                    Mean surrogate loss: -0.0964
             Mean online_retention loss: 0.0149
          Mean rehearsal_retention loss: 0.0143
                            Mean reward: 69.79
                    Mean episode length: 4412.37
                        Mean action std: 0.03
--------------------------------------------------------------------------------
                         Iteration time: 1.33s
                           Time elapsed: 0:15:07
                                    ETA: 0:01:29

################################################################################
[1m                           Learning iteration 683/750                           [0m 

                               Run name: retention-native-20260908-v50
                            Total steps: 787968 
                       Steps per second: 882 
                        Collection time: 1.140s 
                          Learning time: 0.165s 
                        Mean value loss: 3.4818
                    Mean surrogate loss: -0.0142
             Mean online_retention loss: 0.0193
          Mean rehearsal_retention loss: 0.0176
                            Mean reward: 69.79
                    Mean episode length: 4412.37
                        Mean action std: 0.04
--------------------------------------------------------------------------------
                         Iteration time: 1.31s
                           Time elapsed: 0:15:08
                                    ETA: 0:01:27

################################################################################
[1m                           Learning iteration 684/750                           [0m 

                               Run name: retention-native-20260908-v50
                            Total steps: 789120 
                       Steps per second: 886 
                        Collection time: 1.134s 
                          Learning time: 0.165s 
                        Mean value loss: 6.1005
                    Mean surrogate loss: -0.0225
             Mean online_retention loss: 0.0209
          Mean rehearsal_retention loss: 0.0180
                            Mean reward: 69.79
                    Mean episode length: 4412.37
                        Mean action std: 0.04
--------------------------------------------------------------------------------
                         Iteration time: 1.30s
                           Time elapsed: 0:15:09
                                    ETA: 0:01:26

################################################################################
[1m                           Learning iteration 685/750                           [0m 

                               Run name: retention-native-20260908-v50
                            Total steps: 790272 
                       Steps per second: 881 
                        Collection time: 1.140s 
                          Learning time: 0.167s 
                        Mean value loss: 83.5284
                    Mean surrogate loss: -0.1276
             Mean online_retention loss: 0.0139
          Mean rehearsal_retention loss: 0.0129
                            Mean reward: 69.79
                    Mean episode length: 4412.37
                        Mean action std: 0.03
--------------------------------------------------------------------------------
                         Iteration time: 1.31s
                           Time elapsed: 0:15:11
                                    ETA: 0:01:25

################################################################################
[1m                           Learning iteration 686/750                           [0m 

                               Run name: retention-native-20260908-v50
                            Total steps: 791424 
                       Steps per second: 865 
                        Collection time: 1.157s 
                          Learning time: 0.174s 
                        Mean value loss: 14.9336
                    Mean surrogate loss: 0.0265
             Mean online_retention loss: 0.0132
          Mean rehearsal_retention loss: 0.0124
                            Mean reward: 70.07
                    Mean episode length: 4403.22
                        Mean action std: 0.03
--------------------------------------------------------------------------------
                         Iteration time: 1.33s
                           Time elapsed: 0:15:12
                                    ETA: 0:01:23

################################################################################
[1m                           Learning iteration 687/750                           [0m 

                               Run name: retention-native-20260908-v50
                            Total steps: 792576 
                       Steps per second: 869 
                        Collection time: 1.146s 
                          Learning time: 0.179s 
                        Mean value loss: 4.8667
                    Mean surrogate loss: 0.0658
             Mean online_retention loss: 0.0151
          Mean rehearsal_retention loss: 0.0133
                            Mean reward: 70.07
                    Mean episode length: 4403.22
                        Mean action std: 0.03
--------------------------------------------------------------------------------
                         Iteration time: 1.33s
                           Time elapsed: 0:15:13
                                    ETA: 0:01:22

################################################################################
[1m                           Learning iteration 688/750                           [0m 

                               Run name: retention-native-20260908-v50
                            Total steps: 793728 
                       Steps per second: 873 
                        Collection time: 1.152s 
                          Learning time: 0.166s 
                        Mean value loss: 20.0355
                    Mean surrogate loss: -0.1105
             Mean online_retention loss: 0.0133
          Mean rehearsal_retention loss: 0.0131
                            Mean reward: 70.07
                    Mean episode length: 4403.22
                        Mean action std: 0.03
--------------------------------------------------------------------------------
                         Iteration time: 1.32s
                           Time elapsed: 0:15:15
                                    ETA: 0:01:21

################################################################################
[1m                           Learning iteration 689/750                           [0m 

                               Run name: retention-native-20260908-v50
                            Total steps: 794880 
                       Steps per second: 860 
                        Collection time: 1.161s 
                          Learning time: 0.178s 
                        Mean value loss: 57.8398
                    Mean surrogate loss: -0.1416
             Mean online_retention loss: 0.0106
          Mean rehearsal_retention loss: 0.0102
                            Mean reward: 70.07
                    Mean episode length: 4403.22
                        Mean action std: 0.03
--------------------------------------------------------------------------------
                         Iteration time: 1.34s
                           Time elapsed: 0:15:16
                                    ETA: 0:01:19

################################################################################
[1m                           Learning iteration 690/750                           [0m 

                               Run name: retention-native-20260908-v50
                            Total steps: 796032 
                       Steps per second: 847 
                        Collection time: 1.173s 
                          Learning time: 0.185s 
                        Mean value loss: 11.7126
                    Mean surrogate loss: -0.0075
             Mean online_retention loss: 0.0109
          Mean rehearsal_retention loss: 0.0095
                            Mean reward: 70.10
                    Mean episode length: 4403.18
                        Mean action std: 0.03
--------------------------------------------------------------------------------
                         Iteration time: 1.36s
                           Time elapsed: 0:15:17
                                    ETA: 0:01:18

################################################################################
[1m                           Learning iteration 691/750                           [0m 

                               Run name: retention-native-20260908-v50
                            Total steps: 797184 
                       Steps per second: 882 
                        Collection time: 1.136s 
                          Learning time: 0.169s 
                        Mean value loss: 7.5240
                    Mean surrogate loss: 0.0050
             Mean online_retention loss: 0.0150
          Mean rehearsal_retention loss: 0.0132
                            Mean reward: 70.10
                    Mean episode length: 4403.18
                        Mean action std: 0.03
--------------------------------------------------------------------------------
                         Iteration time: 1.30s
                           Time elapsed: 0:15:19
                                    ETA: 0:01:17

################################################################################
[1m                           Learning iteration 692/750                           [0m 

                               Run name: retention-native-20260908-v50
                            Total steps: 798336 
                       Steps per second: 878 
                        Collection time: 1.143s 
                          Learning time: 0.168s 
                        Mean value loss: 16.1017
                    Mean surrogate loss: -0.1146
             Mean online_retention loss: 0.0126
          Mean rehearsal_retention loss: 0.0123
                            Mean reward: 70.10
                    Mean episode length: 4403.18
                        Mean action std: 0.03
--------------------------------------------------------------------------------
                         Iteration time: 1.31s
                           Time elapsed: 0:15:20
                                    ETA: 0:01:15

################################################################################
[1m                           Learning iteration 693/750                           [0m 

                               Run name: retention-native-20260908-v50
                            Total steps: 799488 
                       Steps per second: 885 
                        Collection time: 1.128s 
                          Learning time: 0.174s 
                        Mean value loss: 36.2934
                    Mean surrogate loss: -0.0437
             Mean online_retention loss: 0.0158
          Mean rehearsal_retention loss: 0.0151
                            Mean reward: 70.10
                    Mean episode length: 4403.18
                        Mean action std: 0.03
--------------------------------------------------------------------------------
                         Iteration time: 1.30s
                           Time elapsed: 0:15:21
                                    ETA: 0:01:14

################################################################################
[1m                           Learning iteration 694/750                           [0m 

                               Run name: retention-native-20260908-v50
                            Total steps: 800640 
                       Steps per second: 874 
                        Collection time: 1.146s 
                          Learning time: 0.171s 
                        Mean value loss: 17.5678
                    Mean surrogate loss: 0.1217
             Mean online_retention loss: 0.0151
          Mean rehearsal_retention loss: 0.0146
                            Mean reward: 70.10
                    Mean episode length: 4403.18
                        Mean action std: 0.03
--------------------------------------------------------------------------------
                         Iteration time: 1.32s
                           Time elapsed: 0:15:23
                                    ETA: 0:01:13

################################################################################
[1m                           Learning iteration 695/750                           [0m 

                               Run name: retention-native-20260908-v50
                            Total steps: 801792 
                       Steps per second: 860 
                        Collection time: 1.162s 
                          Learning time: 0.178s 
                        Mean value loss: 7.3799
                    Mean surrogate loss: 0.0304
             Mean online_retention loss: 0.0178
          Mean rehearsal_retention loss: 0.0163
                            Mean reward: 70.10
                    Mean episode length: 4403.18
                        Mean action std: 0.03
--------------------------------------------------------------------------------
                         Iteration time: 1.34s
                           Time elapsed: 0:15:24
                                    ETA: 0:01:11

################################################################################
[1m                           Learning iteration 696/750                           [0m 

                               Run name: retention-native-20260908-v50
                            Total steps: 802944 
                       Steps per second: 873 
                        Collection time: 1.157s 
                          Learning time: 0.162s 
                        Mean value loss: 2.3241
                    Mean surrogate loss: -0.0577
             Mean online_retention loss: 0.0174
          Mean rehearsal_retention loss: 0.0150
                            Mean reward: 78.98
                    Mean episode length: 4441.24
                        Mean action std: 0.03
--------------------------------------------------------------------------------
                         Iteration time: 1.32s
                           Time elapsed: 0:15:25
                                    ETA: 0:01:10

################################################################################
[1m                           Learning iteration 697/750                           [0m 

                               Run name: retention-native-20260908-v50
                            Total steps: 804096 
                       Steps per second: 855 
                        Collection time: 1.169s 
                          Learning time: 0.177s 
                        Mean value loss: 18.0593
                    Mean surrogate loss: -0.1048
             Mean online_retention loss: 0.0159
          Mean rehearsal_retention loss: 0.0151
                            Mean reward: 78.98
                    Mean episode length: 4441.24
                        Mean action std: 0.03
--------------------------------------------------------------------------------
                         Iteration time: 1.35s
                           Time elapsed: 0:15:27
                                    ETA: 0:01:09

################################################################################
[1m                           Learning iteration 698/750                           [0m 

                               Run name: retention-native-20260908-v50
                            Total steps: 805248 
                       Steps per second: 865 
                        Collection time: 1.155s 
                          Learning time: 0.176s 
                        Mean value loss: 103.6180
                    Mean surrogate loss: -0.1605
             Mean online_retention loss: 0.0163
          Mean rehearsal_retention loss: 0.0119
                            Mean reward: 78.98
                    Mean episode length: 4441.24
                        Mean action std: 0.03
--------------------------------------------------------------------------------
                         Iteration time: 1.33s
                           Time elapsed: 0:15:28
                                    ETA: 0:01:07

################################################################################
[1m                           Learning iteration 699/750                           [0m 

                               Run name: retention-native-20260908-v50
                            Total steps: 806400 
                       Steps per second: 868 
                        Collection time: 1.157s 
                          Learning time: 0.170s 
                        Mean value loss: 3.9250
                    Mean surrogate loss: -0.0825
             Mean online_retention loss: 0.0160
          Mean rehearsal_retention loss: 0.0125
                            Mean reward: 78.63
                    Mean episode length: 4441.20
                        Mean action std: 0.03
--------------------------------------------------------------------------------
                         Iteration time: 1.33s
                           Time elapsed: 0:15:29
                                    ETA: 0:01:06

################################################################################
[1m                           Learning iteration 700/750                           [0m 

                               Run name: retention-native-20260908-v50
                            Total steps: 807552 
                       Steps per second: 865 
                        Collection time: 1.159s 
                          Learning time: 0.172s 
                        Mean value loss: 4.9709
                    Mean surrogate loss: -0.0371
             Mean online_retention loss: 0.0166
          Mean rehearsal_retention loss: 0.0149
                            Mean reward: 78.63
                    Mean episode length: 4441.20
                        Mean action std: 0.03
--------------------------------------------------------------------------------
                         Iteration time: 1.33s
                           Time elapsed: 0:15:31
                                    ETA: 0:01:05

################################################################################
[1m                           Learning iteration 701/750                           [0m 

                               Run name: retention-native-20260908-v50
                            Total steps: 808704 
                       Steps per second: 860 
                        Collection time: 1.162s 
                          Learning time: 0.177s 
                        Mean value loss: 30.8320
                    Mean surrogate loss: -0.1534
             Mean online_retention loss: 0.0133
          Mean rehearsal_retention loss: 0.0134
                            Mean reward: 78.63
                    Mean episode length: 4441.20
                        Mean action std: 0.03
--------------------------------------------------------------------------------
                         Iteration time: 1.34s
                           Time elapsed: 0:15:32
                                    ETA: 0:01:03

################################################################################
[1m                           Learning iteration 702/750                           [0m 

                               Run name: retention-native-20260908-v50
                            Total steps: 809856 
                       Steps per second: 869 
                        Collection time: 1.154s 
                          Learning time: 0.171s 
                        Mean value loss: 335.0688
                    Mean surrogate loss: -0.3997
             Mean online_retention loss: 0.0240
          Mean rehearsal_retention loss: 0.0165
                            Mean reward: 78.69
                    Mean episode length: 4459.27
                        Mean action std: 0.02
--------------------------------------------------------------------------------
                         Iteration time: 1.33s
                           Time elapsed: 0:15:33
                                    ETA: 0:01:02

################################################################################
[1m                           Learning iteration 703/750                           [0m 

                               Run name: retention-native-20260908-v50
                            Total steps: 811008 
                       Steps per second: 855 
                        Collection time: 1.168s 
                          Learning time: 0.178s 
                        Mean value loss: 2.0044
                    Mean surrogate loss: -0.1252
             Mean online_retention loss: 0.0262
          Mean rehearsal_retention loss: 0.0238
                            Mean reward: 78.69
                    Mean episode length: 4459.27
                        Mean action std: 0.01
--------------------------------------------------------------------------------
                         Iteration time: 1.35s
                           Time elapsed: 0:15:35
                                    ETA: 0:01:01

################################################################################
[1m                           Learning iteration 704/750                           [0m 

                               Run name: retention-native-20260908-v50
                            Total steps: 812160 
                       Steps per second: 856 
                        Collection time: 1.164s 
                          Learning time: 0.181s 
                        Mean value loss: 21.4844
                    Mean surrogate loss: -0.1989
             Mean online_retention loss: 0.0197
          Mean rehearsal_retention loss: 0.0219
                            Mean reward: 78.69
                    Mean episode length: 4459.27
                        Mean action std: 0.01
--------------------------------------------------------------------------------
                         Iteration time: 1.34s
                           Time elapsed: 0:15:36
                                    ETA: 0:00:59

################################################################################
[1m                           Learning iteration 705/750                           [0m 

                               Run name: retention-native-20260908-v50
                            Total steps: 813312 
                       Steps per second: 859 
                        Collection time: 1.170s 
                          Learning time: 0.170s 
                        Mean value loss: 31.7140
                    Mean surrogate loss: -0.2534
             Mean online_retention loss: 0.0340
          Mean rehearsal_retention loss: 0.0228
                            Mean reward: 78.69
                    Mean episode length: 4459.27
                        Mean action std: 0.01
--------------------------------------------------------------------------------
                         Iteration time: 1.34s
                           Time elapsed: 0:15:37
                                    ETA: 0:00:58

################################################################################
[1m                           Learning iteration 706/750                           [0m 

                               Run name: retention-native-20260908-v50
                            Total steps: 814464 
                       Steps per second: 848 
                        Collection time: 1.175s 
                          Learning time: 0.183s 
                        Mean value loss: 36.9798
                    Mean surrogate loss: 0.1206
             Mean online_retention loss: 0.0513
          Mean rehearsal_retention loss: 0.0241
                            Mean reward: 78.69
                    Mean episode length: 4459.27
                        Mean action std: 0.01
--------------------------------------------------------------------------------
                         Iteration time: 1.36s
                           Time elapsed: 0:15:39
                                    ETA: 0:00:57

################################################################################
[1m                           Learning iteration 707/750                           [0m 

                               Run name: retention-native-20260908-v50
                            Total steps: 815616 
                       Steps per second: 869 
                        Collection time: 1.154s 
                          Learning time: 0.171s 
                        Mean value loss: 24.8836
                    Mean surrogate loss: -0.1246
             Mean online_retention loss: 0.0232
          Mean rehearsal_retention loss: 0.0201
                            Mean reward: 78.69
                    Mean episode length: 4459.27
                        Mean action std: 0.01
--------------------------------------------------------------------------------
                         Iteration time: 1.32s
                           Time elapsed: 0:15:40
                                    ETA: 0:00:55

################################################################################
[1m                           Learning iteration 708/750                           [0m 

                               Run name: retention-native-20260908-v50
                            Total steps: 816768 
                       Steps per second: 862 
                        Collection time: 1.172s 
                          Learning time: 0.163s 
                        Mean value loss: 17.2367
                    Mean surrogate loss: -0.1960
             Mean online_retention loss: 0.0169
          Mean rehearsal_retention loss: 0.0203
                            Mean reward: 78.69
                    Mean episode length: 4459.27
                        Mean action std: 0.01
--------------------------------------------------------------------------------
                         Iteration time: 1.34s
                           Time elapsed: 0:15:41
                                    ETA: 0:00:54

################################################################################
[1m                           Learning iteration 709/750                           [0m 

                               Run name: retention-native-20260908-v50
                            Total steps: 817920 
                       Steps per second: 859 
                        Collection time: 1.164s 
                          Learning time: 0.176s 
                        Mean value loss: 61.3581
                    Mean surrogate loss: -0.0758
             Mean online_retention loss: 0.0113
          Mean rehearsal_retention loss: 0.0146
                            Mean reward: 74.14
                    Mean episode length: 4378.01
                        Mean action std: 0.01
--------------------------------------------------------------------------------
                         Iteration time: 1.34s
                           Time elapsed: 0:15:43
                                    ETA: 0:00:53

################################################################################
[1m                           Learning iteration 710/750                           [0m 

                               Run name: retention-native-20260908-v50
                            Total steps: 819072 
                       Steps per second: 864 
                        Collection time: 1.163s 
                          Learning time: 0.169s 
                        Mean value loss: 1.4991
                    Mean surrogate loss: -0.1912
             Mean online_retention loss: 0.0187
          Mean rehearsal_retention loss: 0.0207
                            Mean reward: 74.14
                    Mean episode length: 4378.01
                        Mean action std: 0.02
--------------------------------------------------------------------------------
                         Iteration time: 1.33s
                           Time elapsed: 0:15:44
                                    ETA: 0:00:51

################################################################################
[1m                           Learning iteration 711/750                           [0m 

                               Run name: retention-native-20260908-v50
                            Total steps: 820224 
                       Steps per second: 865 
                        Collection time: 1.167s 
                          Learning time: 0.165s 
                        Mean value loss: 1.0354
                    Mean surrogate loss: 0.0340
             Mean online_retention loss: 0.0254
          Mean rehearsal_retention loss: 0.0267
                            Mean reward: 74.14
                    Mean episode length: 4378.01
                        Mean action std: 0.01
--------------------------------------------------------------------------------
                         Iteration time: 1.33s
                           Time elapsed: 0:15:45
                                    ETA: 0:00:50

################################################################################
[1m                           Learning iteration 712/750                           [0m 

                               Run name: retention-native-20260908-v50
                            Total steps: 821376 
                       Steps per second: 876 
                        Collection time: 1.144s 
                          Learning time: 0.169s 
                        Mean value loss: 3.6450
                    Mean surrogate loss: 0.0010
             Mean online_retention loss: 0.0243
          Mean rehearsal_retention loss: 0.0273
                            Mean reward: 74.14
                    Mean episode length: 4378.01
                        Mean action std: 0.02
--------------------------------------------------------------------------------
                         Iteration time: 1.31s
                           Time elapsed: 0:15:47
                                    ETA: 0:00:49

################################################################################
[1m                           Learning iteration 713/750                           [0m 

                               Run name: retention-native-20260908-v50
                            Total steps: 822528 
                       Steps per second: 869 
                        Collection time: 1.152s 
                          Learning time: 0.174s 
                        Mean value loss: 4.9787
                    Mean surrogate loss: -0.1597
             Mean online_retention loss: 0.0234
          Mean rehearsal_retention loss: 0.0268
                            Mean reward: 74.14
                    Mean episode length: 4378.01
                        Mean action std: 0.02
--------------------------------------------------------------------------------
                         Iteration time: 1.33s
                           Time elapsed: 0:15:48
                                    ETA: 0:00:47

################################################################################
[1m                           Learning iteration 714/750                           [0m 

                               Run name: retention-native-20260908-v50
                            Total steps: 823680 
                       Steps per second: 843 
                        Collection time: 1.189s 
                          Learning time: 0.177s 
                        Mean value loss: 165.4181
                    Mean surrogate loss: -0.4596
             Mean online_retention loss: 0.0585
          Mean rehearsal_retention loss: 0.0204
                            Mean reward: 74.14
                    Mean episode length: 4378.01
                        Mean action std: 0.02
--------------------------------------------------------------------------------
                         Iteration time: 1.37s
                           Time elapsed: 0:15:49
                                    ETA: 0:00:46

################################################################################
[1m                           Learning iteration 715/750                           [0m 

                               Run name: retention-native-20260908-v50
                            Total steps: 824832 
                       Steps per second: 850 
                        Collection time: 1.186s 
                          Learning time: 0.168s 
                        Mean value loss: 49.2524
                    Mean surrogate loss: -0.1133
             Mean online_retention loss: 0.0190
          Mean rehearsal_retention loss: 0.0164
                            Mean reward: 74.43
                    Mean episode length: 4360.05
                        Mean action std: 0.03
--------------------------------------------------------------------------------
                         Iteration time: 1.35s
                           Time elapsed: 0:15:51
                                    ETA: 0:00:45

################################################################################
[1m                           Learning iteration 716/750                           [0m 

                               Run name: retention-native-20260908-v50
                            Total steps: 825984 
                       Steps per second: 866 
                        Collection time: 1.145s 
                          Learning time: 0.185s 
                        Mean value loss: 1.3998
                    Mean surrogate loss: -0.0481
             Mean online_retention loss: 0.0121
          Mean rehearsal_retention loss: 0.0156
                            Mean reward: 74.43
                    Mean episode length: 4360.05
                        Mean action std: 0.03
--------------------------------------------------------------------------------
                         Iteration time: 1.33s
                           Time elapsed: 0:15:52
                                    ETA: 0:00:43

################################################################################
[1m                           Learning iteration 717/750                           [0m 

                               Run name: retention-native-20260908-v50
                            Total steps: 827136 
                       Steps per second: 877 
                        Collection time: 1.146s 
                          Learning time: 0.167s 
                        Mean value loss: 18.6715
                    Mean surrogate loss: -0.0733
             Mean online_retention loss: 0.0126
          Mean rehearsal_retention loss: 0.0169
                            Mean reward: 74.43
                    Mean episode length: 4360.05
                        Mean action std: 0.03
--------------------------------------------------------------------------------
                         Iteration time: 1.31s
                           Time elapsed: 0:15:53
                                    ETA: 0:00:42

################################################################################
[1m                           Learning iteration 718/750                           [0m 

                               Run name: retention-native-20260908-v50
                            Total steps: 828288 
                       Steps per second: 868 
                        Collection time: 1.156s 
                          Learning time: 0.170s 
                        Mean value loss: 15.8261
                    Mean surrogate loss: -0.0514
             Mean online_retention loss: 0.0094
          Mean rehearsal_retention loss: 0.0151
                            Mean reward: 74.43
                    Mean episode length: 4360.05
                        Mean action std: 0.03
--------------------------------------------------------------------------------
                         Iteration time: 1.33s
                           Time elapsed: 0:15:55
                                    ETA: 0:00:41

################################################################################
[1m                           Learning iteration 719/750                           [0m 

                               Run name: retention-native-20260908-v50
                            Total steps: 829440 
                       Steps per second: 860 
                        Collection time: 1.162s 
                          Learning time: 0.176s 
                        Mean value loss: 3.0619
                    Mean surrogate loss: 0.0226
             Mean online_retention loss: 0.0106
          Mean rehearsal_retention loss: 0.0175
                            Mean reward: 74.43
                    Mean episode length: 4360.05
                        Mean action std: 0.03
--------------------------------------------------------------------------------
                         Iteration time: 1.34s
                           Time elapsed: 0:15:56
                                    ETA: 0:00:39

################################################################################
[1m                           Learning iteration 720/750                           [0m 

                               Run name: retention-native-20260908-v50
                            Total steps: 830592 
                       Steps per second: 873 
                        Collection time: 1.140s 
                          Learning time: 0.179s 
                        Mean value loss: 1.8349
                    Mean surrogate loss: -0.0366
             Mean online_retention loss: 0.0124
          Mean rehearsal_retention loss: 0.0172
                            Mean reward: 74.43
                    Mean episode length: 4360.05
                        Mean action std: 0.03
--------------------------------------------------------------------------------
                         Iteration time: 1.32s
                           Time elapsed: 0:15:57
                                    ETA: 0:00:38

################################################################################
[1m                           Learning iteration 721/750                           [0m 

                               Run name: retention-native-20260908-v50
                            Total steps: 831744 
                       Steps per second: 877 
                        Collection time: 1.148s 
                          Learning time: 0.165s 
                        Mean value loss: 1.9824
                    Mean surrogate loss: -0.0223
             Mean online_retention loss: 0.0134
          Mean rehearsal_retention loss: 0.0202
                            Mean reward: 74.43
                    Mean episode length: 4360.05
                        Mean action std: 0.03
--------------------------------------------------------------------------------
                         Iteration time: 1.31s
                           Time elapsed: 0:15:59
                                    ETA: 0:00:37

################################################################################
[1m                           Learning iteration 722/750                           [0m 

                               Run name: retention-native-20260908-v50
                            Total steps: 832896 
                       Steps per second: 874 
                        Collection time: 1.152s 
                          Learning time: 0.166s 
                        Mean value loss: 4.2719
                    Mean surrogate loss: -0.0421
             Mean online_retention loss: 0.0128
          Mean rehearsal_retention loss: 0.0189
                            Mean reward: 74.43
                    Mean episode length: 4360.05
                        Mean action std: 0.03
--------------------------------------------------------------------------------
                         Iteration time: 1.32s
                           Time elapsed: 0:16:00
                                    ETA: 0:00:35

################################################################################
[1m                           Learning iteration 723/750                           [0m 

                               Run name: retention-native-20260908-v50
                            Total steps: 834048 
                       Steps per second: 864 
                        Collection time: 1.157s 
                          Learning time: 0.176s 
                        Mean value loss: 17.3425
                    Mean surrogate loss: -0.0790
             Mean online_retention loss: 0.0115
          Mean rehearsal_retention loss: 0.0173
                            Mean reward: 74.43
                    Mean episode length: 4360.05
                        Mean action std: 0.03
--------------------------------------------------------------------------------
                         Iteration time: 1.33s
                           Time elapsed: 0:16:01
                                    ETA: 0:00:34

################################################################################
[1m                           Learning iteration 724/750                           [0m 

                               Run name: retention-native-20260908-v50
                            Total steps: 835200 
                       Steps per second: 864 
                        Collection time: 1.150s 
                          Learning time: 0.182s 
                        Mean value loss: 73.2437
                    Mean surrogate loss: -0.1017
             Mean online_retention loss: 0.0083
          Mean rehearsal_retention loss: 0.0126
                            Mean reward: 74.38
                    Mean episode length: 4360.20
                        Mean action std: 0.03
--------------------------------------------------------------------------------
                         Iteration time: 1.33s
                           Time elapsed: 0:16:03
                                    ETA: 0:00:33

################################################################################
[1m                           Learning iteration 725/750                           [0m 

                               Run name: retention-native-20260908-v50
                            Total steps: 836352 
                       Steps per second: 873 
                        Collection time: 1.149s 
                          Learning time: 0.170s 
                        Mean value loss: 17.7299
                    Mean surrogate loss: -0.1106
             Mean online_retention loss: 0.0072
          Mean rehearsal_retention loss: 0.0122
                            Mean reward: 74.38
                    Mean episode length: 4360.20
                        Mean action std: 0.03
--------------------------------------------------------------------------------
                         Iteration time: 1.32s
                           Time elapsed: 0:16:04
                                    ETA: 0:00:31

################################################################################
[1m                           Learning iteration 726/750                           [0m 

                               Run name: retention-native-20260908-v50
                            Total steps: 837504 
                       Steps per second: 869 
                        Collection time: 1.151s 
                          Learning time: 0.174s 
                        Mean value loss: 18.9191
                    Mean surrogate loss: 0.0378
             Mean online_retention loss: 0.0084
          Mean rehearsal_retention loss: 0.0148
                            Mean reward: 74.38
                    Mean episode length: 4360.20
                        Mean action std: 0.03
--------------------------------------------------------------------------------
                         Iteration time: 1.33s
                           Time elapsed: 0:16:05
                                    ETA: 0:00:30

################################################################################
[1m                           Learning iteration 727/750                           [0m 

                               Run name: retention-native-20260908-v50
                            Total steps: 838656 
                       Steps per second: 852 
                        Collection time: 1.168s 
                          Learning time: 0.184s 
                        Mean value loss: 8.6754
                    Mean surrogate loss: -0.0502
             Mean online_retention loss: 0.0090
          Mean rehearsal_retention loss: 0.0152
                            Mean reward: 74.38
                    Mean episode length: 4360.20
                        Mean action std: 0.03
--------------------------------------------------------------------------------
                         Iteration time: 1.35s
                           Time elapsed: 0:16:07
                                    ETA: 0:00:29

################################################################################
[1m                           Learning iteration 728/750                           [0m 

                               Run name: retention-native-20260908-v50
                            Total steps: 839808 
                       Steps per second: 877 
                        Collection time: 1.149s 
                          Learning time: 0.164s 
                        Mean value loss: 2.9263
                    Mean surrogate loss: -0.1046
             Mean online_retention loss: 0.0085
          Mean rehearsal_retention loss: 0.0148
                            Mean reward: 74.38
                    Mean episode length: 4360.20
                        Mean action std: 0.03
--------------------------------------------------------------------------------
                         Iteration time: 1.31s
                           Time elapsed: 0:16:08
                                    ETA: 0:00:27

################################################################################
[1m                           Learning iteration 729/750                           [0m 

                               Run name: retention-native-20260908-v50
                            Total steps: 840960 
                       Steps per second: 860 
                        Collection time: 1.155s 
                          Learning time: 0.184s 
                        Mean value loss: 60.9490
                    Mean surrogate loss: -0.1430
             Mean online_retention loss: 0.0079
          Mean rehearsal_retention loss: 0.0137
                            Mean reward: 74.38
                    Mean episode length: 4360.20
                        Mean action std: 0.03
--------------------------------------------------------------------------------
                         Iteration time: 1.34s
                           Time elapsed: 0:16:09
                                    ETA: 0:00:26

################################################################################
[1m                           Learning iteration 730/750                           [0m 

                               Run name: retention-native-20260908-v50
                            Total steps: 842112 
                       Steps per second: 869 
                        Collection time: 1.148s 
                          Learning time: 0.177s 
                        Mean value loss: 112.8043
                    Mean surrogate loss: -0.1255
             Mean online_retention loss: 0.0062
          Mean rehearsal_retention loss: 0.0105
                            Mean reward: 66.76
                    Mean episode length: 4286.37
                        Mean action std: 0.03
--------------------------------------------------------------------------------
                         Iteration time: 1.32s
                           Time elapsed: 0:16:11
                                    ETA: 0:00:25

################################################################################
[1m                           Learning iteration 731/750                           [0m 

                               Run name: retention-native-20260908-v50
                            Total steps: 843264 
                       Steps per second: 868 
                        Collection time: 1.157s 
                          Learning time: 0.170s 
                        Mean value loss: 25.0029
                    Mean surrogate loss: 0.0126
             Mean online_retention loss: 0.0101
          Mean rehearsal_retention loss: 0.0147
                            Mean reward: 59.51
                    Mean episode length: 4212.32
                        Mean action std: 0.03
--------------------------------------------------------------------------------
                         Iteration time: 1.33s
                           Time elapsed: 0:16:12
                                    ETA: 0:00:23

################################################################################
[1m                           Learning iteration 732/750                           [0m 

                               Run name: retention-native-20260908-v50
                            Total steps: 844416 
                       Steps per second: 882 
                        Collection time: 1.136s 
                          Learning time: 0.169s 
                        Mean value loss: 19.7917
                    Mean surrogate loss: 0.0062
             Mean online_retention loss: 0.0120
          Mean rehearsal_retention loss: 0.0200
                            Mean reward: 59.51
                    Mean episode length: 4212.32
                        Mean action std: 0.03
--------------------------------------------------------------------------------
                         Iteration time: 1.31s
                           Time elapsed: 0:16:13
                                    ETA: 0:00:22

################################################################################
[1m                           Learning iteration 733/750                           [0m 

                               Run name: retention-native-20260908-v50
                            Total steps: 845568 
                       Steps per second: 864 
                        Collection time: 1.154s 
                          Learning time: 0.178s 
                        Mean value loss: 8.0806
                    Mean surrogate loss: 0.0039
             Mean online_retention loss: 0.0093
          Mean rehearsal_retention loss: 0.0186
                            Mean reward: 59.51
                    Mean episode length: 4212.32
                        Mean action std: 0.03
--------------------------------------------------------------------------------
                         Iteration time: 1.33s
                           Time elapsed: 0:16:15
                                    ETA: 0:00:21

################################################################################
[1m                           Learning iteration 734/750                           [0m 

                               Run name: retention-native-20260908-v50
                            Total steps: 846720 
                       Steps per second: 864 
                        Collection time: 1.153s 
                          Learning time: 0.180s 
                        Mean value loss: 1.0099
                    Mean surrogate loss: -0.0413
             Mean online_retention loss: 0.0099
          Mean rehearsal_retention loss: 0.0210
                            Mean reward: 59.51
                    Mean episode length: 4212.32
                        Mean action std: 0.03
--------------------------------------------------------------------------------
                         Iteration time: 1.33s
                           Time elapsed: 0:16:16
                                    ETA: 0:00:19

################################################################################
[1m                           Learning iteration 735/750                           [0m 

                               Run name: retention-native-20260908-v50
                            Total steps: 847872 
                       Steps per second: 860 
                        Collection time: 1.174s 
                          Learning time: 0.165s 
                        Mean value loss: 6.5646
                    Mean surrogate loss: -0.1201
             Mean online_retention loss: 0.0129
          Mean rehearsal_retention loss: 0.0202
                            Mean reward: 59.51
                    Mean episode length: 4212.32
                        Mean action std: 0.03
--------------------------------------------------------------------------------
                         Iteration time: 1.34s
                           Time elapsed: 0:16:17
                                    ETA: 0:00:18

################################################################################
[1m                           Learning iteration 736/750                           [0m 

                               Run name: retention-native-20260908-v50
                            Total steps: 849024 
                       Steps per second: 873 
                        Collection time: 1.148s 
                          Learning time: 0.171s 
                        Mean value loss: 3.5023
                    Mean surrogate loss: -0.0983
             Mean online_retention loss: 0.0130
          Mean rehearsal_retention loss: 0.0193
                            Mean reward: 59.51
                    Mean episode length: 4212.32
                        Mean action std: 0.03
--------------------------------------------------------------------------------
                         Iteration time: 1.32s
                           Time elapsed: 0:16:19
                                    ETA: 0:00:17

################################################################################
[1m                           Learning iteration 737/750                           [0m 

                               Run name: retention-native-20260908-v50
                            Total steps: 850176 
                       Steps per second: 869 
                        Collection time: 1.149s 
                          Learning time: 0.176s 
                        Mean value loss: 2.9403
                    Mean surrogate loss: -0.0946
             Mean online_retention loss: 0.0114
          Mean rehearsal_retention loss: 0.0186
                            Mean reward: 59.51
                    Mean episode length: 4212.32
                        Mean action std: 0.03
--------------------------------------------------------------------------------
                         Iteration time: 1.33s
                           Time elapsed: 0:16:20
                                    ETA: 0:00:15

################################################################################
[1m                           Learning iteration 738/750                           [0m 

                               Run name: retention-native-20260908-v50
                            Total steps: 851328 
                       Steps per second: 873 
                        Collection time: 1.146s 
                          Learning time: 0.173s 
                        Mean value loss: 108.3797
                    Mean surrogate loss: -0.1659
             Mean online_retention loss: 0.0085
          Mean rehearsal_retention loss: 0.0140
                            Mean reward: 59.51
                    Mean episode length: 4212.32
                        Mean action std: 0.03
--------------------------------------------------------------------------------
                         Iteration time: 1.32s
                           Time elapsed: 0:16:21
                                    ETA: 0:00:14

################################################################################
[1m                           Learning iteration 739/750                           [0m 

                               Run name: retention-native-20260908-v50
                            Total steps: 852480 
                       Steps per second: 864 
                        Collection time: 1.164s 
                          Learning time: 0.169s 
                        Mean value loss: 45.4265
                    Mean surrogate loss: -0.1842
             Mean online_retention loss: 0.0106
          Mean rehearsal_retention loss: 0.0151
                            Mean reward: 52.29
                    Mean episode length: 4129.37
                        Mean action std: 0.02
--------------------------------------------------------------------------------
                         Iteration time: 1.33s
                           Time elapsed: 0:16:23
                                    ETA: 0:00:13

################################################################################
[1m                           Learning iteration 740/750                           [0m 

                               Run name: retention-native-20260908-v50
                            Total steps: 853632 
                       Steps per second: 869 
                        Collection time: 1.149s 
                          Learning time: 0.177s 
                        Mean value loss: 17.3036
                    Mean surrogate loss: 0.4460
             Mean online_retention loss: 0.0132
          Mean rehearsal_retention loss: 0.0233
                            Mean reward: 52.29
                    Mean episode length: 4129.37
                        Mean action std: 0.01
--------------------------------------------------------------------------------
                         Iteration time: 1.33s
                           Time elapsed: 0:16:24
                                    ETA: 0:00:11

################################################################################
[1m                           Learning iteration 741/750                           [0m 

                               Run name: retention-native-20260908-v50
                            Total steps: 854784 
                       Steps per second: 851 
                        Collection time: 1.170s 
                          Learning time: 0.182s 
                        Mean value loss: 328.1398
                    Mean surrogate loss: -0.1343
             Mean online_retention loss: 0.0073
          Mean rehearsal_retention loss: 0.0195
                            Mean reward: 50.35
                    Mean episode length: 4127.44
                        Mean action std: 0.01
--------------------------------------------------------------------------------
                         Iteration time: 1.35s
                           Time elapsed: 0:16:25
                                    ETA: 0:00:10

################################################################################
[1m                           Learning iteration 742/750                           [0m 

                               Run name: retention-native-20260908-v50
                            Total steps: 855936 
                       Steps per second: 873 
                        Collection time: 1.155s 
                          Learning time: 0.164s 
                        Mean value loss: 14.5087
                    Mean surrogate loss: -0.0784
             Mean online_retention loss: 0.0091
          Mean rehearsal_retention loss: 0.0230
                            Mean reward: 49.45
                    Mean episode length: 4127.44
                        Mean action std: 0.01
--------------------------------------------------------------------------------
                         Iteration time: 1.32s
                           Time elapsed: 0:16:27
                                    ETA: 0:00:09

################################################################################
[1m                           Learning iteration 743/750                           [0m 

                               Run name: retention-native-20260908-v50
                            Total steps: 857088 
                       Steps per second: 855 
                        Collection time: 1.160s 
                          Learning time: 0.186s 
                        Mean value loss: 162.9748
                    Mean surrogate loss: -0.2531
             Mean online_retention loss: 0.0467
          Mean rehearsal_retention loss: 0.0249
                            Mean reward: 49.45
                    Mean episode length: 4127.44
                        Mean action std: 0.01
--------------------------------------------------------------------------------
                         Iteration time: 1.35s
                           Time elapsed: 0:16:28
                                    ETA: 0:00:07

################################################################################
[1m                           Learning iteration 744/750                           [0m 

                               Run name: retention-native-20260908-v50
                            Total steps: 858240 
                       Steps per second: 856 
                        Collection time: 1.169s 
                          Learning time: 0.177s 
                        Mean value loss: 73.0775
                    Mean surrogate loss: -0.1177
             Mean online_retention loss: 0.0228
          Mean rehearsal_retention loss: 0.0193
                            Mean reward: 35.04
                    Mean episode length: 3970.38
                        Mean action std: 0.01
--------------------------------------------------------------------------------
                         Iteration time: 1.35s
                           Time elapsed: 0:16:29
                                    ETA: 0:00:06

################################################################################
[1m                           Learning iteration 745/750                           [0m 

                               Run name: retention-native-20260908-v50
                            Total steps: 859392 
                       Steps per second: 882 
                        Collection time: 1.153s 
                          Learning time: 0.152s 
                        Mean value loss: 6.4986
                    Mean surrogate loss: -0.0586
             Mean online_retention loss: 0.0156
          Mean rehearsal_retention loss: 0.0200
                            Mean reward: 35.04
                    Mean episode length: 3970.38
                        Mean action std: 0.01
--------------------------------------------------------------------------------
                         Iteration time: 1.30s
                           Time elapsed: 0:16:31
                                    ETA: 0:00:05

################################################################################
[1m                           Learning iteration 746/750                           [0m 

                               Run name: retention-native-20260908-v50
                            Total steps: 860544 
                       Steps per second: 873 
                        Collection time: 1.152s 
                          Learning time: 0.167s 
                        Mean value loss: 10.7539
                    Mean surrogate loss: -0.0468
             Mean online_retention loss: 0.0153
          Mean rehearsal_retention loss: 0.0220
                            Mean reward: 35.04
                    Mean episode length: 3970.38
                        Mean action std: 0.01
--------------------------------------------------------------------------------
                         Iteration time: 1.32s
                           Time elapsed: 0:16:32
                                    ETA: 0:00:03

################################################################################
[1m                           Learning iteration 747/750                           [0m 

                               Run name: retention-native-20260908-v50
                            Total steps: 861696 
                       Steps per second: 859 
                        Collection time: 1.160s 
                          Learning time: 0.180s 
                        Mean value loss: 3.3583
                    Mean surrogate loss: 0.0005
             Mean online_retention loss: 0.0165
          Mean rehearsal_retention loss: 0.0242
                            Mean reward: 35.04
                    Mean episode length: 3970.38
                        Mean action std: 0.02
--------------------------------------------------------------------------------
                         Iteration time: 1.34s
                           Time elapsed: 0:16:33
                                    ETA: 0:00:02

################################################################################
[1m                           Learning iteration 748/750                           [0m 

                               Run name: retention-native-20260908-v50
                            Total steps: 862848 
                       Steps per second: 861 
                        Collection time: 1.163s 
                          Learning time: 0.174s 
                        Mean value loss: 1.2436
                    Mean surrogate loss: 0.0034
             Mean online_retention loss: 0.0194
          Mean rehearsal_retention loss: 0.0281
                            Mean reward: 35.04
                    Mean episode length: 3970.38
                        Mean action std: 0.02
--------------------------------------------------------------------------------
                         Iteration time: 1.34s
                           Time elapsed: 0:16:35
                                    ETA: 0:00:01

################################################################################
[1m                           Learning iteration 749/750                           [0m 

                               Run name: retention-native-20260908-v50
                            Total steps: 864000 
                       Steps per second: 877 
                        Collection time: 1.150s 
                          Learning time: 0.162s 
                        Mean value loss: 1.2731
                    Mean surrogate loss: -0.0562
             Mean online_retention loss: 0.0207
          Mean rehearsal_retention loss: 0.0299
                            Mean reward: 47.75
                    Mean episode length: 4053.25
                        Mean action std: 0.02
--------------------------------------------------------------------------------
                         Iteration time: 1.31s
                           Time elapsed: 0:16:36
                                    ETA: 0:00:00

{"status": "completed", "checkpoint": "model_749.pt", "elapsed_s": 1003.9995530000015, "new_transitions": 864000}
