--------------------------------------------------------------------------------
Resolved observation sets: 
	 actor :  ['policy']
	 critic :  ['policy']
--------------------------------------------------------------------------------
Actor Model: RetainedWalkerActor(
  (walking): MLPModel(
    (obs_normalizer): EmpiricalNormalization()
    (distribution): GaussianDistribution()
    (mlp): MLP(
      (0): Linear(in_features=61, out_features=512, bias=True)
      (1): ELU(alpha=1.0)
      (2): Linear(in_features=512, out_features=256, bias=True)
      (3): ELU(alpha=1.0)
      (4): Linear(in_features=256, out_features=128, bias=True)
      (5): ELU(alpha=1.0)
      (6): Linear(in_features=128, out_features=14, bias=True)
    )
  )
  (standing): MLPModel(
    (obs_normalizer): EmpiricalNormalization()
    (distribution): GaussianDistribution()
    (mlp): MLP(
      (0): Linear(in_features=61, out_features=512, bias=True)
      (1): ELU(alpha=1.0)
      (2): Linear(in_features=512, out_features=256, bias=True)
      (3): ELU(alpha=1.0)
      (4): Linear(in_features=256, out_features=128, bias=True)
      (5): ELU(alpha=1.0)
      (6): Linear(in_features=128, out_features=14, bias=True)
    )
  )
  (distribution): GaussianDistribution()
  (teacher): MLPModel(
    (obs_normalizer): EmpiricalNormalization()
    (distribution): GaussianDistribution()
    (mlp): MLP(
      (0): Linear(in_features=61, out_features=512, bias=True)
      (1): ELU(alpha=1.0)
      (2): Linear(in_features=512, out_features=256, bias=True)
      (3): ELU(alpha=1.0)
      (4): Linear(in_features=256, out_features=128, bias=True)
      (5): ELU(alpha=1.0)
      (6): Linear(in_features=128, out_features=14, bias=True)
    )
  )
)
Critic Model: MLPModel(
  (obs_normalizer): EmpiricalNormalization()
  (mlp): MLP(
    (0): Linear(in_features=61, out_features=512, bias=True)
    (1): ELU(alpha=1.0)
    (2): Linear(in_features=512, out_features=256, bias=True)
    (3): ELU(alpha=1.0)
    (4): Linear(in_features=256, out_features=128, bias=True)
    (5): ELU(alpha=1.0)
    (6): Linear(in_features=128, out_features=1, bias=True)
  )
)
Storing git diff for 'microduck-rl-genesis' in: /Users/kelly/Developer/microduck-rl-genesis/logs/retention-native-20260907-v46/git/microduck-rl-genesis.diff
################################################################################
[1m                            Learning iteration 0/250                            [0m 

                               Run name: retention-native-20260907-v46
                            Total steps: 1440 
                       Steps per second: 468 
                        Collection time: 1.816s 
                          Learning time: 1.258s 
                        Mean value loss: 0.2128
                    Mean surrogate loss: 0.0000
             Mean online_retention loss: 0.0000
          Mean rehearsal_retention loss: 0.0004
                        Mean action std: 0.00
--------------------------------------------------------------------------------
                         Iteration time: 3.07s
                           Time elapsed: 0:00:03
                                    ETA: 0:12:45

################################################################################
[1m                            Learning iteration 1/250                            [0m 

                               Run name: retention-native-20260907-v46
                            Total steps: 2880 
                       Steps per second: 821 
                        Collection time: 1.548s 
                          Learning time: 0.205s 
                        Mean value loss: 0.4956
                    Mean surrogate loss: 0.0000
             Mean online_retention loss: 0.0000
          Mean rehearsal_retention loss: 0.0000
                        Mean action std: 0.00
--------------------------------------------------------------------------------
                         Iteration time: 1.75s
                           Time elapsed: 0:00:04
                                    ETA: 0:09:58

################################################################################
[1m                            Learning iteration 2/250                            [0m 

                               Run name: retention-native-20260907-v46
                            Total steps: 4320 
                       Steps per second: 822 
                        Collection time: 1.548s 
                          Learning time: 0.202s 
                        Mean value loss: 0.2113
                    Mean surrogate loss: 0.0306
             Mean online_retention loss: 0.0025
          Mean rehearsal_retention loss: 0.0024
                        Mean action std: 0.04
--------------------------------------------------------------------------------
                         Iteration time: 1.75s
                           Time elapsed: 0:00:06
                                    ETA: 0:09:01

################################################################################
[1m                            Learning iteration 3/250                            [0m 

                               Run name: retention-native-20260907-v46
                            Total steps: 5760 
                       Steps per second: 799 
                        Collection time: 1.555s 
                          Learning time: 0.247s 
                        Mean value loss: 0.2087
                    Mean surrogate loss: -0.0256
             Mean online_retention loss: 0.0058
          Mean rehearsal_retention loss: 0.0052
                        Mean action std: 0.04
--------------------------------------------------------------------------------
                         Iteration time: 1.80s
                           Time elapsed: 0:00:08
                                    ETA: 0:08:35

################################################################################
[1m                            Learning iteration 4/250                            [0m 

                               Run name: retention-native-20260907-v46
                            Total steps: 7200 
                       Steps per second: 804 
                        Collection time: 1.549s 
                          Learning time: 0.241s 
                        Mean value loss: 0.2230
                    Mean surrogate loss: -0.0221
             Mean online_retention loss: 0.0058
          Mean rehearsal_retention loss: 0.0051
                        Mean action std: 0.04
--------------------------------------------------------------------------------
                         Iteration time: 1.79s
                           Time elapsed: 0:00:10
                                    ETA: 0:08:18

################################################################################
[1m                            Learning iteration 5/250                            [0m 

                               Run name: retention-native-20260907-v46
                            Total steps: 8640 
                       Steps per second: 806 
                        Collection time: 1.570s 
                          Learning time: 0.216s 
                        Mean value loss: 0.2264
                    Mean surrogate loss: -0.0248
             Mean online_retention loss: 0.0062
          Mean rehearsal_retention loss: 0.0052
                        Mean action std: 0.04
--------------------------------------------------------------------------------
                         Iteration time: 1.79s
                           Time elapsed: 0:00:11
                                    ETA: 0:08:06

################################################################################
[1m                            Learning iteration 6/250                            [0m 

                               Run name: retention-native-20260907-v46
                            Total steps: 10080 
                       Steps per second: 818 
                        Collection time: 1.550s 
                          Learning time: 0.210s 
                        Mean value loss: 0.2314
                    Mean surrogate loss: -0.0198
             Mean online_retention loss: 0.0069
          Mean rehearsal_retention loss: 0.0058
                        Mean action std: 0.04
--------------------------------------------------------------------------------
                         Iteration time: 1.76s
                           Time elapsed: 0:00:13
                                    ETA: 0:07:56

################################################################################
[1m                            Learning iteration 7/250                            [0m 

                               Run name: retention-native-20260907-v46
                            Total steps: 11520 
                       Steps per second: 824 
                        Collection time: 1.554s 
                          Learning time: 0.192s 
                        Mean value loss: 0.2282
                    Mean surrogate loss: -0.0207
             Mean online_retention loss: 0.0078
          Mean rehearsal_retention loss: 0.0066
                        Mean action std: 0.04
--------------------------------------------------------------------------------
                         Iteration time: 1.75s
                           Time elapsed: 0:00:15
                                    ETA: 0:07:47

################################################################################
[1m                            Learning iteration 8/250                            [0m 

                               Run name: retention-native-20260907-v46
                            Total steps: 12960 
                       Steps per second: 830 
                        Collection time: 1.553s 
                          Learning time: 0.181s 
                        Mean value loss: 0.2321
                    Mean surrogate loss: -0.0229
             Mean online_retention loss: 0.0085
          Mean rehearsal_retention loss: 0.0068
                        Mean action std: 0.04
--------------------------------------------------------------------------------
                         Iteration time: 1.73s
                           Time elapsed: 0:00:17
                                    ETA: 0:07:40

################################################################################
[1m                            Learning iteration 9/250                            [0m 

                               Run name: retention-native-20260907-v46
                            Total steps: 14400 
                       Steps per second: 815 
                        Collection time: 1.535s 
                          Learning time: 0.231s 
                        Mean value loss: 0.2336
                    Mean surrogate loss: -0.0229
             Mean online_retention loss: 0.0085
          Mean rehearsal_retention loss: 0.0063
                        Mean action std: 0.04
--------------------------------------------------------------------------------
                         Iteration time: 1.77s
                           Time elapsed: 0:00:18
                                    ETA: 0:07:35

################################################################################
[1m                           Learning iteration 10/250                            [0m 

                               Run name: retention-native-20260907-v46
                            Total steps: 15840 
                       Steps per second: 823 
                        Collection time: 1.515s 
                          Learning time: 0.234s 
                        Mean value loss: 0.2389
                    Mean surrogate loss: -0.0225
             Mean online_retention loss: 0.0083
          Mean rehearsal_retention loss: 0.0068
                        Mean action std: 0.04
--------------------------------------------------------------------------------
                         Iteration time: 1.75s
                           Time elapsed: 0:00:20
                                    ETA: 0:07:29

################################################################################
[1m                           Learning iteration 11/250                            [0m 

                               Run name: retention-native-20260907-v46
                            Total steps: 17280 
                       Steps per second: 808 
                        Collection time: 1.533s 
                          Learning time: 0.249s 
                        Mean value loss: 0.2472
                    Mean surrogate loss: -0.0265
             Mean online_retention loss: 0.0091
          Mean rehearsal_retention loss: 0.0078
                        Mean action std: 0.04
--------------------------------------------------------------------------------
                         Iteration time: 1.78s
                           Time elapsed: 0:00:22
                                    ETA: 0:07:26

################################################################################
[1m                           Learning iteration 12/250                            [0m 

                               Run name: retention-native-20260907-v46
                            Total steps: 18720 
                       Steps per second: 807 
                        Collection time: 1.535s 
                          Learning time: 0.248s 
                        Mean value loss: 0.2508
                    Mean surrogate loss: -0.0223
             Mean online_retention loss: 0.0087
          Mean rehearsal_retention loss: 0.0073
                        Mean action std: 0.04
--------------------------------------------------------------------------------
                         Iteration time: 1.78s
                           Time elapsed: 0:00:24
                                    ETA: 0:07:22

################################################################################
[1m                           Learning iteration 13/250                            [0m 

                               Run name: retention-native-20260907-v46
                            Total steps: 20160 
                       Steps per second: 808 
                        Collection time: 1.535s 
                          Learning time: 0.246s 
                        Mean value loss: 0.2475
                    Mean surrogate loss: -0.0220
             Mean online_retention loss: 0.0098
          Mean rehearsal_retention loss: 0.0081
                        Mean action std: 0.04
--------------------------------------------------------------------------------
                         Iteration time: 1.78s
                           Time elapsed: 0:00:26
                                    ETA: 0:07:19

################################################################################
[1m                           Learning iteration 14/250                            [0m 

                               Run name: retention-native-20260907-v46
                            Total steps: 21600 
                       Steps per second: 815 
                        Collection time: 1.518s 
                          Learning time: 0.249s 
                        Mean value loss: 0.2374
                    Mean surrogate loss: -0.0200
             Mean online_retention loss: 0.0095
          Mean rehearsal_retention loss: 0.0072
                        Mean action std: 0.04
--------------------------------------------------------------------------------
                         Iteration time: 1.77s
                           Time elapsed: 0:00:27
                                    ETA: 0:07:15

################################################################################
[1m                           Learning iteration 15/250                            [0m 

                               Run name: retention-native-20260907-v46
                            Total steps: 23040 
                       Steps per second: 801 
                        Collection time: 1.552s 
                          Learning time: 0.245s 
                        Mean value loss: 0.2476
                    Mean surrogate loss: -0.0244
             Mean online_retention loss: 0.0091
          Mean rehearsal_retention loss: 0.0070
                        Mean action std: 0.04
--------------------------------------------------------------------------------
                         Iteration time: 1.80s
                           Time elapsed: 0:00:29
                                    ETA: 0:07:13

################################################################################
[1m                           Learning iteration 16/250                            [0m 

                               Run name: retention-native-20260907-v46
                            Total steps: 24480 
                       Steps per second: 807 
                        Collection time: 1.523s 
                          Learning time: 0.261s 
                        Mean value loss: 0.2346
                    Mean surrogate loss: -0.0254
             Mean online_retention loss: 0.0092
          Mean rehearsal_retention loss: 0.0074
                        Mean action std: 0.04
--------------------------------------------------------------------------------
                         Iteration time: 1.78s
                           Time elapsed: 0:00:31
                                    ETA: 0:07:10

################################################################################
[1m                           Learning iteration 17/250                            [0m 

                               Run name: retention-native-20260907-v46
                            Total steps: 25920 
                       Steps per second: 786 
                        Collection time: 1.585s 
                          Learning time: 0.247s 
                        Mean value loss: 0.2390
                    Mean surrogate loss: -0.0220
             Mean online_retention loss: 0.0089
          Mean rehearsal_retention loss: 0.0073
                        Mean action std: 0.04
--------------------------------------------------------------------------------
                         Iteration time: 1.83s
                           Time elapsed: 0:00:33
                                    ETA: 0:07:08

################################################################################
[1m                           Learning iteration 18/250                            [0m 

                               Run name: retention-native-20260907-v46
                            Total steps: 27360 
                       Steps per second: 800 
                        Collection time: 1.552s 
                          Learning time: 0.247s 
                        Mean value loss: 0.2443
                    Mean surrogate loss: -0.0236
             Mean online_retention loss: 0.0093
          Mean rehearsal_retention loss: 0.0073
                        Mean action std: 0.04
--------------------------------------------------------------------------------
                         Iteration time: 1.80s
                           Time elapsed: 0:00:35
                                    ETA: 0:07:05

################################################################################
[1m                           Learning iteration 19/250                            [0m 

                               Run name: retention-native-20260907-v46
                            Total steps: 28800 
                       Steps per second: 799 
                        Collection time: 1.552s 
                          Learning time: 0.248s 
                        Mean value loss: 0.2337
                    Mean surrogate loss: -0.0216
             Mean online_retention loss: 0.0088
          Mean rehearsal_retention loss: 0.0074
                        Mean action std: 0.04
--------------------------------------------------------------------------------
                         Iteration time: 1.80s
                           Time elapsed: 0:00:36
                                    ETA: 0:07:03

################################################################################
[1m                           Learning iteration 20/250                            [0m 

                               Run name: retention-native-20260907-v46
                            Total steps: 30240 
                       Steps per second: 785 
                        Collection time: 1.584s 
                          Learning time: 0.248s 
                        Mean value loss: 0.2280
                    Mean surrogate loss: -0.0264
             Mean online_retention loss: 0.0095
          Mean rehearsal_retention loss: 0.0080
                        Mean action std: 0.04
--------------------------------------------------------------------------------
                         Iteration time: 1.83s
                           Time elapsed: 0:00:38
                                    ETA: 0:07:01

################################################################################
[1m                           Learning iteration 21/250                            [0m 

                               Run name: retention-native-20260907-v46
                            Total steps: 31680 
                       Steps per second: 799 
                        Collection time: 1.573s 
                          Learning time: 0.228s 
                        Mean value loss: 0.2254
                    Mean surrogate loss: -0.0223
             Mean online_retention loss: 0.0095
          Mean rehearsal_retention loss: 0.0077
                        Mean action std: 0.04
--------------------------------------------------------------------------------
                         Iteration time: 1.80s
                           Time elapsed: 0:00:40
                                    ETA: 0:06:59

################################################################################
[1m                           Learning iteration 22/250                            [0m 

                               Run name: retention-native-20260907-v46
                            Total steps: 33120 
                       Steps per second: 780 
                        Collection time: 1.580s 
                          Learning time: 0.265s 
                        Mean value loss: 0.2112
                    Mean surrogate loss: -0.0221
             Mean online_retention loss: 0.0094
          Mean rehearsal_retention loss: 0.0073
                        Mean action std: 0.04
--------------------------------------------------------------------------------
                         Iteration time: 1.85s
                           Time elapsed: 0:00:42
                                    ETA: 0:06:57

################################################################################
[1m                           Learning iteration 23/250                            [0m 

                               Run name: retention-native-20260907-v46
                            Total steps: 34560 
                       Steps per second: 798 
                        Collection time: 1.552s 
                          Learning time: 0.252s 
                        Mean value loss: 0.2445
                    Mean surrogate loss: -0.0209
             Mean online_retention loss: 0.0101
          Mean rehearsal_retention loss: 0.0077
                        Mean action std: 0.04
--------------------------------------------------------------------------------
                         Iteration time: 1.80s
                           Time elapsed: 0:00:44
                                    ETA: 0:06:55

################################################################################
[1m                           Learning iteration 24/250                            [0m 

                               Run name: retention-native-20260907-v46
                            Total steps: 36000 
                       Steps per second: 801 
                        Collection time: 1.565s 
                          Learning time: 0.230s 
                        Mean value loss: 0.2177
                    Mean surrogate loss: -0.0223
             Mean online_retention loss: 0.0100
          Mean rehearsal_retention loss: 0.0074
                        Mean action std: 0.04
--------------------------------------------------------------------------------
                         Iteration time: 1.80s
                           Time elapsed: 0:00:45
                                    ETA: 0:06:53

################################################################################
[1m                           Learning iteration 25/250                            [0m 

                               Run name: retention-native-20260907-v46
                            Total steps: 37440 
                       Steps per second: 792 
                        Collection time: 1.569s 
                          Learning time: 0.247s 
                        Mean value loss: 0.2435
                    Mean surrogate loss: -0.0198
             Mean online_retention loss: 0.0099
          Mean rehearsal_retention loss: 0.0077
                        Mean action std: 0.04
--------------------------------------------------------------------------------
                         Iteration time: 1.82s
                           Time elapsed: 0:00:47
                                    ETA: 0:06:51

################################################################################
[1m                           Learning iteration 26/250                            [0m 

                               Run name: retention-native-20260907-v46
                            Total steps: 38880 
                       Steps per second: 813 
                        Collection time: 1.536s 
                          Learning time: 0.235s 
                        Mean value loss: 0.2489
                    Mean surrogate loss: -0.0216
             Mean online_retention loss: 0.0102
          Mean rehearsal_retention loss: 0.0081
                        Mean action std: 0.04
--------------------------------------------------------------------------------
                         Iteration time: 1.77s
                           Time elapsed: 0:00:49
                                    ETA: 0:06:48

################################################################################
[1m                           Learning iteration 27/250                            [0m 

                               Run name: retention-native-20260907-v46
                            Total steps: 40320 
                       Steps per second: 814 
                        Collection time: 1.530s 
                          Learning time: 0.239s 
                        Mean value loss: 31.9055
                    Mean surrogate loss: 0.4318
             Mean online_retention loss: 0.0112
          Mean rehearsal_retention loss: 0.0092
                        Mean action std: 0.02
--------------------------------------------------------------------------------
                         Iteration time: 1.77s
                           Time elapsed: 0:00:51
                                    ETA: 0:06:46

################################################################################
[1m                           Learning iteration 28/250                            [0m 

                               Run name: retention-native-20260907-v46
                            Total steps: 41760 
                       Steps per second: 791 
                        Collection time: 1.572s 
                          Learning time: 0.247s 
                        Mean value loss: 182.3282
                    Mean surrogate loss: 0.0000
             Mean online_retention loss: 0.0000
          Mean rehearsal_retention loss: 0.0034
                            Mean reward: -93.29
                    Mean episode length: 687.00
                        Mean action std: 0.00
--------------------------------------------------------------------------------
                         Iteration time: 1.82s
                           Time elapsed: 0:00:53
                                    ETA: 0:06:44

################################################################################
[1m                           Learning iteration 29/250                            [0m 

                               Run name: retention-native-20260907-v46
                            Total steps: 43200 
                       Steps per second: 800 
                        Collection time: 1.601s 
                          Learning time: 0.197s 
                        Mean value loss: 80.5579
                    Mean surrogate loss: 0.0000
             Mean online_retention loss: 0.0000
          Mean rehearsal_retention loss: 0.0007
                            Mean reward: -114.44
                    Mean episode length: 700.00
                        Mean action std: 0.00
--------------------------------------------------------------------------------
                         Iteration time: 1.80s
                           Time elapsed: 0:00:54
                                    ETA: 0:06:42

################################################################################
[1m                           Learning iteration 30/250                            [0m 

                               Run name: retention-native-20260907-v46
                            Total steps: 44640 
                       Steps per second: 800 
                        Collection time: 1.586s 
                          Learning time: 0.213s 
                        Mean value loss: 39.8728
                    Mean surrogate loss: -0.2689
             Mean online_retention loss: 0.0050
          Mean rehearsal_retention loss: 0.0007
                            Mean reward: -114.62
                    Mean episode length: 704.00
                        Mean action std: 0.00
--------------------------------------------------------------------------------
                         Iteration time: 1.80s
                           Time elapsed: 0:00:56
                                    ETA: 0:06:40

################################################################################
[1m                           Learning iteration 31/250                            [0m 

                               Run name: retention-native-20260907-v46
                            Total steps: 46080 
                       Steps per second: 793 
                        Collection time: 1.601s 
                          Learning time: 0.212s 
                        Mean value loss: 1.2879
                    Mean surrogate loss: -1.6280
             Mean online_retention loss: 0.0137
          Mean rehearsal_retention loss: 0.0031
                            Mean reward: -114.62
                    Mean episode length: 704.00
                        Mean action std: 0.00
--------------------------------------------------------------------------------
                         Iteration time: 1.81s
                           Time elapsed: 0:00:58
                                    ETA: 0:06:38

################################################################################
[1m                           Learning iteration 32/250                            [0m 

                               Run name: retention-native-20260907-v46
                            Total steps: 47520 
                       Steps per second: 803 
                        Collection time: 1.586s 
                          Learning time: 0.205s 
                        Mean value loss: 0.6669
                    Mean surrogate loss: -0.3015
             Mean online_retention loss: 0.0170
          Mean rehearsal_retention loss: 0.0096
                            Mean reward: -114.62
                    Mean episode length: 704.00
                        Mean action std: 0.01
--------------------------------------------------------------------------------
                         Iteration time: 1.79s
                           Time elapsed: 0:01:00
                                    ETA: 0:06:36

################################################################################
[1m                           Learning iteration 33/250                            [0m 

                               Run name: retention-native-20260907-v46
                            Total steps: 48960 
                       Steps per second: 791 
                        Collection time: 1.588s 
                          Learning time: 0.231s 
                        Mean value loss: 0.4607
                    Mean surrogate loss: 0.6794
             Mean online_retention loss: 0.0187
          Mean rehearsal_retention loss: 0.0132
                            Mean reward: -114.62
                    Mean episode length: 704.00
                        Mean action std: 0.01
--------------------------------------------------------------------------------
                         Iteration time: 1.82s
                           Time elapsed: 0:01:02
                                    ETA: 0:06:34

################################################################################
[1m                           Learning iteration 34/250                            [0m 

                               Run name: retention-native-20260907-v46
                            Total steps: 50400 
                       Steps per second: 779 
                        Collection time: 1.601s 
                          Learning time: 0.246s 
                        Mean value loss: 0.4318
                    Mean surrogate loss: 0.8714
             Mean online_retention loss: 0.0291
          Mean rehearsal_retention loss: 0.0203
                            Mean reward: -114.62
                    Mean episode length: 704.00
                        Mean action std: 0.01
--------------------------------------------------------------------------------
                         Iteration time: 1.85s
                           Time elapsed: 0:01:03
                                    ETA: 0:06:32

################################################################################
[1m                           Learning iteration 35/250                            [0m 

                               Run name: retention-native-20260907-v46
                            Total steps: 51840 
                       Steps per second: 801 
                        Collection time: 1.568s 
                          Learning time: 0.229s 
                        Mean value loss: 0.4361
                    Mean surrogate loss: 0.7302
             Mean online_retention loss: 0.0278
          Mean rehearsal_retention loss: 0.0201
                            Mean reward: -114.62
                    Mean episode length: 704.00
                        Mean action std: 0.01
--------------------------------------------------------------------------------
                         Iteration time: 1.80s
                           Time elapsed: 0:01:05
                                    ETA: 0:06:30

################################################################################
[1m                           Learning iteration 36/250                            [0m 

                               Run name: retention-native-20260907-v46
                            Total steps: 53280 
                       Steps per second: 792 
                        Collection time: 1.585s 
                          Learning time: 0.232s 
                        Mean value loss: 0.4255
                    Mean surrogate loss: 0.8483
             Mean online_retention loss: 0.0299
          Mean rehearsal_retention loss: 0.0209
                            Mean reward: -114.62
                    Mean episode length: 704.00
                        Mean action std: 0.01
--------------------------------------------------------------------------------
                         Iteration time: 1.82s
                           Time elapsed: 0:01:07
                                    ETA: 0:06:28

################################################################################
[1m                           Learning iteration 37/250                            [0m 

                               Run name: retention-native-20260907-v46
                            Total steps: 54720 
                       Steps per second: 797 
                        Collection time: 1.569s 
                          Learning time: 0.237s 
                        Mean value loss: 0.4221
                    Mean surrogate loss: 0.8153
             Mean online_retention loss: 0.0329
          Mean rehearsal_retention loss: 0.0223
                            Mean reward: -114.62
                    Mean episode length: 704.00
                        Mean action std: 0.01
--------------------------------------------------------------------------------
                         Iteration time: 1.81s
                           Time elapsed: 0:01:09
                                    ETA: 0:06:27

################################################################################
[1m                           Learning iteration 38/250                            [0m 

                               Run name: retention-native-20260907-v46
                            Total steps: 56160 
                       Steps per second: 796 
                        Collection time: 1.572s 
                          Learning time: 0.237s 
                        Mean value loss: 0.4164
                    Mean surrogate loss: 0.9162
             Mean online_retention loss: 0.0289
          Mean rehearsal_retention loss: 0.0185
                            Mean reward: -114.62
                    Mean episode length: 704.00
                        Mean action std: 0.01
--------------------------------------------------------------------------------
                         Iteration time: 1.81s
                           Time elapsed: 0:01:11
                                    ETA: 0:06:25

################################################################################
[1m                           Learning iteration 39/250                            [0m 

                               Run name: retention-native-20260907-v46
                            Total steps: 57600 
                       Steps per second: 802 
                        Collection time: 1.559s 
                          Learning time: 0.236s 
                        Mean value loss: 2.0053
                    Mean surrogate loss: 0.6652
             Mean online_retention loss: 0.0295
          Mean rehearsal_retention loss: 0.0174
                            Mean reward: -114.62
                    Mean episode length: 704.00
                        Mean action std: 0.02
--------------------------------------------------------------------------------
                         Iteration time: 1.79s
                           Time elapsed: 0:01:12
                                    ETA: 0:06:23

################################################################################
[1m                           Learning iteration 40/250                            [0m 

                               Run name: retention-native-20260907-v46
                            Total steps: 59040 
                       Steps per second: 781 
                        Collection time: 1.596s 
                          Learning time: 0.247s 
                        Mean value loss: 0.9794
                    Mean surrogate loss: -0.0230
             Mean online_retention loss: 0.0147
          Mean rehearsal_retention loss: 0.0123
                            Mean reward: -114.62
                    Mean episode length: 704.00
                        Mean action std: 0.04
--------------------------------------------------------------------------------
                         Iteration time: 1.84s
                           Time elapsed: 0:01:14
                                    ETA: 0:06:21

################################################################################
[1m                           Learning iteration 41/250                            [0m 

                               Run name: retention-native-20260907-v46
                            Total steps: 60480 
                       Steps per second: 800 
                        Collection time: 1.567s 
                          Learning time: 0.233s 
                        Mean value loss: 0.3073
                    Mean surrogate loss: -0.0266
             Mean online_retention loss: 0.0116
          Mean rehearsal_retention loss: 0.0106
                            Mean reward: -114.62
                    Mean episode length: 704.00
                        Mean action std: 0.04
--------------------------------------------------------------------------------
                         Iteration time: 1.80s
                           Time elapsed: 0:01:16
                                    ETA: 0:06:19

################################################################################
[1m                           Learning iteration 42/250                            [0m 

                               Run name: retention-native-20260907-v46
                            Total steps: 61920 
                       Steps per second: 786 
                        Collection time: 1.566s 
                          Learning time: 0.266s 
                        Mean value loss: 0.2247
                    Mean surrogate loss: -0.0297
             Mean online_retention loss: 0.0113
          Mean rehearsal_retention loss: 0.0098
                            Mean reward: -114.62
                    Mean episode length: 704.00
                        Mean action std: 0.04
--------------------------------------------------------------------------------
                         Iteration time: 1.83s
                           Time elapsed: 0:01:18
                                    ETA: 0:06:17

################################################################################
[1m                           Learning iteration 43/250                            [0m 

                               Run name: retention-native-20260907-v46
                            Total steps: 63360 
                       Steps per second: 782 
                        Collection time: 1.585s 
                          Learning time: 0.254s 
                        Mean value loss: 0.2347
                    Mean surrogate loss: -0.0262
             Mean online_retention loss: 0.0117
          Mean rehearsal_retention loss: 0.0098
                            Mean reward: -114.62
                    Mean episode length: 704.00
                        Mean action std: 0.04
--------------------------------------------------------------------------------
                         Iteration time: 1.84s
                           Time elapsed: 0:01:20
                                    ETA: 0:06:15

################################################################################
[1m                           Learning iteration 44/250                            [0m 

                               Run name: retention-native-20260907-v46
                            Total steps: 64800 
                       Steps per second: 809 
                        Collection time: 1.542s 
                          Learning time: 0.237s 
                        Mean value loss: 0.2392
                    Mean surrogate loss: -0.0299
             Mean online_retention loss: 0.0120
          Mean rehearsal_retention loss: 0.0103
                            Mean reward: -114.62
                    Mean episode length: 704.00
                        Mean action std: 0.04
--------------------------------------------------------------------------------
                         Iteration time: 1.78s
                           Time elapsed: 0:01:22
                                    ETA: 0:06:13

################################################################################
[1m                           Learning iteration 45/250                            [0m 

                               Run name: retention-native-20260907-v46
                            Total steps: 66240 
                       Steps per second: 799 
                        Collection time: 1.570s 
                          Learning time: 0.232s 
                        Mean value loss: 0.2288
                    Mean surrogate loss: -0.0239
             Mean online_retention loss: 0.0113
          Mean rehearsal_retention loss: 0.0103
                            Mean reward: -114.62
                    Mean episode length: 704.00
                        Mean action std: 0.04
--------------------------------------------------------------------------------
                         Iteration time: 1.80s
                           Time elapsed: 0:01:23
                                    ETA: 0:06:11

################################################################################
[1m                           Learning iteration 46/250                            [0m 

                               Run name: retention-native-20260907-v46
                            Total steps: 67680 
                       Steps per second: 800 
                        Collection time: 1.569s 
                          Learning time: 0.230s 
                        Mean value loss: 0.2190
                    Mean surrogate loss: -0.0227
             Mean online_retention loss: 0.0100
          Mean rehearsal_retention loss: 0.0090
                            Mean reward: -114.62
                    Mean episode length: 704.00
                        Mean action std: 0.04
--------------------------------------------------------------------------------
                         Iteration time: 1.80s
                           Time elapsed: 0:01:25
                                    ETA: 0:06:10

################################################################################
[1m                           Learning iteration 47/250                            [0m 

                               Run name: retention-native-20260907-v46
                            Total steps: 69120 
                       Steps per second: 793 
                        Collection time: 1.566s 
                          Learning time: 0.249s 
                        Mean value loss: 0.2346
                    Mean surrogate loss: -0.0281
             Mean online_retention loss: 0.0114
          Mean rehearsal_retention loss: 0.0102
                            Mean reward: -114.62
                    Mean episode length: 704.00
                        Mean action std: 0.04
--------------------------------------------------------------------------------
                         Iteration time: 1.81s
                           Time elapsed: 0:01:27
                                    ETA: 0:06:08

################################################################################
[1m                           Learning iteration 48/250                            [0m 

                               Run name: retention-native-20260907-v46
                            Total steps: 70560 
                       Steps per second: 815 
                        Collection time: 1.541s 
                          Learning time: 0.226s 
                        Mean value loss: 0.2226
                    Mean surrogate loss: -0.0254
             Mean online_retention loss: 0.0127
          Mean rehearsal_retention loss: 0.0108
                            Mean reward: -114.62
                    Mean episode length: 704.00
                        Mean action std: 0.04
--------------------------------------------------------------------------------
                         Iteration time: 1.77s
                           Time elapsed: 0:01:29
                                    ETA: 0:06:06

################################################################################
[1m                           Learning iteration 49/250                            [0m 

                               Run name: retention-native-20260907-v46
                            Total steps: 72000 
                       Steps per second: 797 
                        Collection time: 1.552s 
                          Learning time: 0.254s 
                        Mean value loss: 0.2560
                    Mean surrogate loss: -0.0261
             Mean online_retention loss: 0.0110
          Mean rehearsal_retention loss: 0.0092
                            Mean reward: -114.62
                    Mean episode length: 704.00
                        Mean action std: 0.04
--------------------------------------------------------------------------------
                         Iteration time: 1.81s
                           Time elapsed: 0:01:31
                                    ETA: 0:06:04

################################################################################
[1m                           Learning iteration 50/250                            [0m 

                               Run name: retention-native-20260907-v46
                            Total steps: 73440 
                       Steps per second: 794 
                        Collection time: 1.558s 
                          Learning time: 0.254s 
                        Mean value loss: 0.2565
                    Mean surrogate loss: -0.0255
             Mean online_retention loss: 0.0120
          Mean rehearsal_retention loss: 0.0101
                            Mean reward: -114.62
                    Mean episode length: 704.00
                        Mean action std: 0.04
--------------------------------------------------------------------------------
                         Iteration time: 1.81s
                           Time elapsed: 0:01:32
                                    ETA: 0:06:02

################################################################################
[1m                           Learning iteration 51/250                            [0m 

                               Run name: retention-native-20260907-v46
                            Total steps: 74880 
                       Steps per second: 784 
                        Collection time: 1.588s 
                          Learning time: 0.247s 
                        Mean value loss: 0.2502
                    Mean surrogate loss: -0.0258
             Mean online_retention loss: 0.0116
          Mean rehearsal_retention loss: 0.0099
                            Mean reward: -114.62
                    Mean episode length: 704.00
                        Mean action std: 0.04
--------------------------------------------------------------------------------
                         Iteration time: 1.84s
                           Time elapsed: 0:01:34
                                    ETA: 0:06:00

################################################################################
[1m                           Learning iteration 52/250                            [0m 

                               Run name: retention-native-20260907-v46
                            Total steps: 76320 
                       Steps per second: 793 
                        Collection time: 1.585s 
                          Learning time: 0.231s 
                        Mean value loss: 0.2649
                    Mean surrogate loss: -0.0255
             Mean online_retention loss: 0.0116
          Mean rehearsal_retention loss: 0.0097
                            Mean reward: -114.62
                    Mean episode length: 704.00
                        Mean action std: 0.04
--------------------------------------------------------------------------------
                         Iteration time: 1.82s
                           Time elapsed: 0:01:36
                                    ETA: 0:05:58

################################################################################
[1m                           Learning iteration 53/250                            [0m 

                               Run name: retention-native-20260907-v46
                            Total steps: 77760 
                       Steps per second: 779 
                        Collection time: 1.583s 
                          Learning time: 0.265s 
                        Mean value loss: 0.2695
                    Mean surrogate loss: -0.0257
             Mean online_retention loss: 0.0119
          Mean rehearsal_retention loss: 0.0094
                            Mean reward: -114.62
                    Mean episode length: 704.00
                        Mean action std: 0.04
--------------------------------------------------------------------------------
                         Iteration time: 1.85s
                           Time elapsed: 0:01:38
                                    ETA: 0:05:57

################################################################################
[1m                           Learning iteration 54/250                            [0m 

                               Run name: retention-native-20260907-v46
                            Total steps: 79200 
                       Steps per second: 807 
                        Collection time: 1.553s 
                          Learning time: 0.230s 
                        Mean value loss: 0.3130
                    Mean surrogate loss: -0.0244
             Mean online_retention loss: 0.0119
          Mean rehearsal_retention loss: 0.0100
                            Mean reward: -114.62
                    Mean episode length: 704.00
                        Mean action std: 0.04
--------------------------------------------------------------------------------
                         Iteration time: 1.78s
                           Time elapsed: 0:01:40
                                    ETA: 0:05:55

################################################################################
[1m                           Learning iteration 55/250                            [0m 

                               Run name: retention-native-20260907-v46
                            Total steps: 80640 
                       Steps per second: 808 
                        Collection time: 1.569s 
                          Learning time: 0.212s 
                        Mean value loss: 0.3302
                    Mean surrogate loss: -0.0274
             Mean online_retention loss: 0.0124
          Mean rehearsal_retention loss: 0.0102
                            Mean reward: -114.62
                    Mean episode length: 704.00
                        Mean action std: 0.04
--------------------------------------------------------------------------------
                         Iteration time: 1.78s
                           Time elapsed: 0:01:41
                                    ETA: 0:05:53

################################################################################
[1m                           Learning iteration 56/250                            [0m 

                               Run name: retention-native-20260907-v46
                            Total steps: 82080 
                       Steps per second: 815 
                        Collection time: 1.551s 
                          Learning time: 0.214s 
                        Mean value loss: 11.7916
                    Mean surrogate loss: -0.1574
             Mean online_retention loss: 0.0106
          Mean rehearsal_retention loss: 0.0086
                            Mean reward: -114.62
                    Mean episode length: 704.00
                        Mean action std: 0.04
--------------------------------------------------------------------------------
                         Iteration time: 1.77s
                           Time elapsed: 0:01:43
                                    ETA: 0:05:51

################################################################################
[1m                           Learning iteration 57/250                            [0m 

                               Run name: retention-native-20260907-v46
                            Total steps: 83520 
                       Steps per second: 800 
                        Collection time: 1.587s 
                          Learning time: 0.213s 
                        Mean value loss: 99.2928
                    Mean surrogate loss: -0.1739
             Mean online_retention loss: 0.0070
          Mean rehearsal_retention loss: 0.0052
                            Mean reward: -113.01
                    Mean episode length: 701.80
                        Mean action std: 0.04
--------------------------------------------------------------------------------
                         Iteration time: 1.80s
                           Time elapsed: 0:01:45
                                    ETA: 0:05:49

################################################################################
[1m                           Learning iteration 58/250                            [0m 

                               Run name: retention-native-20260907-v46
                            Total steps: 84960 
                       Steps per second: 792 
                        Collection time: 1.570s 
                          Learning time: 0.247s 
                        Mean value loss: 32.1436
                    Mean surrogate loss: -0.0834
             Mean online_retention loss: 0.0035
          Mean rehearsal_retention loss: 0.0026
                            Mean reward: -112.75
                    Mean episode length: 700.45
                        Mean action std: 0.04
--------------------------------------------------------------------------------
                         Iteration time: 1.82s
                           Time elapsed: 0:01:47
                                    ETA: 0:05:47

################################################################################
[1m                           Learning iteration 59/250                            [0m 

                               Run name: retention-native-20260907-v46
                            Total steps: 86400 
                       Steps per second: 802 
                        Collection time: 1.585s 
                          Learning time: 0.209s 
                        Mean value loss: 0.4708
                    Mean surrogate loss: 0.1052
             Mean online_retention loss: 0.0044
          Mean rehearsal_retention loss: 0.0038
                            Mean reward: -112.75
                    Mean episode length: 700.45
                        Mean action std: 0.04
--------------------------------------------------------------------------------
                         Iteration time: 1.79s
                           Time elapsed: 0:01:49
                                    ETA: 0:05:45

################################################################################
[1m                           Learning iteration 60/250                            [0m 

                               Run name: retention-native-20260907-v46
                            Total steps: 87840 
                       Steps per second: 806 
                        Collection time: 1.570s 
                          Learning time: 0.214s 
                        Mean value loss: 0.8978
                    Mean surrogate loss: 0.0241
             Mean online_retention loss: 0.0060
          Mean rehearsal_retention loss: 0.0060
                            Mean reward: -112.75
                    Mean episode length: 700.45
                        Mean action std: 0.04
--------------------------------------------------------------------------------
                         Iteration time: 1.78s
                           Time elapsed: 0:01:50
                                    ETA: 0:05:43

################################################################################
[1m                           Learning iteration 61/250                            [0m 

                               Run name: retention-native-20260907-v46
                            Total steps: 89280 
                       Steps per second: 793 
                        Collection time: 1.569s 
                          Learning time: 0.246s 
                        Mean value loss: 0.4487
                    Mean surrogate loss: 0.0150
             Mean online_retention loss: 0.0071
          Mean rehearsal_retention loss: 0.0076
                            Mean reward: -112.75
                    Mean episode length: 700.45
                        Mean action std: 0.04
--------------------------------------------------------------------------------
                         Iteration time: 1.82s
                           Time elapsed: 0:01:52
                                    ETA: 0:05:41

################################################################################
[1m                           Learning iteration 62/250                            [0m 

                               Run name: retention-native-20260907-v46
                            Total steps: 90720 
                       Steps per second: 778 
                        Collection time: 1.601s 
                          Learning time: 0.249s 
                        Mean value loss: 0.3537
                    Mean surrogate loss: 0.0270
             Mean online_retention loss: 0.0072
          Mean rehearsal_retention loss: 0.0073
                            Mean reward: -112.75
                    Mean episode length: 700.45
                        Mean action std: 0.04
--------------------------------------------------------------------------------
                         Iteration time: 1.85s
                           Time elapsed: 0:01:54
                                    ETA: 0:05:40

################################################################################
[1m                           Learning iteration 63/250                            [0m 

                               Run name: retention-native-20260907-v46
                            Total steps: 92160 
                       Steps per second: 793 
                        Collection time: 1.568s 
                          Learning time: 0.247s 
                        Mean value loss: 0.3355
                    Mean surrogate loss: 0.0349
             Mean online_retention loss: 0.0086
          Mean rehearsal_retention loss: 0.0085
                            Mean reward: -112.75
                    Mean episode length: 700.45
                        Mean action std: 0.04
--------------------------------------------------------------------------------
                         Iteration time: 1.82s
                           Time elapsed: 0:01:56
                                    ETA: 0:05:38

################################################################################
[1m                           Learning iteration 64/250                            [0m 

                               Run name: retention-native-20260907-v46
                            Total steps: 93600 
                       Steps per second: 797 
                        Collection time: 1.553s 
                          Learning time: 0.253s 
                        Mean value loss: 11.7557
                    Mean surrogate loss: 0.1045
             Mean online_retention loss: 0.0092
          Mean rehearsal_retention loss: 0.0084
                            Mean reward: -112.75
                    Mean episode length: 700.45
                        Mean action std: 0.03
--------------------------------------------------------------------------------
                         Iteration time: 1.81s
                           Time elapsed: 0:01:58
                                    ETA: 0:05:36

################################################################################
[1m                           Learning iteration 65/250                            [0m 

                               Run name: retention-native-20260907-v46
                            Total steps: 95040 
                       Steps per second: 791 
                        Collection time: 1.572s 
                          Learning time: 0.246s 
                        Mean value loss: 8.6277
                    Mean surrogate loss: -0.5235
             Mean online_retention loss: 0.0132
          Mean rehearsal_retention loss: 0.0108
                            Mean reward: -112.75
                    Mean episode length: 700.45
                        Mean action std: 0.00
--------------------------------------------------------------------------------
                         Iteration time: 1.82s
                           Time elapsed: 0:02:00
                                    ETA: 0:05:34

################################################################################
[1m                           Learning iteration 66/250                            [0m 

                               Run name: retention-native-20260907-v46
                            Total steps: 96480 
                       Steps per second: 790 
                        Collection time: 1.573s 
                          Learning time: 0.249s 
                        Mean value loss: 0.3848
                    Mean surrogate loss: 0.8273
             Mean online_retention loss: 0.0283
          Mean rehearsal_retention loss: 0.0164
                            Mean reward: -112.75
                    Mean episode length: 700.45
                        Mean action std: 0.00
--------------------------------------------------------------------------------
                         Iteration time: 1.82s
                           Time elapsed: 0:02:01
                                    ETA: 0:05:32

################################################################################
[1m                           Learning iteration 67/250                            [0m 

                               Run name: retention-native-20260907-v46
                            Total steps: 97920 
                       Steps per second: 792 
                        Collection time: 1.578s 
                          Learning time: 0.239s 
                        Mean value loss: 0.4579
                    Mean surrogate loss: 0.7794
             Mean online_retention loss: 0.0245
          Mean rehearsal_retention loss: 0.0165
                            Mean reward: -112.75
                    Mean episode length: 700.45
                        Mean action std: 0.00
--------------------------------------------------------------------------------
                         Iteration time: 1.82s
                           Time elapsed: 0:02:03
                                    ETA: 0:05:30

################################################################################
[1m                           Learning iteration 68/250                            [0m 

                               Run name: retention-native-20260907-v46
                            Total steps: 99360 
                       Steps per second: 783 
                        Collection time: 1.589s 
                          Learning time: 0.248s 
                        Mean value loss: 0.6601
                    Mean surrogate loss: 0.4468
             Mean online_retention loss: 0.0303
          Mean rehearsal_retention loss: 0.0171
                            Mean reward: -112.75
                    Mean episode length: 700.45
                        Mean action std: 0.00
--------------------------------------------------------------------------------
                         Iteration time: 1.84s
                           Time elapsed: 0:02:05
                                    ETA: 0:05:29

################################################################################
[1m                           Learning iteration 69/250                            [0m 

                               Run name: retention-native-20260907-v46
                            Total steps: 100800 
                       Steps per second: 793 
                        Collection time: 1.601s 
                          Learning time: 0.213s 
                        Mean value loss: 0.7958
                    Mean surrogate loss: -0.7622
             Mean online_retention loss: 0.0325
          Mean rehearsal_retention loss: 0.0197
                            Mean reward: -112.75
                    Mean episode length: 700.45
                        Mean action std: 0.00
--------------------------------------------------------------------------------
                         Iteration time: 1.81s
                           Time elapsed: 0:02:07
                                    ETA: 0:05:27

################################################################################
[1m                           Learning iteration 70/250                            [0m 

                               Run name: retention-native-20260907-v46
                            Total steps: 102240 
                       Steps per second: 785 
                        Collection time: 1.602s 
                          Learning time: 0.231s 
                        Mean value loss: 0.6405
                    Mean surrogate loss: -0.2394
             Mean online_retention loss: 0.0354
          Mean rehearsal_retention loss: 0.0258
                            Mean reward: -112.75
                    Mean episode length: 700.45
                        Mean action std: 0.01
--------------------------------------------------------------------------------
                         Iteration time: 1.83s
                           Time elapsed: 0:02:09
                                    ETA: 0:05:25

################################################################################
[1m                           Learning iteration 71/250                            [0m 

                               Run name: retention-native-20260907-v46
                            Total steps: 103680 
                       Steps per second: 788 
                        Collection time: 1.594s 
                          Learning time: 0.232s 
                        Mean value loss: 0.4232
                    Mean surrogate loss: 0.9080
             Mean online_retention loss: 0.0296
          Mean rehearsal_retention loss: 0.0230
                            Mean reward: -112.75
                    Mean episode length: 700.45
                        Mean action std: 0.01
--------------------------------------------------------------------------------
                         Iteration time: 1.83s
                           Time elapsed: 0:02:10
                                    ETA: 0:05:23

################################################################################
[1m                           Learning iteration 72/250                            [0m 

                               Run name: retention-native-20260907-v46
                            Total steps: 105120 
                       Steps per second: 784 
                        Collection time: 1.587s 
                          Learning time: 0.248s 
                        Mean value loss: 0.4202
                    Mean surrogate loss: 0.9610
             Mean online_retention loss: 0.0337
          Mean rehearsal_retention loss: 0.0256
                            Mean reward: -112.75
                    Mean episode length: 700.45
                        Mean action std: 0.01
--------------------------------------------------------------------------------
                         Iteration time: 1.83s
                           Time elapsed: 0:02:12
                                    ETA: 0:05:21

################################################################################
[1m                           Learning iteration 73/250                            [0m 

                               Run name: retention-native-20260907-v46
                            Total steps: 106560 
                       Steps per second: 786 
                        Collection time: 1.584s 
                          Learning time: 0.247s 
                        Mean value loss: 0.4037
                    Mean surrogate loss: 1.0365
             Mean online_retention loss: 0.0319
          Mean rehearsal_retention loss: 0.0234
                            Mean reward: -112.75
                    Mean episode length: 700.45
                        Mean action std: 0.00
--------------------------------------------------------------------------------
                         Iteration time: 1.83s
                           Time elapsed: 0:02:14
                                    ETA: 0:05:20

################################################################################
[1m                           Learning iteration 74/250                            [0m 

                               Run name: retention-native-20260907-v46
                            Total steps: 108000 
                       Steps per second: 786 
                        Collection time: 1.586s 
                          Learning time: 0.246s 
                        Mean value loss: 0.4236
                    Mean surrogate loss: 0.7299
             Mean online_retention loss: 0.0361
          Mean rehearsal_retention loss: 0.0264
                            Mean reward: -112.75
                    Mean episode length: 700.45
                        Mean action std: 0.01
--------------------------------------------------------------------------------
                         Iteration time: 1.83s
                           Time elapsed: 0:02:16
                                    ETA: 0:05:18

################################################################################
[1m                           Learning iteration 75/250                            [0m 

                               Run name: retention-native-20260907-v46
                            Total steps: 109440 
                       Steps per second: 775 
                        Collection time: 1.602s 
                          Learning time: 0.255s 
                        Mean value loss: 0.4032
                    Mean surrogate loss: 1.1624
             Mean online_retention loss: 0.0417
          Mean rehearsal_retention loss: 0.0294
                            Mean reward: -112.75
                    Mean episode length: 700.45
                        Mean action std: 0.01
--------------------------------------------------------------------------------
                         Iteration time: 1.86s
                           Time elapsed: 0:02:18
                                    ETA: 0:05:16

################################################################################
[1m                           Learning iteration 76/250                            [0m 

                               Run name: retention-native-20260907-v46
                            Total steps: 110880 
                       Steps per second: 798 
                        Collection time: 1.570s 
                          Learning time: 0.232s 
                        Mean value loss: 0.4065
                    Mean surrogate loss: 0.8162
             Mean online_retention loss: 0.0402
          Mean rehearsal_retention loss: 0.0269
                            Mean reward: -112.75
                    Mean episode length: 700.45
                        Mean action std: 0.01
--------------------------------------------------------------------------------
                         Iteration time: 1.80s
                           Time elapsed: 0:02:20
                                    ETA: 0:05:14

################################################################################
[1m                           Learning iteration 77/250                            [0m 

                               Run name: retention-native-20260907-v46
                            Total steps: 112320 
                       Steps per second: 786 
                        Collection time: 1.583s 
                          Learning time: 0.248s 
                        Mean value loss: 3.5935
                    Mean surrogate loss: 0.1037
             Mean online_retention loss: 0.0263
          Mean rehearsal_retention loss: 0.0164
                            Mean reward: -112.75
                    Mean episode length: 700.45
                        Mean action std: 0.04
--------------------------------------------------------------------------------
                         Iteration time: 1.83s
                           Time elapsed: 0:02:21
                                    ETA: 0:05:12

################################################################################
[1m                           Learning iteration 78/250                            [0m 

                               Run name: retention-native-20260907-v46
                            Total steps: 113760 
                       Steps per second: 807 
                        Collection time: 1.551s 
                          Learning time: 0.231s 
                        Mean value loss: 0.9275
                    Mean surrogate loss: -0.0218
             Mean online_retention loss: 0.0139
          Mean rehearsal_retention loss: 0.0110
                            Mean reward: -112.75
                    Mean episode length: 700.45
                        Mean action std: 0.04
--------------------------------------------------------------------------------
                         Iteration time: 1.78s
                           Time elapsed: 0:02:23
                                    ETA: 0:05:11

################################################################################
[1m                           Learning iteration 79/250                            [0m 

                               Run name: retention-native-20260907-v46
                            Total steps: 115200 
                       Steps per second: 794 
                        Collection time: 1.552s 
                          Learning time: 0.262s 
                        Mean value loss: 0.4601
                    Mean surrogate loss: -0.0218
             Mean online_retention loss: 0.0117
          Mean rehearsal_retention loss: 0.0105
                            Mean reward: -112.75
                    Mean episode length: 700.45
                        Mean action std: 0.04
--------------------------------------------------------------------------------
                         Iteration time: 1.81s
                           Time elapsed: 0:02:25
                                    ETA: 0:05:09

################################################################################
[1m                           Learning iteration 80/250                            [0m 

                               Run name: retention-native-20260907-v46
                            Total steps: 116640 
                       Steps per second: 794 
                        Collection time: 1.569s 
                          Learning time: 0.243s 
                        Mean value loss: 0.3623
                    Mean surrogate loss: -0.0241
             Mean online_retention loss: 0.0108
          Mean rehearsal_retention loss: 0.0097
                            Mean reward: -112.75
                    Mean episode length: 700.45
                        Mean action std: 0.04
--------------------------------------------------------------------------------
                         Iteration time: 1.81s
                           Time elapsed: 0:02:27
                                    ETA: 0:05:07

################################################################################
[1m                           Learning iteration 81/250                            [0m 

                               Run name: retention-native-20260907-v46
                            Total steps: 118080 
                       Steps per second: 806 
                        Collection time: 1.568s 
                          Learning time: 0.217s 
                        Mean value loss: 0.4296
                    Mean surrogate loss: -0.0223
             Mean online_retention loss: 0.0114
          Mean rehearsal_retention loss: 0.0095
                            Mean reward: -112.75
                    Mean episode length: 700.45
                        Mean action std: 0.04
--------------------------------------------------------------------------------
                         Iteration time: 1.79s
                           Time elapsed: 0:02:29
                                    ETA: 0:05:05

################################################################################
[1m                           Learning iteration 82/250                            [0m 

                               Run name: retention-native-20260907-v46
                            Total steps: 119520 
                       Steps per second: 823 
                        Collection time: 1.551s 
                          Learning time: 0.197s 
                        Mean value loss: 0.3566
                    Mean surrogate loss: -0.0241
             Mean online_retention loss: 0.0126
          Mean rehearsal_retention loss: 0.0101
                            Mean reward: -112.75
                    Mean episode length: 700.45
                        Mean action std: 0.04
--------------------------------------------------------------------------------
                         Iteration time: 1.75s
                           Time elapsed: 0:02:30
                                    ETA: 0:05:03

################################################################################
[1m                           Learning iteration 83/250                            [0m 

                               Run name: retention-native-20260907-v46
                            Total steps: 120960 
                       Steps per second: 823 
                        Collection time: 1.551s 
                          Learning time: 0.198s 
                        Mean value loss: 0.4026
                    Mean surrogate loss: -0.0230
             Mean online_retention loss: 0.0124
          Mean rehearsal_retention loss: 0.0098
                            Mean reward: -112.75
                    Mean episode length: 700.45
                        Mean action std: 0.04
--------------------------------------------------------------------------------
                         Iteration time: 1.75s
                           Time elapsed: 0:02:32
                                    ETA: 0:05:01

################################################################################
[1m                           Learning iteration 84/250                            [0m 

                               Run name: retention-native-20260907-v46
                            Total steps: 122400 
                       Steps per second: 844 
                        Collection time: 1.518s 
                          Learning time: 0.188s 
                        Mean value loss: 0.4167
                    Mean surrogate loss: -0.0286
             Mean online_retention loss: 0.0127
          Mean rehearsal_retention loss: 0.0100
                            Mean reward: -112.75
                    Mean episode length: 700.45
                        Mean action std: 0.04
--------------------------------------------------------------------------------
                         Iteration time: 1.71s
                           Time elapsed: 0:02:34
                                    ETA: 0:04:59

################################################################################
[1m                           Learning iteration 85/250                            [0m 

                               Run name: retention-native-20260907-v46
                            Total steps: 123840 
                       Steps per second: 809 
                        Collection time: 1.557s 
                          Learning time: 0.221s 
                        Mean value loss: 11.3183
                    Mean surrogate loss: -0.1526
             Mean online_retention loss: 0.0092
          Mean rehearsal_retention loss: 0.0064
                            Mean reward: -112.75
                    Mean episode length: 700.45
                        Mean action std: 0.04
--------------------------------------------------------------------------------
                         Iteration time: 1.78s
                           Time elapsed: 0:02:36
                                    ETA: 0:04:57

################################################################################
[1m                           Learning iteration 86/250                            [0m 

                               Run name: retention-native-20260907-v46
                            Total steps: 125280 
                       Steps per second: 784 
                        Collection time: 1.588s 
                          Learning time: 0.247s 
                        Mean value loss: 68.2746
                    Mean surrogate loss: -0.1422
             Mean online_retention loss: 0.0051
          Mean rehearsal_retention loss: 0.0034
                            Mean reward: -112.19
                    Mean episode length: 698.77
                        Mean action std: 0.04
--------------------------------------------------------------------------------
                         Iteration time: 1.83s
                           Time elapsed: 0:02:37
                                    ETA: 0:04:55

################################################################################
[1m                           Learning iteration 87/250                            [0m 

                               Run name: retention-native-20260907-v46
                            Total steps: 126720 
                       Steps per second: 805 
                        Collection time: 1.585s 
                          Learning time: 0.202s 
                        Mean value loss: 19.0608
                    Mean surrogate loss: -0.0651
             Mean online_retention loss: 0.0032
          Mean rehearsal_retention loss: 0.0023
                            Mean reward: -111.27
                    Mean episode length: 698.43
                        Mean action std: 0.04
--------------------------------------------------------------------------------
                         Iteration time: 1.79s
                           Time elapsed: 0:02:39
                                    ETA: 0:04:54

################################################################################
[1m                           Learning iteration 88/250                            [0m 

                               Run name: retention-native-20260907-v46
                            Total steps: 128160 
                       Steps per second: 795 
                        Collection time: 1.596s 
                          Learning time: 0.214s 
                        Mean value loss: 1.1400
                    Mean surrogate loss: 0.0648
             Mean online_retention loss: 0.0043
          Mean rehearsal_retention loss: 0.0035
                            Mean reward: -111.27
                    Mean episode length: 698.43
                        Mean action std: 0.04
--------------------------------------------------------------------------------
                         Iteration time: 1.81s
                           Time elapsed: 0:02:41
                                    ETA: 0:04:52

################################################################################
[1m                           Learning iteration 89/250                            [0m 

                               Run name: retention-native-20260907-v46
                            Total steps: 129600 
                       Steps per second: 808 
                        Collection time: 1.569s 
                          Learning time: 0.213s 
                        Mean value loss: 0.8330
                    Mean surrogate loss: 0.0197
             Mean online_retention loss: 0.0057
          Mean rehearsal_retention loss: 0.0048
                            Mean reward: -111.27
                    Mean episode length: 698.43
                        Mean action std: 0.04
--------------------------------------------------------------------------------
                         Iteration time: 1.78s
                           Time elapsed: 0:02:43
                                    ETA: 0:04:50

################################################################################
[1m                           Learning iteration 90/250                            [0m 

                               Run name: retention-native-20260907-v46
                            Total steps: 131040 
                       Steps per second: 784 
                        Collection time: 1.585s 
                          Learning time: 0.251s 
                        Mean value loss: 0.4274
                    Mean surrogate loss: -0.0221
             Mean online_retention loss: 0.0062
          Mean rehearsal_retention loss: 0.0059
                            Mean reward: -111.27
                    Mean episode length: 698.43
                        Mean action std: 0.04
--------------------------------------------------------------------------------
                         Iteration time: 1.84s
                           Time elapsed: 0:02:45
                                    ETA: 0:04:48

################################################################################
[1m                           Learning iteration 91/250                            [0m 

                               Run name: retention-native-20260907-v46
                            Total steps: 132480 
                       Steps per second: 799 
                        Collection time: 1.567s 
                          Learning time: 0.234s 
                        Mean value loss: 0.3817
                    Mean surrogate loss: -0.0231
             Mean online_retention loss: 0.0074
          Mean rehearsal_retention loss: 0.0069
                            Mean reward: -111.27
                    Mean episode length: 698.43
                        Mean action std: 0.04
--------------------------------------------------------------------------------
                         Iteration time: 1.80s
                           Time elapsed: 0:02:46
                                    ETA: 0:04:46

################################################################################
[1m                           Learning iteration 92/250                            [0m 

                               Run name: retention-native-20260907-v46
                            Total steps: 133920 
                       Steps per second: 794 
                        Collection time: 1.581s 
                          Learning time: 0.231s 
                        Mean value loss: 0.3577
                    Mean surrogate loss: -0.0209
             Mean online_retention loss: 0.0077
          Mean rehearsal_retention loss: 0.0071
                            Mean reward: -111.27
                    Mean episode length: 698.43
                        Mean action std: 0.04
--------------------------------------------------------------------------------
                         Iteration time: 1.81s
                           Time elapsed: 0:02:48
                                    ETA: 0:04:44

################################################################################
[1m                           Learning iteration 93/250                            [0m 

                               Run name: retention-native-20260907-v46
                            Total steps: 135360 
                       Steps per second: 823 
                        Collection time: 1.505s 
                          Learning time: 0.244s 
                        Mean value loss: 0.5031
                    Mean surrogate loss: -0.0276
             Mean online_retention loss: 0.0086
          Mean rehearsal_retention loss: 0.0074
                            Mean reward: -111.27
                    Mean episode length: 698.43
                        Mean action std: 0.04
--------------------------------------------------------------------------------
                         Iteration time: 1.75s
                           Time elapsed: 0:02:50
                                    ETA: 0:04:43

################################################################################
[1m                           Learning iteration 94/250                            [0m 

                               Run name: retention-native-20260907-v46
                            Total steps: 136800 
                       Steps per second: 813 
                        Collection time: 1.518s 
                          Learning time: 0.253s 
                        Mean value loss: 19.5511
                    Mean surrogate loss: -0.1665
             Mean online_retention loss: 0.0063
          Mean rehearsal_retention loss: 0.0052
                            Mean reward: -111.27
                    Mean episode length: 698.43
                        Mean action std: 0.04
--------------------------------------------------------------------------------
                         Iteration time: 1.77s
                           Time elapsed: 0:02:52
                                    ETA: 0:04:41

################################################################################
[1m                           Learning iteration 95/250                            [0m 

                               Run name: retention-native-20260907-v46
                            Total steps: 138240 
                       Steps per second: 793 
                        Collection time: 1.573s 
                          Learning time: 0.241s 
                        Mean value loss: 55.5255
                    Mean surrogate loss: -0.1222
             Mean online_retention loss: 0.0037
          Mean rehearsal_retention loss: 0.0030
                            Mean reward: -107.84
                    Mean episode length: 809.81
                        Mean action std: 0.04
--------------------------------------------------------------------------------
                         Iteration time: 1.81s
                           Time elapsed: 0:02:54
                                    ETA: 0:04:39

################################################################################
[1m                           Learning iteration 96/250                            [0m 

                               Run name: retention-native-20260907-v46
                            Total steps: 139680 
                       Steps per second: 794 
                        Collection time: 1.564s 
                          Learning time: 0.247s 
                        Mean value loss: 0.4401
                    Mean surrogate loss: 0.0389
             Mean online_retention loss: 0.0052
          Mean rehearsal_retention loss: 0.0045
                            Mean reward: -107.84
                    Mean episode length: 809.81
                        Mean action std: 0.04
--------------------------------------------------------------------------------
                         Iteration time: 1.81s
                           Time elapsed: 0:02:55
                                    ETA: 0:04:37

################################################################################
[1m                           Learning iteration 97/250                            [0m 

                               Run name: retention-native-20260907-v46
                            Total steps: 141120 
                       Steps per second: 800 
                        Collection time: 1.584s 
                          Learning time: 0.214s 
                        Mean value loss: 1.4421
                    Mean surrogate loss: 0.0695
             Mean online_retention loss: 0.0067
          Mean rehearsal_retention loss: 0.0056
                            Mean reward: -107.84
                    Mean episode length: 809.81
                        Mean action std: 0.04
--------------------------------------------------------------------------------
                         Iteration time: 1.80s
                           Time elapsed: 0:02:57
                                    ETA: 0:04:35

################################################################################
[1m                           Learning iteration 98/250                            [0m 

                               Run name: retention-native-20260907-v46
                            Total steps: 142560 
                       Steps per second: 800 
                        Collection time: 1.577s 
                          Learning time: 0.222s 
                        Mean value loss: 0.6087
                    Mean surrogate loss: -0.0050
             Mean online_retention loss: 0.0071
          Mean rehearsal_retention loss: 0.0065
                            Mean reward: -107.84
                    Mean episode length: 809.81
                        Mean action std: 0.04
--------------------------------------------------------------------------------
                         Iteration time: 1.80s
                           Time elapsed: 0:02:59
                                    ETA: 0:04:33

################################################################################
[1m                           Learning iteration 99/250                            [0m 

                               Run name: retention-native-20260907-v46
                            Total steps: 144000 
                       Steps per second: 817 
                        Collection time: 1.533s 
                          Learning time: 0.230s 
                        Mean value loss: 0.4787
                    Mean surrogate loss: 0.0037
             Mean online_retention loss: 0.0078
          Mean rehearsal_retention loss: 0.0074
                            Mean reward: -107.84
                    Mean episode length: 809.81
                        Mean action std: 0.04
--------------------------------------------------------------------------------
                         Iteration time: 1.76s
                           Time elapsed: 0:03:01
                                    ETA: 0:04:31

################################################################################
[1m                           Learning iteration 100/250                           [0m 

                               Run name: retention-native-20260907-v46
                            Total steps: 145440 
                       Steps per second: 801 
                        Collection time: 1.568s 
                          Learning time: 0.229s 
                        Mean value loss: 0.4282
                    Mean surrogate loss: 0.0116
             Mean online_retention loss: 0.0090
          Mean rehearsal_retention loss: 0.0086
                            Mean reward: -107.84
                    Mean episode length: 809.81
                        Mean action std: 0.04
--------------------------------------------------------------------------------
                         Iteration time: 1.80s
                           Time elapsed: 0:03:03
                                    ETA: 0:04:30

################################################################################
[1m                           Learning iteration 101/250                           [0m 

                               Run name: retention-native-20260907-v46
                            Total steps: 146880 
                       Steps per second: 820 
                        Collection time: 1.568s 
                          Learning time: 0.187s 
                        Mean value loss: 0.4120
                    Mean surrogate loss: 0.0057
             Mean online_retention loss: 0.0094
          Mean rehearsal_retention loss: 0.0085
                            Mean reward: -107.84
                    Mean episode length: 809.81
                        Mean action std: 0.04
--------------------------------------------------------------------------------
                         Iteration time: 1.76s
                           Time elapsed: 0:03:04
                                    ETA: 0:04:28

################################################################################
[1m                           Learning iteration 102/250                           [0m 

                               Run name: retention-native-20260907-v46
                            Total steps: 148320 
                       Steps per second: 826 
                        Collection time: 1.536s 
                          Learning time: 0.205s 
                        Mean value loss: 81.3691
                    Mean surrogate loss: 0.3982
             Mean online_retention loss: 0.0128
          Mean rehearsal_retention loss: 0.0107
                            Mean reward: -107.84
                    Mean episode length: 809.81
                        Mean action std: 0.02
--------------------------------------------------------------------------------
                         Iteration time: 1.74s
                           Time elapsed: 0:03:06
                                    ETA: 0:04:26

################################################################################
[1m                           Learning iteration 103/250                           [0m 

                               Run name: retention-native-20260907-v46
                            Total steps: 149760 
                       Steps per second: 832 
                        Collection time: 1.557s 
                          Learning time: 0.173s 
                        Mean value loss: 202.7867
                    Mean surrogate loss: -0.1950
             Mean online_retention loss: 0.0117
          Mean rehearsal_retention loss: 0.0090
                            Mean reward: -100.16
                    Mean episode length: 1075.32
                        Mean action std: 0.00
--------------------------------------------------------------------------------
                         Iteration time: 1.73s
                           Time elapsed: 0:03:08
                                    ETA: 0:04:24

################################################################################
[1m                           Learning iteration 104/250                           [0m 

                               Run name: retention-native-20260907-v46
                            Total steps: 151200 
                       Steps per second: 838 
                        Collection time: 1.545s 
                          Learning time: 0.171s 
                        Mean value loss: 21.3910
                    Mean surrogate loss: 0.0353
             Mean online_retention loss: 0.0075
          Mean rehearsal_retention loss: 0.0058
                            Mean reward: -96.19
                    Mean episode length: 1146.85
                        Mean action std: 0.00
--------------------------------------------------------------------------------
                         Iteration time: 1.72s
                           Time elapsed: 0:03:10
                                    ETA: 0:04:22

################################################################################
[1m                           Learning iteration 105/250                           [0m 

                               Run name: retention-native-20260907-v46
                            Total steps: 152640 
                       Steps per second: 846 
                        Collection time: 1.506s 
                          Learning time: 0.195s 
                        Mean value loss: 0.9393
                    Mean surrogate loss: 0.3696
             Mean online_retention loss: 0.0123
          Mean rehearsal_retention loss: 0.0088
                            Mean reward: -96.19
                    Mean episode length: 1146.85
                        Mean action std: 0.01
--------------------------------------------------------------------------------
                         Iteration time: 1.70s
                           Time elapsed: 0:03:11
                                    ETA: 0:04:20

################################################################################
[1m                           Learning iteration 106/250                           [0m 

                               Run name: retention-native-20260907-v46
                            Total steps: 154080 
                       Steps per second: 853 
                        Collection time: 1.513s 
                          Learning time: 0.174s 
                        Mean value loss: 3.1903
                    Mean surrogate loss: -0.7147
             Mean online_retention loss: 0.0255
          Mean rehearsal_retention loss: 0.0139
                            Mean reward: -96.19
                    Mean episode length: 1146.85
                        Mean action std: 0.01
--------------------------------------------------------------------------------
                         Iteration time: 1.69s
                           Time elapsed: 0:03:13
                                    ETA: 0:04:18

################################################################################
[1m                           Learning iteration 107/250                           [0m 

                               Run name: retention-native-20260907-v46
                            Total steps: 155520 
                       Steps per second: 864 
                        Collection time: 1.487s 
                          Learning time: 0.178s 
                        Mean value loss: 1.0180
                    Mean surrogate loss: 0.0822
             Mean online_retention loss: 0.0203
          Mean rehearsal_retention loss: 0.0123
                            Mean reward: -96.19
                    Mean episode length: 1146.85
                        Mean action std: 0.01
--------------------------------------------------------------------------------
                         Iteration time: 1.66s
                           Time elapsed: 0:03:15
                                    ETA: 0:04:16

################################################################################
[1m                           Learning iteration 108/250                           [0m 

                               Run name: retention-native-20260907-v46
                            Total steps: 156960 
                       Steps per second: 868 
                        Collection time: 1.491s 
                          Learning time: 0.167s 
                        Mean value loss: 0.4596
                    Mean surrogate loss: 0.4609
             Mean online_retention loss: 0.0238
          Mean rehearsal_retention loss: 0.0149
                            Mean reward: -96.19
                    Mean episode length: 1146.85
                        Mean action std: 0.01
--------------------------------------------------------------------------------
                         Iteration time: 1.66s
                           Time elapsed: 0:03:16
                                    ETA: 0:04:14

################################################################################
[1m                           Learning iteration 109/250                           [0m 

                               Run name: retention-native-20260907-v46
                            Total steps: 158400 
                       Steps per second: 869 
                        Collection time: 1.483s 
                          Learning time: 0.174s 
                        Mean value loss: 0.4291
                    Mean surrogate loss: 0.6551
             Mean online_retention loss: 0.0291
          Mean rehearsal_retention loss: 0.0194
                            Mean reward: -96.19
                    Mean episode length: 1146.85
                        Mean action std: 0.01
--------------------------------------------------------------------------------
                         Iteration time: 1.66s
                           Time elapsed: 0:03:18
                                    ETA: 0:04:12

################################################################################
[1m                           Learning iteration 110/250                           [0m 

                               Run name: retention-native-20260907-v46
                            Total steps: 159840 
                       Steps per second: 877 
                        Collection time: 1.467s 
                          Learning time: 0.173s 
                        Mean value loss: 0.4147
                    Mean surrogate loss: 0.7567
             Mean online_retention loss: 0.0288
          Mean rehearsal_retention loss: 0.0198
                            Mean reward: -96.19
                    Mean episode length: 1146.85
                        Mean action std: 0.01
--------------------------------------------------------------------------------
                         Iteration time: 1.64s
                           Time elapsed: 0:03:20
                                    ETA: 0:04:10

################################################################################
[1m                           Learning iteration 111/250                           [0m 

                               Run name: retention-native-20260907-v46
                            Total steps: 161280 
                       Steps per second: 865 
                        Collection time: 1.485s 
                          Learning time: 0.180s 
                        Mean value loss: 0.3909
                    Mean surrogate loss: 0.8092
             Mean online_retention loss: 0.0274
          Mean rehearsal_retention loss: 0.0179
                            Mean reward: -96.19
                    Mean episode length: 1146.85
                        Mean action std: 0.01
--------------------------------------------------------------------------------
                         Iteration time: 1.66s
                           Time elapsed: 0:03:21
                                    ETA: 0:04:08

################################################################################
[1m                           Learning iteration 112/250                           [0m 

                               Run name: retention-native-20260907-v46
                            Total steps: 162720 
                       Steps per second: 882 
                        Collection time: 1.456s 
                          Learning time: 0.176s 
                        Mean value loss: 0.3613
                    Mean surrogate loss: 0.7366
             Mean online_retention loss: 0.0301
          Mean rehearsal_retention loss: 0.0187
                            Mean reward: 77.24
                    Mean episode length: 2243.19
                        Mean action std: 0.01
--------------------------------------------------------------------------------
                         Iteration time: 1.63s
                           Time elapsed: 0:03:23
                                    ETA: 0:04:06

################################################################################
[1m                           Learning iteration 113/250                           [0m 

                               Run name: retention-native-20260907-v46
                            Total steps: 164160 
                       Steps per second: 873 
                        Collection time: 1.469s 
                          Learning time: 0.179s 
                        Mean value loss: 5.0546
                    Mean surrogate loss: 0.7172
             Mean online_retention loss: 0.0318
          Mean rehearsal_retention loss: 0.0216
                            Mean reward: 77.24
                    Mean episode length: 2243.19
                        Mean action std: 0.01
--------------------------------------------------------------------------------
                         Iteration time: 1.65s
                           Time elapsed: 0:03:24
                                    ETA: 0:04:04

################################################################################
[1m                           Learning iteration 114/250                           [0m 

                               Run name: retention-native-20260907-v46
                            Total steps: 165600 
                       Steps per second: 863 
                        Collection time: 1.485s 
                          Learning time: 0.183s 
                        Mean value loss: 15.3703
                    Mean surrogate loss: 0.4123
             Mean online_retention loss: 0.0252
          Mean rehearsal_retention loss: 0.0146
                            Mean reward: 77.24
                    Mean episode length: 2243.19
                        Mean action std: 0.02
--------------------------------------------------------------------------------
                         Iteration time: 1.67s
                           Time elapsed: 0:03:26
                                    ETA: 0:04:02

################################################################################
[1m                           Learning iteration 115/250                           [0m 

                               Run name: retention-native-20260907-v46
                            Total steps: 167040 
                       Steps per second: 879 
                        Collection time: 1.463s 
                          Learning time: 0.175s 
                        Mean value loss: 73.9329
                    Mean surrogate loss: -0.1276
             Mean online_retention loss: 0.0095
          Mean rehearsal_retention loss: 0.0069
                            Mean reward: 74.38
                    Mean episode length: 2221.00
                        Mean action std: 0.04
--------------------------------------------------------------------------------
                         Iteration time: 1.64s
                           Time elapsed: 0:03:28
                                    ETA: 0:04:00

################################################################################
[1m                           Learning iteration 116/250                           [0m 

                               Run name: retention-native-20260907-v46
                            Total steps: 168480 
                       Steps per second: 877 
                        Collection time: 1.473s 
                          Learning time: 0.168s 
                        Mean value loss: 0.8315
                    Mean surrogate loss: -0.0157
             Mean online_retention loss: 0.0064
          Mean rehearsal_retention loss: 0.0057
                            Mean reward: 74.38
                    Mean episode length: 2221.00
                        Mean action std: 0.04
--------------------------------------------------------------------------------
                         Iteration time: 1.64s
                           Time elapsed: 0:03:29
                                    ETA: 0:03:58

################################################################################
[1m                           Learning iteration 117/250                           [0m 

                               Run name: retention-native-20260907-v46
                            Total steps: 169920 
                       Steps per second: 874 
                        Collection time: 1.472s 
                          Learning time: 0.176s 
                        Mean value loss: 0.5768
                    Mean surrogate loss: -0.0035
             Mean online_retention loss: 0.0087
          Mean rehearsal_retention loss: 0.0077
                            Mean reward: 74.38
                    Mean episode length: 2221.00
                        Mean action std: 0.04
--------------------------------------------------------------------------------
                         Iteration time: 1.65s
                           Time elapsed: 0:03:31
                                    ETA: 0:03:56

################################################################################
[1m                           Learning iteration 118/250                           [0m 

                               Run name: retention-native-20260907-v46
                            Total steps: 171360 
                       Steps per second: 896 
                        Collection time: 1.435s 
                          Learning time: 0.171s 
                        Mean value loss: 0.8986
                    Mean surrogate loss: -0.0215
             Mean online_retention loss: 0.0092
          Mean rehearsal_retention loss: 0.0075
                            Mean reward: 74.38
                    Mean episode length: 2221.00
                        Mean action std: 0.04
--------------------------------------------------------------------------------
                         Iteration time: 1.61s
                           Time elapsed: 0:03:33
                                    ETA: 0:03:54

################################################################################
[1m                           Learning iteration 119/250                           [0m 

                               Run name: retention-native-20260907-v46
                            Total steps: 172800 
                       Steps per second: 882 
                        Collection time: 1.457s 
                          Learning time: 0.175s 
                        Mean value loss: 0.4979
                    Mean surrogate loss: -0.0156
             Mean online_retention loss: 0.0099
          Mean rehearsal_retention loss: 0.0084
                            Mean reward: 74.38
                    Mean episode length: 2221.00
                        Mean action std: 0.04
--------------------------------------------------------------------------------
                         Iteration time: 1.63s
                           Time elapsed: 0:03:34
                                    ETA: 0:03:52

################################################################################
[1m                           Learning iteration 120/250                           [0m 

                               Run name: retention-native-20260907-v46
                            Total steps: 174240 
                       Steps per second: 900 
                        Collection time: 1.426s 
                          Learning time: 0.172s 
                        Mean value loss: 0.5344
                    Mean surrogate loss: -0.0129
             Mean online_retention loss: 0.0112
          Mean rehearsal_retention loss: 0.0103
                            Mean reward: 74.38
                    Mean episode length: 2221.00
                        Mean action std: 0.04
--------------------------------------------------------------------------------
                         Iteration time: 1.60s
                           Time elapsed: 0:03:36
                                    ETA: 0:03:50

################################################################################
[1m                           Learning iteration 121/250                           [0m 

                               Run name: retention-native-20260907-v46
                            Total steps: 175680 
                       Steps per second: 872 
                        Collection time: 1.477s 
                          Learning time: 0.174s 
                        Mean value loss: 0.4118
                    Mean surrogate loss: -0.0029
             Mean online_retention loss: 0.0104
          Mean rehearsal_retention loss: 0.0101
                            Mean reward: 74.38
                    Mean episode length: 2221.00
                        Mean action std: 0.04
--------------------------------------------------------------------------------
                         Iteration time: 1.65s
                           Time elapsed: 0:03:38
                                    ETA: 0:03:48

################################################################################
[1m                           Learning iteration 122/250                           [0m 

                               Run name: retention-native-20260907-v46
                            Total steps: 177120 
                       Steps per second: 875 
                        Collection time: 1.461s 
                          Learning time: 0.183s 
                        Mean value loss: 3.4224
                    Mean surrogate loss: -0.0520
             Mean online_retention loss: 0.0090
          Mean rehearsal_retention loss: 0.0085
                            Mean reward: 74.38
                    Mean episode length: 2221.00
                        Mean action std: 0.04
--------------------------------------------------------------------------------
                         Iteration time: 1.64s
                           Time elapsed: 0:03:39
                                    ETA: 0:03:46

################################################################################
[1m                           Learning iteration 123/250                           [0m 

                               Run name: retention-native-20260907-v46
                            Total steps: 178560 
                       Steps per second: 886 
                        Collection time: 1.448s 
                          Learning time: 0.177s 
                        Mean value loss: 10.3802
                    Mean surrogate loss: -0.1553
             Mean online_retention loss: 0.0057
          Mean rehearsal_retention loss: 0.0046
                            Mean reward: 74.38
                    Mean episode length: 2221.00
                        Mean action std: 0.04
--------------------------------------------------------------------------------
                         Iteration time: 1.62s
                           Time elapsed: 0:03:41
                                    ETA: 0:03:44

################################################################################
[1m                           Learning iteration 124/250                           [0m 

                               Run name: retention-native-20260907-v46
                            Total steps: 180000 
                       Steps per second: 877 
                        Collection time: 1.458s 
                          Learning time: 0.183s 
                        Mean value loss: 46.9198
                    Mean surrogate loss: -0.1105
             Mean online_retention loss: 0.0039
          Mean rehearsal_retention loss: 0.0029
                            Mean reward: 69.32
                    Mean episode length: 2178.03
                        Mean action std: 0.04
--------------------------------------------------------------------------------
                         Iteration time: 1.64s
                           Time elapsed: 0:03:42
                                    ETA: 0:03:42

################################################################################
[1m                           Learning iteration 125/250                           [0m 

                               Run name: retention-native-20260907-v46
                            Total steps: 181440 
                       Steps per second: 877 
                        Collection time: 1.464s 
                          Learning time: 0.177s 
                        Mean value loss: 0.4779
                    Mean surrogate loss: 0.0424
             Mean online_retention loss: 0.0048
          Mean rehearsal_retention loss: 0.0041
                            Mean reward: 69.32
                    Mean episode length: 2178.03
                        Mean action std: 0.04
--------------------------------------------------------------------------------
                         Iteration time: 1.64s
                           Time elapsed: 0:03:44
                                    ETA: 0:03:41

################################################################################
[1m                           Learning iteration 126/250                           [0m 

                               Run name: retention-native-20260907-v46
                            Total steps: 182880 
                       Steps per second: 877 
                        Collection time: 1.469s 
                          Learning time: 0.172s 
                        Mean value loss: 2.4227
                    Mean surrogate loss: 0.0929
             Mean online_retention loss: 0.0063
          Mean rehearsal_retention loss: 0.0051
                            Mean reward: 69.32
                    Mean episode length: 2178.03
                        Mean action std: 0.04
--------------------------------------------------------------------------------
                         Iteration time: 1.64s
                           Time elapsed: 0:03:46
                                    ETA: 0:03:39

################################################################################
[1m                           Learning iteration 127/250                           [0m 

                               Run name: retention-native-20260907-v46
                            Total steps: 184320 
                       Steps per second: 864 
                        Collection time: 1.497s 
                          Learning time: 0.169s 
                        Mean value loss: 0.7715
                    Mean surrogate loss: -0.0291
             Mean online_retention loss: 0.0073
          Mean rehearsal_retention loss: 0.0059
                            Mean reward: 69.32
                    Mean episode length: 2178.03
                        Mean action std: 0.04
--------------------------------------------------------------------------------
                         Iteration time: 1.67s
                           Time elapsed: 0:03:47
                                    ETA: 0:03:37

################################################################################
[1m                           Learning iteration 128/250                           [0m 

                               Run name: retention-native-20260907-v46
                            Total steps: 185760 
                       Steps per second: 867 
                        Collection time: 1.490s 
                          Learning time: 0.171s 
                        Mean value loss: 0.4795
                    Mean surrogate loss: -0.0250
             Mean online_retention loss: 0.0079
          Mean rehearsal_retention loss: 0.0067
                            Mean reward: 69.32
                    Mean episode length: 2178.03
                        Mean action std: 0.04
--------------------------------------------------------------------------------
                         Iteration time: 1.66s
                           Time elapsed: 0:03:49
                                    ETA: 0:03:35

################################################################################
[1m                           Learning iteration 129/250                           [0m 

                               Run name: retention-native-20260907-v46
                            Total steps: 187200 
                       Steps per second: 876 
                        Collection time: 1.474s 
                          Learning time: 0.168s 
                        Mean value loss: 0.4542
                    Mean surrogate loss: -0.0270
             Mean online_retention loss: 0.0086
          Mean rehearsal_retention loss: 0.0078
                            Mean reward: 69.32
                    Mean episode length: 2178.03
                        Mean action std: 0.04
--------------------------------------------------------------------------------
                         Iteration time: 1.64s
                           Time elapsed: 0:03:51
                                    ETA: 0:03:33

################################################################################
[1m                           Learning iteration 130/250                           [0m 

                               Run name: retention-native-20260907-v46
                            Total steps: 188640 
                       Steps per second: 882 
                        Collection time: 1.453s 
                          Learning time: 0.179s 
                        Mean value loss: 0.4089
                    Mean surrogate loss: -0.0277
             Mean online_retention loss: 0.0105
          Mean rehearsal_retention loss: 0.0091
                            Mean reward: 69.32
                    Mean episode length: 2178.03
                        Mean action std: 0.04
--------------------------------------------------------------------------------
                         Iteration time: 1.63s
                           Time elapsed: 0:03:52
                                    ETA: 0:03:31

################################################################################
[1m                           Learning iteration 131/250                           [0m 

                               Run name: retention-native-20260907-v46
                            Total steps: 190080 
                       Steps per second: 881 
                        Collection time: 1.457s 
                          Learning time: 0.176s 
                        Mean value loss: 10.9508
                    Mean surrogate loss: -0.1098
             Mean online_retention loss: 0.0087
          Mean rehearsal_retention loss: 0.0082
                            Mean reward: 69.32
                    Mean episode length: 2178.03
                        Mean action std: 0.04
--------------------------------------------------------------------------------
                         Iteration time: 1.63s
                           Time elapsed: 0:03:54
                                    ETA: 0:03:29

################################################################################
[1m                           Learning iteration 132/250                           [0m 

                               Run name: retention-native-20260907-v46
                            Total steps: 191520 
                       Steps per second: 882 
                        Collection time: 1.465s 
                          Learning time: 0.167s 
                        Mean value loss: 1.8086
                    Mean surrogate loss: -0.0344
             Mean online_retention loss: 0.0067
          Mean rehearsal_retention loss: 0.0064
                            Mean reward: 69.32
                    Mean episode length: 2178.03
                        Mean action std: 0.04
--------------------------------------------------------------------------------
                         Iteration time: 1.63s
                           Time elapsed: 0:03:56
                                    ETA: 0:03:27

################################################################################
[1m                           Learning iteration 133/250                           [0m 

                               Run name: retention-native-20260907-v46
                            Total steps: 192960 
                       Steps per second: 873 
                        Collection time: 1.477s 
                          Learning time: 0.172s 
                        Mean value loss: 0.6389
                    Mean surrogate loss: -0.0045
             Mean online_retention loss: 0.0072
          Mean rehearsal_retention loss: 0.0065
                            Mean reward: 69.32
                    Mean episode length: 2178.03
                        Mean action std: 0.04
--------------------------------------------------------------------------------
                         Iteration time: 1.65s
                           Time elapsed: 0:03:57
                                    ETA: 0:03:25

################################################################################
[1m                           Learning iteration 134/250                           [0m 

                               Run name: retention-native-20260907-v46
                            Total steps: 194400 
                       Steps per second: 864 
                        Collection time: 1.488s 
                          Learning time: 0.178s 
                        Mean value loss: 0.4813
                    Mean surrogate loss: 0.0325
             Mean online_retention loss: 0.0093
          Mean rehearsal_retention loss: 0.0088
                            Mean reward: 69.32
                    Mean episode length: 2178.03
                        Mean action std: 0.04
--------------------------------------------------------------------------------
                         Iteration time: 1.67s
                           Time elapsed: 0:03:59
                                    ETA: 0:03:23

################################################################################
[1m                           Learning iteration 135/250                           [0m 

                               Run name: retention-native-20260907-v46
                            Total steps: 195840 
                       Steps per second: 861 
                        Collection time: 1.498s 
                          Learning time: 0.174s 
                        Mean value loss: 0.4737
                    Mean surrogate loss: 0.0468
             Mean online_retention loss: 0.0105
          Mean rehearsal_retention loss: 0.0097
                            Mean reward: 69.32
                    Mean episode length: 2178.03
                        Mean action std: 0.04
--------------------------------------------------------------------------------
                         Iteration time: 1.67s
                           Time elapsed: 0:04:01
                                    ETA: 0:03:22

################################################################################
[1m                           Learning iteration 136/250                           [0m 

                               Run name: retention-native-20260907-v46
                            Total steps: 197280 
                       Steps per second: 832 
                        Collection time: 1.561s 
                          Learning time: 0.169s 
                        Mean value loss: 0.5333
                    Mean surrogate loss: 0.0363
             Mean online_retention loss: 0.0116
          Mean rehearsal_retention loss: 0.0107
                            Mean reward: 69.32
                    Mean episode length: 2178.03
                        Mean action std: 0.04
--------------------------------------------------------------------------------
                         Iteration time: 1.73s
                           Time elapsed: 0:04:02
                                    ETA: 0:03:20

################################################################################
[1m                           Learning iteration 137/250                           [0m 

                               Run name: retention-native-20260907-v46
                            Total steps: 198720 
                       Steps per second: 817 
                        Collection time: 1.528s 
                          Learning time: 0.233s 
                        Mean value loss: 0.4341
                    Mean surrogate loss: 0.0471
             Mean online_retention loss: 0.0113
          Mean rehearsal_retention loss: 0.0102
                            Mean reward: 69.32
                    Mean episode length: 2178.03
                        Mean action std: 0.04
--------------------------------------------------------------------------------
                         Iteration time: 1.76s
                           Time elapsed: 0:04:04
                                    ETA: 0:03:18

################################################################################
[1m                           Learning iteration 138/250                           [0m 

                               Run name: retention-native-20260907-v46
                            Total steps: 200160 
                       Steps per second: 839 
                        Collection time: 1.547s 
                          Learning time: 0.168s 
                        Mean value loss: 0.4622
                    Mean surrogate loss: 0.0564
             Mean online_retention loss: 0.0118
          Mean rehearsal_retention loss: 0.0109
                            Mean reward: 69.32
                    Mean episode length: 2178.03
                        Mean action std: 0.04
--------------------------------------------------------------------------------
                         Iteration time: 1.71s
                           Time elapsed: 0:04:06
                                    ETA: 0:03:16

################################################################################
[1m                           Learning iteration 139/250                           [0m 

                               Run name: retention-native-20260907-v46
                            Total steps: 201600 
                       Steps per second: 856 
                        Collection time: 1.488s 
                          Learning time: 0.194s 
                        Mean value loss: 21.8358
                    Mean surrogate loss: 0.1350
             Mean online_retention loss: 0.0109
          Mean rehearsal_retention loss: 0.0098
                            Mean reward: 69.32
                    Mean episode length: 2178.03
                        Mean action std: 0.03
--------------------------------------------------------------------------------
                         Iteration time: 1.68s
                           Time elapsed: 0:04:07
                                    ETA: 0:03:14

################################################################################
[1m                           Learning iteration 140/250                           [0m 

                               Run name: retention-native-20260907-v46
                            Total steps: 203040 
                       Steps per second: 882 
                        Collection time: 1.456s 
                          Learning time: 0.177s 
                        Mean value loss: 9.7755
                    Mean surrogate loss: -0.2046
             Mean online_retention loss: 0.0120
          Mean rehearsal_retention loss: 0.0093
                            Mean reward: 69.32
                    Mean episode length: 2178.03
                        Mean action std: 0.00
--------------------------------------------------------------------------------
                         Iteration time: 1.63s
                           Time elapsed: 0:04:09
                                    ETA: 0:03:12

################################################################################
[1m                           Learning iteration 141/250                           [0m 

                               Run name: retention-native-20260907-v46
                            Total steps: 204480 
                       Steps per second: 861 
                        Collection time: 1.501s 
                          Learning time: 0.171s 
                        Mean value loss: 6.5538
                    Mean surrogate loss: -0.0076
             Mean online_retention loss: 0.0084
          Mean rehearsal_retention loss: 0.0072
                            Mean reward: 69.60
                    Mean episode length: 2172.00
                        Mean action std: 0.00
--------------------------------------------------------------------------------
                         Iteration time: 1.67s
                           Time elapsed: 0:04:11
                                    ETA: 0:03:11

################################################################################
[1m                           Learning iteration 142/250                           [0m 

                               Run name: retention-native-20260907-v46
                            Total steps: 205920 
                       Steps per second: 882 
                        Collection time: 1.465s 
                          Learning time: 0.167s 
                        Mean value loss: 17.8516
                    Mean surrogate loss: 0.0463
             Mean online_retention loss: 0.0070
          Mean rehearsal_retention loss: 0.0056
                            Mean reward: 67.93
                    Mean episode length: 2159.79
                        Mean action std: 0.00
--------------------------------------------------------------------------------
                         Iteration time: 1.63s
                           Time elapsed: 0:04:12
                                    ETA: 0:03:09

################################################################################
[1m                           Learning iteration 143/250                           [0m 

                               Run name: retention-native-20260907-v46
                            Total steps: 207360 
                       Steps per second: 877 
                        Collection time: 1.461s 
                          Learning time: 0.179s 
                        Mean value loss: 6.7296
                    Mean surrogate loss: 0.0790
             Mean online_retention loss: 0.0130
          Mean rehearsal_retention loss: 0.0067
                            Mean reward: 67.93
                    Mean episode length: 2159.79
                        Mean action std: 0.01
--------------------------------------------------------------------------------
                         Iteration time: 1.64s
                           Time elapsed: 0:04:14
                                    ETA: 0:03:07

################################################################################
[1m                           Learning iteration 144/250                           [0m 

                               Run name: retention-native-20260907-v46
                            Total steps: 208800 
                       Steps per second: 876 
                        Collection time: 1.459s 
                          Learning time: 0.184s 
                        Mean value loss: 57.7163
                    Mean surrogate loss: -0.1724
             Mean online_retention loss: 0.0121
          Mean rehearsal_retention loss: 0.0053
                            Mean reward: 65.54
                    Mean episode length: 2140.69
                        Mean action std: 0.01
--------------------------------------------------------------------------------
                         Iteration time: 1.64s
                           Time elapsed: 0:04:16
                                    ETA: 0:03:05

################################################################################
[1m                           Learning iteration 145/250                           [0m 

                               Run name: retention-native-20260907-v46
                            Total steps: 210240 
                       Steps per second: 874 
                        Collection time: 1.465s 
                          Learning time: 0.182s 
                        Mean value loss: 1.0754
                    Mean surrogate loss: -0.1001
             Mean online_retention loss: 0.0122
          Mean rehearsal_retention loss: 0.0079
                            Mean reward: 65.54
                    Mean episode length: 2140.69
                        Mean action std: 0.01
--------------------------------------------------------------------------------
                         Iteration time: 1.65s
                           Time elapsed: 0:04:17
                                    ETA: 0:03:03

################################################################################
[1m                           Learning iteration 146/250                           [0m 

                               Run name: retention-native-20260907-v46
                            Total steps: 211680 
                       Steps per second: 882 
                        Collection time: 1.463s 
                          Learning time: 0.170s 
                        Mean value loss: 0.8873
                    Mean surrogate loss: 0.3302
             Mean online_retention loss: 0.0177
          Mean rehearsal_retention loss: 0.0123
                            Mean reward: 65.54
                    Mean episode length: 2140.69
                        Mean action std: 0.01
--------------------------------------------------------------------------------
                         Iteration time: 1.63s
                           Time elapsed: 0:04:19
                                    ETA: 0:03:01

################################################################################
[1m                           Learning iteration 147/250                           [0m 

                               Run name: retention-native-20260907-v46
                            Total steps: 213120 
                       Steps per second: 876 
                        Collection time: 1.468s 
                          Learning time: 0.174s 
                        Mean value loss: 0.5121
                    Mean surrogate loss: 0.5290
             Mean online_retention loss: 0.0223
          Mean rehearsal_retention loss: 0.0148
                            Mean reward: 65.54
                    Mean episode length: 2140.69
                        Mean action std: 0.01
--------------------------------------------------------------------------------
                         Iteration time: 1.64s
                           Time elapsed: 0:04:21
                                    ETA: 0:02:59

################################################################################
[1m                           Learning iteration 148/250                           [0m 

                               Run name: retention-native-20260907-v46
                            Total steps: 214560 
                       Steps per second: 883 
                        Collection time: 1.455s 
                          Learning time: 0.175s 
                        Mean value loss: 0.4472
                    Mean surrogate loss: 0.5859
             Mean online_retention loss: 0.0244
          Mean rehearsal_retention loss: 0.0158
                            Mean reward: 65.54
                    Mean episode length: 2140.69
                        Mean action std: 0.01
--------------------------------------------------------------------------------
                         Iteration time: 1.63s
                           Time elapsed: 0:04:22
                                    ETA: 0:02:58

################################################################################
[1m                           Learning iteration 149/250                           [0m 

                               Run name: retention-native-20260907-v46
                            Total steps: 216000 
                       Steps per second: 860 
                        Collection time: 1.487s 
                          Learning time: 0.185s 
                        Mean value loss: 0.4011
                    Mean surrogate loss: 0.5706
             Mean online_retention loss: 0.0272
          Mean rehearsal_retention loss: 0.0189
                            Mean reward: 65.54
                    Mean episode length: 2140.69
                        Mean action std: 0.01
--------------------------------------------------------------------------------
                         Iteration time: 1.67s
                           Time elapsed: 0:04:24
                                    ETA: 0:02:56

################################################################################
[1m                           Learning iteration 150/250                           [0m 

                               Run name: retention-native-20260907-v46
                            Total steps: 217440 
                       Steps per second: 881 
                        Collection time: 1.467s 
                          Learning time: 0.168s 
                        Mean value loss: 0.3917
                    Mean surrogate loss: 0.7829
             Mean online_retention loss: 0.0315
          Mean rehearsal_retention loss: 0.0224
                            Mean reward: 65.54
                    Mean episode length: 2140.69
                        Mean action std: 0.01
--------------------------------------------------------------------------------
                         Iteration time: 1.63s
                           Time elapsed: 0:04:26
                                    ETA: 0:02:54

################################################################################
[1m                           Learning iteration 151/250                           [0m 

                               Run name: retention-native-20260907-v46
                            Total steps: 218880 
                       Steps per second: 856 
                        Collection time: 1.490s 
                          Learning time: 0.192s 
                        Mean value loss: 7.1744
                    Mean surrogate loss: 0.4128
             Mean online_retention loss: 0.0290
          Mean rehearsal_retention loss: 0.0199
                            Mean reward: 65.54
                    Mean episode length: 2140.69
                        Mean action std: 0.01
--------------------------------------------------------------------------------
                         Iteration time: 1.68s
                           Time elapsed: 0:04:27
                                    ETA: 0:02:52

################################################################################
[1m                           Learning iteration 152/250                           [0m 

                               Run name: retention-native-20260907-v46
                            Total steps: 220320 
                       Steps per second: 839 
                        Collection time: 1.545s 
                          Learning time: 0.170s 
                        Mean value loss: 117.3902
                    Mean surrogate loss: -0.1670
             Mean online_retention loss: 0.0161
          Mean rehearsal_retention loss: 0.0078
                            Mean reward: 63.92
                    Mean episode length: 2133.64
                        Mean action std: 0.04
--------------------------------------------------------------------------------
                         Iteration time: 1.72s
                           Time elapsed: 0:04:29
                                    ETA: 0:02:50

################################################################################
[1m                           Learning iteration 153/250                           [0m 

                               Run name: retention-native-20260907-v46
                            Total steps: 221760 
                       Steps per second: 872 
                        Collection time: 1.476s 
                          Learning time: 0.174s 
                        Mean value loss: 61.1978
                    Mean surrogate loss: -0.1388
             Mean online_retention loss: 0.0048
          Mean rehearsal_retention loss: 0.0035
                            Mean reward: 60.22
                    Mean episode length: 2108.91
                        Mean action std: 0.04
--------------------------------------------------------------------------------
                         Iteration time: 1.65s
                           Time elapsed: 0:04:31
                                    ETA: 0:02:49

################################################################################
[1m                           Learning iteration 154/250                           [0m 

                               Run name: retention-native-20260907-v46
                            Total steps: 223200 
                       Steps per second: 868 
                        Collection time: 1.481s 
                          Learning time: 0.177s 
                        Mean value loss: 29.3715
                    Mean surrogate loss: -0.0888
             Mean online_retention loss: 0.0039
          Mean rehearsal_retention loss: 0.0030
                            Mean reward: 58.23
                    Mean episode length: 2091.78
                        Mean action std: 0.04
--------------------------------------------------------------------------------
                         Iteration time: 1.66s
                           Time elapsed: 0:04:32
                                    ETA: 0:02:47

################################################################################
[1m                           Learning iteration 155/250                           [0m 

                               Run name: retention-native-20260907-v46
                            Total steps: 224640 
                       Steps per second: 883 
                        Collection time: 1.457s 
                          Learning time: 0.172s 
                        Mean value loss: 1.2215
                    Mean surrogate loss: 0.0160
             Mean online_retention loss: 0.0057
          Mean rehearsal_retention loss: 0.0043
                            Mean reward: 58.23
                    Mean episode length: 2091.78
                        Mean action std: 0.04
--------------------------------------------------------------------------------
                         Iteration time: 1.63s
                           Time elapsed: 0:04:34
                                    ETA: 0:02:45

################################################################################
[1m                           Learning iteration 156/250                           [0m 

                               Run name: retention-native-20260907-v46
                            Total steps: 226080 
                       Steps per second: 880 
                        Collection time: 1.455s 
                          Learning time: 0.180s 
                        Mean value loss: 1.4570
                    Mean surrogate loss: 0.0224
             Mean online_retention loss: 0.0075
          Mean rehearsal_retention loss: 0.0060
                            Mean reward: 58.23
                    Mean episode length: 2091.78
                        Mean action std: 0.04
--------------------------------------------------------------------------------
                         Iteration time: 1.63s
                           Time elapsed: 0:04:36
                                    ETA: 0:02:43

################################################################################
[1m                           Learning iteration 157/250                           [0m 

                               Run name: retention-native-20260907-v46
                            Total steps: 227520 
                       Steps per second: 892 
                        Collection time: 1.436s 
                          Learning time: 0.177s 
                        Mean value loss: 0.7438
                    Mean surrogate loss: -0.0258
             Mean online_retention loss: 0.0078
          Mean rehearsal_retention loss: 0.0069
                            Mean reward: 58.23
                    Mean episode length: 2091.78
                        Mean action std: 0.04
--------------------------------------------------------------------------------
                         Iteration time: 1.61s
                           Time elapsed: 0:04:37
                                    ETA: 0:02:41

################################################################################
[1m                           Learning iteration 158/250                           [0m 

                               Run name: retention-native-20260907-v46
                            Total steps: 228960 
                       Steps per second: 867 
                        Collection time: 1.474s 
                          Learning time: 0.185s 
                        Mean value loss: 0.6499
                    Mean surrogate loss: -0.0235
             Mean online_retention loss: 0.0075
          Mean rehearsal_retention loss: 0.0069
                            Mean reward: 58.23
                    Mean episode length: 2091.78
                        Mean action std: 0.04
--------------------------------------------------------------------------------
                         Iteration time: 1.66s
                           Time elapsed: 0:04:39
                                    ETA: 0:02:39

################################################################################
[1m                           Learning iteration 159/250                           [0m 

                               Run name: retention-native-20260907-v46
                            Total steps: 230400 
                       Steps per second: 882 
                        Collection time: 1.459s 
                          Learning time: 0.173s 
                        Mean value loss: 0.6021
                    Mean surrogate loss: -0.0210
             Mean online_retention loss: 0.0076
          Mean rehearsal_retention loss: 0.0071
                            Mean reward: 58.23
                    Mean episode length: 2091.78
                        Mean action std: 0.04
--------------------------------------------------------------------------------
                         Iteration time: 1.63s
                           Time elapsed: 0:04:40
                                    ETA: 0:02:38

################################################################################
[1m                           Learning iteration 160/250                           [0m 

                               Run name: retention-native-20260907-v46
                            Total steps: 231840 
                       Steps per second: 890 
                        Collection time: 1.419s 
                          Learning time: 0.198s 
                        Mean value loss: 0.5863
                    Mean surrogate loss: -0.0219
             Mean online_retention loss: 0.0087
          Mean rehearsal_retention loss: 0.0081
                            Mean reward: 58.23
                    Mean episode length: 2091.78
                        Mean action std: 0.04
--------------------------------------------------------------------------------
                         Iteration time: 1.62s
                           Time elapsed: 0:04:42
                                    ETA: 0:02:36

################################################################################
[1m                           Learning iteration 161/250                           [0m 

                               Run name: retention-native-20260907-v46
                            Total steps: 233280 
                       Steps per second: 902 
                        Collection time: 1.422s 
                          Learning time: 0.173s 
                        Mean value loss: 0.5835
                    Mean surrogate loss: -0.0267
             Mean online_retention loss: 0.0107
          Mean rehearsal_retention loss: 0.0097
                            Mean reward: 58.23
                    Mean episode length: 2091.78
                        Mean action std: 0.04
--------------------------------------------------------------------------------
                         Iteration time: 1.59s
                           Time elapsed: 0:04:44
                                    ETA: 0:02:34

################################################################################
[1m                           Learning iteration 162/250                           [0m 

                               Run name: retention-native-20260907-v46
                            Total steps: 234720 
                       Steps per second: 886 
                        Collection time: 1.449s 
                          Learning time: 0.175s 
                        Mean value loss: 0.5394
                    Mean surrogate loss: -0.0241
             Mean online_retention loss: 0.0118
          Mean rehearsal_retention loss: 0.0105
                            Mean reward: 58.23
                    Mean episode length: 2091.78
                        Mean action std: 0.04
--------------------------------------------------------------------------------
                         Iteration time: 1.62s
                           Time elapsed: 0:04:45
                                    ETA: 0:02:32

################################################################################
[1m                           Learning iteration 163/250                           [0m 

                               Run name: retention-native-20260907-v46
                            Total steps: 236160 
                       Steps per second: 878 
                        Collection time: 1.446s 
                          Learning time: 0.193s 
                        Mean value loss: 0.5784
                    Mean surrogate loss: -0.0223
             Mean online_retention loss: 0.0096
          Mean rehearsal_retention loss: 0.0082
                            Mean reward: 58.23
                    Mean episode length: 2091.78
                        Mean action std: 0.04
--------------------------------------------------------------------------------
                         Iteration time: 1.64s
                           Time elapsed: 0:04:47
                                    ETA: 0:02:30

################################################################################
[1m                           Learning iteration 164/250                           [0m 

                               Run name: retention-native-20260907-v46
                            Total steps: 237600 
                       Steps per second: 877 
                        Collection time: 1.451s 
                          Learning time: 0.191s 
                        Mean value loss: 0.5654
                    Mean surrogate loss: -0.0245
             Mean online_retention loss: 0.0096
          Mean rehearsal_retention loss: 0.0077
                            Mean reward: 58.23
                    Mean episode length: 2091.78
                        Mean action std: 0.04
--------------------------------------------------------------------------------
                         Iteration time: 1.64s
                           Time elapsed: 0:04:49
                                    ETA: 0:02:28

################################################################################
[1m                           Learning iteration 165/250                           [0m 

                               Run name: retention-native-20260907-v46
                            Total steps: 239040 
                       Steps per second: 875 
                        Collection time: 1.474s 
                          Learning time: 0.170s 
                        Mean value loss: 0.5429
                    Mean surrogate loss: -0.0241
             Mean online_retention loss: 0.0108
          Mean rehearsal_retention loss: 0.0085
                            Mean reward: 58.23
                    Mean episode length: 2091.78
                        Mean action std: 0.04
--------------------------------------------------------------------------------
                         Iteration time: 1.64s
                           Time elapsed: 0:04:50
                                    ETA: 0:02:27

################################################################################
[1m                           Learning iteration 166/250                           [0m 

                               Run name: retention-native-20260907-v46
                            Total steps: 240480 
                       Steps per second: 894 
                        Collection time: 1.439s 
                          Learning time: 0.171s 
                        Mean value loss: 0.5579
                    Mean surrogate loss: -0.0234
             Mean online_retention loss: 0.0099
          Mean rehearsal_retention loss: 0.0080
                            Mean reward: 58.23
                    Mean episode length: 2091.78
                        Mean action std: 0.04
--------------------------------------------------------------------------------
                         Iteration time: 1.61s
                           Time elapsed: 0:04:52
                                    ETA: 0:02:25

################################################################################
[1m                           Learning iteration 167/250                           [0m 

                               Run name: retention-native-20260907-v46
                            Total steps: 241920 
                       Steps per second: 877 
                        Collection time: 1.448s 
                          Learning time: 0.193s 
                        Mean value loss: 0.5613
                    Mean surrogate loss: -0.0257
             Mean online_retention loss: 0.0106
          Mean rehearsal_retention loss: 0.0085
                            Mean reward: 58.23
                    Mean episode length: 2091.78
                        Mean action std: 0.04
--------------------------------------------------------------------------------
                         Iteration time: 1.64s
                           Time elapsed: 0:04:53
                                    ETA: 0:02:23

################################################################################
[1m                           Learning iteration 168/250                           [0m 

                               Run name: retention-native-20260907-v46
                            Total steps: 243360 
                       Steps per second: 880 
                        Collection time: 1.441s 
                          Learning time: 0.194s 
                        Mean value loss: 8.8374
                    Mean surrogate loss: -0.0850
             Mean online_retention loss: 0.0084
          Mean rehearsal_retention loss: 0.0072
                            Mean reward: 58.23
                    Mean episode length: 2091.78
                        Mean action std: 0.04
--------------------------------------------------------------------------------
                         Iteration time: 1.63s
                           Time elapsed: 0:04:55
                                    ETA: 0:02:21

################################################################################
[1m                           Learning iteration 169/250                           [0m 

                               Run name: retention-native-20260907-v46
                            Total steps: 244800 
                       Steps per second: 874 
                        Collection time: 1.464s 
                          Learning time: 0.182s 
                        Mean value loss: 6.2769
                    Mean surrogate loss: -0.0877
             Mean online_retention loss: 0.0079
          Mean rehearsal_retention loss: 0.0067
                            Mean reward: 58.23
                    Mean episode length: 2091.78
                        Mean action std: 0.04
--------------------------------------------------------------------------------
                         Iteration time: 1.65s
                           Time elapsed: 0:04:57
                                    ETA: 0:02:19

################################################################################
[1m                           Learning iteration 170/250                           [0m 

                               Run name: retention-native-20260907-v46
                            Total steps: 246240 
                       Steps per second: 886 
                        Collection time: 1.451s 
                          Learning time: 0.173s 
                        Mean value loss: 2.5713
                    Mean surrogate loss: -0.0794
             Mean online_retention loss: 0.0080
          Mean rehearsal_retention loss: 0.0070
                            Mean reward: 58.23
                    Mean episode length: 2091.78
                        Mean action std: 0.04
--------------------------------------------------------------------------------
                         Iteration time: 1.62s
                           Time elapsed: 0:04:58
                                    ETA: 0:02:18

################################################################################
[1m                           Learning iteration 171/250                           [0m 

                               Run name: retention-native-20260907-v46
                            Total steps: 247680 
                       Steps per second: 873 
                        Collection time: 1.474s 
                          Learning time: 0.174s 
                        Mean value loss: 32.7772
                    Mean surrogate loss: -0.1466
             Mean online_retention loss: 0.0055
          Mean rehearsal_retention loss: 0.0044
                            Mean reward: 58.23
                    Mean episode length: 2091.78
                        Mean action std: 0.04
--------------------------------------------------------------------------------
                         Iteration time: 1.65s
                           Time elapsed: 0:05:00
                                    ETA: 0:02:16

################################################################################
[1m                           Learning iteration 172/250                           [0m 

                               Run name: retention-native-20260907-v46
                            Total steps: 249120 
                       Steps per second: 865 
                        Collection time: 1.482s 
                          Learning time: 0.183s 
                        Mean value loss: 61.4460
                    Mean surrogate loss: -0.1363
             Mean online_retention loss: 0.0037
          Mean rehearsal_retention loss: 0.0030
                            Mean reward: 54.70
                    Mean episode length: 2080.83
                        Mean action std: 0.04
--------------------------------------------------------------------------------
                         Iteration time: 1.66s
                           Time elapsed: 0:05:02
                                    ETA: 0:02:14

################################################################################
[1m                           Learning iteration 173/250                           [0m 

                               Run name: retention-native-20260907-v46
                            Total steps: 250560 
                       Steps per second: 873 
                        Collection time: 1.476s 
                          Learning time: 0.173s 
                        Mean value loss: 28.5825
                    Mean surrogate loss: -0.0719
             Mean online_retention loss: 0.0032
          Mean rehearsal_retention loss: 0.0025
                            Mean reward: 52.79
                    Mean episode length: 2064.30
                        Mean action std: 0.03
--------------------------------------------------------------------------------
                         Iteration time: 1.65s
                           Time elapsed: 0:05:03
                                    ETA: 0:02:12

################################################################################
[1m                           Learning iteration 174/250                           [0m 

                               Run name: retention-native-20260907-v46
                            Total steps: 252000 
                       Steps per second: 873 
                        Collection time: 1.480s 
                          Learning time: 0.169s 
                        Mean value loss: 1.5679
                    Mean surrogate loss: 0.1142
             Mean online_retention loss: 0.0051
          Mean rehearsal_retention loss: 0.0041
                            Mean reward: 52.79
                    Mean episode length: 2064.30
                        Mean action std: 0.04
--------------------------------------------------------------------------------
                         Iteration time: 1.65s
                           Time elapsed: 0:05:05
                                    ETA: 0:02:10

################################################################################
[1m                           Learning iteration 175/250                           [0m 

                               Run name: retention-native-20260907-v46
                            Total steps: 253440 
                       Steps per second: 868 
                        Collection time: 1.491s 
                          Learning time: 0.168s 
                        Mean value loss: 1.4538
                    Mean surrogate loss: 0.0594
             Mean online_retention loss: 0.0058
          Mean rehearsal_retention loss: 0.0050
                            Mean reward: 52.79
                    Mean episode length: 2064.30
                        Mean action std: 0.04
--------------------------------------------------------------------------------
                         Iteration time: 1.66s
                           Time elapsed: 0:05:07
                                    ETA: 0:02:09

################################################################################
[1m                           Learning iteration 176/250                           [0m 

                               Run name: retention-native-20260907-v46
                            Total steps: 254880 
                       Steps per second: 863 
                        Collection time: 1.473s 
                          Learning time: 0.194s 
                        Mean value loss: 0.5877
                    Mean surrogate loss: 0.0319
             Mean online_retention loss: 0.0065
          Mean rehearsal_retention loss: 0.0061
                            Mean reward: 52.79
                    Mean episode length: 2064.30
                        Mean action std: 0.04
--------------------------------------------------------------------------------
                         Iteration time: 1.67s
                           Time elapsed: 0:05:08
                                    ETA: 0:02:07

################################################################################
[1m                           Learning iteration 177/250                           [0m 

                               Run name: retention-native-20260907-v46
                            Total steps: 256320 
                       Steps per second: 879 
                        Collection time: 1.468s 
                          Learning time: 0.170s 
                        Mean value loss: 68.2739
                    Mean surrogate loss: 0.4012
             Mean online_retention loss: 0.0097
          Mean rehearsal_retention loss: 0.0089
                            Mean reward: 52.79
                    Mean episode length: 2064.30
                        Mean action std: 0.02
--------------------------------------------------------------------------------
                         Iteration time: 1.64s
                           Time elapsed: 0:05:10
                                    ETA: 0:02:05

################################################################################
[1m                           Learning iteration 178/250                           [0m 

                               Run name: retention-native-20260907-v46
                            Total steps: 257760 
                       Steps per second: 875 
                        Collection time: 1.472s 
                          Learning time: 0.172s 
                        Mean value loss: 1.2404
                    Mean surrogate loss: 0.8120
             Mean online_retention loss: 0.0181
          Mean rehearsal_retention loss: 0.0142
                            Mean reward: 52.79
                    Mean episode length: 2064.30
                        Mean action std: 0.00
--------------------------------------------------------------------------------
                         Iteration time: 1.64s
                           Time elapsed: 0:05:12
                                    ETA: 0:02:03

################################################################################
[1m                           Learning iteration 179/250                           [0m 

                               Run name: retention-native-20260907-v46
                            Total steps: 259200 
                       Steps per second: 892 
                        Collection time: 1.445s 
                          Learning time: 0.168s 
                        Mean value loss: 0.4567
                    Mean surrogate loss: 0.9525
             Mean online_retention loss: 0.0224
          Mean rehearsal_retention loss: 0.0173
                            Mean reward: 52.79
                    Mean episode length: 2064.30
                        Mean action std: 0.00
--------------------------------------------------------------------------------
                         Iteration time: 1.61s
                           Time elapsed: 0:05:13
                                    ETA: 0:02:01

################################################################################
[1m                           Learning iteration 180/250                           [0m 

                               Run name: retention-native-20260907-v46
                            Total steps: 260640 
                       Steps per second: 879 
                        Collection time: 1.469s 
                          Learning time: 0.168s 
                        Mean value loss: 10.1034
                    Mean surrogate loss: 0.4263
             Mean online_retention loss: 0.0264
          Mean rehearsal_retention loss: 0.0181
                            Mean reward: 52.79
                    Mean episode length: 2064.30
                        Mean action std: 0.00
--------------------------------------------------------------------------------
                         Iteration time: 1.64s
                           Time elapsed: 0:05:15
                                    ETA: 0:02:00

################################################################################
[1m                           Learning iteration 181/250                           [0m 

                               Run name: retention-native-20260907-v46
                            Total steps: 262080 
                       Steps per second: 877 
                        Collection time: 1.465s 
                          Learning time: 0.176s 
                        Mean value loss: 135.2335
                    Mean surrogate loss: -0.1427
             Mean online_retention loss: 0.0167
          Mean rehearsal_retention loss: 0.0091
                            Mean reward: 49.04
                    Mean episode length: 2032.43
                        Mean action std: 0.01
--------------------------------------------------------------------------------
                         Iteration time: 1.64s
                           Time elapsed: 0:05:16
                                    ETA: 0:01:58

################################################################################
[1m                           Learning iteration 182/250                           [0m 

                               Run name: retention-native-20260907-v46
                            Total steps: 263520 
                       Steps per second: 872 
                        Collection time: 1.470s 
                          Learning time: 0.180s 
                        Mean value loss: 65.4491
                    Mean surrogate loss: -0.1500
             Mean online_retention loss: 0.0095
          Mean rehearsal_retention loss: 0.0057
                            Mean reward: 47.32
                    Mean episode length: 2017.08
                        Mean action std: 0.01
--------------------------------------------------------------------------------
                         Iteration time: 1.65s
                           Time elapsed: 0:05:18
                                    ETA: 0:01:56

################################################################################
[1m                           Learning iteration 183/250                           [0m 

                               Run name: retention-native-20260907-v46
                            Total steps: 264960 
                       Steps per second: 865 
                        Collection time: 1.485s 
                          Learning time: 0.178s 
                        Mean value loss: 18.6044
                    Mean surrogate loss: 0.0273
             Mean online_retention loss: 0.0076
          Mean rehearsal_retention loss: 0.0054
                            Mean reward: 45.53
                    Mean episode length: 2002.00
                        Mean action std: 0.01
--------------------------------------------------------------------------------
                         Iteration time: 1.66s
                           Time elapsed: 0:05:20
                                    ETA: 0:01:54

################################################################################
[1m                           Learning iteration 184/250                           [0m 

                               Run name: retention-native-20260907-v46
                            Total steps: 266400 
                       Steps per second: 881 
                        Collection time: 1.442s 
                          Learning time: 0.192s 
                        Mean value loss: 0.9312
                    Mean surrogate loss: -0.0760
             Mean online_retention loss: 0.0132
          Mean rehearsal_retention loss: 0.0089
                            Mean reward: 45.53
                    Mean episode length: 2002.00
                        Mean action std: 0.01
--------------------------------------------------------------------------------
                         Iteration time: 1.63s
                           Time elapsed: 0:05:21
                                    ETA: 0:01:53

################################################################################
[1m                           Learning iteration 185/250                           [0m 

                               Run name: retention-native-20260907-v46
                            Total steps: 267840 
                       Steps per second: 878 
                        Collection time: 1.468s 
                          Learning time: 0.172s 
                        Mean value loss: 1.0844
                    Mean surrogate loss: 0.0375
             Mean online_retention loss: 0.0190
          Mean rehearsal_retention loss: 0.0121
                            Mean reward: 45.53
                    Mean episode length: 2002.00
                        Mean action std: 0.01
--------------------------------------------------------------------------------
                         Iteration time: 1.64s
                           Time elapsed: 0:05:23
                                    ETA: 0:01:51

################################################################################
[1m                           Learning iteration 186/250                           [0m 

                               Run name: retention-native-20260907-v46
                            Total steps: 269280 
                       Steps per second: 876 
                        Collection time: 1.451s 
                          Learning time: 0.192s 
                        Mean value loss: 0.5469
                    Mean surrogate loss: -0.0648
             Mean online_retention loss: 0.0183
          Mean rehearsal_retention loss: 0.0148
                            Mean reward: 45.53
                    Mean episode length: 2002.00
                        Mean action std: 0.01
--------------------------------------------------------------------------------
                         Iteration time: 1.64s
                           Time elapsed: 0:05:25
                                    ETA: 0:01:49

################################################################################
[1m                           Learning iteration 187/250                           [0m 

                               Run name: retention-native-20260907-v46
                            Total steps: 270720 
                       Steps per second: 882 
                        Collection time: 1.463s 
                          Learning time: 0.168s 
                        Mean value loss: 0.3979
                    Mean surrogate loss: 0.7428
             Mean online_retention loss: 0.0214
          Mean rehearsal_retention loss: 0.0157
                            Mean reward: 45.53
                    Mean episode length: 2002.00
                        Mean action std: 0.01
--------------------------------------------------------------------------------
                         Iteration time: 1.63s
                           Time elapsed: 0:05:26
                                    ETA: 0:01:47

################################################################################
[1m                           Learning iteration 188/250                           [0m 

                               Run name: retention-native-20260907-v46
                            Total steps: 272160 
                       Steps per second: 882 
                        Collection time: 1.465s 
                          Learning time: 0.167s 
                        Mean value loss: 0.3819
                    Mean surrogate loss: 0.8435
             Mean online_retention loss: 0.0270
          Mean rehearsal_retention loss: 0.0192
                            Mean reward: 45.53
                    Mean episode length: 2002.00
                        Mean action std: 0.01
--------------------------------------------------------------------------------
                         Iteration time: 1.63s
                           Time elapsed: 0:05:28
                                    ETA: 0:01:46

################################################################################
[1m                           Learning iteration 189/250                           [0m 

                               Run name: retention-native-20260907-v46
                            Total steps: 273600 
                       Steps per second: 860 
                        Collection time: 1.483s 
                          Learning time: 0.189s 
                        Mean value loss: 9.8921
                    Mean surrogate loss: 0.6340
             Mean online_retention loss: 0.0334
          Mean rehearsal_retention loss: 0.0162
                            Mean reward: 45.53
                    Mean episode length: 2002.00
                        Mean action std: 0.02
--------------------------------------------------------------------------------
                         Iteration time: 1.67s
                           Time elapsed: 0:05:30
                                    ETA: 0:01:44

################################################################################
[1m                           Learning iteration 190/250                           [0m 

                               Run name: retention-native-20260907-v46
                            Total steps: 275040 
                       Steps per second: 868 
                        Collection time: 1.475s 
                          Learning time: 0.183s 
                        Mean value loss: 2.2165
                    Mean surrogate loss: -0.0249
             Mean online_retention loss: 0.0153
          Mean rehearsal_retention loss: 0.0107
                            Mean reward: 45.53
                    Mean episode length: 2002.00
                        Mean action std: 0.04
--------------------------------------------------------------------------------
                         Iteration time: 1.66s
                           Time elapsed: 0:05:31
                                    ETA: 0:01:42

################################################################################
[1m                           Learning iteration 191/250                           [0m 

                               Run name: retention-native-20260907-v46
                            Total steps: 276480 
                       Steps per second: 878 
                        Collection time: 1.466s 
                          Learning time: 0.173s 
                        Mean value loss: 0.8545
                    Mean surrogate loss: -0.0231
             Mean online_retention loss: 0.0114
          Mean rehearsal_retention loss: 0.0096
                            Mean reward: 45.53
                    Mean episode length: 2002.00
                        Mean action std: 0.04
--------------------------------------------------------------------------------
                         Iteration time: 1.64s
                           Time elapsed: 0:05:33
                                    ETA: 0:01:40

################################################################################
[1m                           Learning iteration 192/250                           [0m 

                               Run name: retention-native-20260907-v46
                            Total steps: 277920 
                       Steps per second: 883 
                        Collection time: 1.445s 
                          Learning time: 0.186s 
                        Mean value loss: 0.7538
                    Mean surrogate loss: -0.0218
             Mean online_retention loss: 0.0106
          Mean rehearsal_retention loss: 0.0090
                            Mean reward: 45.53
                    Mean episode length: 2002.00
                        Mean action std: 0.04
--------------------------------------------------------------------------------
                         Iteration time: 1.63s
                           Time elapsed: 0:05:35
                                    ETA: 0:01:38

################################################################################
[1m                           Learning iteration 193/250                           [0m 

                               Run name: retention-native-20260907-v46
                            Total steps: 279360 
                       Steps per second: 873 
                        Collection time: 1.469s 
                          Learning time: 0.180s 
                        Mean value loss: 0.8265
                    Mean surrogate loss: -0.0213
             Mean online_retention loss: 0.0107
          Mean rehearsal_retention loss: 0.0088
                            Mean reward: 45.53
                    Mean episode length: 2002.00
                        Mean action std: 0.04
--------------------------------------------------------------------------------
                         Iteration time: 1.65s
                           Time elapsed: 0:05:36
                                    ETA: 0:01:37

################################################################################
[1m                           Learning iteration 194/250                           [0m 

                               Run name: retention-native-20260907-v46
                            Total steps: 280800 
                       Steps per second: 880 
                        Collection time: 1.459s 
                          Learning time: 0.175s 
                        Mean value loss: 0.6937
                    Mean surrogate loss: -0.0239
             Mean online_retention loss: 0.0104
          Mean rehearsal_retention loss: 0.0086
                            Mean reward: 45.53
                    Mean episode length: 2002.00
                        Mean action std: 0.04
--------------------------------------------------------------------------------
                         Iteration time: 1.63s
                           Time elapsed: 0:05:38
                                    ETA: 0:01:35

################################################################################
[1m                           Learning iteration 195/250                           [0m 

                               Run name: retention-native-20260907-v46
                            Total steps: 282240 
                       Steps per second: 886 
                        Collection time: 1.458s 
                          Learning time: 0.167s 
                        Mean value loss: 0.7681
                    Mean surrogate loss: -0.0234
             Mean online_retention loss: 0.0108
          Mean rehearsal_retention loss: 0.0091
                            Mean reward: 45.53
                    Mean episode length: 2002.00
                        Mean action std: 0.04
--------------------------------------------------------------------------------
                         Iteration time: 1.62s
                           Time elapsed: 0:05:39
                                    ETA: 0:01:33

################################################################################
[1m                           Learning iteration 196/250                           [0m 

                               Run name: retention-native-20260907-v46
                            Total steps: 283680 
                       Steps per second: 878 
                        Collection time: 1.472s 
                          Learning time: 0.168s 
                        Mean value loss: 0.6345
                    Mean surrogate loss: -0.0224
             Mean online_retention loss: 0.0104
          Mean rehearsal_retention loss: 0.0091
                            Mean reward: 45.53
                    Mean episode length: 2002.00
                        Mean action std: 0.04
--------------------------------------------------------------------------------
                         Iteration time: 1.64s
                           Time elapsed: 0:05:41
                                    ETA: 0:01:31

################################################################################
[1m                           Learning iteration 197/250                           [0m 

                               Run name: retention-native-20260907-v46
                            Total steps: 285120 
                       Steps per second: 876 
                        Collection time: 1.466s 
                          Learning time: 0.176s 
                        Mean value loss: 0.6967
                    Mean surrogate loss: -0.0241
             Mean online_retention loss: 0.0107
          Mean rehearsal_retention loss: 0.0093
                            Mean reward: 45.53
                    Mean episode length: 2002.00
                        Mean action std: 0.04
--------------------------------------------------------------------------------
                         Iteration time: 1.64s
                           Time elapsed: 0:05:43
                                    ETA: 0:01:30

################################################################################
[1m                           Learning iteration 198/250                           [0m 

                               Run name: retention-native-20260907-v46
                            Total steps: 286560 
                       Steps per second: 875 
                        Collection time: 1.473s 
                          Learning time: 0.172s 
                        Mean value loss: 0.5284
                    Mean surrogate loss: -0.0275
             Mean online_retention loss: 0.0121
          Mean rehearsal_retention loss: 0.0102
                            Mean reward: 45.53
                    Mean episode length: 2002.00
                        Mean action std: 0.04
--------------------------------------------------------------------------------
                         Iteration time: 1.65s
                           Time elapsed: 0:05:44
                                    ETA: 0:01:28

################################################################################
[1m                           Learning iteration 199/250                           [0m 

                               Run name: retention-native-20260907-v46
                            Total steps: 288000 
                       Steps per second: 875 
                        Collection time: 1.451s 
                          Learning time: 0.194s 
                        Mean value loss: 2.1732
                    Mean surrogate loss: -0.0494
             Mean online_retention loss: 0.0106
          Mean rehearsal_retention loss: 0.0087
                            Mean reward: 45.53
                    Mean episode length: 2002.00
                        Mean action std: 0.04
--------------------------------------------------------------------------------
                         Iteration time: 1.64s
                           Time elapsed: 0:05:46
                                    ETA: 0:01:26

################################################################################
[1m                           Learning iteration 200/250                           [0m 

                               Run name: retention-native-20260907-v46
                            Total steps: 289440 
                       Steps per second: 870 
                        Collection time: 1.465s 
                          Learning time: 0.190s 
                        Mean value loss: 1.9265
                    Mean surrogate loss: -0.0916
             Mean online_retention loss: 0.0092
          Mean rehearsal_retention loss: 0.0073
                            Mean reward: 45.53
                    Mean episode length: 2002.00
                        Mean action std: 0.04
--------------------------------------------------------------------------------
                         Iteration time: 1.65s
                           Time elapsed: 0:05:48
                                    ETA: 0:01:24

################################################################################
[1m                           Learning iteration 201/250                           [0m 

                               Run name: retention-native-20260907-v46
                            Total steps: 290880 
                       Steps per second: 868 
                        Collection time: 1.477s 
                          Learning time: 0.181s 
                        Mean value loss: 68.7178
                    Mean surrogate loss: -0.1447
             Mean online_retention loss: 0.0060
          Mean rehearsal_retention loss: 0.0043
                            Mean reward: 43.75
                    Mean episode length: 1987.55
                        Mean action std: 0.04
--------------------------------------------------------------------------------
                         Iteration time: 1.66s
                           Time elapsed: 0:05:49
                                    ETA: 0:01:23

################################################################################
[1m                           Learning iteration 202/250                           [0m 

                               Run name: retention-native-20260907-v46
                            Total steps: 292320 
                       Steps per second: 869 
                        Collection time: 1.471s 
                          Learning time: 0.185s 
                        Mean value loss: 26.2563
                    Mean surrogate loss: -0.0854
             Mean online_retention loss: 0.0038
          Mean rehearsal_retention loss: 0.0027
                            Mean reward: 42.11
                    Mean episode length: 1973.20
                        Mean action std: 0.04
--------------------------------------------------------------------------------
                         Iteration time: 1.66s
                           Time elapsed: 0:05:51
                                    ETA: 0:01:21

################################################################################
[1m                           Learning iteration 203/250                           [0m 

                               Run name: retention-native-20260907-v46
                            Total steps: 293760 
                       Steps per second: 877 
                        Collection time: 1.449s 
                          Learning time: 0.193s 
                        Mean value loss: 0.5657
                    Mean surrogate loss: 0.0414
             Mean online_retention loss: 0.0047
          Mean rehearsal_retention loss: 0.0039
                            Mean reward: 42.11
                    Mean episode length: 1973.20
                        Mean action std: 0.04
--------------------------------------------------------------------------------
                         Iteration time: 1.64s
                           Time elapsed: 0:05:53
                                    ETA: 0:01:19

################################################################################
[1m                           Learning iteration 204/250                           [0m 

                               Run name: retention-native-20260907-v46
                            Total steps: 295200 
                       Steps per second: 887 
                        Collection time: 1.448s 
                          Learning time: 0.175s 
                        Mean value loss: 1.5456
                    Mean surrogate loss: 0.0374
             Mean online_retention loss: 0.0069
          Mean rehearsal_retention loss: 0.0054
                            Mean reward: 42.11
                    Mean episode length: 1973.20
                        Mean action std: 0.04
--------------------------------------------------------------------------------
                         Iteration time: 1.62s
                           Time elapsed: 0:05:54
                                    ETA: 0:01:17

################################################################################
[1m                           Learning iteration 205/250                           [0m 

                               Run name: retention-native-20260907-v46
                            Total steps: 296640 
                       Steps per second: 877 
                        Collection time: 1.462s 
                          Learning time: 0.179s 
                        Mean value loss: 0.6072
                    Mean surrogate loss: -0.0149
             Mean online_retention loss: 0.0072
          Mean rehearsal_retention loss: 0.0060
                            Mean reward: 42.11
                    Mean episode length: 1973.20
                        Mean action std: 0.04
--------------------------------------------------------------------------------
                         Iteration time: 1.64s
                           Time elapsed: 0:05:56
                                    ETA: 0:01:16

################################################################################
[1m                           Learning iteration 206/250                           [0m 

                               Run name: retention-native-20260907-v46
                            Total steps: 298080 
                       Steps per second: 874 
                        Collection time: 1.473s 
                          Learning time: 0.173s 
                        Mean value loss: 13.2702
                    Mean surrogate loss: -0.1306
             Mean online_retention loss: 0.0065
          Mean rehearsal_retention loss: 0.0057
                            Mean reward: 42.11
                    Mean episode length: 1973.20
                        Mean action std: 0.04
--------------------------------------------------------------------------------
                         Iteration time: 1.65s
                           Time elapsed: 0:05:58
                                    ETA: 0:01:14

################################################################################
[1m                           Learning iteration 207/250                           [0m 

                               Run name: retention-native-20260907-v46
                            Total steps: 299520 
                       Steps per second: 878 
                        Collection time: 1.467s 
                          Learning time: 0.172s 
                        Mean value loss: 69.0564
                    Mean surrogate loss: -0.1503
             Mean online_retention loss: 0.0045
          Mean rehearsal_retention loss: 0.0038
                            Mean reward: 40.91
                    Mean episode length: 1978.92
                        Mean action std: 0.04
--------------------------------------------------------------------------------
                         Iteration time: 1.64s
                           Time elapsed: 0:05:59
                                    ETA: 0:01:12

################################################################################
[1m                           Learning iteration 208/250                           [0m 

                               Run name: retention-native-20260907-v46
                            Total steps: 300960 
                       Steps per second: 876 
                        Collection time: 1.477s 
                          Learning time: 0.167s 
                        Mean value loss: 8.1461
                    Mean surrogate loss: -0.0558
             Mean online_retention loss: 0.0039
          Mean rehearsal_retention loss: 0.0030
                            Mean reward: 39.43
                    Mean episode length: 1974.77
                        Mean action std: 0.04
--------------------------------------------------------------------------------
                         Iteration time: 1.64s
                           Time elapsed: 0:06:01
                                    ETA: 0:01:10

################################################################################
[1m                           Learning iteration 209/250                           [0m 

                               Run name: retention-native-20260907-v46
                            Total steps: 302400 
                       Steps per second: 852 
                        Collection time: 1.518s 
                          Learning time: 0.172s 
                        Mean value loss: 66.4950
                    Mean surrogate loss: -0.1347
             Mean online_retention loss: 0.0039
          Mean rehearsal_retention loss: 0.0029
                            Mean reward: 38.33
                    Mean episode length: 1970.83
                        Mean action std: 0.04
--------------------------------------------------------------------------------
                         Iteration time: 1.69s
                           Time elapsed: 0:06:03
                                    ETA: 0:01:09

################################################################################
[1m                           Learning iteration 210/250                           [0m 

                               Run name: retention-native-20260907-v46
                            Total steps: 303840 
                       Steps per second: 868 
                        Collection time: 1.486s 
                          Learning time: 0.172s 
                        Mean value loss: 10.1593
                    Mean surrogate loss: -0.1141
             Mean online_retention loss: 0.0049
          Mean rehearsal_retention loss: 0.0038
                            Mean reward: 38.33
                    Mean episode length: 1970.83
                        Mean action std: 0.03
--------------------------------------------------------------------------------
                         Iteration time: 1.66s
                           Time elapsed: 0:06:04
                                    ETA: 0:01:07

################################################################################
[1m                           Learning iteration 211/250                           [0m 

                               Run name: retention-native-20260907-v46
                            Total steps: 305280 
                       Steps per second: 878 
                        Collection time: 1.468s 
                          Learning time: 0.172s 
                        Mean value loss: 34.0952
                    Mean surrogate loss: -0.1164
             Mean online_retention loss: 0.0035
          Mean rehearsal_retention loss: 0.0026
                            Mean reward: 36.82
                    Mean episode length: 1957.44
                        Mean action std: 0.04
--------------------------------------------------------------------------------
                         Iteration time: 1.64s
                           Time elapsed: 0:06:06
                                    ETA: 0:01:05

################################################################################
[1m                           Learning iteration 212/250                           [0m 

                               Run name: retention-native-20260907-v46
                            Total steps: 306720 
                       Steps per second: 864 
                        Collection time: 1.492s 
                          Learning time: 0.174s 
                        Mean value loss: 22.0596
                    Mean surrogate loss: -0.0607
             Mean online_retention loss: 0.0030
          Mean rehearsal_retention loss: 0.0020
                            Mean reward: 35.41
                    Mean episode length: 1944.29
                        Mean action std: 0.04
--------------------------------------------------------------------------------
                         Iteration time: 1.67s
                           Time elapsed: 0:06:08
                                    ETA: 0:01:03

################################################################################
[1m                           Learning iteration 213/250                           [0m 

                               Run name: retention-native-20260907-v46
                            Total steps: 308160 
                       Steps per second: 868 
                        Collection time: 1.489s 
                          Learning time: 0.169s 
                        Mean value loss: 1.4800
                    Mean surrogate loss: 0.0973
             Mean online_retention loss: 0.0052
          Mean rehearsal_retention loss: 0.0040
                            Mean reward: 35.41
                    Mean episode length: 1944.29
                        Mean action std: 0.04
--------------------------------------------------------------------------------
                         Iteration time: 1.66s
                           Time elapsed: 0:06:09
                                    ETA: 0:01:02

################################################################################
[1m                           Learning iteration 214/250                           [0m 

                               Run name: retention-native-20260907-v46
                            Total steps: 309600 
                       Steps per second: 878 
                        Collection time: 1.469s 
                          Learning time: 0.171s 
                        Mean value loss: 22.9924
                    Mean surrogate loss: 0.1247
             Mean online_retention loss: 0.0070
          Mean rehearsal_retention loss: 0.0057
                            Mean reward: 35.41
                    Mean episode length: 1944.29
                        Mean action std: 0.03
--------------------------------------------------------------------------------
                         Iteration time: 1.64s
                           Time elapsed: 0:06:11
                                    ETA: 0:01:00

################################################################################
[1m                           Learning iteration 215/250                           [0m 

                               Run name: retention-native-20260907-v46
                            Total steps: 311040 
                       Steps per second: 868 
                        Collection time: 1.490s 
                          Learning time: 0.168s 
                        Mean value loss: 10.0190
                    Mean surrogate loss: 0.2549
             Mean online_retention loss: 0.0119
          Mean rehearsal_retention loss: 0.0078
                            Mean reward: 35.41
                    Mean episode length: 1944.29
                        Mean action std: 0.01
--------------------------------------------------------------------------------
                         Iteration time: 1.66s
                           Time elapsed: 0:06:12
                                    ETA: 0:00:58

################################################################################
[1m                           Learning iteration 216/250                           [0m 

                               Run name: retention-native-20260907-v46
                            Total steps: 312480 
                       Steps per second: 870 
                        Collection time: 1.484s 
                          Learning time: 0.170s 
                        Mean value loss: 0.5828
                    Mean surrogate loss: 0.6249
             Mean online_retention loss: 0.0175
          Mean rehearsal_retention loss: 0.0134
                            Mean reward: 36.10
                    Mean episode length: 1952.17
                        Mean action std: 0.01
--------------------------------------------------------------------------------
                         Iteration time: 1.65s
                           Time elapsed: 0:06:14
                                    ETA: 0:00:56

################################################################################
[1m                           Learning iteration 217/250                           [0m 

                               Run name: retention-native-20260907-v46
                            Total steps: 313920 
                       Steps per second: 858 
                        Collection time: 1.499s 
                          Learning time: 0.178s 
                        Mean value loss: 0.5104
                    Mean surrogate loss: 0.6233
             Mean online_retention loss: 0.0263
          Mean rehearsal_retention loss: 0.0210
                            Mean reward: 36.10
                    Mean episode length: 1952.17
                        Mean action std: 0.01
--------------------------------------------------------------------------------
                         Iteration time: 1.68s
                           Time elapsed: 0:06:16
                                    ETA: 0:00:55

################################################################################
[1m                           Learning iteration 218/250                           [0m 

                               Run name: retention-native-20260907-v46
                            Total steps: 315360 
                       Steps per second: 878 
                        Collection time: 1.469s 
                          Learning time: 0.171s 
                        Mean value loss: 1.4921
                    Mean surrogate loss: 0.1511
             Mean online_retention loss: 0.0272
          Mean rehearsal_retention loss: 0.0219
                            Mean reward: 36.10
                    Mean episode length: 1952.17
                        Mean action std: 0.01
--------------------------------------------------------------------------------
                         Iteration time: 1.64s
                           Time elapsed: 0:06:17
                                    ETA: 0:00:53

################################################################################
[1m                           Learning iteration 219/250                           [0m 

                               Run name: retention-native-20260907-v46
                            Total steps: 316800 
                       Steps per second: 842 
                        Collection time: 1.522s 
                          Learning time: 0.186s 
                        Mean value loss: 1.2134
                    Mean surrogate loss: 0.3119
             Mean online_retention loss: 0.0261
          Mean rehearsal_retention loss: 0.0201
                            Mean reward: 36.10
                    Mean episode length: 1952.17
                        Mean action std: 0.01
--------------------------------------------------------------------------------
                         Iteration time: 1.71s
                           Time elapsed: 0:06:19
                                    ETA: 0:00:51

################################################################################
[1m                           Learning iteration 220/250                           [0m 

                               Run name: retention-native-20260907-v46
                            Total steps: 318240 
                       Steps per second: 869 
                        Collection time: 1.488s 
                          Learning time: 0.168s 
                        Mean value loss: 0.4282
                    Mean surrogate loss: 0.5681
             Mean online_retention loss: 0.0291
          Mean rehearsal_retention loss: 0.0204
                            Mean reward: 36.10
                    Mean episode length: 1952.17
                        Mean action std: 0.01
--------------------------------------------------------------------------------
                         Iteration time: 1.66s
                           Time elapsed: 0:06:21
                                    ETA: 0:00:50

################################################################################
[1m                           Learning iteration 221/250                           [0m 

                               Run name: retention-native-20260907-v46
                            Total steps: 319680 
                       Steps per second: 864 
                        Collection time: 1.495s 
                          Learning time: 0.172s 
                        Mean value loss: 1.1502
                    Mean surrogate loss: 0.2197
             Mean online_retention loss: 0.0304
          Mean rehearsal_retention loss: 0.0204
                            Mean reward: 36.10
                    Mean episode length: 1952.17
                        Mean action std: 0.01
--------------------------------------------------------------------------------
                         Iteration time: 1.67s
                           Time elapsed: 0:06:22
                                    ETA: 0:00:48

################################################################################
[1m                           Learning iteration 222/250                           [0m 

                               Run name: retention-native-20260907-v46
                            Total steps: 321120 
                       Steps per second: 803 
                        Collection time: 1.593s 
                          Learning time: 0.199s 
                        Mean value loss: 0.5301
                    Mean surrogate loss: 0.6436
             Mean online_retention loss: 0.0305
          Mean rehearsal_retention loss: 0.0217
                            Mean reward: 36.10
                    Mean episode length: 1952.17
                        Mean action std: 0.01
--------------------------------------------------------------------------------
                         Iteration time: 1.79s
                           Time elapsed: 0:06:24
                                    ETA: 0:00:46

################################################################################
[1m                           Learning iteration 223/250                           [0m 

                               Run name: retention-native-20260907-v46
                            Total steps: 322560 
                       Steps per second: 811 
                        Collection time: 1.601s 
                          Learning time: 0.173s 
                        Mean value loss: 0.5163
                    Mean surrogate loss: 0.5660
             Mean online_retention loss: 0.0359
          Mean rehearsal_retention loss: 0.0232
                            Mean reward: 36.10
                    Mean episode length: 1952.17
                        Mean action std: 0.01
--------------------------------------------------------------------------------
                         Iteration time: 1.77s
                           Time elapsed: 0:06:26
                                    ETA: 0:00:44

################################################################################
[1m                           Learning iteration 224/250                           [0m 

                               Run name: retention-native-20260907-v46
                            Total steps: 324000 
                       Steps per second: 816 
                        Collection time: 1.596s 
                          Learning time: 0.169s 
                        Mean value loss: 0.3730
                    Mean surrogate loss: 0.7365
             Mean online_retention loss: 0.0353
          Mean rehearsal_retention loss: 0.0241
                            Mean reward: 89.92
                    Mean episode length: 2292.71
                        Mean action std: 0.01
--------------------------------------------------------------------------------
                         Iteration time: 1.76s
                           Time elapsed: 0:06:28
                                    ETA: 0:00:43

################################################################################
[1m                           Learning iteration 225/250                           [0m 

                               Run name: retention-native-20260907-v46
                            Total steps: 325440 
                       Steps per second: 830 
                        Collection time: 1.561s 
                          Learning time: 0.173s 
                        Mean value loss: 4.7158
                    Mean surrogate loss: 1.0200
             Mean online_retention loss: 0.0320
          Mean rehearsal_retention loss: 0.0237
                            Mean reward: 89.92
                    Mean episode length: 2292.71
                        Mean action std: 0.01
--------------------------------------------------------------------------------
                         Iteration time: 1.73s
                           Time elapsed: 0:06:30
                                    ETA: 0:00:41

################################################################################
[1m                           Learning iteration 226/250                           [0m 

                               Run name: retention-native-20260907-v46
                            Total steps: 326880 
                       Steps per second: 836 
                        Collection time: 1.532s 
                          Learning time: 0.188s 
                        Mean value loss: 0.6350
                    Mean surrogate loss: 0.8162
             Mean online_retention loss: 0.0337
          Mean rehearsal_retention loss: 0.0222
                            Mean reward: 89.92
                    Mean episode length: 2292.71
                        Mean action std: 0.01
--------------------------------------------------------------------------------
                         Iteration time: 1.72s
                           Time elapsed: 0:06:31
                                    ETA: 0:00:39

################################################################################
[1m                           Learning iteration 227/250                           [0m 

                               Run name: retention-native-20260907-v46
                            Total steps: 328320 
                       Steps per second: 853 
                        Collection time: 1.517s 
                          Learning time: 0.171s 
                        Mean value loss: 4.7196
                    Mean surrogate loss: 0.0972
             Mean online_retention loss: 0.0235
          Mean rehearsal_retention loss: 0.0157
                            Mean reward: 89.92
                    Mean episode length: 2292.71
                        Mean action std: 0.04
--------------------------------------------------------------------------------
                         Iteration time: 1.69s
                           Time elapsed: 0:06:33
                                    ETA: 0:00:37

################################################################################
[1m                           Learning iteration 228/250                           [0m 

                               Run name: retention-native-20260907-v46
                            Total steps: 329760 
                       Steps per second: 876 
                        Collection time: 1.455s 
                          Learning time: 0.189s 
                        Mean value loss: 85.5834
                    Mean surrogate loss: -0.0204
             Mean online_retention loss: 0.0123
          Mean rehearsal_retention loss: 0.0076
                            Mean reward: 87.33
                    Mean episode length: 2276.65
                        Mean action std: 0.04
--------------------------------------------------------------------------------
                         Iteration time: 1.64s
                           Time elapsed: 0:06:35
                                    ETA: 0:00:36

################################################################################
[1m                           Learning iteration 229/250                           [0m 

                               Run name: retention-native-20260907-v46
                            Total steps: 331200 
                       Steps per second: 873 
                        Collection time: 1.466s 
                          Learning time: 0.182s 
                        Mean value loss: 3.3466
                    Mean surrogate loss: -0.0696
             Mean online_retention loss: 0.0058
          Mean rehearsal_retention loss: 0.0050
                            Mean reward: 87.33
                    Mean episode length: 2276.65
                        Mean action std: 0.04
--------------------------------------------------------------------------------
                         Iteration time: 1.65s
                           Time elapsed: 0:06:36
                                    ETA: 0:00:34

################################################################################
[1m                           Learning iteration 230/250                           [0m 

                               Run name: retention-native-20260907-v46
                            Total steps: 332640 
                       Steps per second: 869 
                        Collection time: 1.483s 
                          Learning time: 0.172s 
                        Mean value loss: 0.7513
                    Mean surrogate loss: 0.0153
             Mean online_retention loss: 0.0059
          Mean rehearsal_retention loss: 0.0054
                            Mean reward: 87.33
                    Mean episode length: 2276.65
                        Mean action std: 0.04
--------------------------------------------------------------------------------
                         Iteration time: 1.66s
                           Time elapsed: 0:06:38
                                    ETA: 0:00:32

################################################################################
[1m                           Learning iteration 231/250                           [0m 

                               Run name: retention-native-20260907-v46
                            Total steps: 334080 
                       Steps per second: 890 
                        Collection time: 1.443s 
                          Learning time: 0.174s 
                        Mean value loss: 0.6880
                    Mean surrogate loss: -0.0049
             Mean online_retention loss: 0.0073
          Mean rehearsal_retention loss: 0.0060
                            Mean reward: 87.33
                    Mean episode length: 2276.65
                        Mean action std: 0.04
--------------------------------------------------------------------------------
                         Iteration time: 1.62s
                           Time elapsed: 0:06:39
                                    ETA: 0:00:31

################################################################################
[1m                           Learning iteration 232/250                           [0m 

                               Run name: retention-native-20260907-v46
                            Total steps: 335520 
                       Steps per second: 881 
                        Collection time: 1.468s 
                          Learning time: 0.165s 
                        Mean value loss: 0.5978
                    Mean surrogate loss: -0.0033
             Mean online_retention loss: 0.0084
          Mean rehearsal_retention loss: 0.0077
                            Mean reward: 87.33
                    Mean episode length: 2276.65
                        Mean action std: 0.04
--------------------------------------------------------------------------------
                         Iteration time: 1.63s
                           Time elapsed: 0:06:41
                                    ETA: 0:00:29

################################################################################
[1m                           Learning iteration 233/250                           [0m 

                               Run name: retention-native-20260907-v46
                            Total steps: 336960 
                       Steps per second: 886 
                        Collection time: 1.454s 
                          Learning time: 0.170s 
                        Mean value loss: 0.5763
                    Mean surrogate loss: -0.0018
             Mean online_retention loss: 0.0091
          Mean rehearsal_retention loss: 0.0082
                            Mean reward: 87.33
                    Mean episode length: 2276.65
                        Mean action std: 0.04
--------------------------------------------------------------------------------
                         Iteration time: 1.62s
                           Time elapsed: 0:06:43
                                    ETA: 0:00:27

################################################################################
[1m                           Learning iteration 234/250                           [0m 

                               Run name: retention-native-20260907-v46
                            Total steps: 338400 
                       Steps per second: 884 
                        Collection time: 1.456s 
                          Learning time: 0.171s 
                        Mean value loss: 0.9600
                    Mean surrogate loss: -0.0117
             Mean online_retention loss: 0.0098
          Mean rehearsal_retention loss: 0.0089
                            Mean reward: 87.33
                    Mean episode length: 2276.65
                        Mean action std: 0.04
--------------------------------------------------------------------------------
                         Iteration time: 1.63s
                           Time elapsed: 0:06:44
                                    ETA: 0:00:25

################################################################################
[1m                           Learning iteration 235/250                           [0m 

                               Run name: retention-native-20260907-v46
                            Total steps: 339840 
                       Steps per second: 869 
                        Collection time: 1.467s 
                          Learning time: 0.188s 
                        Mean value loss: 1.4479
                    Mean surrogate loss: -0.0234
             Mean online_retention loss: 0.0092
          Mean rehearsal_retention loss: 0.0075
                            Mean reward: 87.33
                    Mean episode length: 2276.65
                        Mean action std: 0.04
--------------------------------------------------------------------------------
                         Iteration time: 1.66s
                           Time elapsed: 0:06:46
                                    ETA: 0:00:24

################################################################################
[1m                           Learning iteration 236/250                           [0m 

                               Run name: retention-native-20260907-v46
                            Total steps: 341280 
                       Steps per second: 862 
                        Collection time: 1.490s 
                          Learning time: 0.180s 
                        Mean value loss: 0.5607
                    Mean surrogate loss: 0.0286
             Mean online_retention loss: 0.0090
          Mean rehearsal_retention loss: 0.0075
                            Mean reward: 87.33
                    Mean episode length: 2276.65
                        Mean action std: 0.04
--------------------------------------------------------------------------------
                         Iteration time: 1.67s
                           Time elapsed: 0:06:48
                                    ETA: 0:00:22

################################################################################
[1m                           Learning iteration 237/250                           [0m 

                               Run name: retention-native-20260907-v46
                            Total steps: 342720 
                       Steps per second: 880 
                        Collection time: 1.448s 
                          Learning time: 0.188s 
                        Mean value loss: 2.8961
                    Mean surrogate loss: -0.0420
             Mean online_retention loss: 0.0098
          Mean rehearsal_retention loss: 0.0081
                            Mean reward: 87.33
                    Mean episode length: 2276.65
                        Mean action std: 0.04
--------------------------------------------------------------------------------
                         Iteration time: 1.64s
                           Time elapsed: 0:06:49
                                    ETA: 0:00:20

################################################################################
[1m                           Learning iteration 238/250                           [0m 

                               Run name: retention-native-20260907-v46
                            Total steps: 344160 
                       Steps per second: 882 
                        Collection time: 1.465s 
                          Learning time: 0.167s 
                        Mean value loss: 0.7925
                    Mean surrogate loss: 0.0682
             Mean online_retention loss: 0.0092
          Mean rehearsal_retention loss: 0.0081
                            Mean reward: 87.33
                    Mean episode length: 2276.65
                        Mean action std: 0.04
--------------------------------------------------------------------------------
                         Iteration time: 1.63s
                           Time elapsed: 0:06:51
                                    ETA: 0:00:18

################################################################################
[1m                           Learning iteration 239/250                           [0m 

                               Run name: retention-native-20260907-v46
                            Total steps: 345600 
                       Steps per second: 859 
                        Collection time: 1.498s 
                          Learning time: 0.177s 
                        Mean value loss: 11.1785
                    Mean surrogate loss: -0.1144
             Mean online_retention loss: 0.0068
          Mean rehearsal_retention loss: 0.0054
                            Mean reward: 87.33
                    Mean episode length: 2276.65
                        Mean action std: 0.04
--------------------------------------------------------------------------------
                         Iteration time: 1.68s
                           Time elapsed: 0:06:53
                                    ETA: 0:00:17

################################################################################
[1m                           Learning iteration 240/250                           [0m 

                               Run name: retention-native-20260907-v46
                            Total steps: 347040 
                       Steps per second: 887 
                        Collection time: 1.456s 
                          Learning time: 0.167s 
                        Mean value loss: 35.7619
                    Mean surrogate loss: -0.1397
             Mean online_retention loss: 0.0048
          Mean rehearsal_retention loss: 0.0038
                            Mean reward: 84.56
                    Mean episode length: 2256.55
                        Mean action std: 0.04
--------------------------------------------------------------------------------
                         Iteration time: 1.62s
                           Time elapsed: 0:06:54
                                    ETA: 0:00:15

################################################################################
[1m                           Learning iteration 241/250                           [0m 

                               Run name: retention-native-20260907-v46
                            Total steps: 348480 
                       Steps per second: 876 
                        Collection time: 1.463s 
                          Learning time: 0.179s 
                        Mean value loss: 5.3391
                    Mean surrogate loss: -0.0137
             Mean online_retention loss: 0.0047
          Mean rehearsal_retention loss: 0.0034
                            Mean reward: 82.02
                    Mean episode length: 2236.44
                        Mean action std: 0.04
--------------------------------------------------------------------------------
                         Iteration time: 1.64s
                           Time elapsed: 0:06:56
                                    ETA: 0:00:13

################################################################################
[1m                           Learning iteration 242/250                           [0m 

                               Run name: retention-native-20260907-v46
                            Total steps: 349920 
                       Steps per second: 891 
                        Collection time: 1.443s 
                          Learning time: 0.172s 
                        Mean value loss: 1.0443
                    Mean surrogate loss: 0.0538
             Mean online_retention loss: 0.0059
          Mean rehearsal_retention loss: 0.0043
                            Mean reward: 82.02
                    Mean episode length: 2236.44
                        Mean action std: 0.04
--------------------------------------------------------------------------------
                         Iteration time: 1.62s
                           Time elapsed: 0:06:58
                                    ETA: 0:00:12

################################################################################
[1m                           Learning iteration 243/250                           [0m 

                               Run name: retention-native-20260907-v46
                            Total steps: 351360 
                       Steps per second: 897 
                        Collection time: 1.433s 
                          Learning time: 0.171s 
                        Mean value loss: 5.4000
                    Mean surrogate loss: -0.0461
             Mean online_retention loss: 0.0069
          Mean rehearsal_retention loss: 0.0060
                            Mean reward: 82.02
                    Mean episode length: 2236.44
                        Mean action std: 0.04
--------------------------------------------------------------------------------
                         Iteration time: 1.60s
                           Time elapsed: 0:06:59
                                    ETA: 0:00:10

################################################################################
[1m                           Learning iteration 244/250                           [0m 

                               Run name: retention-native-20260907-v46
                            Total steps: 352800 
                       Steps per second: 876 
                        Collection time: 1.462s 
                          Learning time: 0.181s 
                        Mean value loss: 2.0420
                    Mean surrogate loss: 0.0168
             Mean online_retention loss: 0.0067
          Mean rehearsal_retention loss: 0.0066
                            Mean reward: 82.02
                    Mean episode length: 2236.44
                        Mean action std: 0.04
--------------------------------------------------------------------------------
                         Iteration time: 1.64s
                           Time elapsed: 0:07:01
                                    ETA: 0:00:08

################################################################################
[1m                           Learning iteration 245/250                           [0m 

                               Run name: retention-native-20260907-v46
                            Total steps: 354240 
                       Steps per second: 879 
                        Collection time: 1.453s 
                          Learning time: 0.185s 
                        Mean value loss: 0.5853
                    Mean surrogate loss: 0.0598
             Mean online_retention loss: 0.0068
          Mean rehearsal_retention loss: 0.0067
                            Mean reward: 82.02
                    Mean episode length: 2236.44
                        Mean action std: 0.04
--------------------------------------------------------------------------------
                         Iteration time: 1.64s
                           Time elapsed: 0:07:02
                                    ETA: 0:00:06

################################################################################
[1m                           Learning iteration 246/250                           [0m 

                               Run name: retention-native-20260907-v46
                            Total steps: 355680 
                       Steps per second: 875 
                        Collection time: 1.453s 
                          Learning time: 0.191s 
                        Mean value loss: 1.4235
                    Mean surrogate loss: 0.0154
             Mean online_retention loss: 0.0079
          Mean rehearsal_retention loss: 0.0076
                            Mean reward: 82.02
                    Mean episode length: 2236.44
                        Mean action std: 0.04
--------------------------------------------------------------------------------
                         Iteration time: 1.64s
                           Time elapsed: 0:07:04
                                    ETA: 0:00:05

################################################################################
[1m                           Learning iteration 247/250                           [0m 

                               Run name: retention-native-20260907-v46
                            Total steps: 357120 
                       Steps per second: 891 
                        Collection time: 1.440s 
                          Learning time: 0.175s 
                        Mean value loss: 17.6026
                    Mean surrogate loss: -0.1039
             Mean online_retention loss: 0.0053
          Mean rehearsal_retention loss: 0.0045
                            Mean reward: 82.02
                    Mean episode length: 2236.44
                        Mean action std: 0.04
--------------------------------------------------------------------------------
                         Iteration time: 1.61s
                           Time elapsed: 0:07:06
                                    ETA: 0:00:03

################################################################################
[1m                           Learning iteration 248/250                           [0m 

                               Run name: retention-native-20260907-v46
                            Total steps: 358560 
                       Steps per second: 877 
                        Collection time: 1.467s 
                          Learning time: 0.173s 
                        Mean value loss: 15.0662
                    Mean surrogate loss: -0.0585
             Mean online_retention loss: 0.0037
          Mean rehearsal_retention loss: 0.0028
                            Mean reward: 79.92
                    Mean episode length: 2225.38
                        Mean action std: 0.04
--------------------------------------------------------------------------------
                         Iteration time: 1.64s
                           Time elapsed: 0:07:07
                                    ETA: 0:00:01

################################################################################
[1m                           Learning iteration 249/250                           [0m 

                               Run name: retention-native-20260907-v46
                            Total steps: 360000 
                       Steps per second: 882 
                        Collection time: 1.461s 
                          Learning time: 0.170s 
                        Mean value loss: 1.1841
                    Mean surrogate loss: 0.1170
             Mean online_retention loss: 0.0054
          Mean rehearsal_retention loss: 0.0041
                            Mean reward: 79.92
                    Mean episode length: 2225.38
                        Mean action std: 0.04
--------------------------------------------------------------------------------
                         Iteration time: 1.63s
                           Time elapsed: 0:07:09
                                    ETA: 0:00:00

{"status": "completed", "checkpoint": "model_249.pt", "elapsed_s": 434.42354000001797, "new_transitions": 360000}
