--------------------------------------------------------------------------------
Resolved observation sets: 
	 actor :  ['policy']
	 critic :  ['policy']
--------------------------------------------------------------------------------
Actor Model: RetainedStanderActor(
  (walking): MLPModel(
    (obs_normalizer): EmpiricalNormalization()
    (distribution): GaussianDistribution()
    (mlp): MLP(
      (0): Linear(in_features=61, out_features=512, bias=True)
      (1): ELU(alpha=1.0)
      (2): Linear(in_features=512, out_features=256, bias=True)
      (3): ELU(alpha=1.0)
      (4): Linear(in_features=256, out_features=128, bias=True)
      (5): ELU(alpha=1.0)
      (6): Linear(in_features=128, out_features=14, bias=True)
    )
  )
  (standing): MLPModel(
    (obs_normalizer): EmpiricalNormalization()
    (distribution): GaussianDistribution()
    (mlp): MLP(
      (0): Linear(in_features=61, out_features=512, bias=True)
      (1): ELU(alpha=1.0)
      (2): Linear(in_features=512, out_features=256, bias=True)
      (3): ELU(alpha=1.0)
      (4): Linear(in_features=256, out_features=128, bias=True)
      (5): ELU(alpha=1.0)
      (6): Linear(in_features=128, out_features=14, bias=True)
    )
  )
  (distribution): GaussianDistribution()
  (teacher): MLPModel(
    (obs_normalizer): EmpiricalNormalization()
    (distribution): GaussianDistribution()
    (mlp): MLP(
      (0): Linear(in_features=61, out_features=512, bias=True)
      (1): ELU(alpha=1.0)
      (2): Linear(in_features=512, out_features=256, bias=True)
      (3): ELU(alpha=1.0)
      (4): Linear(in_features=256, out_features=128, bias=True)
      (5): ELU(alpha=1.0)
      (6): Linear(in_features=128, out_features=14, bias=True)
    )
  )
)
Critic Model: MLPModel(
  (obs_normalizer): EmpiricalNormalization()
  (mlp): MLP(
    (0): Linear(in_features=61, out_features=512, bias=True)
    (1): ELU(alpha=1.0)
    (2): Linear(in_features=512, out_features=256, bias=True)
    (3): ELU(alpha=1.0)
    (4): Linear(in_features=256, out_features=128, bias=True)
    (5): ELU(alpha=1.0)
    (6): Linear(in_features=128, out_features=1, bias=True)
  )
)
Storing git diff for 'microduck-rl-genesis' in: /Users/kelly/Developer/microduck-rl-genesis/logs/standing-retention-native-20260908-v48/git/microduck-rl-genesis.diff
################################################################################
[1m                            Learning iteration 0/500                            [0m 

                               Run name: standing-retention-native-20260908-v48
                            Total steps: 1152 
                       Steps per second: 545 
                        Collection time: 1.377s 
                          Learning time: 0.735s 
                        Mean value loss: 5.9270
                    Mean surrogate loss: -0.1419
             Mean online_retention loss: 0.0127
          Mean rehearsal_retention loss: 0.0041
                        Mean action std: 0.04
--------------------------------------------------------------------------------
                         Iteration time: 2.11s
                           Time elapsed: 0:00:02
                                    ETA: 0:17:33

################################################################################
[1m                            Learning iteration 1/500                            [0m 

                               Run name: standing-retention-native-20260908-v48
                            Total steps: 2304 
                       Steps per second: 859 
                        Collection time: 1.180s 
                          Learning time: 0.160s 
                        Mean value loss: 259.2522
                    Mean surrogate loss: -0.0170
             Mean online_retention loss: 0.0038
          Mean rehearsal_retention loss: 0.0055
                            Mean reward: -145.88
                    Mean episode length: 41.33
                        Mean action std: 0.05
--------------------------------------------------------------------------------
                         Iteration time: 1.34s
                           Time elapsed: 0:00:03
                                    ETA: 0:14:19

################################################################################
[1m                            Learning iteration 2/500                            [0m 

                               Run name: standing-retention-native-20260908-v48
                            Total steps: 3456 
                       Steps per second: 869 
                        Collection time: 1.163s 
                          Learning time: 0.161s 
                        Mean value loss: 0.2384
                    Mean surrogate loss: -0.5462
             Mean online_retention loss: 0.0048
          Mean rehearsal_retention loss: 0.0068
                            Mean reward: -145.88
                    Mean episode length: 41.33
                        Mean action std: 0.03
--------------------------------------------------------------------------------
                         Iteration time: 1.32s
                           Time elapsed: 0:00:04
                                    ETA: 0:13:11

################################################################################
[1m                            Learning iteration 3/500                            [0m 

                               Run name: standing-retention-native-20260908-v48
                            Total steps: 4608 
                       Steps per second: 879 
                        Collection time: 1.155s 
                          Learning time: 0.154s 
                        Mean value loss: 0.3323
                    Mean surrogate loss: -0.2264
             Mean online_retention loss: 0.0107
          Mean rehearsal_retention loss: 0.0129
                            Mean reward: -145.88
                    Mean episode length: 41.33
                        Mean action std: 0.03
--------------------------------------------------------------------------------
                         Iteration time: 1.31s
                           Time elapsed: 0:00:06
                                    ETA: 0:12:34

################################################################################
[1m                            Learning iteration 4/500                            [0m 

                               Run name: standing-retention-native-20260908-v48
                            Total steps: 5760 
                       Steps per second: 886 
                        Collection time: 1.148s 
                          Learning time: 0.152s 
                        Mean value loss: 0.3165
                    Mean surrogate loss: -0.3919
             Mean online_retention loss: 0.0066
          Mean rehearsal_retention loss: 0.0088
                            Mean reward: -145.88
                    Mean episode length: 41.33
                        Mean action std: 0.02
--------------------------------------------------------------------------------
                         Iteration time: 1.30s
                           Time elapsed: 0:00:07
                                    ETA: 0:12:11

################################################################################
[1m                            Learning iteration 5/500                            [0m 

                               Run name: standing-retention-native-20260908-v48
                            Total steps: 6912 
                       Steps per second: 885 
                        Collection time: 1.137s 
                          Learning time: 0.165s 
                        Mean value loss: 0.3157
                    Mean surrogate loss: -0.3965
             Mean online_retention loss: 0.0102
          Mean rehearsal_retention loss: 0.0123
                            Mean reward: -145.88
                    Mean episode length: 41.33
                        Mean action std: 0.02
--------------------------------------------------------------------------------
                         Iteration time: 1.30s
                           Time elapsed: 0:00:08
                                    ETA: 0:11:55

################################################################################
[1m                            Learning iteration 6/500                            [0m 

                               Run name: standing-retention-native-20260908-v48
                            Total steps: 8064 
                       Steps per second: 888 
                        Collection time: 1.139s 
                          Learning time: 0.156s 
                        Mean value loss: 0.3137
                    Mean surrogate loss: -0.3522
             Mean online_retention loss: 0.0086
          Mean rehearsal_retention loss: 0.0106
                            Mean reward: -145.88
                    Mean episode length: 41.33
                        Mean action std: 0.02
--------------------------------------------------------------------------------
                         Iteration time: 1.30s
                           Time elapsed: 0:00:09
                                    ETA: 0:11:43

################################################################################
[1m                            Learning iteration 7/500                            [0m 

                               Run name: standing-retention-native-20260908-v48
                            Total steps: 9216 
                       Steps per second: 891 
                        Collection time: 1.139s 
                          Learning time: 0.154s 
                        Mean value loss: 0.3230
                    Mean surrogate loss: -0.4527
             Mean online_retention loss: 0.0067
          Mean rehearsal_retention loss: 0.0088
                            Mean reward: -145.88
                    Mean episode length: 41.33
                        Mean action std: 0.02
--------------------------------------------------------------------------------
                         Iteration time: 1.29s
                           Time elapsed: 0:00:11
                                    ETA: 0:11:33

################################################################################
[1m                            Learning iteration 8/500                            [0m 

                               Run name: standing-retention-native-20260908-v48
                            Total steps: 10368 
                       Steps per second: 885 
                        Collection time: 1.138s 
                          Learning time: 0.163s 
                        Mean value loss: 0.2944
                    Mean surrogate loss: -0.3995
             Mean online_retention loss: 0.0058
          Mean rehearsal_retention loss: 0.0079
                            Mean reward: -145.88
                    Mean episode length: 41.33
                        Mean action std: 0.02
--------------------------------------------------------------------------------
                         Iteration time: 1.30s
                           Time elapsed: 0:00:12
                                    ETA: 0:11:26

################################################################################
[1m                            Learning iteration 9/500                            [0m 

                               Run name: standing-retention-native-20260908-v48
                            Total steps: 11520 
                       Steps per second: 885 
                        Collection time: 1.144s 
                          Learning time: 0.157s 
                        Mean value loss: 0.3112
                    Mean surrogate loss: -0.3373
             Mean online_retention loss: 0.0065
          Mean rehearsal_retention loss: 0.0086
                            Mean reward: -145.88
                    Mean episode length: 41.33
                        Mean action std: 0.02
--------------------------------------------------------------------------------
                         Iteration time: 1.30s
                           Time elapsed: 0:00:13
                                    ETA: 0:11:20

################################################################################
[1m                           Learning iteration 10/500                            [0m 

                               Run name: standing-retention-native-20260908-v48
                            Total steps: 12672 
                       Steps per second: 895 
                        Collection time: 1.137s 
                          Learning time: 0.150s 
                        Mean value loss: 0.2912
                    Mean surrogate loss: -0.3895
             Mean online_retention loss: 0.0080
          Mean rehearsal_retention loss: 0.0103
                            Mean reward: -145.88
                    Mean episode length: 41.33
                        Mean action std: 0.02
--------------------------------------------------------------------------------
                         Iteration time: 1.29s
                           Time elapsed: 0:00:15
                                    ETA: 0:11:14

################################################################################
[1m                           Learning iteration 11/500                            [0m 

                               Run name: standing-retention-native-20260908-v48
                            Total steps: 13824 
                       Steps per second: 898 
                        Collection time: 1.133s 
                          Learning time: 0.150s 
                        Mean value loss: 0.3228
                    Mean surrogate loss: -0.3370
             Mean online_retention loss: 0.0066
          Mean rehearsal_retention loss: 0.0088
                            Mean reward: -145.88
                    Mean episode length: 41.33
                        Mean action std: 0.02
--------------------------------------------------------------------------------
                         Iteration time: 1.28s
                           Time elapsed: 0:00:16
                                    ETA: 0:11:08

################################################################################
[1m                           Learning iteration 12/500                            [0m 

                               Run name: standing-retention-native-20260908-v48
                            Total steps: 14976 
                       Steps per second: 896 
                        Collection time: 1.137s 
                          Learning time: 0.148s 
                        Mean value loss: 0.2241
                    Mean surrogate loss: 0.3126
             Mean online_retention loss: 0.0078
          Mean rehearsal_retention loss: 0.0094
                            Mean reward: -145.88
                    Mean episode length: 41.33
                        Mean action std: 0.01
--------------------------------------------------------------------------------
                         Iteration time: 1.28s
                           Time elapsed: 0:00:17
                                    ETA: 0:11:04

################################################################################
[1m                           Learning iteration 13/500                            [0m 

                               Run name: standing-retention-native-20260908-v48
                            Total steps: 16128 
                       Steps per second: 906 
                        Collection time: 1.123s 
                          Learning time: 0.147s 
                        Mean value loss: 0.4224
                    Mean surrogate loss: 0.0000
             Mean online_retention loss: 0.0000
          Mean rehearsal_retention loss: 0.0032
                            Mean reward: -145.88
                    Mean episode length: 41.33
                        Mean action std: 0.00
--------------------------------------------------------------------------------
                         Iteration time: 1.27s
                           Time elapsed: 0:00:19
                                    ETA: 0:10:59

################################################################################
[1m                           Learning iteration 14/500                            [0m 

                               Run name: standing-retention-native-20260908-v48
                            Total steps: 17280 
                       Steps per second: 901 
                        Collection time: 1.111s 
                          Learning time: 0.167s 
                        Mean value loss: 0.2397
                    Mean surrogate loss: 0.0000
             Mean online_retention loss: 0.0000
          Mean rehearsal_retention loss: 0.0006
                            Mean reward: -145.88
                    Mean episode length: 41.33
                        Mean action std: 0.00
--------------------------------------------------------------------------------
                         Iteration time: 1.28s
                           Time elapsed: 0:00:20
                                    ETA: 0:10:55

################################################################################
[1m                           Learning iteration 15/500                            [0m 

                               Run name: standing-retention-native-20260908-v48
                            Total steps: 18432 
                       Steps per second: 877 
                        Collection time: 1.159s 
                          Learning time: 0.154s 
                        Mean value loss: 0.2193
                    Mean surrogate loss: 0.0000
             Mean online_retention loss: 0.0000
          Mean rehearsal_retention loss: 0.0002
                            Mean reward: -145.88
                    Mean episode length: 41.33
                        Mean action std: 0.00
--------------------------------------------------------------------------------
                         Iteration time: 1.31s
                           Time elapsed: 0:00:21
                                    ETA: 0:10:53

################################################################################
[1m                           Learning iteration 16/500                            [0m 

                               Run name: standing-retention-native-20260908-v48
                            Total steps: 19584 
                       Steps per second: 908 
                        Collection time: 1.120s 
                          Learning time: 0.149s 
                        Mean value loss: 0.1994
                    Mean surrogate loss: 0.0000
             Mean online_retention loss: 0.0000
          Mean rehearsal_retention loss: 0.0001
                            Mean reward: -145.88
                    Mean episode length: 41.33
                        Mean action std: 0.00
--------------------------------------------------------------------------------
                         Iteration time: 1.27s
                           Time elapsed: 0:00:22
                                    ETA: 0:10:49

################################################################################
[1m                           Learning iteration 17/500                            [0m 

                               Run name: standing-retention-native-20260908-v48
                            Total steps: 20736 
                       Steps per second: 891 
                        Collection time: 1.123s 
                          Learning time: 0.169s 
                        Mean value loss: 0.2196
                    Mean surrogate loss: 0.0000
             Mean online_retention loss: 0.0000
          Mean rehearsal_retention loss: 0.0001
                            Mean reward: -145.88
                    Mean episode length: 41.33
                        Mean action std: 0.00
--------------------------------------------------------------------------------
                         Iteration time: 1.29s
                           Time elapsed: 0:00:24
                                    ETA: 0:10:46

################################################################################
[1m                           Learning iteration 18/500                            [0m 

                               Run name: standing-retention-native-20260908-v48
                            Total steps: 21888 
                       Steps per second: 891 
                        Collection time: 1.121s 
                          Learning time: 0.172s 
                        Mean value loss: 0.1999
                    Mean surrogate loss: 0.0000
             Mean online_retention loss: 0.0000
          Mean rehearsal_retention loss: 0.0001
                            Mean reward: -145.88
                    Mean episode length: 41.33
                        Mean action std: 0.00
--------------------------------------------------------------------------------
                         Iteration time: 1.29s
                           Time elapsed: 0:00:25
                                    ETA: 0:10:44

################################################################################
[1m                           Learning iteration 19/500                            [0m 

                               Run name: standing-retention-native-20260908-v48
                            Total steps: 23040 
                       Steps per second: 875 
                        Collection time: 1.145s 
                          Learning time: 0.171s 
                        Mean value loss: 0.1973
                    Mean surrogate loss: 0.0000
             Mean online_retention loss: 0.0000
          Mean rehearsal_retention loss: 0.0001
                            Mean reward: -145.88
                    Mean episode length: 41.33
                        Mean action std: 0.00
--------------------------------------------------------------------------------
                         Iteration time: 1.32s
                           Time elapsed: 0:00:26
                                    ETA: 0:10:42

################################################################################
[1m                           Learning iteration 20/500                            [0m 

                               Run name: standing-retention-native-20260908-v48
                            Total steps: 24192 
                       Steps per second: 884 
                        Collection time: 1.131s 
                          Learning time: 0.172s 
                        Mean value loss: 0.2047
                    Mean surrogate loss: 0.0000
             Mean online_retention loss: 0.0000
          Mean rehearsal_retention loss: 0.0000
                            Mean reward: -145.88
                    Mean episode length: 41.33
                        Mean action std: 0.00
--------------------------------------------------------------------------------
                         Iteration time: 1.30s
                           Time elapsed: 0:00:28
                                    ETA: 0:10:40

################################################################################
[1m                           Learning iteration 21/500                            [0m 

                               Run name: standing-retention-native-20260908-v48
                            Total steps: 25344 
                       Steps per second: 893 
                        Collection time: 1.132s 
                          Learning time: 0.156s 
                        Mean value loss: 0.2010
                    Mean surrogate loss: 0.0000
             Mean online_retention loss: 0.0000
          Mean rehearsal_retention loss: 0.0000
                            Mean reward: -145.88
                    Mean episode length: 41.33
                        Mean action std: 0.00
--------------------------------------------------------------------------------
                         Iteration time: 1.29s
                           Time elapsed: 0:00:29
                                    ETA: 0:10:37

################################################################################
[1m                           Learning iteration 22/500                            [0m 

                               Run name: standing-retention-native-20260908-v48
                            Total steps: 26496 
                       Steps per second: 895 
                        Collection time: 1.132s 
                          Learning time: 0.155s 
                        Mean value loss: 0.1945
                    Mean surrogate loss: 0.0000
             Mean online_retention loss: 0.0000
          Mean rehearsal_retention loss: 0.0000
                            Mean reward: -145.88
                    Mean episode length: 41.33
                        Mean action std: 0.00
--------------------------------------------------------------------------------
                         Iteration time: 1.29s
                           Time elapsed: 0:00:30
                                    ETA: 0:10:35

################################################################################
[1m                           Learning iteration 23/500                            [0m 

                               Run name: standing-retention-native-20260908-v48
                            Total steps: 27648 
                       Steps per second: 894 
                        Collection time: 1.129s 
                          Learning time: 0.159s 
                        Mean value loss: 0.2358
                    Mean surrogate loss: 0.0000
             Mean online_retention loss: 0.0000
          Mean rehearsal_retention loss: 0.0000
                            Mean reward: -145.88
                    Mean episode length: 41.33
                        Mean action std: 0.00
--------------------------------------------------------------------------------
                         Iteration time: 1.29s
                           Time elapsed: 0:00:31
                                    ETA: 0:10:33

################################################################################
[1m                           Learning iteration 24/500                            [0m 

                               Run name: standing-retention-native-20260908-v48
                            Total steps: 28800 
                       Steps per second: 920 
                        Collection time: 1.104s 
                          Learning time: 0.147s 
                        Mean value loss: 0.2184
                    Mean surrogate loss: 0.0000
             Mean online_retention loss: 0.0000
          Mean rehearsal_retention loss: 0.0000
                            Mean reward: -145.88
                    Mean episode length: 41.33
                        Mean action std: 0.00
--------------------------------------------------------------------------------
                         Iteration time: 1.25s
                           Time elapsed: 0:00:33
                                    ETA: 0:10:30

################################################################################
[1m                           Learning iteration 25/500                            [0m 

                               Run name: standing-retention-native-20260908-v48
                            Total steps: 29952 
                       Steps per second: 899 
                        Collection time: 1.126s 
                          Learning time: 0.154s 
                        Mean value loss: 0.2057
                    Mean surrogate loss: 0.0000
             Mean online_retention loss: 0.0000
          Mean rehearsal_retention loss: 0.0000
                            Mean reward: -145.88
                    Mean episode length: 41.33
                        Mean action std: 0.00
--------------------------------------------------------------------------------
                         Iteration time: 1.28s
                           Time elapsed: 0:00:34
                                    ETA: 0:10:28

################################################################################
[1m                           Learning iteration 26/500                            [0m 

                               Run name: standing-retention-native-20260908-v48
                            Total steps: 31104 
                       Steps per second: 902 
                        Collection time: 1.118s 
                          Learning time: 0.158s 
                        Mean value loss: 0.2195
                    Mean surrogate loss: 0.0000
             Mean online_retention loss: 0.0000
          Mean rehearsal_retention loss: 0.0000
                            Mean reward: -145.88
                    Mean episode length: 41.33
                        Mean action std: 0.00
--------------------------------------------------------------------------------
                         Iteration time: 1.28s
                           Time elapsed: 0:00:35
                                    ETA: 0:10:25

################################################################################
[1m                           Learning iteration 27/500                            [0m 

                               Run name: standing-retention-native-20260908-v48
                            Total steps: 32256 
                       Steps per second: 895 
                        Collection time: 1.135s 
                          Learning time: 0.152s 
                        Mean value loss: 28.1401
                    Mean surrogate loss: 0.5200
             Mean online_retention loss: 0.0378
          Mean rehearsal_retention loss: 0.0073
                            Mean reward: -145.88
                    Mean episode length: 41.33
                        Mean action std: 0.01
--------------------------------------------------------------------------------
                         Iteration time: 1.29s
                           Time elapsed: 0:00:37
                                    ETA: 0:10:24

################################################################################
[1m                           Learning iteration 28/500                            [0m 

                               Run name: standing-retention-native-20260908-v48
                            Total steps: 33408 
                       Steps per second: 865 
                        Collection time: 1.173s 
                          Learning time: 0.158s 
                        Mean value loss: 225.5351
                    Mean surrogate loss: 0.1974
             Mean online_retention loss: 0.0112
          Mean rehearsal_retention loss: 0.0098
                            Mean reward: -128.38
                    Mean episode length: 365.83
                        Mean action std: 0.02
--------------------------------------------------------------------------------
                         Iteration time: 1.33s
                           Time elapsed: 0:00:38
                                    ETA: 0:10:22

################################################################################
[1m                           Learning iteration 29/500                            [0m 

                               Run name: standing-retention-native-20260908-v48
                            Total steps: 34560 
                       Steps per second: 880 
                        Collection time: 1.151s 
                          Learning time: 0.158s 
                        Mean value loss: 29.7333
                    Mean surrogate loss: 0.1481
             Mean online_retention loss: 0.0072
          Mean rehearsal_retention loss: 0.0108
                            Mean reward: -124.48
                    Mean episode length: 413.86
                        Mean action std: 0.03
--------------------------------------------------------------------------------
                         Iteration time: 1.31s
                           Time elapsed: 0:00:39
                                    ETA: 0:10:21

################################################################################
[1m                           Learning iteration 30/500                            [0m 

                               Run name: standing-retention-native-20260908-v48
                            Total steps: 35712 
                       Steps per second: 881 
                        Collection time: 1.159s 
                          Learning time: 0.148s 
                        Mean value loss: 178.8450
                    Mean surrogate loss: 0.2472
             Mean online_retention loss: 0.0056
          Mean rehearsal_retention loss: 0.0127
                            Mean reward: -127.70
                    Mean episode length: 337.64
                        Mean action std: 0.02
--------------------------------------------------------------------------------
                         Iteration time: 1.31s
                           Time elapsed: 0:00:40
                                    ETA: 0:10:19

################################################################################
[1m                           Learning iteration 31/500                            [0m 

                               Run name: standing-retention-native-20260908-v48
                            Total steps: 36864 
                       Steps per second: 866 
                        Collection time: 1.168s 
                          Learning time: 0.162s 
                        Mean value loss: 56.1953
                    Mean surrogate loss: 0.0730
             Mean online_retention loss: 0.0054
          Mean rehearsal_retention loss: 0.0161
                            Mean reward: -126.39
                    Mean episode length: 369.00
                        Mean action std: 0.03
--------------------------------------------------------------------------------
                         Iteration time: 1.33s
                           Time elapsed: 0:00:42
                                    ETA: 0:10:18

################################################################################
[1m                           Learning iteration 32/500                            [0m 

                               Run name: standing-retention-native-20260908-v48
                            Total steps: 38016 
                       Steps per second: 875 
                        Collection time: 1.159s 
                          Learning time: 0.157s 
                        Mean value loss: 104.2715
                    Mean surrogate loss: 0.3188
             Mean online_retention loss: 0.0045
          Mean rehearsal_retention loss: 0.0167
                            Mean reward: -132.53
                    Mean episode length: 344.23
                        Mean action std: 0.02
--------------------------------------------------------------------------------
                         Iteration time: 1.32s
                           Time elapsed: 0:00:43
                                    ETA: 0:10:17

################################################################################
[1m                           Learning iteration 33/500                            [0m 

                               Run name: standing-retention-native-20260908-v48
                            Total steps: 39168 
                       Steps per second: 880 
                        Collection time: 1.151s 
                          Learning time: 0.157s 
                        Mean value loss: 60.4109
                    Mean surrogate loss: 0.0617
             Mean online_retention loss: 0.0029
          Mean rehearsal_retention loss: 0.0153
                            Mean reward: -135.20
                    Mean episode length: 322.79
                        Mean action std: 0.02
--------------------------------------------------------------------------------
                         Iteration time: 1.31s
                           Time elapsed: 0:00:44
                                    ETA: 0:10:15

################################################################################
[1m                           Learning iteration 34/500                            [0m 

                               Run name: standing-retention-native-20260908-v48
                            Total steps: 40320 
                       Steps per second: 880 
                        Collection time: 1.144s 
                          Learning time: 0.164s 
                        Mean value loss: 0.6068
                    Mean surrogate loss: -0.2408
             Mean online_retention loss: 0.0038
          Mean rehearsal_retention loss: 0.0144
                            Mean reward: -135.20
                    Mean episode length: 322.79
                        Mean action std: 0.03
--------------------------------------------------------------------------------
                         Iteration time: 1.31s
                           Time elapsed: 0:00:46
                                    ETA: 0:10:14

################################################################################
[1m                           Learning iteration 35/500                            [0m 

                               Run name: standing-retention-native-20260908-v48
                            Total steps: 41472 
                       Steps per second: 879 
                        Collection time: 1.154s 
                          Learning time: 0.155s 
                        Mean value loss: 0.7219
                    Mean surrogate loss: -0.1192
             Mean online_retention loss: 0.0052
          Mean rehearsal_retention loss: 0.0146
                            Mean reward: -135.20
                    Mean episode length: 322.79
                        Mean action std: 0.02
--------------------------------------------------------------------------------
                         Iteration time: 1.31s
                           Time elapsed: 0:00:47
                                    ETA: 0:10:12

################################################################################
[1m                           Learning iteration 36/500                            [0m 

                               Run name: standing-retention-native-20260908-v48
                            Total steps: 42624 
                       Steps per second: 864 
                        Collection time: 1.167s 
                          Learning time: 0.166s 
                        Mean value loss: 0.4987
                    Mean surrogate loss: -0.1731
             Mean online_retention loss: 0.0067
          Mean rehearsal_retention loss: 0.0146
                            Mean reward: -135.20
                    Mean episode length: 322.79
                        Mean action std: 0.02
--------------------------------------------------------------------------------
                         Iteration time: 1.33s
                           Time elapsed: 0:00:48
                                    ETA: 0:10:11

################################################################################
[1m                           Learning iteration 37/500                            [0m 

                               Run name: standing-retention-native-20260908-v48
                            Total steps: 43776 
                       Steps per second: 882 
                        Collection time: 1.150s 
                          Learning time: 0.155s 
                        Mean value loss: 15.8486
                    Mean surrogate loss: -0.4221
             Mean online_retention loss: 0.0401
          Mean rehearsal_retention loss: 0.0146
                            Mean reward: -135.20
                    Mean episode length: 322.79
                        Mean action std: 0.03
--------------------------------------------------------------------------------
                         Iteration time: 1.31s
                           Time elapsed: 0:00:50
                                    ETA: 0:10:10

################################################################################
[1m                           Learning iteration 38/500                            [0m 

                               Run name: standing-retention-native-20260908-v48
                            Total steps: 44928 
                       Steps per second: 887 
                        Collection time: 1.147s 
                          Learning time: 0.151s 
                        Mean value loss: 4.1283
                    Mean surrogate loss: -0.0091
             Mean online_retention loss: 0.0267
          Mean rehearsal_retention loss: 0.0155
                            Mean reward: -135.20
                    Mean episode length: 322.79
                        Mean action std: 0.04
--------------------------------------------------------------------------------
                         Iteration time: 1.30s
                           Time elapsed: 0:00:51
                                    ETA: 0:10:08

################################################################################
[1m                           Learning iteration 39/500                            [0m 

                               Run name: standing-retention-native-20260908-v48
                            Total steps: 46080 
                       Steps per second: 873 
                        Collection time: 1.176s 
                          Learning time: 0.143s 
                        Mean value loss: 176.6111
                    Mean surrogate loss: 0.0574
             Mean online_retention loss: 0.0082
          Mean rehearsal_retention loss: 0.0157
                            Mean reward: -128.21
                    Mean episode length: 433.76
                        Mean action std: 0.04
--------------------------------------------------------------------------------
                         Iteration time: 1.32s
                           Time elapsed: 0:00:52
                                    ETA: 0:10:07

################################################################################
[1m                           Learning iteration 40/500                            [0m 

                               Run name: standing-retention-native-20260908-v48
                            Total steps: 47232 
                       Steps per second: 887 
                        Collection time: 1.145s 
                          Learning time: 0.153s 
                        Mean value loss: 1.7337
                    Mean surrogate loss: 0.2378
             Mean online_retention loss: 0.0109
          Mean rehearsal_retention loss: 0.0184
                            Mean reward: -128.21
                    Mean episode length: 433.76
                        Mean action std: 0.02
--------------------------------------------------------------------------------
                         Iteration time: 1.30s
                           Time elapsed: 0:00:54
                                    ETA: 0:10:05

################################################################################
[1m                           Learning iteration 41/500                            [0m 

                               Run name: standing-retention-native-20260908-v48
                            Total steps: 48384 
                       Steps per second: 874 
                        Collection time: 1.159s 
                          Learning time: 0.159s 
                        Mean value loss: 0.8633
                    Mean surrogate loss: -0.1064
             Mean online_retention loss: 0.0077
          Mean rehearsal_retention loss: 0.0157
                            Mean reward: -128.21
                    Mean episode length: 433.76
                        Mean action std: 0.02
--------------------------------------------------------------------------------
                         Iteration time: 1.32s
                           Time elapsed: 0:00:55
                                    ETA: 0:10:04

################################################################################
[1m                           Learning iteration 42/500                            [0m 

                               Run name: standing-retention-native-20260908-v48
                            Total steps: 49536 
                       Steps per second: 883 
                        Collection time: 1.142s 
                          Learning time: 0.162s 
                        Mean value loss: 47.7559
                    Mean surrogate loss: 0.1331
             Mean online_retention loss: 0.0047
          Mean rehearsal_retention loss: 0.0139
                            Mean reward: -123.87
                    Mean episode length: 466.44
                        Mean action std: 0.02
--------------------------------------------------------------------------------
                         Iteration time: 1.30s
                           Time elapsed: 0:00:56
                                    ETA: 0:10:02

################################################################################
[1m                           Learning iteration 43/500                            [0m 

                               Run name: standing-retention-native-20260908-v48
                            Total steps: 50688 
                       Steps per second: 887 
                        Collection time: 1.145s 
                          Learning time: 0.153s 
                        Mean value loss: 0.4267
                    Mean surrogate loss: -0.3130
             Mean online_retention loss: 0.0079
          Mean rehearsal_retention loss: 0.0168
                            Mean reward: -123.87
                    Mean episode length: 466.44
                        Mean action std: 0.02
--------------------------------------------------------------------------------
                         Iteration time: 1.30s
                           Time elapsed: 0:00:58
                                    ETA: 0:10:01

################################################################################
[1m                           Learning iteration 44/500                            [0m 

                               Run name: standing-retention-native-20260908-v48
                            Total steps: 51840 
                       Steps per second: 892 
                        Collection time: 1.134s 
                          Learning time: 0.157s 
                        Mean value loss: 0.4323
                    Mean surrogate loss: -0.4071
             Mean online_retention loss: 0.0082
          Mean rehearsal_retention loss: 0.0171
                            Mean reward: -123.87
                    Mean episode length: 466.44
                        Mean action std: 0.02
--------------------------------------------------------------------------------
                         Iteration time: 1.29s
                           Time elapsed: 0:00:59
                                    ETA: 0:09:59

################################################################################
[1m                           Learning iteration 45/500                            [0m 

                               Run name: standing-retention-native-20260908-v48
                            Total steps: 52992 
                       Steps per second: 879 
                        Collection time: 1.137s 
                          Learning time: 0.172s 
                        Mean value loss: 0.3132
                    Mean surrogate loss: -0.3517
             Mean online_retention loss: 0.0081
          Mean rehearsal_retention loss: 0.0172
                            Mean reward: -123.87
                    Mean episode length: 466.44
                        Mean action std: 0.02
--------------------------------------------------------------------------------
                         Iteration time: 1.31s
                           Time elapsed: 0:01:00
                                    ETA: 0:09:58

################################################################################
[1m                           Learning iteration 46/500                            [0m 

                               Run name: standing-retention-native-20260908-v48
                            Total steps: 54144 
                       Steps per second: 885 
                        Collection time: 1.143s 
                          Learning time: 0.158s 
                        Mean value loss: 0.3492
                    Mean surrogate loss: -0.3122
             Mean online_retention loss: 0.0107
          Mean rehearsal_retention loss: 0.0205
                            Mean reward: -123.87
                    Mean episode length: 466.44
                        Mean action std: 0.02
--------------------------------------------------------------------------------
                         Iteration time: 1.30s
                           Time elapsed: 0:01:01
                                    ETA: 0:09:56

################################################################################
[1m                           Learning iteration 47/500                            [0m 

                               Run name: standing-retention-native-20260908-v48
                            Total steps: 55296 
                       Steps per second: 890 
                        Collection time: 1.141s 
                          Learning time: 0.153s 
                        Mean value loss: 0.3436
                    Mean surrogate loss: -0.4420
             Mean online_retention loss: 0.0083
          Mean rehearsal_retention loss: 0.0167
                            Mean reward: -123.87
                    Mean episode length: 466.44
                        Mean action std: 0.02
--------------------------------------------------------------------------------
                         Iteration time: 1.29s
                           Time elapsed: 0:01:03
                                    ETA: 0:09:55

################################################################################
[1m                           Learning iteration 48/500                            [0m 

                               Run name: standing-retention-native-20260908-v48
                            Total steps: 56448 
                       Steps per second: 887 
                        Collection time: 1.144s 
                          Learning time: 0.155s 
                        Mean value loss: 0.3427
                    Mean surrogate loss: -0.4040
             Mean online_retention loss: 0.0112
          Mean rehearsal_retention loss: 0.0194
                            Mean reward: -123.87
                    Mean episode length: 466.44
                        Mean action std: 0.02
--------------------------------------------------------------------------------
                         Iteration time: 1.30s
                           Time elapsed: 0:01:04
                                    ETA: 0:09:53

################################################################################
[1m                           Learning iteration 49/500                            [0m 

                               Run name: standing-retention-native-20260908-v48
                            Total steps: 57600 
                       Steps per second: 889 
                        Collection time: 1.148s 
                          Learning time: 0.148s 
                        Mean value loss: 0.2715
                    Mean surrogate loss: -0.4681
             Mean online_retention loss: 0.0146
          Mean rehearsal_retention loss: 0.0227
                            Mean reward: -123.87
                    Mean episode length: 466.44
                        Mean action std: 0.02
--------------------------------------------------------------------------------
                         Iteration time: 1.30s
                           Time elapsed: 0:01:05
                                    ETA: 0:09:52

################################################################################
[1m                           Learning iteration 50/500                            [0m 

                               Run name: standing-retention-native-20260908-v48
                            Total steps: 58752 
                       Steps per second: 881 
                        Collection time: 1.145s 
                          Learning time: 0.162s 
                        Mean value loss: 0.6662
                    Mean surrogate loss: 0.0000
             Mean online_retention loss: 0.0000
          Mean rehearsal_retention loss: 0.0092
                            Mean reward: -123.87
                    Mean episode length: 466.44
                        Mean action std: 0.00
--------------------------------------------------------------------------------
                         Iteration time: 1.31s
                           Time elapsed: 0:01:07
                                    ETA: 0:09:50

################################################################################
[1m                           Learning iteration 51/500                            [0m 

                               Run name: standing-retention-native-20260908-v48
                            Total steps: 59904 
                       Steps per second: 891 
                        Collection time: 1.124s 
                          Learning time: 0.167s 
                        Mean value loss: 0.4810
                    Mean surrogate loss: 0.0000
             Mean online_retention loss: 0.0000
          Mean rehearsal_retention loss: 0.0027
                            Mean reward: -123.87
                    Mean episode length: 466.44
                        Mean action std: 0.00
--------------------------------------------------------------------------------
                         Iteration time: 1.29s
                           Time elapsed: 0:01:08
                                    ETA: 0:09:49

################################################################################
[1m                           Learning iteration 52/500                            [0m 

                               Run name: standing-retention-native-20260908-v48
                            Total steps: 61056 
                       Steps per second: 891 
                        Collection time: 1.134s 
                          Learning time: 0.158s 
                        Mean value loss: 0.2577
                    Mean surrogate loss: 0.0000
             Mean online_retention loss: 0.0000
          Mean rehearsal_retention loss: 0.0014
                            Mean reward: -123.87
                    Mean episode length: 466.44
                        Mean action std: 0.00
--------------------------------------------------------------------------------
                         Iteration time: 1.29s
                           Time elapsed: 0:01:09
                                    ETA: 0:09:47

################################################################################
[1m                           Learning iteration 53/500                            [0m 

                               Run name: standing-retention-native-20260908-v48
                            Total steps: 62208 
                       Steps per second: 893 
                        Collection time: 1.130s 
                          Learning time: 0.160s 
                        Mean value loss: 0.2774
                    Mean surrogate loss: 0.0000
             Mean online_retention loss: 0.0000
          Mean rehearsal_retention loss: 0.0010
                            Mean reward: -123.87
                    Mean episode length: 466.44
                        Mean action std: 0.00
--------------------------------------------------------------------------------
                         Iteration time: 1.29s
                           Time elapsed: 0:01:10
                                    ETA: 0:09:46

################################################################################
[1m                           Learning iteration 54/500                            [0m 

                               Run name: standing-retention-native-20260908-v48
                            Total steps: 63360 
                       Steps per second: 905 
                        Collection time: 1.114s 
                          Learning time: 0.158s 
                        Mean value loss: 0.2903
                    Mean surrogate loss: 0.0000
             Mean online_retention loss: 0.0000
          Mean rehearsal_retention loss: 0.0008
                            Mean reward: -123.87
                    Mean episode length: 466.44
                        Mean action std: 0.00
--------------------------------------------------------------------------------
                         Iteration time: 1.27s
                           Time elapsed: 0:01:12
                                    ETA: 0:09:44

################################################################################
[1m                           Learning iteration 55/500                            [0m 

                               Run name: standing-retention-native-20260908-v48
                            Total steps: 64512 
                       Steps per second: 889 
                        Collection time: 1.130s 
                          Learning time: 0.165s 
                        Mean value loss: 0.2820
                    Mean surrogate loss: 0.0000
             Mean online_retention loss: 0.0000
          Mean rehearsal_retention loss: 0.0006
                            Mean reward: -123.87
                    Mean episode length: 466.44
                        Mean action std: 0.00
--------------------------------------------------------------------------------
                         Iteration time: 1.30s
                           Time elapsed: 0:01:13
                                    ETA: 0:09:43

################################################################################
[1m                           Learning iteration 56/500                            [0m 

                               Run name: standing-retention-native-20260908-v48
                            Total steps: 65664 
                       Steps per second: 892 
                        Collection time: 1.139s 
                          Learning time: 0.152s 
                        Mean value loss: 0.2554
                    Mean surrogate loss: 0.0000
             Mean online_retention loss: 0.0000
          Mean rehearsal_retention loss: 0.0005
                            Mean reward: -123.87
                    Mean episode length: 466.44
                        Mean action std: 0.00
--------------------------------------------------------------------------------
                         Iteration time: 1.29s
                           Time elapsed: 0:01:14
                                    ETA: 0:09:41

################################################################################
[1m                           Learning iteration 57/500                            [0m 

                               Run name: standing-retention-native-20260908-v48
                            Total steps: 66816 
                       Steps per second: 902 
                        Collection time: 1.120s 
                          Learning time: 0.156s 
                        Mean value loss: 3.2770
                    Mean surrogate loss: 3.1140
             Mean online_retention loss: 0.0000
          Mean rehearsal_retention loss: 0.0026
                            Mean reward: -123.87
                    Mean episode length: 466.44
                        Mean action std: 0.00
--------------------------------------------------------------------------------
                         Iteration time: 1.28s
                           Time elapsed: 0:01:16
                                    ETA: 0:09:40

################################################################################
[1m                           Learning iteration 58/500                            [0m 

                               Run name: standing-retention-native-20260908-v48
                            Total steps: 67968 
                       Steps per second: 898 
                        Collection time: 1.134s 
                          Learning time: 0.147s 
                        Mean value loss: 71.7870
                    Mean surrogate loss: 3.3554
             Mean online_retention loss: 0.0000
          Mean rehearsal_retention loss: 0.0078
                            Mean reward: -123.87
                    Mean episode length: 466.44
                        Mean action std: 0.00
--------------------------------------------------------------------------------
                         Iteration time: 1.28s
                           Time elapsed: 0:01:17
                                    ETA: 0:09:38

################################################################################
[1m                           Learning iteration 59/500                            [0m 

                               Run name: standing-retention-native-20260908-v48
                            Total steps: 69120 
                       Steps per second: 886 
                        Collection time: 1.150s 
                          Learning time: 0.150s 
                        Mean value loss: 235.7876
                    Mean surrogate loss: 2.7530
             Mean online_retention loss: 0.0000
          Mean rehearsal_retention loss: 0.0113
                            Mean reward: -128.30
                    Mean episode length: 489.30
                        Mean action std: 0.00
--------------------------------------------------------------------------------
                         Iteration time: 1.30s
                           Time elapsed: 0:01:18
                                    ETA: 0:09:37

################################################################################
[1m                           Learning iteration 60/500                            [0m 

                               Run name: standing-retention-native-20260908-v48
                            Total steps: 70272 
                       Steps per second: 910 
                        Collection time: 1.116s 
                          Learning time: 0.150s 
                        Mean value loss: 190.7450
                    Mean surrogate loss: 2.1335
             Mean online_retention loss: 0.0000
          Mean rehearsal_retention loss: 0.0188
                            Mean reward: -143.93
                    Mean episode length: 500.33
                        Mean action std: 0.00
--------------------------------------------------------------------------------
                         Iteration time: 1.27s
                           Time elapsed: 0:01:19
                                    ETA: 0:09:35

################################################################################
[1m                           Learning iteration 61/500                            [0m 

                               Run name: standing-retention-native-20260908-v48
                            Total steps: 71424 
                       Steps per second: 891 
                        Collection time: 1.139s 
                          Learning time: 0.154s 
                        Mean value loss: 356.7848
                    Mean surrogate loss: 1.6026
             Mean online_retention loss: 0.0000
          Mean rehearsal_retention loss: 0.0471
                            Mean reward: -157.63
                    Mean episode length: 470.83
                        Mean action std: 0.00
--------------------------------------------------------------------------------
                         Iteration time: 1.29s
                           Time elapsed: 0:01:21
                                    ETA: 0:09:34

################################################################################
[1m                           Learning iteration 62/500                            [0m 

                               Run name: standing-retention-native-20260908-v48
                            Total steps: 72576 
                       Steps per second: 865 
                        Collection time: 1.178s 
                          Learning time: 0.153s 
                        Mean value loss: 167.2329
                    Mean surrogate loss: 1.2227
             Mean online_retention loss: 0.0000
          Mean rehearsal_retention loss: 0.0292
                            Mean reward: -159.98
                    Mean episode length: 463.54
                        Mean action std: 0.00
--------------------------------------------------------------------------------
                         Iteration time: 1.33s
                           Time elapsed: 0:01:22
                                    ETA: 0:09:32

################################################################################
[1m                           Learning iteration 63/500                            [0m 

                               Run name: standing-retention-native-20260908-v48
                            Total steps: 73728 
                       Steps per second: 890 
                        Collection time: 1.129s 
                          Learning time: 0.165s 
                        Mean value loss: 201.5315
                    Mean surrogate loss: 1.2158
             Mean online_retention loss: 0.0000
          Mean rehearsal_retention loss: 0.0293
                            Mean reward: -159.98
                    Mean episode length: 463.54
                        Mean action std: 0.00
--------------------------------------------------------------------------------
                         Iteration time: 1.29s
                           Time elapsed: 0:01:23
                                    ETA: 0:09:31

################################################################################
[1m                           Learning iteration 64/500                            [0m 

                               Run name: standing-retention-native-20260908-v48
                            Total steps: 74880 
                       Steps per second: 901 
                        Collection time: 1.125s 
                          Learning time: 0.153s 
                        Mean value loss: 324.1252
                    Mean surrogate loss: 1.1894
             Mean online_retention loss: 0.0950
          Mean rehearsal_retention loss: 0.0375
                            Mean reward: -161.32
                    Mean episode length: 448.07
                        Mean action std: 0.00
--------------------------------------------------------------------------------
                         Iteration time: 1.28s
                           Time elapsed: 0:01:25
                                    ETA: 0:09:29

################################################################################
[1m                           Learning iteration 65/500                            [0m 

                               Run name: standing-retention-native-20260908-v48
                            Total steps: 76032 
                       Steps per second: 888 
                        Collection time: 1.137s 
                          Learning time: 0.159s 
                        Mean value loss: 8.1241
                    Mean surrogate loss: -0.0293
             Mean online_retention loss: 0.0383
          Mean rehearsal_retention loss: 0.0244
                            Mean reward: -174.85
                    Mean episode length: 435.07
                        Mean action std: 0.02
--------------------------------------------------------------------------------
                         Iteration time: 1.30s
                           Time elapsed: 0:01:26
                                    ETA: 0:09:28

################################################################################
[1m                           Learning iteration 66/500                            [0m 

                               Run name: standing-retention-native-20260908-v48
                            Total steps: 77184 
                       Steps per second: 885 
                        Collection time: 1.148s 
                          Learning time: 0.153s 
                        Mean value loss: 49.0285
                    Mean surrogate loss: 0.0615
             Mean online_retention loss: 0.0172
          Mean rehearsal_retention loss: 0.0234
                            Mean reward: -171.12
                    Mean episode length: 475.34
                        Mean action std: 0.02
--------------------------------------------------------------------------------
                         Iteration time: 1.30s
                           Time elapsed: 0:01:27
                                    ETA: 0:09:27

################################################################################
[1m                           Learning iteration 67/500                            [0m 

                               Run name: standing-retention-native-20260908-v48
                            Total steps: 78336 
                       Steps per second: 872 
                        Collection time: 1.157s 
                          Learning time: 0.164s 
                        Mean value loss: 9.4706
                    Mean surrogate loss: 0.0795
             Mean online_retention loss: 0.0121
          Mean rehearsal_retention loss: 0.0210
                            Mean reward: -171.12
                    Mean episode length: 475.34
                        Mean action std: 0.02
--------------------------------------------------------------------------------
                         Iteration time: 1.32s
                           Time elapsed: 0:01:29
                                    ETA: 0:09:25

################################################################################
[1m                           Learning iteration 68/500                            [0m 

                               Run name: standing-retention-native-20260908-v48
                            Total steps: 79488 
                       Steps per second: 887 
                        Collection time: 1.146s 
                          Learning time: 0.151s 
                        Mean value loss: 190.0178
                    Mean surrogate loss: 0.1954
             Mean online_retention loss: 0.0090
          Mean rehearsal_retention loss: 0.0196
                            Mean reward: -165.89
                    Mean episode length: 497.87
                        Mean action std: 0.03
--------------------------------------------------------------------------------
                         Iteration time: 1.30s
                           Time elapsed: 0:01:30
                                    ETA: 0:09:24

################################################################################
[1m                           Learning iteration 69/500                            [0m 

                               Run name: standing-retention-native-20260908-v48
                            Total steps: 80640 
                       Steps per second: 891 
                        Collection time: 1.142s 
                          Learning time: 0.150s 
                        Mean value loss: 5.6601
                    Mean surrogate loss: -0.1216
             Mean online_retention loss: 0.0095
          Mean rehearsal_retention loss: 0.0238
                            Mean reward: -164.92
                    Mean episode length: 504.41
                        Mean action std: 0.02
--------------------------------------------------------------------------------
                         Iteration time: 1.29s
                           Time elapsed: 0:01:31
                                    ETA: 0:09:23

################################################################################
[1m                           Learning iteration 70/500                            [0m 

                               Run name: standing-retention-native-20260908-v48
                            Total steps: 81792 
                       Steps per second: 895 
                        Collection time: 1.140s 
                          Learning time: 0.146s 
                        Mean value loss: 1.8923
                    Mean surrogate loss: -0.0069
             Mean online_retention loss: 0.0090
          Mean rehearsal_retention loss: 0.0233
                            Mean reward: -164.92
                    Mean episode length: 504.41
                        Mean action std: 0.02
--------------------------------------------------------------------------------
                         Iteration time: 1.29s
                           Time elapsed: 0:01:32
                                    ETA: 0:09:21

################################################################################
[1m                           Learning iteration 71/500                            [0m 

                               Run name: standing-retention-native-20260908-v48
                            Total steps: 82944 
                       Steps per second: 890 
                        Collection time: 1.148s 
                          Learning time: 0.146s 
                        Mean value loss: 92.0328
                    Mean surrogate loss: 0.3631
             Mean online_retention loss: 0.0086
          Mean rehearsal_retention loss: 0.0243
                            Mean reward: -165.00
                    Mean episode length: 491.15
                        Mean action std: 0.03
--------------------------------------------------------------------------------
                         Iteration time: 1.29s
                           Time elapsed: 0:01:34
                                    ETA: 0:09:20

################################################################################
[1m                           Learning iteration 72/500                            [0m 

                               Run name: standing-retention-native-20260908-v48
                            Total steps: 84096 
                       Steps per second: 885 
                        Collection time: 1.153s 
                          Learning time: 0.148s 
                        Mean value loss: 0.7454
                    Mean surrogate loss: -0.1651
             Mean online_retention loss: 0.0079
          Mean rehearsal_retention loss: 0.0220
                            Mean reward: -165.00
                    Mean episode length: 491.15
                        Mean action std: 0.03
--------------------------------------------------------------------------------
                         Iteration time: 1.30s
                           Time elapsed: 0:01:35
                                    ETA: 0:09:18

################################################################################
[1m                           Learning iteration 73/500                            [0m 

                               Run name: standing-retention-native-20260908-v48
                            Total steps: 85248 
                       Steps per second: 874 
                        Collection time: 1.148s 
                          Learning time: 0.169s 
                        Mean value loss: 0.6263
                    Mean surrogate loss: -0.2771
             Mean online_retention loss: 0.0092
          Mean rehearsal_retention loss: 0.0230
                            Mean reward: -165.00
                    Mean episode length: 491.15
                        Mean action std: 0.03
--------------------------------------------------------------------------------
                         Iteration time: 1.32s
                           Time elapsed: 0:01:36
                                    ETA: 0:09:17

################################################################################
[1m                           Learning iteration 74/500                            [0m 

                               Run name: standing-retention-native-20260908-v48
                            Total steps: 86400 
                       Steps per second: 874 
                        Collection time: 1.163s 
                          Learning time: 0.154s 
                        Mean value loss: 0.5650
                    Mean surrogate loss: -0.3086
             Mean online_retention loss: 0.0121
          Mean rehearsal_retention loss: 0.0243
                            Mean reward: -165.00
                    Mean episode length: 491.15
                        Mean action std: 0.02
--------------------------------------------------------------------------------
                         Iteration time: 1.32s
                           Time elapsed: 0:01:38
                                    ETA: 0:09:16

################################################################################
[1m                           Learning iteration 75/500                            [0m 

                               Run name: standing-retention-native-20260908-v48
                            Total steps: 87552 
                       Steps per second: 879 
                        Collection time: 1.162s 
                          Learning time: 0.149s 
                        Mean value loss: 21.5448
                    Mean surrogate loss: -0.1884
             Mean online_retention loss: 0.0551
          Mean rehearsal_retention loss: 0.0230
                            Mean reward: -165.00
                    Mean episode length: 491.15
                        Mean action std: 0.04
--------------------------------------------------------------------------------
                         Iteration time: 1.31s
                           Time elapsed: 0:01:39
                                    ETA: 0:09:15

################################################################################
[1m                           Learning iteration 76/500                            [0m 

                               Run name: standing-retention-native-20260908-v48
                            Total steps: 88704 
                       Steps per second: 865 
                        Collection time: 1.161s 
                          Learning time: 0.170s 
                        Mean value loss: 1.9418
                    Mean surrogate loss: -0.0776
             Mean online_retention loss: 0.0148
          Mean rehearsal_retention loss: 0.0207
                            Mean reward: -165.00
                    Mean episode length: 491.15
                        Mean action std: 0.04
--------------------------------------------------------------------------------
                         Iteration time: 1.33s
                           Time elapsed: 0:01:40
                                    ETA: 0:09:13

################################################################################
[1m                           Learning iteration 77/500                            [0m 

                               Run name: standing-retention-native-20260908-v48
                            Total steps: 89856 
                       Steps per second: 872 
                        Collection time: 1.173s 
                          Learning time: 0.148s 
                        Mean value loss: 1.3967
                    Mean surrogate loss: -0.2992
             Mean online_retention loss: 0.0134
          Mean rehearsal_retention loss: 0.0213
                            Mean reward: -165.00
                    Mean episode length: 491.15
                        Mean action std: 0.02
--------------------------------------------------------------------------------
                         Iteration time: 1.32s
                           Time elapsed: 0:01:42
                                    ETA: 0:09:12

################################################################################
[1m                           Learning iteration 78/500                            [0m 

                               Run name: standing-retention-native-20260908-v48
                            Total steps: 91008 
                       Steps per second: 883 
                        Collection time: 1.140s 
                          Learning time: 0.164s 
                        Mean value loss: 1.1916
                    Mean surrogate loss: 0.0786
             Mean online_retention loss: 0.0133
          Mean rehearsal_retention loss: 0.0226
                            Mean reward: -165.00
                    Mean episode length: 491.15
                        Mean action std: 0.02
--------------------------------------------------------------------------------
                         Iteration time: 1.30s
                           Time elapsed: 0:01:43
                                    ETA: 0:09:11

################################################################################
[1m                           Learning iteration 79/500                            [0m 

                               Run name: standing-retention-native-20260908-v48
                            Total steps: 92160 
                       Steps per second: 892 
                        Collection time: 1.144s 
                          Learning time: 0.146s 
                        Mean value loss: 0.9345
                    Mean surrogate loss: -0.2212
             Mean online_retention loss: 0.0215
          Mean rehearsal_retention loss: 0.0290
                            Mean reward: -165.00
                    Mean episode length: 491.15
                        Mean action std: 0.02
--------------------------------------------------------------------------------
                         Iteration time: 1.29s
                           Time elapsed: 0:01:44
                                    ETA: 0:09:09

################################################################################
[1m                           Learning iteration 80/500                            [0m 

                               Run name: standing-retention-native-20260908-v48
                            Total steps: 93312 
                       Steps per second: 893 
                        Collection time: 1.133s 
                          Learning time: 0.157s 
                        Mean value loss: 0.5355
                    Mean surrogate loss: -0.2283
             Mean online_retention loss: 0.0199
          Mean rehearsal_retention loss: 0.0299
                            Mean reward: -165.00
                    Mean episode length: 491.15
                        Mean action std: 0.02
--------------------------------------------------------------------------------
                         Iteration time: 1.29s
                           Time elapsed: 0:01:46
                                    ETA: 0:09:08

################################################################################
[1m                           Learning iteration 81/500                            [0m 

                               Run name: standing-retention-native-20260908-v48
                            Total steps: 94464 
                       Steps per second: 881 
                        Collection time: 1.139s 
                          Learning time: 0.167s 
                        Mean value loss: 0.7440
                    Mean surrogate loss: -0.2733
             Mean online_retention loss: 0.0250
          Mean rehearsal_retention loss: 0.0342
                            Mean reward: -165.00
                    Mean episode length: 491.15
                        Mean action std: 0.02
--------------------------------------------------------------------------------
                         Iteration time: 1.31s
                           Time elapsed: 0:01:47
                                    ETA: 0:09:07

################################################################################
[1m                           Learning iteration 82/500                            [0m 

                               Run name: standing-retention-native-20260908-v48
                            Total steps: 95616 
                       Steps per second: 891 
                        Collection time: 1.136s 
                          Learning time: 0.156s 
                        Mean value loss: 0.5130
                    Mean surrogate loss: -0.3079
             Mean online_retention loss: 0.0172
          Mean rehearsal_retention loss: 0.0248
                            Mean reward: -165.00
                    Mean episode length: 491.15
                        Mean action std: 0.02
--------------------------------------------------------------------------------
                         Iteration time: 1.29s
                           Time elapsed: 0:01:48
                                    ETA: 0:09:05

################################################################################
[1m                           Learning iteration 83/500                            [0m 

                               Run name: standing-retention-native-20260908-v48
                            Total steps: 96768 
                       Steps per second: 892 
                        Collection time: 1.135s 
                          Learning time: 0.155s 
                        Mean value loss: 0.4627
                    Mean surrogate loss: -0.3630
             Mean online_retention loss: 0.0185
          Mean rehearsal_retention loss: 0.0258
                            Mean reward: -165.00
                    Mean episode length: 491.15
                        Mean action std: 0.02
--------------------------------------------------------------------------------
                         Iteration time: 1.29s
                           Time elapsed: 0:01:49
                                    ETA: 0:09:04

################################################################################
[1m                           Learning iteration 84/500                            [0m 

                               Run name: standing-retention-native-20260908-v48
                            Total steps: 97920 
                       Steps per second: 886 
                        Collection time: 1.145s 
                          Learning time: 0.155s 
                        Mean value loss: 0.3720
                    Mean surrogate loss: -0.3115
             Mean online_retention loss: 0.0182
          Mean rehearsal_retention loss: 0.0255
                            Mean reward: -165.00
                    Mean episode length: 491.15
                        Mean action std: 0.02
--------------------------------------------------------------------------------
                         Iteration time: 1.30s
                           Time elapsed: 0:01:51
                                    ETA: 0:09:02

################################################################################
[1m                           Learning iteration 85/500                            [0m 

                               Run name: standing-retention-native-20260908-v48
                            Total steps: 99072 
                       Steps per second: 888 
                        Collection time: 1.140s 
                          Learning time: 0.157s 
                        Mean value loss: 3.3168
                    Mean surrogate loss: -0.5473
             Mean online_retention loss: 0.0752
          Mean rehearsal_retention loss: 0.0274
                            Mean reward: -68.99
                    Mean episode length: 1021.16
                        Mean action std: 0.02
--------------------------------------------------------------------------------
                         Iteration time: 1.30s
                           Time elapsed: 0:01:52
                                    ETA: 0:09:01

################################################################################
[1m                           Learning iteration 86/500                            [0m 

                               Run name: standing-retention-native-20260908-v48
                            Total steps: 100224 
                       Steps per second: 893 
                        Collection time: 1.129s 
                          Learning time: 0.161s 
                        Mean value loss: 1.4580
                    Mean surrogate loss: -0.6141
             Mean online_retention loss: 0.0384
          Mean rehearsal_retention loss: 0.0318
                            Mean reward: -68.99
                    Mean episode length: 1021.16
                        Mean action std: 0.02
--------------------------------------------------------------------------------
                         Iteration time: 1.29s
                           Time elapsed: 0:01:53
                                    ETA: 0:09:00

################################################################################
[1m                           Learning iteration 87/500                            [0m 

                               Run name: standing-retention-native-20260908-v48
                            Total steps: 101376 
                       Steps per second: 891 
                        Collection time: 1.148s 
                          Learning time: 0.145s 
                        Mean value loss: 0.5489
                    Mean surrogate loss: -0.3083
             Mean online_retention loss: 0.0301
          Mean rehearsal_retention loss: 0.0347
                            Mean reward: -68.99
                    Mean episode length: 1021.16
                        Mean action std: 0.01
--------------------------------------------------------------------------------
                         Iteration time: 1.29s
                           Time elapsed: 0:01:55
                                    ETA: 0:08:58

################################################################################
[1m                           Learning iteration 88/500                            [0m 

                               Run name: standing-retention-native-20260908-v48
                            Total steps: 102528 
                       Steps per second: 886 
                        Collection time: 1.146s 
                          Learning time: 0.154s 
                        Mean value loss: 5.0496
                    Mean surrogate loss: 2.2931
             Mean online_retention loss: 0.0000
          Mean rehearsal_retention loss: 0.0160
                            Mean reward: -68.99
                    Mean episode length: 1021.16
                        Mean action std: 0.00
--------------------------------------------------------------------------------
                         Iteration time: 1.30s
                           Time elapsed: 0:01:56
                                    ETA: 0:08:57

################################################################################
[1m                           Learning iteration 89/500                            [0m 

                               Run name: standing-retention-native-20260908-v48
                            Total steps: 103680 
                       Steps per second: 893 
                        Collection time: 1.141s 
                          Learning time: 0.149s 
                        Mean value loss: 31.2929
                    Mean surrogate loss: 2.6177
             Mean online_retention loss: 0.0000
          Mean rehearsal_retention loss: 0.0231
                            Mean reward: -68.99
                    Mean episode length: 1021.16
                        Mean action std: 0.00
--------------------------------------------------------------------------------
                         Iteration time: 1.29s
                           Time elapsed: 0:01:57
                                    ETA: 0:08:56

################################################################################
[1m                           Learning iteration 90/500                            [0m 

                               Run name: standing-retention-native-20260908-v48
                            Total steps: 104832 
                       Steps per second: 900 
                        Collection time: 1.130s 
                          Learning time: 0.149s 
                        Mean value loss: 104.6549
                    Mean surrogate loss: 2.4462
             Mean online_retention loss: 0.0000
          Mean rehearsal_retention loss: 0.0391
                            Mean reward: -70.97
                    Mean episode length: 1014.78
                        Mean action std: 0.00
--------------------------------------------------------------------------------
                         Iteration time: 1.28s
                           Time elapsed: 0:01:58
                                    ETA: 0:08:54

################################################################################
[1m                           Learning iteration 91/500                            [0m 

                               Run name: standing-retention-native-20260908-v48
                            Total steps: 105984 
                       Steps per second: 889 
                        Collection time: 1.142s 
                          Learning time: 0.152s 
                        Mean value loss: 113.9044
                    Mean surrogate loss: 2.1838
             Mean online_retention loss: 0.0000
          Mean rehearsal_retention loss: 0.0485
                            Mean reward: -73.12
                    Mean episode length: 1008.60
                        Mean action std: 0.00
--------------------------------------------------------------------------------
                         Iteration time: 1.29s
                           Time elapsed: 0:02:00
                                    ETA: 0:08:53

################################################################################
[1m                           Learning iteration 92/500                            [0m 

                               Run name: standing-retention-native-20260908-v48
                            Total steps: 107136 
                       Steps per second: 882 
                        Collection time: 1.136s 
                          Learning time: 0.169s 
                        Mean value loss: 222.9627
                    Mean surrogate loss: 1.5053
             Mean online_retention loss: 0.0000
          Mean rehearsal_retention loss: 0.0760
                            Mean reward: -78.55
                    Mean episode length: 972.83
                        Mean action std: 0.00
--------------------------------------------------------------------------------
                         Iteration time: 1.31s
                           Time elapsed: 0:02:01
                                    ETA: 0:08:51

################################################################################
[1m                           Learning iteration 93/500                            [0m 

                               Run name: standing-retention-native-20260908-v48
                            Total steps: 108288 
                       Steps per second: 904 
                        Collection time: 1.122s 
                          Learning time: 0.152s 
                        Mean value loss: 318.7536
                    Mean surrogate loss: 1.4196
             Mean online_retention loss: 0.0000
          Mean rehearsal_retention loss: 0.0703
                            Mean reward: -82.27
                    Mean episode length: 962.88
                        Mean action std: 0.01
--------------------------------------------------------------------------------
                         Iteration time: 1.27s
                           Time elapsed: 0:02:02
                                    ETA: 0:08:50

################################################################################
[1m                           Learning iteration 94/500                            [0m 

                               Run name: standing-retention-native-20260908-v48
                            Total steps: 109440 
                       Steps per second: 896 
                        Collection time: 1.124s 
                          Learning time: 0.160s 
                        Mean value loss: 25.3308
                    Mean surrogate loss: 1.2087
             Mean online_retention loss: 0.0000
          Mean rehearsal_retention loss: 0.0671
                            Mean reward: -82.27
                    Mean episode length: 962.88
                        Mean action std: 0.00
--------------------------------------------------------------------------------
                         Iteration time: 1.28s
                           Time elapsed: 0:02:04
                                    ETA: 0:08:49

################################################################################
[1m                           Learning iteration 95/500                            [0m 

                               Run name: standing-retention-native-20260908-v48
                            Total steps: 110592 
                       Steps per second: 878 
                        Collection time: 1.144s 
                          Learning time: 0.167s 
                        Mean value loss: 267.9613
                    Mean surrogate loss: 1.9948
             Mean online_retention loss: 0.0000
          Mean rehearsal_retention loss: 0.0557
                            Mean reward: -87.17
                    Mean episode length: 931.19
                        Mean action std: 0.00
--------------------------------------------------------------------------------
                         Iteration time: 1.31s
                           Time elapsed: 0:02:05
                                    ETA: 0:08:47

################################################################################
[1m                           Learning iteration 96/500                            [0m 

                               Run name: standing-retention-native-20260908-v48
                            Total steps: 111744 
                       Steps per second: 879 
                        Collection time: 1.147s 
                          Learning time: 0.162s 
                        Mean value loss: 4.1932
                    Mean surrogate loss: -0.0817
             Mean online_retention loss: 0.0000
          Mean rehearsal_retention loss: 0.0758
                            Mean reward: -87.17
                    Mean episode length: 931.19
                        Mean action std: 0.00
--------------------------------------------------------------------------------
                         Iteration time: 1.31s
                           Time elapsed: 0:02:06
                                    ETA: 0:08:46

################################################################################
[1m                           Learning iteration 97/500                            [0m 

                               Run name: standing-retention-native-20260908-v48
                            Total steps: 112896 
                       Steps per second: 899 
                        Collection time: 1.133s 
                          Learning time: 0.148s 
                        Mean value loss: 43.2255
                    Mean surrogate loss: 1.5157
             Mean online_retention loss: 0.0000
          Mean rehearsal_retention loss: 0.0639
                            Mean reward: -87.17
                    Mean episode length: 931.19
                        Mean action std: 0.00
--------------------------------------------------------------------------------
                         Iteration time: 1.28s
                           Time elapsed: 0:02:08
                                    ETA: 0:08:45

################################################################################
[1m                           Learning iteration 98/500                            [0m 

                               Run name: standing-retention-native-20260908-v48
                            Total steps: 114048 
                       Steps per second: 906 
                        Collection time: 1.123s 
                          Learning time: 0.148s 
                        Mean value loss: 28.7423
                    Mean surrogate loss: 1.7782
             Mean online_retention loss: 0.0000
          Mean rehearsal_retention loss: 0.0680
                            Mean reward: -89.06
                    Mean episode length: 927.46
                        Mean action std: 0.00
--------------------------------------------------------------------------------
                         Iteration time: 1.27s
                           Time elapsed: 0:02:09
                                    ETA: 0:08:43

################################################################################
[1m                           Learning iteration 99/500                            [0m 

                               Run name: standing-retention-native-20260908-v48
                            Total steps: 115200 
                       Steps per second: 896 
                        Collection time: 1.143s 
                          Learning time: 0.142s 
                        Mean value loss: 5.2325
                    Mean surrogate loss: 1.2301
             Mean online_retention loss: 0.0000
          Mean rehearsal_retention loss: 0.0758
                            Mean reward: -89.06
                    Mean episode length: 927.46
                        Mean action std: 0.00
--------------------------------------------------------------------------------
                         Iteration time: 1.28s
                           Time elapsed: 0:02:10
                                    ETA: 0:08:42

################################################################################
[1m                           Learning iteration 100/500                           [0m 

                               Run name: standing-retention-native-20260908-v48
                            Total steps: 116352 
                       Steps per second: 886 
                        Collection time: 1.144s 
                          Learning time: 0.155s 
                        Mean value loss: 200.5486
                    Mean surrogate loss: 2.7517
             Mean online_retention loss: 0.0000
          Mean rehearsal_retention loss: 0.0673
                            Mean reward: -90.35
                    Mean episode length: 923.68
                        Mean action std: 0.00
--------------------------------------------------------------------------------
                         Iteration time: 1.30s
                           Time elapsed: 0:02:11
                                    ETA: 0:08:40

################################################################################
[1m                           Learning iteration 101/500                           [0m 

                               Run name: standing-retention-native-20260908-v48
                            Total steps: 117504 
                       Steps per second: 896 
                        Collection time: 1.126s 
                          Learning time: 0.159s 
                        Mean value loss: 91.8412
                    Mean surrogate loss: 2.4841
             Mean online_retention loss: 0.0000
          Mean rehearsal_retention loss: 0.1081
                            Mean reward: -93.70
                    Mean episode length: 909.79
                        Mean action std: 0.00
--------------------------------------------------------------------------------
                         Iteration time: 1.28s
                           Time elapsed: 0:02:13
                                    ETA: 0:08:39

################################################################################
[1m                           Learning iteration 102/500                           [0m 

                               Run name: standing-retention-native-20260908-v48
                            Total steps: 118656 
                       Steps per second: 888 
                        Collection time: 1.146s 
                          Learning time: 0.150s 
                        Mean value loss: 34.8891
                    Mean surrogate loss: -0.0818
             Mean online_retention loss: 0.2865
          Mean rehearsal_retention loss: 0.0393
                            Mean reward: -93.70
                    Mean episode length: 909.79
                        Mean action std: 0.01
--------------------------------------------------------------------------------
                         Iteration time: 1.30s
                           Time elapsed: 0:02:14
                                    ETA: 0:08:38

################################################################################
[1m                           Learning iteration 103/500                           [0m 

                               Run name: standing-retention-native-20260908-v48
                            Total steps: 119808 
                       Steps per second: 888 
                        Collection time: 1.144s 
                          Learning time: 0.153s 
                        Mean value loss: 6.4041
                    Mean surrogate loss: -0.5121
             Mean online_retention loss: 0.0272
          Mean rehearsal_retention loss: 0.0348
                            Mean reward: -93.70
                    Mean episode length: 909.79
                        Mean action std: 0.02
--------------------------------------------------------------------------------
                         Iteration time: 1.30s
                           Time elapsed: 0:02:15
                                    ETA: 0:08:36

################################################################################
[1m                           Learning iteration 104/500                           [0m 

                               Run name: standing-retention-native-20260908-v48
                            Total steps: 120960 
                       Steps per second: 894 
                        Collection time: 1.140s 
                          Learning time: 0.148s 
                        Mean value loss: 13.2769
                    Mean surrogate loss: -0.1813
             Mean online_retention loss: 0.0168
          Mean rehearsal_retention loss: 0.0324
                            Mean reward: -93.70
                    Mean episode length: 909.79
                        Mean action std: 0.02
--------------------------------------------------------------------------------
                         Iteration time: 1.29s
                           Time elapsed: 0:02:17
                                    ETA: 0:08:35

################################################################################
[1m                           Learning iteration 105/500                           [0m 

                               Run name: standing-retention-native-20260908-v48
                            Total steps: 122112 
                       Steps per second: 891 
                        Collection time: 1.145s 
                          Learning time: 0.146s 
                        Mean value loss: 340.3131
                    Mean surrogate loss: 0.1391
             Mean online_retention loss: 0.0111
          Mean rehearsal_retention loss: 0.0283
                            Mean reward: -93.70
                    Mean episode length: 909.79
                        Mean action std: 0.02
--------------------------------------------------------------------------------
                         Iteration time: 1.29s
                           Time elapsed: 0:02:18
                                    ETA: 0:08:34

################################################################################
[1m                           Learning iteration 106/500                           [0m 

                               Run name: standing-retention-native-20260908-v48
                            Total steps: 123264 
                       Steps per second: 879 
                        Collection time: 1.153s 
                          Learning time: 0.157s 
                        Mean value loss: 5.4910
                    Mean surrogate loss: -0.2089
             Mean online_retention loss: 0.0103
          Mean rehearsal_retention loss: 0.0310
                            Mean reward: -96.38
                    Mean episode length: 920.89
                        Mean action std: 0.03
--------------------------------------------------------------------------------
                         Iteration time: 1.31s
                           Time elapsed: 0:02:19
                                    ETA: 0:08:32

################################################################################
[1m                           Learning iteration 107/500                           [0m 

                               Run name: standing-retention-native-20260908-v48
                            Total steps: 124416 
                       Steps per second: 873 
                        Collection time: 1.155s 
                          Learning time: 0.164s 
                        Mean value loss: 3.8070
                    Mean surrogate loss: -0.1154
             Mean online_retention loss: 0.0117
          Mean rehearsal_retention loss: 0.0305
                            Mean reward: -96.38
                    Mean episode length: 920.89
                        Mean action std: 0.02
--------------------------------------------------------------------------------
                         Iteration time: 1.32s
                           Time elapsed: 0:02:20
                                    ETA: 0:08:31

################################################################################
[1m                           Learning iteration 108/500                           [0m 

                               Run name: standing-retention-native-20260908-v48
                            Total steps: 125568 
                       Steps per second: 890 
                        Collection time: 1.145s 
                          Learning time: 0.148s 
                        Mean value loss: 2.2428
                    Mean surrogate loss: -0.2224
             Mean online_retention loss: 0.0107
          Mean rehearsal_retention loss: 0.0286
                            Mean reward: -96.38
                    Mean episode length: 920.89
                        Mean action std: 0.02
--------------------------------------------------------------------------------
                         Iteration time: 1.29s
                           Time elapsed: 0:02:22
                                    ETA: 0:08:30

################################################################################
[1m                           Learning iteration 109/500                           [0m 

                               Run name: standing-retention-native-20260908-v48
                            Total steps: 126720 
                       Steps per second: 878 
                        Collection time: 1.137s 
                          Learning time: 0.174s 
                        Mean value loss: 0.5366
                    Mean surrogate loss: -0.1581
             Mean online_retention loss: 0.0130
          Mean rehearsal_retention loss: 0.0308
                            Mean reward: -96.38
                    Mean episode length: 920.89
                        Mean action std: 0.03
--------------------------------------------------------------------------------
                         Iteration time: 1.31s
                           Time elapsed: 0:02:23
                                    ETA: 0:08:29

################################################################################
[1m                           Learning iteration 110/500                           [0m 

                               Run name: standing-retention-native-20260908-v48
                            Total steps: 127872 
                       Steps per second: 874 
                        Collection time: 1.159s 
                          Learning time: 0.158s 
                        Mean value loss: 0.4808
                    Mean surrogate loss: -0.0939
             Mean online_retention loss: 0.0152
          Mean rehearsal_retention loss: 0.0312
                            Mean reward: -96.38
                    Mean episode length: 920.89
                        Mean action std: 0.03
--------------------------------------------------------------------------------
                         Iteration time: 1.32s
                           Time elapsed: 0:02:24
                                    ETA: 0:08:27

################################################################################
[1m                           Learning iteration 111/500                           [0m 

                               Run name: standing-retention-native-20260908-v48
                            Total steps: 129024 
                       Steps per second: 887 
                        Collection time: 1.146s 
                          Learning time: 0.153s 
                        Mean value loss: 0.4418
                    Mean surrogate loss: -0.2067
             Mean online_retention loss: 0.0152
          Mean rehearsal_retention loss: 0.0306
                            Mean reward: -96.38
                    Mean episode length: 920.89
                        Mean action std: 0.02
--------------------------------------------------------------------------------
                         Iteration time: 1.30s
                           Time elapsed: 0:02:26
                                    ETA: 0:08:26

################################################################################
[1m                           Learning iteration 112/500                           [0m 

                               Run name: standing-retention-native-20260908-v48
                            Total steps: 130176 
                       Steps per second: 894 
                        Collection time: 1.135s 
                          Learning time: 0.152s 
                        Mean value loss: 45.1665
                    Mean surrogate loss: -0.4000
             Mean online_retention loss: 0.1259
          Mean rehearsal_retention loss: 0.0323
                            Mean reward: -38.54
                    Mean episode length: 1338.21
                        Mean action std: 0.02
--------------------------------------------------------------------------------
                         Iteration time: 1.29s
                           Time elapsed: 0:02:27
                                    ETA: 0:08:25

################################################################################
[1m                           Learning iteration 113/500                           [0m 

                               Run name: standing-retention-native-20260908-v48
                            Total steps: 131328 
                       Steps per second: 879 
                        Collection time: 1.153s 
                          Learning time: 0.156s 
                        Mean value loss: 25.7016
                    Mean surrogate loss: -0.1140
             Mean online_retention loss: 0.0858
          Mean rehearsal_retention loss: 0.0241
                            Mean reward: -38.54
                    Mean episode length: 1338.21
                        Mean action std: 0.04
--------------------------------------------------------------------------------
                         Iteration time: 1.31s
                           Time elapsed: 0:02:28
                                    ETA: 0:08:23

################################################################################
[1m                           Learning iteration 114/500                           [0m 

                               Run name: standing-retention-native-20260908-v48
                            Total steps: 132480 
                       Steps per second: 858 
                        Collection time: 1.175s 
                          Learning time: 0.167s 
                        Mean value loss: 8.4059
                    Mean surrogate loss: -0.0766
             Mean online_retention loss: 0.0131
          Mean rehearsal_retention loss: 0.0228
                            Mean reward: -36.69
                    Mean episode length: 1354.82
                        Mean action std: 0.04
--------------------------------------------------------------------------------
                         Iteration time: 1.34s
                           Time elapsed: 0:02:30
                                    ETA: 0:08:22

################################################################################
[1m                           Learning iteration 115/500                           [0m 

                               Run name: standing-retention-native-20260908-v48
                            Total steps: 133632 
                       Steps per second: 872 
                        Collection time: 1.167s 
                          Learning time: 0.154s 
                        Mean value loss: 207.7231
                    Mean surrogate loss: 0.0091
             Mean online_retention loss: 0.0101
          Mean rehearsal_retention loss: 0.0228
                            Mean reward: -36.69
                    Mean episode length: 1354.82
                        Mean action std: 0.04
--------------------------------------------------------------------------------
                         Iteration time: 1.32s
                           Time elapsed: 0:02:31
                                    ETA: 0:08:21

################################################################################
[1m                           Learning iteration 116/500                           [0m 

                               Run name: standing-retention-native-20260908-v48
                            Total steps: 134784 
                       Steps per second: 866 
                        Collection time: 1.164s 
                          Learning time: 0.166s 
                        Mean value loss: 17.1031
                    Mean surrogate loss: -0.0165
             Mean online_retention loss: 0.0091
          Mean rehearsal_retention loss: 0.0204
                            Mean reward: -40.42
                    Mean episode length: 1339.10
                        Mean action std: 0.04
--------------------------------------------------------------------------------
                         Iteration time: 1.33s
                           Time elapsed: 0:02:32
                                    ETA: 0:08:20

################################################################################
[1m                           Learning iteration 117/500                           [0m 

                               Run name: standing-retention-native-20260908-v48
                            Total steps: 135936 
                       Steps per second: 874 
                        Collection time: 1.160s 
                          Learning time: 0.158s 
                        Mean value loss: 0.5324
                    Mean surrogate loss: -0.0684
             Mean online_retention loss: 0.0103
          Mean rehearsal_retention loss: 0.0198
                            Mean reward: -40.42
                    Mean episode length: 1339.10
                        Mean action std: 0.04
--------------------------------------------------------------------------------
                         Iteration time: 1.32s
                           Time elapsed: 0:02:34
                                    ETA: 0:08:18

################################################################################
[1m                           Learning iteration 118/500                           [0m 

                               Run name: standing-retention-native-20260908-v48
                            Total steps: 137088 
                       Steps per second: 884 
                        Collection time: 1.149s 
                          Learning time: 0.153s 
                        Mean value loss: 0.5560
                    Mean surrogate loss: -0.1691
             Mean online_retention loss: 0.0088
          Mean rehearsal_retention loss: 0.0186
                            Mean reward: -40.42
                    Mean episode length: 1339.10
                        Mean action std: 0.04
--------------------------------------------------------------------------------
                         Iteration time: 1.30s
                           Time elapsed: 0:02:35
                                    ETA: 0:08:17

################################################################################
[1m                           Learning iteration 119/500                           [0m 

                               Run name: standing-retention-native-20260908-v48
                            Total steps: 138240 
                       Steps per second: 877 
                        Collection time: 1.153s 
                          Learning time: 0.160s 
                        Mean value loss: 8.3291
                    Mean surrogate loss: -0.1099
             Mean online_retention loss: 0.0082
          Mean rehearsal_retention loss: 0.0206
                            Mean reward: -40.42
                    Mean episode length: 1339.10
                        Mean action std: 0.04
--------------------------------------------------------------------------------
                         Iteration time: 1.31s
                           Time elapsed: 0:02:36
                                    ETA: 0:08:16

################################################################################
[1m                           Learning iteration 120/500                           [0m 

                               Run name: standing-retention-native-20260908-v48
                            Total steps: 139392 
                       Steps per second: 881 
                        Collection time: 1.143s 
                          Learning time: 0.164s 
                        Mean value loss: 100.9476
                    Mean surrogate loss: -0.0113
             Mean online_retention loss: 0.0058
          Mean rehearsal_retention loss: 0.0239
                            Mean reward: -41.38
                    Mean episode length: 1331.37
                        Mean action std: 0.04
--------------------------------------------------------------------------------
                         Iteration time: 1.31s
                           Time elapsed: 0:02:38
                                    ETA: 0:08:14

################################################################################
[1m                           Learning iteration 121/500                           [0m 

                               Run name: standing-retention-native-20260908-v48
                            Total steps: 140544 
                       Steps per second: 881 
                        Collection time: 1.161s 
                          Learning time: 0.146s 
                        Mean value loss: 99.3911
                    Mean surrogate loss: 0.0073
             Mean online_retention loss: 0.0075
          Mean rehearsal_retention loss: 0.0276
                            Mean reward: -42.58
                    Mean episode length: 1323.87
                        Mean action std: 0.04
--------------------------------------------------------------------------------
                         Iteration time: 1.31s
                           Time elapsed: 0:02:39
                                    ETA: 0:08:13

################################################################################
[1m                           Learning iteration 122/500                           [0m 

                               Run name: standing-retention-native-20260908-v48
                            Total steps: 141696 
                       Steps per second: 872 
                        Collection time: 1.170s 
                          Learning time: 0.151s 
                        Mean value loss: 59.8713
                    Mean surrogate loss: 0.0093
             Mean online_retention loss: 0.0070
          Mean rehearsal_retention loss: 0.0255
                            Mean reward: -43.71
                    Mean episode length: 1308.95
                        Mean action std: 0.04
--------------------------------------------------------------------------------
                         Iteration time: 1.32s
                           Time elapsed: 0:02:40
                                    ETA: 0:08:12

################################################################################
[1m                           Learning iteration 123/500                           [0m 

                               Run name: standing-retention-native-20260908-v48
                            Total steps: 142848 
                       Steps per second: 877 
                        Collection time: 1.141s 
                          Learning time: 0.171s 
                        Mean value loss: 106.5866
                    Mean surrogate loss: 0.0195
             Mean online_retention loss: 0.0072
          Mean rehearsal_retention loss: 0.0251
                            Mean reward: -45.23
                    Mean episode length: 1294.44
                        Mean action std: 0.04
--------------------------------------------------------------------------------
                         Iteration time: 1.31s
                           Time elapsed: 0:02:41
                                    ETA: 0:08:11

################################################################################
[1m                           Learning iteration 124/500                           [0m 

                               Run name: standing-retention-native-20260908-v48
                            Total steps: 144000 
                       Steps per second: 863 
                        Collection time: 1.168s 
                          Learning time: 0.166s 
                        Mean value loss: 32.9205
                    Mean surrogate loss: 0.0160
             Mean online_retention loss: 0.0061
          Mean rehearsal_retention loss: 0.0224
                            Mean reward: -45.82
                    Mean episode length: 1287.58
                        Mean action std: 0.04
--------------------------------------------------------------------------------
                         Iteration time: 1.33s
                           Time elapsed: 0:02:43
                                    ETA: 0:08:09

################################################################################
[1m                           Learning iteration 125/500                           [0m 

                               Run name: standing-retention-native-20260908-v48
                            Total steps: 145152 
                       Steps per second: 887 
                        Collection time: 1.152s 
                          Learning time: 0.147s 
                        Mean value loss: 23.6895
                    Mean surrogate loss: 1.2212
             Mean online_retention loss: 0.0000
          Mean rehearsal_retention loss: 0.0304
                            Mean reward: -45.82
                    Mean episode length: 1287.58
                        Mean action std: 0.00
--------------------------------------------------------------------------------
                         Iteration time: 1.30s
                           Time elapsed: 0:02:44
                                    ETA: 0:08:08

################################################################################
[1m                           Learning iteration 126/500                           [0m 

                               Run name: standing-retention-native-20260908-v48
                            Total steps: 146304 
                       Steps per second: 896 
                        Collection time: 1.131s 
                          Learning time: 0.155s 
                        Mean value loss: 15.5377
                    Mean surrogate loss: 0.4950
             Mean online_retention loss: 0.0000
          Mean rehearsal_retention loss: 0.0580
                            Mean reward: -46.67
                    Mean episode length: 1273.58
                        Mean action std: 0.00
--------------------------------------------------------------------------------
                         Iteration time: 1.29s
                           Time elapsed: 0:02:45
                                    ETA: 0:08:07

################################################################################
[1m                           Learning iteration 127/500                           [0m 

                               Run name: standing-retention-native-20260908-v48
                            Total steps: 147456 
                       Steps per second: 905 
                        Collection time: 1.119s 
                          Learning time: 0.154s 
                        Mean value loss: 1.2822
                    Mean surrogate loss: -1.1120
             Mean online_retention loss: 0.0000
          Mean rehearsal_retention loss: 0.0610
                            Mean reward: -46.67
                    Mean episode length: 1273.58
                        Mean action std: 0.00
--------------------------------------------------------------------------------
                         Iteration time: 1.27s
                           Time elapsed: 0:02:47
                                    ETA: 0:08:05

################################################################################
[1m                           Learning iteration 128/500                           [0m 

                               Run name: standing-retention-native-20260908-v48
                            Total steps: 148608 
                       Steps per second: 885 
                        Collection time: 1.138s 
                          Learning time: 0.164s 
                        Mean value loss: 1.0191
                    Mean surrogate loss: -0.3313
             Mean online_retention loss: 0.0000
          Mean rehearsal_retention loss: 0.0766
                            Mean reward: -46.67
                    Mean episode length: 1273.58
                        Mean action std: 0.00
--------------------------------------------------------------------------------
                         Iteration time: 1.30s
                           Time elapsed: 0:02:48
                                    ETA: 0:08:04

################################################################################
[1m                           Learning iteration 129/500                           [0m 

                               Run name: standing-retention-native-20260908-v48
                            Total steps: 149760 
                       Steps per second: 895 
                        Collection time: 1.133s 
                          Learning time: 0.154s 
                        Mean value loss: 1.0922
                    Mean surrogate loss: -0.8155
             Mean online_retention loss: 0.0000
          Mean rehearsal_retention loss: 0.0820
                            Mean reward: -46.67
                    Mean episode length: 1273.58
                        Mean action std: 0.00
--------------------------------------------------------------------------------
                         Iteration time: 1.29s
                           Time elapsed: 0:02:49
                                    ETA: 0:08:03

################################################################################
[1m                           Learning iteration 130/500                           [0m 

                               Run name: standing-retention-native-20260908-v48
                            Total steps: 150912 
                       Steps per second: 896 
                        Collection time: 1.121s 
                          Learning time: 0.164s 
                        Mean value loss: 0.7076
                    Mean surrogate loss: -1.1286
             Mean online_retention loss: 0.0000
          Mean rehearsal_retention loss: 0.1009
                            Mean reward: -46.67
                    Mean episode length: 1273.58
                        Mean action std: 0.00
--------------------------------------------------------------------------------
                         Iteration time: 1.28s
                           Time elapsed: 0:02:51
                                    ETA: 0:08:01

################################################################################
[1m                           Learning iteration 131/500                           [0m 

                               Run name: standing-retention-native-20260908-v48
                            Total steps: 152064 
                       Steps per second: 869 
                        Collection time: 1.162s 
                          Learning time: 0.164s 
                        Mean value loss: 0.5552
                    Mean surrogate loss: -0.4522
             Mean online_retention loss: 0.0000
          Mean rehearsal_retention loss: 0.1041
                            Mean reward: -46.67
                    Mean episode length: 1273.58
                        Mean action std: 0.00
--------------------------------------------------------------------------------
                         Iteration time: 1.33s
                           Time elapsed: 0:02:52
                                    ETA: 0:08:00

################################################################################
[1m                           Learning iteration 132/500                           [0m 

                               Run name: standing-retention-native-20260908-v48
                            Total steps: 153216 
                       Steps per second: 864 
                        Collection time: 1.168s 
                          Learning time: 0.164s 
                        Mean value loss: 0.5820
                    Mean surrogate loss: -0.2926
             Mean online_retention loss: 0.0000
          Mean rehearsal_retention loss: 0.1490
                            Mean reward: -46.67
                    Mean episode length: 1273.58
                        Mean action std: 0.00
--------------------------------------------------------------------------------
                         Iteration time: 1.33s
                           Time elapsed: 0:02:53
                                    ETA: 0:07:59

################################################################################
[1m                           Learning iteration 133/500                           [0m 

                               Run name: standing-retention-native-20260908-v48
                            Total steps: 154368 
                       Steps per second: 854 
                        Collection time: 1.181s 
                          Learning time: 0.166s 
                        Mean value loss: 0.4759
                    Mean surrogate loss: -0.6507
             Mean online_retention loss: 0.0000
          Mean rehearsal_retention loss: 0.1380
                            Mean reward: -46.67
                    Mean episode length: 1273.58
                        Mean action std: 0.00
--------------------------------------------------------------------------------
                         Iteration time: 1.35s
                           Time elapsed: 0:02:55
                                    ETA: 0:07:58

################################################################################
[1m                           Learning iteration 134/500                           [0m 

                               Run name: standing-retention-native-20260908-v48
                            Total steps: 155520 
                       Steps per second: 847 
                        Collection time: 1.203s 
                          Learning time: 0.157s 
                        Mean value loss: 0.4694
                    Mean surrogate loss: -0.5248
             Mean online_retention loss: 0.0000
          Mean rehearsal_retention loss: 0.1662
                            Mean reward: -46.67
                    Mean episode length: 1273.58
                        Mean action std: 0.00
--------------------------------------------------------------------------------
                         Iteration time: 1.36s
                           Time elapsed: 0:02:56
                                    ETA: 0:07:56

################################################################################
[1m                           Learning iteration 135/500                           [0m 

                               Run name: standing-retention-native-20260908-v48
                            Total steps: 156672 
                       Steps per second: 876 
                        Collection time: 1.151s 
                          Learning time: 0.163s 
                        Mean value loss: 0.6684
                    Mean surrogate loss: 0.2080
             Mean online_retention loss: 0.0000
          Mean rehearsal_retention loss: 0.1347
                            Mean reward: -46.67
                    Mean episode length: 1273.58
                        Mean action std: 0.00
--------------------------------------------------------------------------------
                         Iteration time: 1.31s
                           Time elapsed: 0:02:57
                                    ETA: 0:07:55

################################################################################
[1m                           Learning iteration 136/500                           [0m 

                               Run name: standing-retention-native-20260908-v48
                            Total steps: 157824 
                       Steps per second: 849 
                        Collection time: 1.192s 
                          Learning time: 0.164s 
                        Mean value loss: 0.4772
                    Mean surrogate loss: -0.1272
             Mean online_retention loss: 0.0000
          Mean rehearsal_retention loss: 0.1128
                            Mean reward: -46.67
                    Mean episode length: 1273.58
                        Mean action std: 0.00
--------------------------------------------------------------------------------
                         Iteration time: 1.36s
                           Time elapsed: 0:02:59
                                    ETA: 0:07:54

################################################################################
[1m                           Learning iteration 137/500                           [0m 

                               Run name: standing-retention-native-20260908-v48
                            Total steps: 158976 
                       Steps per second: 875 
                        Collection time: 1.152s 
                          Learning time: 0.164s 
                        Mean value loss: 0.3970
                    Mean surrogate loss: 0.1478
             Mean online_retention loss: 0.0000
          Mean rehearsal_retention loss: 0.1078
                            Mean reward: -46.67
                    Mean episode length: 1273.58
                        Mean action std: 0.00
--------------------------------------------------------------------------------
                         Iteration time: 1.32s
                           Time elapsed: 0:03:00
                                    ETA: 0:07:53

################################################################################
[1m                           Learning iteration 138/500                           [0m 

                               Run name: standing-retention-native-20260908-v48
                            Total steps: 160128 
                       Steps per second: 875 
                        Collection time: 1.151s 
                          Learning time: 0.164s 
                        Mean value loss: 2.5094
                    Mean surrogate loss: 0.7890
             Mean online_retention loss: 0.0000
          Mean rehearsal_retention loss: 0.1175
                            Mean reward: -46.67
                    Mean episode length: 1273.58
                        Mean action std: 0.00
--------------------------------------------------------------------------------
                         Iteration time: 1.32s
                           Time elapsed: 0:03:01
                                    ETA: 0:07:51

################################################################################
[1m                           Learning iteration 139/500                           [0m 

                               Run name: standing-retention-native-20260908-v48
                            Total steps: 161280 
                       Steps per second: 863 
                        Collection time: 1.169s 
                          Learning time: 0.166s 
                        Mean value loss: 1.5985
                    Mean surrogate loss: 2.5296
             Mean online_retention loss: 0.0000
          Mean rehearsal_retention loss: 0.1131
                            Mean reward: -46.67
                    Mean episode length: 1273.58
                        Mean action std: 0.00
--------------------------------------------------------------------------------
                         Iteration time: 1.33s
                           Time elapsed: 0:03:03
                                    ETA: 0:07:50

################################################################################
[1m                           Learning iteration 140/500                           [0m 

                               Run name: standing-retention-native-20260908-v48
                            Total steps: 162432 
                       Steps per second: 853 
                        Collection time: 1.176s 
                          Learning time: 0.174s 
                        Mean value loss: 72.5922
                    Mean surrogate loss: 2.6963
             Mean online_retention loss: 0.0000
          Mean rehearsal_retention loss: 0.0820
                            Mean reward: -47.32
                    Mean episode length: 1270.06
                        Mean action std: 0.00
--------------------------------------------------------------------------------
                         Iteration time: 1.35s
                           Time elapsed: 0:03:04
                                    ETA: 0:07:49

################################################################################
[1m                           Learning iteration 141/500                           [0m 

                               Run name: standing-retention-native-20260908-v48
                            Total steps: 163584 
                       Steps per second: 865 
                        Collection time: 1.164s 
                          Learning time: 0.166s 
                        Mean value loss: 0.6409
                    Mean surrogate loss: -2.6582
             Mean online_retention loss: 0.0000
          Mean rehearsal_retention loss: 0.0807
                            Mean reward: -47.32
                    Mean episode length: 1270.06
                        Mean action std: 0.00
--------------------------------------------------------------------------------
                         Iteration time: 1.33s
                           Time elapsed: 0:03:05
                                    ETA: 0:07:48

################################################################################
[1m                           Learning iteration 142/500                           [0m 

                               Run name: standing-retention-native-20260908-v48
                            Total steps: 164736 
                       Steps per second: 859 
                        Collection time: 1.171s 
                          Learning time: 0.169s 
                        Mean value loss: 2.2032
                    Mean surrogate loss: 1.5383
             Mean online_retention loss: 0.0000
          Mean rehearsal_retention loss: 0.0886
                            Mean reward: -47.32
                    Mean episode length: 1270.06
                        Mean action std: 0.00
--------------------------------------------------------------------------------
                         Iteration time: 1.34s
                           Time elapsed: 0:03:07
                                    ETA: 0:07:46

################################################################################
[1m                           Learning iteration 143/500                           [0m 

                               Run name: standing-retention-native-20260908-v48
                            Total steps: 165888 
                       Steps per second: 869 
                        Collection time: 1.157s 
                          Learning time: 0.168s 
                        Mean value loss: 53.9617
                    Mean surrogate loss: 3.7364
             Mean online_retention loss: 0.0000
          Mean rehearsal_retention loss: 0.0573
                            Mean reward: -47.32
                    Mean episode length: 1270.06
                        Mean action std: 0.00
--------------------------------------------------------------------------------
                         Iteration time: 1.33s
                           Time elapsed: 0:03:08
                                    ETA: 0:07:45

################################################################################
[1m                           Learning iteration 144/500                           [0m 

                               Run name: standing-retention-native-20260908-v48
                            Total steps: 167040 
                       Steps per second: 854 
                        Collection time: 1.175s 
                          Learning time: 0.173s 
                        Mean value loss: 13.4741
                    Mean surrogate loss: 0.5718
             Mean online_retention loss: 0.0000
          Mean rehearsal_retention loss: 0.0559
                            Mean reward: -47.68
                    Mean episode length: 1276.53
                        Mean action std: 0.00
--------------------------------------------------------------------------------
                         Iteration time: 1.35s
                           Time elapsed: 0:03:09
                                    ETA: 0:07:44

################################################################################
[1m                           Learning iteration 145/500                           [0m 

                               Run name: standing-retention-native-20260908-v48
                            Total steps: 168192 
                       Steps per second: 843 
                        Collection time: 1.198s 
                          Learning time: 0.167s 
                        Mean value loss: 53.4062
                    Mean surrogate loss: 0.4407
             Mean online_retention loss: 0.0000
          Mean rehearsal_retention loss: 0.0658
                            Mean reward: -48.27
                    Mean episode length: 1272.99
                        Mean action std: 0.00
--------------------------------------------------------------------------------
                         Iteration time: 1.37s
                           Time elapsed: 0:03:11
                                    ETA: 0:07:43

################################################################################
[1m                           Learning iteration 146/500                           [0m 

                               Run name: standing-retention-native-20260908-v48
                            Total steps: 169344 
                       Steps per second: 843 
                        Collection time: 1.186s 
                          Learning time: 0.180s 
                        Mean value loss: 0.9744
                    Mean surrogate loss: -0.3439
             Mean online_retention loss: 0.0000
          Mean rehearsal_retention loss: 0.0577
                            Mean reward: -48.27
                    Mean episode length: 1272.99
                        Mean action std: 0.00
--------------------------------------------------------------------------------
                         Iteration time: 1.37s
                           Time elapsed: 0:03:12
                                    ETA: 0:07:42

################################################################################
[1m                           Learning iteration 147/500                           [0m 

                               Run name: standing-retention-native-20260908-v48
                            Total steps: 170496 
                       Steps per second: 854 
                        Collection time: 1.175s 
                          Learning time: 0.173s 
                        Mean value loss: 0.5479
                    Mean surrogate loss: 0.2992
             Mean online_retention loss: 0.0000
          Mean rehearsal_retention loss: 0.0650
                            Mean reward: -48.27
                    Mean episode length: 1272.99
                        Mean action std: 0.00
--------------------------------------------------------------------------------
                         Iteration time: 1.35s
                           Time elapsed: 0:03:13
                                    ETA: 0:07:40

################################################################################
[1m                           Learning iteration 148/500                           [0m 

                               Run name: standing-retention-native-20260908-v48
                            Total steps: 171648 
                       Steps per second: 844 
                        Collection time: 1.200s 
                          Learning time: 0.165s 
                        Mean value loss: 0.6363
                    Mean surrogate loss: -0.9069
             Mean online_retention loss: 0.0000
          Mean rehearsal_retention loss: 0.0668
                            Mean reward: -48.27
                    Mean episode length: 1272.99
                        Mean action std: 0.00
--------------------------------------------------------------------------------
                         Iteration time: 1.36s
                           Time elapsed: 0:03:15
                                    ETA: 0:07:39

################################################################################
[1m                           Learning iteration 149/500                           [0m 

                               Run name: standing-retention-native-20260908-v48
                            Total steps: 172800 
                       Steps per second: 852 
                        Collection time: 1.182s 
                          Learning time: 0.169s 
                        Mean value loss: 0.4570
                    Mean surrogate loss: -0.7192
             Mean online_retention loss: 0.0000
          Mean rehearsal_retention loss: 0.0899
                            Mean reward: -48.27
                    Mean episode length: 1272.99
                        Mean action std: 0.00
--------------------------------------------------------------------------------
                         Iteration time: 1.35s
                           Time elapsed: 0:03:16
                                    ETA: 0:07:38

################################################################################
[1m                           Learning iteration 150/500                           [0m 

                               Run name: standing-retention-native-20260908-v48
                            Total steps: 173952 
                       Steps per second: 854 
                        Collection time: 1.181s 
                          Learning time: 0.167s 
                        Mean value loss: 47.6828
                    Mean surrogate loss: -0.2062
             Mean online_retention loss: 0.1744
          Mean rehearsal_retention loss: 0.0703
                            Mean reward: -48.27
                    Mean episode length: 1272.99
                        Mean action std: 0.03
--------------------------------------------------------------------------------
                         Iteration time: 1.35s
                           Time elapsed: 0:03:17
                                    ETA: 0:07:37

################################################################################
[1m                           Learning iteration 151/500                           [0m 

                               Run name: standing-retention-native-20260908-v48
                            Total steps: 175104 
                       Steps per second: 848 
                        Collection time: 1.200s 
                          Learning time: 0.158s 
                        Mean value loss: 94.7190
                    Mean surrogate loss: -0.0114
             Mean online_retention loss: 0.0347
          Mean rehearsal_retention loss: 0.0535
                            Mean reward: -49.44
                    Mean episode length: 1266.78
                        Mean action std: 0.04
--------------------------------------------------------------------------------
                         Iteration time: 1.36s
                           Time elapsed: 0:03:19
                                    ETA: 0:07:36

################################################################################
[1m                           Learning iteration 152/500                           [0m 

                               Run name: standing-retention-native-20260908-v48
                            Total steps: 176256 
                       Steps per second: 850 
                        Collection time: 1.190s 
                          Learning time: 0.164s 
                        Mean value loss: 147.8783
                    Mean surrogate loss: 0.0228
             Mean online_retention loss: 0.0256
          Mean rehearsal_retention loss: 0.0452
                            Mean reward: -51.00
                    Mean episode length: 1257.60
                        Mean action std: 0.04
--------------------------------------------------------------------------------
                         Iteration time: 1.35s
                           Time elapsed: 0:03:20
                                    ETA: 0:07:34

################################################################################
[1m                           Learning iteration 153/500                           [0m 

                               Run name: standing-retention-native-20260908-v48
                            Total steps: 177408 
                       Steps per second: 853 
                        Collection time: 1.185s 
                          Learning time: 0.164s 
                        Mean value loss: 62.0063
                    Mean surrogate loss: -0.0320
             Mean online_retention loss: 0.0237
          Mean rehearsal_retention loss: 0.0414
                            Mean reward: -52.14
                    Mean episode length: 1244.98
                        Mean action std: 0.04
--------------------------------------------------------------------------------
                         Iteration time: 1.35s
                           Time elapsed: 0:03:21
                                    ETA: 0:07:33

################################################################################
[1m                           Learning iteration 154/500                           [0m 

                               Run name: standing-retention-native-20260908-v48
                            Total steps: 178560 
                       Steps per second: 843 
                        Collection time: 1.201s 
                          Learning time: 0.164s 
                        Mean value loss: 222.5731
                    Mean surrogate loss: 0.0034
             Mean online_retention loss: 0.0231
          Mean rehearsal_retention loss: 0.0394
                            Mean reward: -50.72
                    Mean episode length: 1253.28
                        Mean action std: 0.04
--------------------------------------------------------------------------------
                         Iteration time: 1.37s
                           Time elapsed: 0:03:23
                                    ETA: 0:07:32

################################################################################
[1m                           Learning iteration 155/500                           [0m 

                               Run name: standing-retention-native-20260908-v48
                            Total steps: 179712 
                       Steps per second: 852 
                        Collection time: 1.202s 
                          Learning time: 0.149s 
                        Mean value loss: 31.4048
                    Mean surrogate loss: -0.0175
             Mean online_retention loss: 0.0197
          Mean rehearsal_retention loss: 0.0367
                            Mean reward: -51.37
                    Mean episode length: 1250.18
                        Mean action std: 0.04
--------------------------------------------------------------------------------
                         Iteration time: 1.35s
                           Time elapsed: 0:03:24
                                    ETA: 0:07:31

################################################################################
[1m                           Learning iteration 156/500                           [0m 

                               Run name: standing-retention-native-20260908-v48
                            Total steps: 180864 
                       Steps per second: 844 
                        Collection time: 1.200s 
                          Learning time: 0.164s 
                        Mean value loss: 47.2388
                    Mean surrogate loss: -0.0006
             Mean online_retention loss: 0.0177
          Mean rehearsal_retention loss: 0.0336
                            Mean reward: -51.37
                    Mean episode length: 1250.18
                        Mean action std: 0.04
--------------------------------------------------------------------------------
                         Iteration time: 1.36s
                           Time elapsed: 0:03:25
                                    ETA: 0:07:30

################################################################################
[1m                           Learning iteration 157/500                           [0m 

                               Run name: standing-retention-native-20260908-v48
                            Total steps: 182016 
                       Steps per second: 857 
                        Collection time: 1.185s 
                          Learning time: 0.159s 
                        Mean value loss: 18.3199
                    Mean surrogate loss: -0.0011
             Mean online_retention loss: 0.0145
          Mean rehearsal_retention loss: 0.0301
                            Mean reward: -52.02
                    Mean episode length: 1250.24
                        Mean action std: 0.04
--------------------------------------------------------------------------------
                         Iteration time: 1.34s
                           Time elapsed: 0:03:27
                                    ETA: 0:07:28

################################################################################
[1m                           Learning iteration 158/500                           [0m 

                               Run name: standing-retention-native-20260908-v48
                            Total steps: 183168 
                       Steps per second: 849 
                        Collection time: 1.188s 
                          Learning time: 0.168s 
                        Mean value loss: 0.5943
                    Mean surrogate loss: -0.0966
             Mean online_retention loss: 0.0190
          Mean rehearsal_retention loss: 0.0332
                            Mean reward: -52.02
                    Mean episode length: 1250.24
                        Mean action std: 0.04
--------------------------------------------------------------------------------
                         Iteration time: 1.36s
                           Time elapsed: 0:03:28
                                    ETA: 0:07:27

################################################################################
[1m                           Learning iteration 159/500                           [0m 

                               Run name: standing-retention-native-20260908-v48
                            Total steps: 184320 
                       Steps per second: 851 
                        Collection time: 1.185s 
                          Learning time: 0.167s 
                        Mean value loss: 0.8171
                    Mean surrogate loss: -0.0834
             Mean online_retention loss: 0.0173
          Mean rehearsal_retention loss: 0.0321
                            Mean reward: -52.02
                    Mean episode length: 1250.24
                        Mean action std: 0.04
--------------------------------------------------------------------------------
                         Iteration time: 1.35s
                           Time elapsed: 0:03:30
                                    ETA: 0:07:26

################################################################################
[1m                           Learning iteration 160/500                           [0m 

                               Run name: standing-retention-native-20260908-v48
                            Total steps: 185472 
                       Steps per second: 855 
                        Collection time: 1.178s 
                          Learning time: 0.167s 
                        Mean value loss: 10.0087
                    Mean surrogate loss: -0.0843
             Mean online_retention loss: 0.0167
          Mean rehearsal_retention loss: 0.0318
                            Mean reward: -52.02
                    Mean episode length: 1250.24
                        Mean action std: 0.04
--------------------------------------------------------------------------------
                         Iteration time: 1.35s
                           Time elapsed: 0:03:31
                                    ETA: 0:07:25

################################################################################
[1m                           Learning iteration 161/500                           [0m 

                               Run name: standing-retention-native-20260908-v48
                            Total steps: 186624 
                       Steps per second: 854 
                        Collection time: 1.184s 
                          Learning time: 0.165s 
                        Mean value loss: 129.9449
                    Mean surrogate loss: 0.0309
             Mean online_retention loss: 0.0156
          Mean rehearsal_retention loss: 0.0306
                            Mean reward: -51.84
                    Mean episode length: 1265.77
                        Mean action std: 0.04
--------------------------------------------------------------------------------
                         Iteration time: 1.35s
                           Time elapsed: 0:03:32
                                    ETA: 0:07:23

################################################################################
[1m                           Learning iteration 162/500                           [0m 

                               Run name: standing-retention-native-20260908-v48
                            Total steps: 187776 
                       Steps per second: 846 
                        Collection time: 1.201s 
                          Learning time: 0.161s 
                        Mean value loss: 34.2090
                    Mean surrogate loss: 0.4326
             Mean online_retention loss: 0.0153
          Mean rehearsal_retention loss: 0.0299
                            Mean reward: -51.84
                    Mean episode length: 1265.77
                        Mean action std: 0.02
--------------------------------------------------------------------------------
                         Iteration time: 1.36s
                           Time elapsed: 0:03:34
                                    ETA: 0:07:22

################################################################################
[1m                           Learning iteration 163/500                           [0m 

                               Run name: standing-retention-native-20260908-v48
                            Total steps: 188928 
                       Steps per second: 862 
                        Collection time: 1.162s 
                          Learning time: 0.173s 
                        Mean value loss: 84.1162
                    Mean surrogate loss: 1.7162
             Mean online_retention loss: 0.0000
          Mean rehearsal_retention loss: 0.0362
                            Mean reward: -51.89
                    Mean episode length: 1265.75
                        Mean action std: 0.00
--------------------------------------------------------------------------------
                         Iteration time: 1.34s
                           Time elapsed: 0:03:35
                                    ETA: 0:07:21

################################################################################
[1m                           Learning iteration 164/500                           [0m 

                               Run name: standing-retention-native-20260908-v48
                            Total steps: 190080 
                       Steps per second: 853 
                        Collection time: 1.182s 
                          Learning time: 0.168s 
                        Mean value loss: 4.7219
                    Mean surrogate loss: -2.0331
             Mean online_retention loss: 0.0000
          Mean rehearsal_retention loss: 0.0635
                            Mean reward: -51.89
                    Mean episode length: 1265.75
                        Mean action std: 0.00
--------------------------------------------------------------------------------
                         Iteration time: 1.35s
                           Time elapsed: 0:03:36
                                    ETA: 0:07:20

################################################################################
[1m                           Learning iteration 165/500                           [0m 

                               Run name: standing-retention-native-20260908-v48
                            Total steps: 191232 
                       Steps per second: 859 
                        Collection time: 1.171s 
                          Learning time: 0.168s 
                        Mean value loss: 1.0050
                    Mean surrogate loss: 0.5004
             Mean online_retention loss: 0.0000
          Mean rehearsal_retention loss: 0.0822
                            Mean reward: -51.89
                    Mean episode length: 1265.75
                        Mean action std: 0.00
--------------------------------------------------------------------------------
                         Iteration time: 1.34s
                           Time elapsed: 0:03:38
                                    ETA: 0:07:18

################################################################################
[1m                           Learning iteration 166/500                           [0m 

                               Run name: standing-retention-native-20260908-v48
                            Total steps: 192384 
                       Steps per second: 855 
                        Collection time: 1.174s 
                          Learning time: 0.173s 
                        Mean value loss: 3.5452
                    Mean surrogate loss: -0.0413
             Mean online_retention loss: 0.0000
          Mean rehearsal_retention loss: 0.0991
                            Mean reward: -51.89
                    Mean episode length: 1265.75
                        Mean action std: 0.00
--------------------------------------------------------------------------------
                         Iteration time: 1.35s
                           Time elapsed: 0:03:39
                                    ETA: 0:07:17

################################################################################
[1m                           Learning iteration 167/500                           [0m 

                               Run name: standing-retention-native-20260908-v48
                            Total steps: 193536 
                       Steps per second: 857 
                        Collection time: 1.175s 
                          Learning time: 0.168s 
                        Mean value loss: 2.0349
                    Mean surrogate loss: -0.8990
             Mean online_retention loss: 0.0000
          Mean rehearsal_retention loss: 0.1085
                            Mean reward: -51.89
                    Mean episode length: 1265.75
                        Mean action std: 0.00
--------------------------------------------------------------------------------
                         Iteration time: 1.34s
                           Time elapsed: 0:03:40
                                    ETA: 0:07:16

################################################################################
[1m                           Learning iteration 168/500                           [0m 

                               Run name: standing-retention-native-20260908-v48
                            Total steps: 194688 
                       Steps per second: 854 
                        Collection time: 1.184s 
                          Learning time: 0.165s 
                        Mean value loss: 2.9843
                    Mean surrogate loss: -0.7413
             Mean online_retention loss: 0.0000
          Mean rehearsal_retention loss: 0.1209
                            Mean reward: -51.89
                    Mean episode length: 1265.75
                        Mean action std: 0.00
--------------------------------------------------------------------------------
                         Iteration time: 1.35s
                           Time elapsed: 0:03:42
                                    ETA: 0:07:15

################################################################################
[1m                           Learning iteration 169/500                           [0m 

                               Run name: standing-retention-native-20260908-v48
                            Total steps: 195840 
                       Steps per second: 839 
                        Collection time: 1.201s 
                          Learning time: 0.171s 
                        Mean value loss: 1.1289
                    Mean surrogate loss: -1.0862
             Mean online_retention loss: 0.0000
          Mean rehearsal_retention loss: 0.1109
                            Mean reward: -51.89
                    Mean episode length: 1265.75
                        Mean action std: 0.00
--------------------------------------------------------------------------------
                         Iteration time: 1.37s
                           Time elapsed: 0:03:43
                                    ETA: 0:07:13

################################################################################
[1m                           Learning iteration 170/500                           [0m 

                               Run name: standing-retention-native-20260908-v48
                            Total steps: 196992 
                       Steps per second: 858 
                        Collection time: 1.173s 
                          Learning time: 0.168s 
                        Mean value loss: 0.4586
                    Mean surrogate loss: -0.7179
             Mean online_retention loss: 0.0000
          Mean rehearsal_retention loss: 0.1235
                            Mean reward: -51.89
                    Mean episode length: 1265.75
                        Mean action std: 0.00
--------------------------------------------------------------------------------
                         Iteration time: 1.34s
                           Time elapsed: 0:03:44
                                    ETA: 0:07:12

################################################################################
[1m                           Learning iteration 171/500                           [0m 

                               Run name: standing-retention-native-20260908-v48
                            Total steps: 198144 
                       Steps per second: 843 
                        Collection time: 1.191s 
                          Learning time: 0.175s 
                        Mean value loss: 8.7037
                    Mean surrogate loss: 0.1808
             Mean online_retention loss: 0.0000
          Mean rehearsal_retention loss: 0.1111
                            Mean reward: -51.89
                    Mean episode length: 1265.75
                        Mean action std: 0.00
--------------------------------------------------------------------------------
                         Iteration time: 1.37s
                           Time elapsed: 0:03:46
                                    ETA: 0:07:11

################################################################################
[1m                           Learning iteration 172/500                           [0m 

                               Run name: standing-retention-native-20260908-v48
                            Total steps: 199296 
                       Steps per second: 854 
                        Collection time: 1.181s 
                          Learning time: 0.168s 
                        Mean value loss: 22.4596
                    Mean surrogate loss: 1.3503
             Mean online_retention loss: 0.0000
          Mean rehearsal_retention loss: 0.0686
                            Mean reward: -51.89
                    Mean episode length: 1265.75
                        Mean action std: 0.00
--------------------------------------------------------------------------------
                         Iteration time: 1.35s
                           Time elapsed: 0:03:47
                                    ETA: 0:07:10

################################################################################
[1m                           Learning iteration 173/500                           [0m 

                               Run name: standing-retention-native-20260908-v48
                            Total steps: 200448 
                       Steps per second: 840 
                        Collection time: 1.203s 
                          Learning time: 0.168s 
                        Mean value loss: 60.7480
                    Mean surrogate loss: 5.6755
             Mean online_retention loss: 0.0000
          Mean rehearsal_retention loss: 0.0607
                            Mean reward: -50.78
                    Mean episode length: 1285.96
                        Mean action std: 0.00
--------------------------------------------------------------------------------
                         Iteration time: 1.37s
                           Time elapsed: 0:03:48
                                    ETA: 0:07:08

################################################################################
[1m                           Learning iteration 174/500                           [0m 

                               Run name: standing-retention-native-20260908-v48
                            Total steps: 201600 
                       Steps per second: 847 
                        Collection time: 1.187s 
                          Learning time: 0.172s 
                        Mean value loss: 20.0270
                    Mean surrogate loss: 0.3569
             Mean online_retention loss: 0.0000
          Mean rehearsal_retention loss: 0.0594
                            Mean reward: -50.78
                    Mean episode length: 1285.96
                        Mean action std: 0.00
--------------------------------------------------------------------------------
                         Iteration time: 1.36s
                           Time elapsed: 0:03:50
                                    ETA: 0:07:07

################################################################################
[1m                           Learning iteration 175/500                           [0m 

                               Run name: standing-retention-native-20260908-v48
                            Total steps: 202752 
                       Steps per second: 843 
                        Collection time: 1.197s 
                          Learning time: 0.168s 
                        Mean value loss: 93.0657
                    Mean surrogate loss: 0.7890
             Mean online_retention loss: 0.0000
          Mean rehearsal_retention loss: 0.0578
                            Mean reward: -51.82
                    Mean episode length: 1279.43
                        Mean action std: 0.00
--------------------------------------------------------------------------------
                         Iteration time: 1.37s
                           Time elapsed: 0:03:51
                                    ETA: 0:07:06

################################################################################
[1m                           Learning iteration 176/500                           [0m 

                               Run name: standing-retention-native-20260908-v48
                            Total steps: 203904 
                       Steps per second: 854 
                        Collection time: 1.181s 
                          Learning time: 0.168s 
                        Mean value loss: 0.4793
                    Mean surrogate loss: -0.1474
             Mean online_retention loss: 0.0000
          Mean rehearsal_retention loss: 0.0746
                            Mean reward: -51.82
                    Mean episode length: 1279.43
                        Mean action std: 0.00
--------------------------------------------------------------------------------
                         Iteration time: 1.35s
                           Time elapsed: 0:03:53
                                    ETA: 0:07:05

################################################################################
[1m                           Learning iteration 177/500                           [0m 

                               Run name: standing-retention-native-20260908-v48
                            Total steps: 205056 
                       Steps per second: 854 
                        Collection time: 1.183s 
                          Learning time: 0.166s 
                        Mean value loss: 0.9468
                    Mean surrogate loss: -0.0043
             Mean online_retention loss: 0.0000
          Mean rehearsal_retention loss: 0.1034
                            Mean reward: -51.82
                    Mean episode length: 1279.43
                        Mean action std: 0.00
--------------------------------------------------------------------------------
                         Iteration time: 1.35s
                           Time elapsed: 0:03:54
                                    ETA: 0:07:04

################################################################################
[1m                           Learning iteration 178/500                           [0m 

                               Run name: standing-retention-native-20260908-v48
                            Total steps: 206208 
                       Steps per second: 843 
                        Collection time: 1.198s 
                          Learning time: 0.167s 
                        Mean value loss: 0.4198
                    Mean surrogate loss: 0.6016
             Mean online_retention loss: 0.0000
          Mean rehearsal_retention loss: 0.1062
                            Mean reward: -51.82
                    Mean episode length: 1279.43
                        Mean action std: 0.00
--------------------------------------------------------------------------------
                         Iteration time: 1.37s
                           Time elapsed: 0:03:55
                                    ETA: 0:07:02

################################################################################
[1m                           Learning iteration 179/500                           [0m 

                               Run name: standing-retention-native-20260908-v48
                            Total steps: 207360 
                       Steps per second: 854 
                        Collection time: 1.183s 
                          Learning time: 0.164s 
                        Mean value loss: 0.5569
                    Mean surrogate loss: -0.7685
             Mean online_retention loss: 0.0000
          Mean rehearsal_retention loss: 0.1245
                            Mean reward: -51.82
                    Mean episode length: 1279.43
                        Mean action std: 0.00
--------------------------------------------------------------------------------
                         Iteration time: 1.35s
                           Time elapsed: 0:03:57
                                    ETA: 0:07:01

################################################################################
[1m                           Learning iteration 180/500                           [0m 

                               Run name: standing-retention-native-20260908-v48
                            Total steps: 208512 
                       Steps per second: 869 
                        Collection time: 1.154s 
                          Learning time: 0.171s 
                        Mean value loss: 1.4259
                    Mean surrogate loss: -0.3384
             Mean online_retention loss: 0.0000
          Mean rehearsal_retention loss: 0.1114
                            Mean reward: -51.82
                    Mean episode length: 1279.43
                        Mean action std: 0.00
--------------------------------------------------------------------------------
                         Iteration time: 1.32s
                           Time elapsed: 0:03:58
                                    ETA: 0:07:00

################################################################################
[1m                           Learning iteration 181/500                           [0m 

                               Run name: standing-retention-native-20260908-v48
                            Total steps: 209664 
                       Steps per second: 858 
                        Collection time: 1.173s 
                          Learning time: 0.168s 
                        Mean value loss: 25.5428
                    Mean surrogate loss: 0.7402
             Mean online_retention loss: 0.0000
          Mean rehearsal_retention loss: 0.1444
                            Mean reward: -51.82
                    Mean episode length: 1279.43
                        Mean action std: 0.00
--------------------------------------------------------------------------------
                         Iteration time: 1.34s
                           Time elapsed: 0:03:59
                                    ETA: 0:06:58

################################################################################
[1m                           Learning iteration 182/500                           [0m 

                               Run name: standing-retention-native-20260908-v48
                            Total steps: 210816 
                       Steps per second: 843 
                        Collection time: 1.198s 
                          Learning time: 0.168s 
                        Mean value loss: 22.7588
                    Mean surrogate loss: 0.0609
             Mean online_retention loss: 0.0000
          Mean rehearsal_retention loss: 0.1142
                            Mean reward: -51.89
                    Mean episode length: 1279.32
                        Mean action std: 0.01
--------------------------------------------------------------------------------
                         Iteration time: 1.37s
                           Time elapsed: 0:04:01
                                    ETA: 0:06:57

################################################################################
[1m                           Learning iteration 183/500                           [0m 

                               Run name: standing-retention-native-20260908-v48
                            Total steps: 211968 
                       Steps per second: 850 
                        Collection time: 1.199s 
                          Learning time: 0.156s 
                        Mean value loss: 67.8653
                    Mean surrogate loss: 0.9434
             Mean online_retention loss: 0.0000
          Mean rehearsal_retention loss: 0.1149
                            Mean reward: -51.89
                    Mean episode length: 1279.32
                        Mean action std: 0.01
--------------------------------------------------------------------------------
                         Iteration time: 1.36s
                           Time elapsed: 0:04:02
                                    ETA: 0:06:56

################################################################################
[1m                           Learning iteration 184/500                           [0m 

                               Run name: standing-retention-native-20260908-v48
                            Total steps: 213120 
                       Steps per second: 859 
                        Collection time: 1.178s 
                          Learning time: 0.163s 
                        Mean value loss: 55.8668
                    Mean surrogate loss: 0.4473
             Mean online_retention loss: 0.0000
          Mean rehearsal_retention loss: 0.1212
                            Mean reward: -51.70
                    Mean episode length: 1286.03
                        Mean action std: 0.01
--------------------------------------------------------------------------------
                         Iteration time: 1.34s
                           Time elapsed: 0:04:03
                                    ETA: 0:06:55

################################################################################
[1m                           Learning iteration 185/500                           [0m 

                               Run name: standing-retention-native-20260908-v48
                            Total steps: 214272 
                       Steps per second: 852 
                        Collection time: 1.183s 
                          Learning time: 0.168s 
                        Mean value loss: 29.4539
                    Mean surrogate loss: 0.7436
             Mean online_retention loss: 0.0000
          Mean rehearsal_retention loss: 0.1063
                            Mean reward: -51.70
                    Mean episode length: 1286.03
                        Mean action std: 0.01
--------------------------------------------------------------------------------
                         Iteration time: 1.35s
                           Time elapsed: 0:04:05
                                    ETA: 0:06:53

################################################################################
[1m                           Learning iteration 186/500                           [0m 

                               Run name: standing-retention-native-20260908-v48
                            Total steps: 215424 
                       Steps per second: 848 
                        Collection time: 1.199s 
                          Learning time: 0.159s 
                        Mean value loss: 103.7460
                    Mean surrogate loss: 1.2503
             Mean online_retention loss: 0.0000
          Mean rehearsal_retention loss: 0.0944
                            Mean reward: -51.56
                    Mean episode length: 1286.17
                        Mean action std: 0.01
--------------------------------------------------------------------------------
                         Iteration time: 1.36s
                           Time elapsed: 0:04:06
                                    ETA: 0:06:52

################################################################################
[1m                           Learning iteration 187/500                           [0m 

                               Run name: standing-retention-native-20260908-v48
                            Total steps: 216576 
                       Steps per second: 910 
                        Collection time: 1.112s 
                          Learning time: 0.153s 
                        Mean value loss: 75.6751
                    Mean surrogate loss: -0.1447
             Mean online_retention loss: 0.4367
          Mean rehearsal_retention loss: 0.0839
                            Mean reward: -51.56
                    Mean episode length: 1286.17
                        Mean action std: 0.01
--------------------------------------------------------------------------------
                         Iteration time: 1.26s
                           Time elapsed: 0:04:07
                                    ETA: 0:06:51

################################################################################
[1m                           Learning iteration 188/500                           [0m 

                               Run name: standing-retention-native-20260908-v48
                            Total steps: 217728 
                       Steps per second: 859 
                        Collection time: 1.174s 
                          Learning time: 0.165s 
                        Mean value loss: 92.2888
                    Mean surrogate loss: -0.1202
             Mean online_retention loss: 0.1875
          Mean rehearsal_retention loss: 0.0739
                            Mean reward: -51.54
                    Mean episode length: 1279.44
                        Mean action std: 0.04
--------------------------------------------------------------------------------
                         Iteration time: 1.34s
                           Time elapsed: 0:04:09
                                    ETA: 0:06:49

################################################################################
[1m                           Learning iteration 189/500                           [0m 

                               Run name: standing-retention-native-20260908-v48
                            Total steps: 218880 
                       Steps per second: 844 
                        Collection time: 1.206s 
                          Learning time: 0.158s 
                        Mean value loss: 2.3197
                    Mean surrogate loss: -0.1475
             Mean online_retention loss: 0.0512
          Mean rehearsal_retention loss: 0.0742
                            Mean reward: -51.54
                    Mean episode length: 1279.44
                        Mean action std: 0.04
--------------------------------------------------------------------------------
                         Iteration time: 1.36s
                           Time elapsed: 0:04:10
                                    ETA: 0:06:48

################################################################################
[1m                           Learning iteration 190/500                           [0m 

                               Run name: standing-retention-native-20260908-v48
                            Total steps: 220032 
                       Steps per second: 842 
                        Collection time: 1.201s 
                          Learning time: 0.166s 
                        Mean value loss: 0.7418
                    Mean surrogate loss: -0.1024
             Mean online_retention loss: 0.0520
          Mean rehearsal_retention loss: 0.0702
                            Mean reward: -51.54
                    Mean episode length: 1279.44
                        Mean action std: 0.04
--------------------------------------------------------------------------------
                         Iteration time: 1.37s
                           Time elapsed: 0:04:11
                                    ETA: 0:06:47

################################################################################
[1m                           Learning iteration 191/500                           [0m 

                               Run name: standing-retention-native-20260908-v48
                            Total steps: 221184 
                       Steps per second: 848 
                        Collection time: 1.200s 
                          Learning time: 0.158s 
                        Mean value loss: 4.1425
                    Mean surrogate loss: -0.0525
             Mean online_retention loss: 0.0453
          Mean rehearsal_retention loss: 0.0619
                            Mean reward: -51.54
                    Mean episode length: 1279.44
                        Mean action std: 0.04
--------------------------------------------------------------------------------
                         Iteration time: 1.36s
                           Time elapsed: 0:04:13
                                    ETA: 0:06:46

################################################################################
[1m                           Learning iteration 192/500                           [0m 

                               Run name: standing-retention-native-20260908-v48
                            Total steps: 222336 
                       Steps per second: 850 
                        Collection time: 1.190s 
                          Learning time: 0.164s 
                        Mean value loss: 128.7288
                    Mean surrogate loss: -0.0067
             Mean online_retention loss: 0.0370
          Mean rehearsal_retention loss: 0.0569
                            Mean reward: -50.95
                    Mean episode length: 1285.96
                        Mean action std: 0.04
--------------------------------------------------------------------------------
                         Iteration time: 1.35s
                           Time elapsed: 0:04:14
                                    ETA: 0:06:44

################################################################################
[1m                           Learning iteration 193/500                           [0m 

                               Run name: standing-retention-native-20260908-v48
                            Total steps: 223488 
                       Steps per second: 842 
                        Collection time: 1.201s 
                          Learning time: 0.167s 
                        Mean value loss: 11.0938
                    Mean surrogate loss: -0.0487
             Mean online_retention loss: 0.0290
          Mean rehearsal_retention loss: 0.0501
                            Mean reward: -50.95
                    Mean episode length: 1285.96
                        Mean action std: 0.04
--------------------------------------------------------------------------------
                         Iteration time: 1.37s
                           Time elapsed: 0:04:15
                                    ETA: 0:06:43

################################################################################
[1m                           Learning iteration 194/500                           [0m 

                               Run name: standing-retention-native-20260908-v48
                            Total steps: 224640 
                       Steps per second: 843 
                        Collection time: 1.199s 
                          Learning time: 0.167s 
                        Mean value loss: 70.5682
                    Mean surrogate loss: 0.0290
             Mean online_retention loss: 0.0237
          Mean rehearsal_retention loss: 0.0474
                            Mean reward: -50.76
                    Mean episode length: 1285.98
                        Mean action std: 0.03
--------------------------------------------------------------------------------
                         Iteration time: 1.37s
                           Time elapsed: 0:04:17
                                    ETA: 0:06:42

################################################################################
[1m                           Learning iteration 195/500                           [0m 

                               Run name: standing-retention-native-20260908-v48
                            Total steps: 225792 
                       Steps per second: 844 
                        Collection time: 1.199s 
                          Learning time: 0.166s 
                        Mean value loss: 0.7484
                    Mean surrogate loss: -0.1221
             Mean online_retention loss: 0.0250
          Mean rehearsal_retention loss: 0.0474
                            Mean reward: -50.76
                    Mean episode length: 1285.98
                        Mean action std: 0.03
--------------------------------------------------------------------------------
                         Iteration time: 1.36s
                           Time elapsed: 0:04:18
                                    ETA: 0:06:41

################################################################################
[1m                           Learning iteration 196/500                           [0m 

                               Run name: standing-retention-native-20260908-v48
                            Total steps: 226944 
                       Steps per second: 844 
                        Collection time: 1.200s 
                          Learning time: 0.164s 
                        Mean value loss: 0.5499
                    Mean surrogate loss: 0.0038
             Mean online_retention loss: 0.0231
          Mean rehearsal_retention loss: 0.0471
                            Mean reward: -50.76
                    Mean episode length: 1285.98
                        Mean action std: 0.04
--------------------------------------------------------------------------------
                         Iteration time: 1.36s
                           Time elapsed: 0:04:20
                                    ETA: 0:06:39

################################################################################
[1m                           Learning iteration 197/500                           [0m 

                               Run name: standing-retention-native-20260908-v48
                            Total steps: 228096 
                       Steps per second: 851 
                        Collection time: 1.192s 
                          Learning time: 0.160s 
                        Mean value loss: 0.7839
                    Mean surrogate loss: -0.1322
             Mean online_retention loss: 0.0352
          Mean rehearsal_retention loss: 0.0455
                            Mean reward: 12.01
                    Mean episode length: 1669.09
                        Mean action std: 0.03
--------------------------------------------------------------------------------
                         Iteration time: 1.35s
                           Time elapsed: 0:04:21
                                    ETA: 0:06:38

################################################################################
[1m                           Learning iteration 198/500                           [0m 

                               Run name: standing-retention-native-20260908-v48
                            Total steps: 229248 
                       Steps per second: 866 
                        Collection time: 1.165s 
                          Learning time: 0.164s 
                        Mean value loss: 34.7662
                    Mean surrogate loss: -0.3725
             Mean online_retention loss: 0.1816
          Mean rehearsal_retention loss: 0.0488
                            Mean reward: 12.01
                    Mean episode length: 1669.09
                        Mean action std: 0.03
--------------------------------------------------------------------------------
                         Iteration time: 1.33s
                           Time elapsed: 0:04:22
                                    ETA: 0:06:37

################################################################################
[1m                           Learning iteration 199/500                           [0m 

                               Run name: standing-retention-native-20260908-v48
                            Total steps: 230400 
                       Steps per second: 848 
                        Collection time: 1.188s 
                          Learning time: 0.169s 
                        Mean value loss: 5.6631
                    Mean surrogate loss: -0.1328
             Mean online_retention loss: 0.0485
          Mean rehearsal_retention loss: 0.0475
                            Mean reward: 12.01
                    Mean episode length: 1669.09
                        Mean action std: 0.04
--------------------------------------------------------------------------------
                         Iteration time: 1.36s
                           Time elapsed: 0:04:24
                                    ETA: 0:06:36

################################################################################
[1m                           Learning iteration 200/500                           [0m 

                               Run name: standing-retention-native-20260908-v48
                            Total steps: 231552 
                       Steps per second: 837 
                        Collection time: 1.209s 
                          Learning time: 0.167s 
                        Mean value loss: 9.5874
                    Mean surrogate loss: -0.5371
             Mean online_retention loss: 0.0277
          Mean rehearsal_retention loss: 0.0441
                            Mean reward: 12.01
                    Mean episode length: 1669.09
                        Mean action std: 0.02
--------------------------------------------------------------------------------
                         Iteration time: 1.38s
                           Time elapsed: 0:04:25
                                    ETA: 0:06:34

################################################################################
[1m                           Learning iteration 201/500                           [0m 

                               Run name: standing-retention-native-20260908-v48
                            Total steps: 232704 
                       Steps per second: 847 
                        Collection time: 1.200s 
                          Learning time: 0.160s 
                        Mean value loss: 0.8399
                    Mean surrogate loss: -0.0345
             Mean online_retention loss: 0.0281
          Mean rehearsal_retention loss: 0.0446
                            Mean reward: 12.01
                    Mean episode length: 1669.09
                        Mean action std: 0.02
--------------------------------------------------------------------------------
                         Iteration time: 1.36s
                           Time elapsed: 0:04:26
                                    ETA: 0:06:33

################################################################################
[1m                           Learning iteration 202/500                           [0m 

                               Run name: standing-retention-native-20260908-v48
                            Total steps: 233856 
                       Steps per second: 860 
                        Collection time: 1.171s 
                          Learning time: 0.168s 
                        Mean value loss: 1.0578
                    Mean surrogate loss: -0.2798
             Mean online_retention loss: 0.0241
          Mean rehearsal_retention loss: 0.0438
                            Mean reward: 12.01
                    Mean episode length: 1669.09
                        Mean action std: 0.02
--------------------------------------------------------------------------------
                         Iteration time: 1.34s
                           Time elapsed: 0:04:28
                                    ETA: 0:06:32

################################################################################
[1m                           Learning iteration 203/500                           [0m 

                               Run name: standing-retention-native-20260908-v48
                            Total steps: 235008 
                       Steps per second: 850 
                        Collection time: 1.199s 
                          Learning time: 0.155s 
                        Mean value loss: 2.7251
                    Mean surrogate loss: -0.2443
             Mean online_retention loss: 0.0240
          Mean rehearsal_retention loss: 0.0443
                            Mean reward: 12.01
                    Mean episode length: 1669.09
                        Mean action std: 0.02
--------------------------------------------------------------------------------
                         Iteration time: 1.35s
                           Time elapsed: 0:04:29
                                    ETA: 0:06:31

################################################################################
[1m                           Learning iteration 204/500                           [0m 

                               Run name: standing-retention-native-20260908-v48
                            Total steps: 236160 
                       Steps per second: 858 
                        Collection time: 1.178s 
                          Learning time: 0.165s 
                        Mean value loss: 1.1308
                    Mean surrogate loss: -0.1086
             Mean online_retention loss: 0.0252
          Mean rehearsal_retention loss: 0.0416
                            Mean reward: 12.01
                    Mean episode length: 1669.09
                        Mean action std: 0.02
--------------------------------------------------------------------------------
                         Iteration time: 1.34s
                           Time elapsed: 0:04:30
                                    ETA: 0:06:29

################################################################################
[1m                           Learning iteration 205/500                           [0m 

                               Run name: standing-retention-native-20260908-v48
                            Total steps: 237312 
                       Steps per second: 842 
                        Collection time: 1.200s 
                          Learning time: 0.167s 
                        Mean value loss: 1.7999
                    Mean surrogate loss: -0.1893
             Mean online_retention loss: 0.0221
          Mean rehearsal_retention loss: 0.0424
                            Mean reward: 12.01
                    Mean episode length: 1669.09
                        Mean action std: 0.02
--------------------------------------------------------------------------------
                         Iteration time: 1.37s
                           Time elapsed: 0:04:32
                                    ETA: 0:06:28

################################################################################
[1m                           Learning iteration 206/500                           [0m 

                               Run name: standing-retention-native-20260908-v48
                            Total steps: 238464 
                       Steps per second: 844 
                        Collection time: 1.199s 
                          Learning time: 0.164s 
                        Mean value loss: 1.1965
                    Mean surrogate loss: -0.1341
             Mean online_retention loss: 0.0184
          Mean rehearsal_retention loss: 0.0412
                            Mean reward: 12.01
                    Mean episode length: 1669.09
                        Mean action std: 0.02
--------------------------------------------------------------------------------
                         Iteration time: 1.36s
                           Time elapsed: 0:04:33
                                    ETA: 0:06:27

################################################################################
[1m                           Learning iteration 207/500                           [0m 

                               Run name: standing-retention-native-20260908-v48
                            Total steps: 239616 
                       Steps per second: 855 
                        Collection time: 1.184s 
                          Learning time: 0.162s 
                        Mean value loss: 0.3647
                    Mean surrogate loss: -0.1975
             Mean online_retention loss: 0.0166
          Mean rehearsal_retention loss: 0.0409
                            Mean reward: 12.01
                    Mean episode length: 1669.09
                        Mean action std: 0.02
--------------------------------------------------------------------------------
                         Iteration time: 1.35s
                           Time elapsed: 0:04:34
                                    ETA: 0:06:25

################################################################################
[1m                           Learning iteration 208/500                           [0m 

                               Run name: standing-retention-native-20260908-v48
                            Total steps: 240768 
                       Steps per second: 851 
                        Collection time: 1.186s 
                          Learning time: 0.167s 
                        Mean value loss: 0.3767
                    Mean surrogate loss: -0.0719
             Mean online_retention loss: 0.0187
          Mean rehearsal_retention loss: 0.0417
                            Mean reward: 12.01
                    Mean episode length: 1669.09
                        Mean action std: 0.02
--------------------------------------------------------------------------------
                         Iteration time: 1.35s
                           Time elapsed: 0:04:36
                                    ETA: 0:06:24

################################################################################
[1m                           Learning iteration 209/500                           [0m 

                               Run name: standing-retention-native-20260908-v48
                            Total steps: 241920 
                       Steps per second: 838 
                        Collection time: 1.204s 
                          Learning time: 0.169s 
                        Mean value loss: 0.3602
                    Mean surrogate loss: -0.0259
             Mean online_retention loss: 0.0171
          Mean rehearsal_retention loss: 0.0401
                            Mean reward: 12.01
                    Mean episode length: 1669.09
                        Mean action std: 0.02
--------------------------------------------------------------------------------
                         Iteration time: 1.37s
                           Time elapsed: 0:04:37
                                    ETA: 0:06:23

################################################################################
[1m                           Learning iteration 210/500                           [0m 

                               Run name: standing-retention-native-20260908-v48
                            Total steps: 243072 
                       Steps per second: 849 
                        Collection time: 1.192s 
                          Learning time: 0.164s 
                        Mean value loss: 21.8808
                    Mean surrogate loss: 0.9320
             Mean online_retention loss: 0.0262
          Mean rehearsal_retention loss: 0.0457
                            Mean reward: 12.01
                    Mean episode length: 1669.09
                        Mean action std: 0.01
--------------------------------------------------------------------------------
                         Iteration time: 1.36s
                           Time elapsed: 0:04:39
                                    ETA: 0:06:22

################################################################################
[1m                           Learning iteration 211/500                           [0m 

                               Run name: standing-retention-native-20260908-v48
                            Total steps: 244224 
                       Steps per second: 874 
                        Collection time: 1.148s 
                          Learning time: 0.170s 
                        Mean value loss: 5.9024
                    Mean surrogate loss: 0.3490
             Mean online_retention loss: 0.0000
          Mean rehearsal_retention loss: 0.0640
                            Mean reward: 12.01
                    Mean episode length: 1669.09
                        Mean action std: 0.01
--------------------------------------------------------------------------------
                         Iteration time: 1.32s
                           Time elapsed: 0:04:40
                                    ETA: 0:06:20

################################################################################
[1m                           Learning iteration 212/500                           [0m 

                               Run name: standing-retention-native-20260908-v48
                            Total steps: 245376 
                       Steps per second: 871 
                        Collection time: 1.166s 
                          Learning time: 0.156s 
                        Mean value loss: 464.1455
                    Mean surrogate loss: 1.2331
             Mean online_retention loss: 0.0000
          Mean rehearsal_retention loss: 0.0770
                            Mean reward: 10.10
                    Mean episode length: 1655.51
                        Mean action std: 0.01
--------------------------------------------------------------------------------
                         Iteration time: 1.32s
                           Time elapsed: 0:04:41
                                    ETA: 0:06:19

################################################################################
[1m                           Learning iteration 213/500                           [0m 

                               Run name: standing-retention-native-20260908-v48
                            Total steps: 246528 
                       Steps per second: 858 
                        Collection time: 1.175s 
                          Learning time: 0.166s 
                        Mean value loss: 87.4245
                    Mean surrogate loss: 0.9271
             Mean online_retention loss: 0.0000
          Mean rehearsal_retention loss: 0.0485
                            Mean reward: 10.49
                    Mean episode length: 1667.51
                        Mean action std: 0.01
--------------------------------------------------------------------------------
                         Iteration time: 1.34s
                           Time elapsed: 0:04:42
                                    ETA: 0:06:18

################################################################################
[1m                           Learning iteration 214/500                           [0m 

                               Run name: standing-retention-native-20260908-v48
                            Total steps: 247680 
                       Steps per second: 859 
                        Collection time: 1.169s 
                          Learning time: 0.172s 
                        Mean value loss: 111.8266
                    Mean surrogate loss: 0.9947
             Mean online_retention loss: 0.0000
          Mean rehearsal_retention loss: 0.0627
                            Mean reward: 15.69
                    Mean episode length: 1693.99
                        Mean action std: 0.01
--------------------------------------------------------------------------------
                         Iteration time: 1.34s
                           Time elapsed: 0:04:44
                                    ETA: 0:06:16

################################################################################
[1m                           Learning iteration 215/500                           [0m 

                               Run name: standing-retention-native-20260908-v48
                            Total steps: 248832 
                       Steps per second: 858 
                        Collection time: 1.174s 
                          Learning time: 0.167s 
                        Mean value loss: 25.8754
                    Mean surrogate loss: 1.1945
             Mean online_retention loss: 0.0000
          Mean rehearsal_retention loss: 0.0732
                            Mean reward: 15.69
                    Mean episode length: 1693.99
                        Mean action std: 0.00
--------------------------------------------------------------------------------
                         Iteration time: 1.34s
                           Time elapsed: 0:04:45
                                    ETA: 0:06:15

################################################################################
[1m                           Learning iteration 216/500                           [0m 

                               Run name: standing-retention-native-20260908-v48
                            Total steps: 249984 
                       Steps per second: 854 
                        Collection time: 1.175s 
                          Learning time: 0.173s 
                        Mean value loss: 133.9815
                    Mean surrogate loss: 1.2396
             Mean online_retention loss: 0.0000
          Mean rehearsal_retention loss: 0.0820
                            Mean reward: 16.57
                    Mean episode length: 1687.77
                        Mean action std: 0.01
--------------------------------------------------------------------------------
                         Iteration time: 1.35s
                           Time elapsed: 0:04:47
                                    ETA: 0:06:14

################################################################################
[1m                           Learning iteration 217/500                           [0m 

                               Run name: standing-retention-native-20260908-v48
                            Total steps: 251136 
                       Steps per second: 862 
                        Collection time: 1.183s 
                          Learning time: 0.153s 
                        Mean value loss: 147.4368
                    Mean surrogate loss: 0.7238
             Mean online_retention loss: 0.0000
          Mean rehearsal_retention loss: 0.0741
                            Mean reward: 16.99
                    Mean episode length: 1694.29
                        Mean action std: 0.00
--------------------------------------------------------------------------------
                         Iteration time: 1.34s
                           Time elapsed: 0:04:48
                                    ETA: 0:06:13

################################################################################
[1m                           Learning iteration 218/500                           [0m 

                               Run name: standing-retention-native-20260908-v48
                            Total steps: 252288 
                       Steps per second: 875 
                        Collection time: 1.156s 
                          Learning time: 0.161s 
                        Mean value loss: 21.0862
                    Mean surrogate loss: 0.9385
             Mean online_retention loss: 0.0000
          Mean rehearsal_retention loss: 0.0775
                            Mean reward: 16.99
                    Mean episode length: 1694.29
                        Mean action std: 0.01
--------------------------------------------------------------------------------
                         Iteration time: 1.32s
                           Time elapsed: 0:04:49
                                    ETA: 0:06:11

################################################################################
[1m                           Learning iteration 219/500                           [0m 

                               Run name: standing-retention-native-20260908-v48
                            Total steps: 253440 
                       Steps per second: 878 
                        Collection time: 1.154s 
                          Learning time: 0.156s 
                        Mean value loss: 28.2187
                    Mean surrogate loss: 0.1304
             Mean online_retention loss: 0.0000
          Mean rehearsal_retention loss: 0.0796
                            Mean reward: 17.53
                    Mean episode length: 1687.60
                        Mean action std: 0.00
--------------------------------------------------------------------------------
                         Iteration time: 1.31s
                           Time elapsed: 0:04:50
                                    ETA: 0:06:10

################################################################################
[1m                           Learning iteration 220/500                           [0m 

                               Run name: standing-retention-native-20260908-v48
                            Total steps: 254592 
                       Steps per second: 870 
                        Collection time: 1.152s 
                          Learning time: 0.171s 
                        Mean value loss: 1.2807
                    Mean surrogate loss: -1.1609
             Mean online_retention loss: 0.0000
          Mean rehearsal_retention loss: 0.0815
                            Mean reward: 17.53
                    Mean episode length: 1687.60
                        Mean action std: 0.00
--------------------------------------------------------------------------------
                         Iteration time: 1.32s
                           Time elapsed: 0:04:52
                                    ETA: 0:06:09

################################################################################
[1m                           Learning iteration 221/500                           [0m 

                               Run name: standing-retention-native-20260908-v48
                            Total steps: 255744 
                       Steps per second: 865 
                        Collection time: 1.175s 
                          Learning time: 0.156s 
                        Mean value loss: 1.3686
                    Mean surrogate loss: 0.6276
             Mean online_retention loss: 0.0000
          Mean rehearsal_retention loss: 0.0988
                            Mean reward: 17.53
                    Mean episode length: 1687.60
                        Mean action std: 0.00
--------------------------------------------------------------------------------
                         Iteration time: 1.33s
                           Time elapsed: 0:04:53
                                    ETA: 0:06:07

################################################################################
[1m                           Learning iteration 222/500                           [0m 

                               Run name: standing-retention-native-20260908-v48
                            Total steps: 256896 
                       Steps per second: 857 
                        Collection time: 1.170s 
                          Learning time: 0.173s 
                        Mean value loss: 2.2126
                    Mean surrogate loss: 0.6097
             Mean online_retention loss: 0.0000
          Mean rehearsal_retention loss: 0.1200
                            Mean reward: 17.53
                    Mean episode length: 1687.60
                        Mean action std: 0.01
--------------------------------------------------------------------------------
                         Iteration time: 1.34s
                           Time elapsed: 0:04:54
                                    ETA: 0:06:06

################################################################################
[1m                           Learning iteration 223/500                           [0m 

                               Run name: standing-retention-native-20260908-v48
                            Total steps: 258048 
                       Steps per second: 844 
                        Collection time: 1.199s 
                          Learning time: 0.165s 
                        Mean value loss: 13.3930
                    Mean surrogate loss: 1.0041
             Mean online_retention loss: 0.0000
          Mean rehearsal_retention loss: 0.1279
                            Mean reward: 17.53
                    Mean episode length: 1687.60
                        Mean action std: 0.01
--------------------------------------------------------------------------------
                         Iteration time: 1.36s
                           Time elapsed: 0:04:56
                                    ETA: 0:06:05

################################################################################
[1m                           Learning iteration 224/500                           [0m 

                               Run name: standing-retention-native-20260908-v48
                            Total steps: 259200 
                       Steps per second: 857 
                        Collection time: 1.184s 
                          Learning time: 0.158s 
                        Mean value loss: 125.7866
                    Mean surrogate loss: 0.9534
             Mean online_retention loss: 0.0000
          Mean rehearsal_retention loss: 0.0819
                            Mean reward: 17.37
                    Mean episode length: 1687.82
                        Mean action std: 0.00
--------------------------------------------------------------------------------
                         Iteration time: 1.34s
                           Time elapsed: 0:04:57
                                    ETA: 0:06:03

################################################################################
[1m                           Learning iteration 225/500                           [0m 

                               Run name: standing-retention-native-20260908-v48
                            Total steps: 260352 
                       Steps per second: 866 
                        Collection time: 1.173s 
                          Learning time: 0.156s 
                        Mean value loss: 29.2827
                    Mean surrogate loss: -0.2316
             Mean online_retention loss: 0.4969
          Mean rehearsal_retention loss: 0.0738
                            Mean reward: 17.37
                    Mean episode length: 1687.82
                        Mean action std: 0.02
--------------------------------------------------------------------------------
                         Iteration time: 1.33s
                           Time elapsed: 0:04:59
                                    ETA: 0:06:02

################################################################################
[1m                           Learning iteration 226/500                           [0m 

                               Run name: standing-retention-native-20260908-v48
                            Total steps: 261504 
                       Steps per second: 843 
                        Collection time: 1.200s 
                          Learning time: 0.166s 
                        Mean value loss: 27.1997
                    Mean surrogate loss: -0.0596
             Mean online_retention loss: 0.0681
          Mean rehearsal_retention loss: 0.0578
                            Mean reward: 19.06
                    Mean episode length: 1687.44
                        Mean action std: 0.02
--------------------------------------------------------------------------------
                         Iteration time: 1.37s
                           Time elapsed: 0:05:00
                                    ETA: 0:06:01

################################################################################
[1m                           Learning iteration 227/500                           [0m 

                               Run name: standing-retention-native-20260908-v48
                            Total steps: 262656 
                       Steps per second: 845 
                        Collection time: 1.194s 
                          Learning time: 0.169s 
                        Mean value loss: 0.8470
                    Mean surrogate loss: -0.3881
             Mean online_retention loss: 0.0222
          Mean rehearsal_retention loss: 0.0529
                            Mean reward: 19.06
                    Mean episode length: 1687.44
                        Mean action std: 0.02
--------------------------------------------------------------------------------
                         Iteration time: 1.36s
                           Time elapsed: 0:05:01
                                    ETA: 0:05:59

################################################################################
[1m                           Learning iteration 228/500                           [0m 

                               Run name: standing-retention-native-20260908-v48
                            Total steps: 263808 
                       Steps per second: 844 
                        Collection time: 1.197s 
                          Learning time: 0.166s 
                        Mean value loss: 1.3142
                    Mean surrogate loss: -0.0104
             Mean online_retention loss: 0.0228
          Mean rehearsal_retention loss: 0.0559
                            Mean reward: 22.74
                    Mean episode length: 1698.46
                        Mean action std: 0.02
--------------------------------------------------------------------------------
                         Iteration time: 1.36s
                           Time elapsed: 0:05:03
                                    ETA: 0:05:58

################################################################################
[1m                           Learning iteration 229/500                           [0m 

                               Run name: standing-retention-native-20260908-v48
                            Total steps: 264960 
                       Steps per second: 838 
                        Collection time: 1.203s 
                          Learning time: 0.170s 
                        Mean value loss: 37.3967
                    Mean surrogate loss: 0.1690
             Mean online_retention loss: 0.0170
          Mean rehearsal_retention loss: 0.0508
                            Mean reward: 22.74
                    Mean episode length: 1698.46
                        Mean action std: 0.02
--------------------------------------------------------------------------------
                         Iteration time: 1.37s
                           Time elapsed: 0:05:04
                                    ETA: 0:05:57

################################################################################
[1m                           Learning iteration 230/500                           [0m 

                               Run name: standing-retention-native-20260908-v48
                            Total steps: 266112 
                       Steps per second: 850 
                        Collection time: 1.192s 
                          Learning time: 0.163s 
                        Mean value loss: 58.6786
                    Mean surrogate loss: 0.0546
             Mean online_retention loss: 0.0100
          Mean rehearsal_retention loss: 0.0427
                            Mean reward: 18.50
                    Mean episode length: 1671.86
                        Mean action std: 0.02
--------------------------------------------------------------------------------
                         Iteration time: 1.35s
                           Time elapsed: 0:05:05
                                    ETA: 0:05:56

################################################################################
[1m                           Learning iteration 231/500                           [0m 

                               Run name: standing-retention-native-20260908-v48
                            Total steps: 267264 
                       Steps per second: 841 
                        Collection time: 1.202s 
                          Learning time: 0.168s 
                        Mean value loss: 1.7065
                    Mean surrogate loss: 0.0748
             Mean online_retention loss: 0.0126
          Mean rehearsal_retention loss: 0.0452
                            Mean reward: 18.50
                    Mean episode length: 1671.86
                        Mean action std: 0.02
--------------------------------------------------------------------------------
                         Iteration time: 1.37s
                           Time elapsed: 0:05:07
                                    ETA: 0:05:54

################################################################################
[1m                           Learning iteration 232/500                           [0m 

                               Run name: standing-retention-native-20260908-v48
                            Total steps: 268416 
                       Steps per second: 845 
                        Collection time: 1.198s 
                          Learning time: 0.164s 
                        Mean value loss: 1.4924
                    Mean surrogate loss: 0.0405
             Mean online_retention loss: 0.0157
          Mean rehearsal_retention loss: 0.0472
                            Mean reward: 18.50
                    Mean episode length: 1671.86
                        Mean action std: 0.02
--------------------------------------------------------------------------------
                         Iteration time: 1.36s
                           Time elapsed: 0:05:08
                                    ETA: 0:05:53

################################################################################
[1m                           Learning iteration 233/500                           [0m 

                               Run name: standing-retention-native-20260908-v48
                            Total steps: 269568 
                       Steps per second: 843 
                        Collection time: 1.201s 
                          Learning time: 0.165s 
                        Mean value loss: 0.3729
                    Mean surrogate loss: -0.0525
             Mean online_retention loss: 0.0149
          Mean rehearsal_retention loss: 0.0430
                            Mean reward: 18.50
                    Mean episode length: 1671.86
                        Mean action std: 0.02
--------------------------------------------------------------------------------
                         Iteration time: 1.37s
                           Time elapsed: 0:05:09
                                    ETA: 0:05:52

################################################################################
[1m                           Learning iteration 234/500                           [0m 

                               Run name: standing-retention-native-20260908-v48
                            Total steps: 270720 
                       Steps per second: 843 
                        Collection time: 1.201s 
                          Learning time: 0.166s 
                        Mean value loss: 0.2681
                    Mean surrogate loss: -0.0378
             Mean online_retention loss: 0.0174
          Mean rehearsal_retention loss: 0.0467
                            Mean reward: 18.50
                    Mean episode length: 1671.86
                        Mean action std: 0.02
--------------------------------------------------------------------------------
                         Iteration time: 1.37s
                           Time elapsed: 0:05:11
                                    ETA: 0:05:51

################################################################################
[1m                           Learning iteration 235/500                           [0m 

                               Run name: standing-retention-native-20260908-v48
                            Total steps: 271872 
                       Steps per second: 838 
                        Collection time: 1.200s 
                          Learning time: 0.173s 
                        Mean value loss: 17.6452
                    Mean surrogate loss: -0.3572
             Mean online_retention loss: 0.0726
          Mean rehearsal_retention loss: 0.0446
                            Mean reward: 18.50
                    Mean episode length: 1671.86
                        Mean action std: 0.02
--------------------------------------------------------------------------------
                         Iteration time: 1.37s
                           Time elapsed: 0:05:12
                                    ETA: 0:05:49

################################################################################
[1m                           Learning iteration 236/500                           [0m 

                               Run name: standing-retention-native-20260908-v48
                            Total steps: 273024 
                       Steps per second: 843 
                        Collection time: 1.192s 
                          Learning time: 0.172s 
                        Mean value loss: 23.0195
                    Mean surrogate loss: -0.1484
             Mean online_retention loss: 0.1141
          Mean rehearsal_retention loss: 0.0425
                            Mean reward: 18.50
                    Mean episode length: 1671.86
                        Mean action std: 0.04
--------------------------------------------------------------------------------
                         Iteration time: 1.36s
                           Time elapsed: 0:05:14
                                    ETA: 0:05:48

################################################################################
[1m                           Learning iteration 237/500                           [0m 

                               Run name: standing-retention-native-20260908-v48
                            Total steps: 274176 
                       Steps per second: 848 
                        Collection time: 1.192s 
                          Learning time: 0.166s 
                        Mean value loss: 30.7066
                    Mean surrogate loss: 0.0957
             Mean online_retention loss: 0.0211
          Mean rehearsal_retention loss: 0.0420
                            Mean reward: 18.50
                    Mean episode length: 1671.86
                        Mean action std: 0.03
--------------------------------------------------------------------------------
                         Iteration time: 1.36s
                           Time elapsed: 0:05:15
                                    ETA: 0:05:47

################################################################################
[1m                           Learning iteration 238/500                           [0m 

                               Run name: standing-retention-native-20260908-v48
                            Total steps: 275328 
                       Steps per second: 844 
                        Collection time: 1.199s 
                          Learning time: 0.164s 
                        Mean value loss: 1.3719
                    Mean surrogate loss: -0.1892
             Mean online_retention loss: 0.0245
          Mean rehearsal_retention loss: 0.0441
                            Mean reward: 18.50
                    Mean episode length: 1671.86
                        Mean action std: 0.02
--------------------------------------------------------------------------------
                         Iteration time: 1.36s
                           Time elapsed: 0:05:16
                                    ETA: 0:05:45

################################################################################
[1m                           Learning iteration 239/500                           [0m 

                               Run name: standing-retention-native-20260908-v48
                            Total steps: 276480 
                       Steps per second: 855 
                        Collection time: 1.189s 
                          Learning time: 0.157s 
                        Mean value loss: 0.8027
                    Mean surrogate loss: -0.1077
             Mean online_retention loss: 0.0251
          Mean rehearsal_retention loss: 0.0492
                            Mean reward: 18.50
                    Mean episode length: 1671.86
                        Mean action std: 0.02
--------------------------------------------------------------------------------
                         Iteration time: 1.35s
                           Time elapsed: 0:05:18
                                    ETA: 0:05:44

################################################################################
[1m                           Learning iteration 240/500                           [0m 

                               Run name: standing-retention-native-20260908-v48
                            Total steps: 277632 
                       Steps per second: 852 
                        Collection time: 1.187s 
                          Learning time: 0.164s 
                        Mean value loss: 4.2799
                    Mean surrogate loss: -0.2446
             Mean online_retention loss: 0.0229
          Mean rehearsal_retention loss: 0.0460
                            Mean reward: 17.86
                    Mean episode length: 1665.36
                        Mean action std: 0.02
--------------------------------------------------------------------------------
                         Iteration time: 1.35s
                           Time elapsed: 0:05:19
                                    ETA: 0:05:43

################################################################################
[1m                           Learning iteration 241/500                           [0m 

                               Run name: standing-retention-native-20260908-v48
                            Total steps: 278784 
                       Steps per second: 884 
                        Collection time: 1.146s 
                          Learning time: 0.156s 
                        Mean value loss: 2.7385
                    Mean surrogate loss: -0.2361
             Mean online_retention loss: 0.0176
          Mean rehearsal_retention loss: 0.0444
                            Mean reward: 17.86
                    Mean episode length: 1665.36
                        Mean action std: 0.02
--------------------------------------------------------------------------------
                         Iteration time: 1.30s
                           Time elapsed: 0:05:20
                                    ETA: 0:05:41

################################################################################
[1m                           Learning iteration 242/500                           [0m 

                               Run name: standing-retention-native-20260908-v48
                            Total steps: 279936 
                       Steps per second: 854 
                        Collection time: 1.180s 
                          Learning time: 0.168s 
                        Mean value loss: 18.7020
                    Mean surrogate loss: 0.1266
             Mean online_retention loss: 0.0166
          Mean rehearsal_retention loss: 0.0445
                            Mean reward: 17.86
                    Mean episode length: 1665.36
                        Mean action std: 0.02
--------------------------------------------------------------------------------
                         Iteration time: 1.35s
                           Time elapsed: 0:05:22
                                    ETA: 0:05:40

################################################################################
[1m                           Learning iteration 243/500                           [0m 

                               Run name: standing-retention-native-20260908-v48
                            Total steps: 281088 
                       Steps per second: 843 
                        Collection time: 1.196s 
                          Learning time: 0.170s 
                        Mean value loss: 47.7033
                    Mean surrogate loss: 0.0878
             Mean online_retention loss: 0.0120
          Mean rehearsal_retention loss: 0.0389
                            Mean reward: 15.15
                    Mean episode length: 1645.27
                        Mean action std: 0.02
--------------------------------------------------------------------------------
                         Iteration time: 1.37s
                           Time elapsed: 0:05:23
                                    ETA: 0:05:39

################################################################################
[1m                           Learning iteration 244/500                           [0m 

                               Run name: standing-retention-native-20260908-v48
                            Total steps: 282240 
                       Steps per second: 844 
                        Collection time: 1.200s 
                          Learning time: 0.164s 
                        Mean value loss: 82.4497
                    Mean surrogate loss: 0.1411
             Mean online_retention loss: 0.0100
          Mean rehearsal_retention loss: 0.0393
                            Mean reward: 15.15
                    Mean episode length: 1645.27
                        Mean action std: 0.02
--------------------------------------------------------------------------------
                         Iteration time: 1.36s
                           Time elapsed: 0:05:24
                                    ETA: 0:05:38

################################################################################
[1m                           Learning iteration 245/500                           [0m 

                               Run name: standing-retention-native-20260908-v48
                            Total steps: 283392 
                       Steps per second: 843 
                        Collection time: 1.201s 
                          Learning time: 0.164s 
                        Mean value loss: 68.3610
                    Mean surrogate loss: 0.0512
             Mean online_retention loss: 0.0082
          Mean rehearsal_retention loss: 0.0373
                            Mean reward: 8.56
                    Mean episode length: 1598.61
                        Mean action std: 0.02
--------------------------------------------------------------------------------
                         Iteration time: 1.37s
                           Time elapsed: 0:05:26
                                    ETA: 0:05:36

################################################################################
[1m                           Learning iteration 246/500                           [0m 

                               Run name: standing-retention-native-20260908-v48
                            Total steps: 284544 
                       Steps per second: 852 
                        Collection time: 1.185s 
                          Learning time: 0.166s 
                        Mean value loss: 89.0586
                    Mean surrogate loss: 0.0789
             Mean online_retention loss: 0.0086
          Mean rehearsal_retention loss: 0.0332
                            Mean reward: 8.56
                    Mean episode length: 1598.61
                        Mean action std: 0.02
--------------------------------------------------------------------------------
                         Iteration time: 1.35s
                           Time elapsed: 0:05:27
                                    ETA: 0:05:35

################################################################################
[1m                           Learning iteration 247/500                           [0m 

                               Run name: standing-retention-native-20260908-v48
                            Total steps: 285696 
                       Steps per second: 848 
                        Collection time: 1.200s 
                          Learning time: 0.157s 
                        Mean value loss: 88.4772
                    Mean surrogate loss: 0.3046
             Mean online_retention loss: 0.0098
          Mean rehearsal_retention loss: 0.0357
                            Mean reward: 5.77
                    Mean episode length: 1571.99
                        Mean action std: 0.02
--------------------------------------------------------------------------------
                         Iteration time: 1.36s
                           Time elapsed: 0:05:28
                                    ETA: 0:05:34

################################################################################
[1m                           Learning iteration 248/500                           [0m 

                               Run name: standing-retention-native-20260908-v48
                            Total steps: 286848 
                       Steps per second: 847 
                        Collection time: 1.190s 
                          Learning time: 0.169s 
                        Mean value loss: 9.8852
                    Mean surrogate loss: -0.2064
             Mean online_retention loss: 0.0000
          Mean rehearsal_retention loss: 0.0463
                            Mean reward: 3.37
                    Mean episode length: 1551.88
                        Mean action std: 0.01
--------------------------------------------------------------------------------
                         Iteration time: 1.36s
                           Time elapsed: 0:05:30
                                    ETA: 0:05:32

################################################################################
[1m                           Learning iteration 249/500                           [0m 

                               Run name: standing-retention-native-20260908-v48
                            Total steps: 288000 
                       Steps per second: 839 
                        Collection time: 1.201s 
                          Learning time: 0.171s 
                        Mean value loss: 71.1682
                    Mean surrogate loss: 0.8429
             Mean online_retention loss: 0.0000
          Mean rehearsal_retention loss: 0.0490
                            Mean reward: 0.69
                    Mean episode length: 1525.29
                        Mean action std: 0.00
--------------------------------------------------------------------------------
                         Iteration time: 1.37s
                           Time elapsed: 0:05:31
                                    ETA: 0:05:31

################################################################################
[1m                           Learning iteration 250/500                           [0m 

                               Run name: standing-retention-native-20260908-v48
                            Total steps: 289152 
                       Steps per second: 839 
                        Collection time: 1.206s 
                          Learning time: 0.166s 
                        Mean value loss: 0.9133
                    Mean surrogate loss: -0.8260
             Mean online_retention loss: 0.0000
          Mean rehearsal_retention loss: 0.0507
                            Mean reward: 0.69
                    Mean episode length: 1525.29
                        Mean action std: 0.01
--------------------------------------------------------------------------------
                         Iteration time: 1.37s
                           Time elapsed: 0:05:33
                                    ETA: 0:05:30

################################################################################
[1m                           Learning iteration 251/500                           [0m 

                               Run name: standing-retention-native-20260908-v48
                            Total steps: 290304 
                       Steps per second: 862 
                        Collection time: 1.177s 
                          Learning time: 0.158s 
                        Mean value loss: 7.2143
                    Mean surrogate loss: 0.2969
             Mean online_retention loss: 0.0000
          Mean rehearsal_retention loss: 0.0821
                            Mean reward: 0.69
                    Mean episode length: 1525.29
                        Mean action std: 0.00
--------------------------------------------------------------------------------
                         Iteration time: 1.34s
                           Time elapsed: 0:05:34
                                    ETA: 0:05:29

################################################################################
[1m                           Learning iteration 252/500                           [0m 

                               Run name: standing-retention-native-20260908-v48
                            Total steps: 291456 
                       Steps per second: 865 
                        Collection time: 1.164s 
                          Learning time: 0.167s 
                        Mean value loss: 17.5790
                    Mean surrogate loss: 1.7301
             Mean online_retention loss: 0.0000
          Mean rehearsal_retention loss: 0.0859
                            Mean reward: 0.69
                    Mean episode length: 1525.29
                        Mean action std: 0.00
--------------------------------------------------------------------------------
                         Iteration time: 1.33s
                           Time elapsed: 0:05:35
                                    ETA: 0:05:27

################################################################################
[1m                           Learning iteration 253/500                           [0m 

                               Run name: standing-retention-native-20260908-v48
                            Total steps: 292608 
                       Steps per second: 854 
                        Collection time: 1.182s 
                          Learning time: 0.166s 
                        Mean value loss: 50.6122
                    Mean surrogate loss: 1.0298
             Mean online_retention loss: 0.0000
          Mean rehearsal_retention loss: 0.0597
                            Mean reward: -2.17
                    Mean episode length: 1507.78
                        Mean action std: 0.00
--------------------------------------------------------------------------------
                         Iteration time: 1.35s
                           Time elapsed: 0:05:37
                                    ETA: 0:05:26

################################################################################
[1m                           Learning iteration 254/500                           [0m 

                               Run name: standing-retention-native-20260908-v48
                            Total steps: 293760 
                       Steps per second: 853 
                        Collection time: 1.180s 
                          Learning time: 0.170s 
                        Mean value loss: 52.9096
                    Mean surrogate loss: 1.8998
             Mean online_retention loss: 0.0000
          Mean rehearsal_retention loss: 0.0537
                            Mean reward: -2.17
                    Mean episode length: 1507.78
                        Mean action std: 0.00
--------------------------------------------------------------------------------
                         Iteration time: 1.35s
                           Time elapsed: 0:05:38
                                    ETA: 0:05:25

################################################################################
[1m                           Learning iteration 255/500                           [0m 

                               Run name: standing-retention-native-20260908-v48
                            Total steps: 294912 
                       Steps per second: 845 
                        Collection time: 1.199s 
                          Learning time: 0.164s 
                        Mean value loss: 54.4574
                    Mean surrogate loss: 0.9195
             Mean online_retention loss: 0.0000
          Mean rehearsal_retention loss: 0.0993
                            Mean reward: -8.30
                    Mean episode length: 1461.25
                        Mean action std: 0.00
--------------------------------------------------------------------------------
                         Iteration time: 1.36s
                           Time elapsed: 0:05:39
                                    ETA: 0:05:23

################################################################################
[1m                           Learning iteration 256/500                           [0m 

                               Run name: standing-retention-native-20260908-v48
                            Total steps: 296064 
                       Steps per second: 863 
                        Collection time: 1.166s 
                          Learning time: 0.168s 
                        Mean value loss: 75.6641
                    Mean surrogate loss: 1.4922
             Mean online_retention loss: 0.0000
          Mean rehearsal_retention loss: 0.1051
                            Mean reward: -8.30
                    Mean episode length: 1461.25
                        Mean action std: 0.00
--------------------------------------------------------------------------------
                         Iteration time: 1.33s
                           Time elapsed: 0:05:41
                                    ETA: 0:05:22

################################################################################
[1m                           Learning iteration 257/500                           [0m 

                               Run name: standing-retention-native-20260908-v48
                            Total steps: 297216 
                       Steps per second: 854 
                        Collection time: 1.182s 
                          Learning time: 0.166s 
                        Mean value loss: 15.5769
                    Mean surrogate loss: 0.3703
             Mean online_retention loss: 0.0000
          Mean rehearsal_retention loss: 0.1297
                            Mean reward: -11.70
                    Mean episode length: 1434.69
                        Mean action std: 0.01
--------------------------------------------------------------------------------
                         Iteration time: 1.35s
                           Time elapsed: 0:05:42
                                    ETA: 0:05:21

################################################################################
[1m                           Learning iteration 258/500                           [0m 

                               Run name: standing-retention-native-20260908-v48
                            Total steps: 298368 
                       Steps per second: 855 
                        Collection time: 1.184s 
                          Learning time: 0.163s 
                        Mean value loss: 5.7464
                    Mean surrogate loss: -1.7471
             Mean online_retention loss: 0.0000
          Mean rehearsal_retention loss: 0.1409
                            Mean reward: -11.70
                    Mean episode length: 1434.69
                        Mean action std: 0.00
--------------------------------------------------------------------------------
                         Iteration time: 1.35s
                           Time elapsed: 0:05:43
                                    ETA: 0:05:19

################################################################################
[1m                           Learning iteration 259/500                           [0m 

                               Run name: standing-retention-native-20260908-v48
                            Total steps: 299520 
                       Steps per second: 847 
                        Collection time: 1.186s 
                          Learning time: 0.173s 
                        Mean value loss: 1.4110
                    Mean surrogate loss: 0.2807
             Mean online_retention loss: 0.0000
          Mean rehearsal_retention loss: 0.1626
                            Mean reward: -11.70
                    Mean episode length: 1434.69
                        Mean action std: 0.00
--------------------------------------------------------------------------------
                         Iteration time: 1.36s
                           Time elapsed: 0:05:45
                                    ETA: 0:05:18

################################################################################
[1m                           Learning iteration 260/500                           [0m 

                               Run name: standing-retention-native-20260908-v48
                            Total steps: 300672 
                       Steps per second: 859 
                        Collection time: 1.172s 
                          Learning time: 0.169s 
                        Mean value loss: 0.4583
                    Mean surrogate loss: -0.6094
             Mean online_retention loss: 0.0000
          Mean rehearsal_retention loss: 0.1563
                            Mean reward: -11.70
                    Mean episode length: 1434.69
                        Mean action std: 0.00
--------------------------------------------------------------------------------
                         Iteration time: 1.34s
                           Time elapsed: 0:05:46
                                    ETA: 0:05:17

################################################################################
[1m                           Learning iteration 261/500                           [0m 

                               Run name: standing-retention-native-20260908-v48
                            Total steps: 301824 
                       Steps per second: 854 
                        Collection time: 1.180s 
                          Learning time: 0.168s 
                        Mean value loss: 0.4153
                    Mean surrogate loss: -0.0908
             Mean online_retention loss: 0.0000
          Mean rehearsal_retention loss: 0.1388
                            Mean reward: -11.70
                    Mean episode length: 1434.69
                        Mean action std: 0.00
--------------------------------------------------------------------------------
                         Iteration time: 1.35s
                           Time elapsed: 0:05:47
                                    ETA: 0:05:15

################################################################################
[1m                           Learning iteration 262/500                           [0m 

                               Run name: standing-retention-native-20260908-v48
                            Total steps: 302976 
                       Steps per second: 854 
                        Collection time: 1.182s 
                          Learning time: 0.167s 
                        Mean value loss: 26.6828
                    Mean surrogate loss: -0.0802
             Mean online_retention loss: 0.3804
          Mean rehearsal_retention loss: 0.1091
                            Mean reward: -11.70
                    Mean episode length: 1434.69
                        Mean action std: 0.01
--------------------------------------------------------------------------------
                         Iteration time: 1.35s
                           Time elapsed: 0:05:49
                                    ETA: 0:05:14

################################################################################
[1m                           Learning iteration 263/500                           [0m 

                               Run name: standing-retention-native-20260908-v48
                            Total steps: 304128 
                       Steps per second: 845 
                        Collection time: 1.200s 
                          Learning time: 0.163s 
                        Mean value loss: 31.9027
                    Mean surrogate loss: -0.6627
             Mean online_retention loss: 0.2513
          Mean rehearsal_retention loss: 0.0982
                            Mean reward: -11.70
                    Mean episode length: 1434.69
                        Mean action std: 0.02
--------------------------------------------------------------------------------
                         Iteration time: 1.36s
                           Time elapsed: 0:05:50
                                    ETA: 0:05:13

################################################################################
[1m                           Learning iteration 264/500                           [0m 

                               Run name: standing-retention-native-20260908-v48
                            Total steps: 305280 
                       Steps per second: 856 
                        Collection time: 1.185s 
                          Learning time: 0.160s 
                        Mean value loss: 0.7860
                    Mean surrogate loss: -0.5088
             Mean online_retention loss: 0.0668
          Mean rehearsal_retention loss: 0.0895
                            Mean reward: -11.70
                    Mean episode length: 1434.69
                        Mean action std: 0.02
--------------------------------------------------------------------------------
                         Iteration time: 1.34s
                           Time elapsed: 0:05:51
                                    ETA: 0:05:12

################################################################################
[1m                           Learning iteration 265/500                           [0m 

                               Run name: standing-retention-native-20260908-v48
                            Total steps: 306432 
                       Steps per second: 861 
                        Collection time: 1.170s 
                          Learning time: 0.167s 
                        Mean value loss: 1.1206
                    Mean surrogate loss: -0.2994
             Mean online_retention loss: 0.0641
          Mean rehearsal_retention loss: 0.0888
                            Mean reward: -12.24
                    Mean episode length: 1434.69
                        Mean action std: 0.02
--------------------------------------------------------------------------------
                         Iteration time: 1.34s
                           Time elapsed: 0:05:53
                                    ETA: 0:05:10

################################################################################
[1m                           Learning iteration 266/500                           [0m 

                               Run name: standing-retention-native-20260908-v48
                            Total steps: 307584 
                       Steps per second: 844 
                        Collection time: 1.200s 
                          Learning time: 0.164s 
                        Mean value loss: 1.1176
                    Mean surrogate loss: -0.2252
             Mean online_retention loss: 0.0647
          Mean rehearsal_retention loss: 0.0902
                            Mean reward: -12.24
                    Mean episode length: 1434.69
                        Mean action std: 0.02
--------------------------------------------------------------------------------
                         Iteration time: 1.36s
                           Time elapsed: 0:05:54
                                    ETA: 0:05:09

################################################################################
[1m                           Learning iteration 267/500                           [0m 

                               Run name: standing-retention-native-20260908-v48
                            Total steps: 308736 
                       Steps per second: 842 
                        Collection time: 1.201s 
                          Learning time: 0.167s 
                        Mean value loss: 2.7784
                    Mean surrogate loss: -0.2119
             Mean online_retention loss: 0.0672
          Mean rehearsal_retention loss: 0.0946
                            Mean reward: -12.76
                    Mean episode length: 1434.69
                        Mean action std: 0.02
--------------------------------------------------------------------------------
                         Iteration time: 1.37s
                           Time elapsed: 0:05:55
                                    ETA: 0:05:08

################################################################################
[1m                           Learning iteration 268/500                           [0m 

                               Run name: standing-retention-native-20260908-v48
                            Total steps: 309888 
                       Steps per second: 855 
                        Collection time: 1.183s 
                          Learning time: 0.164s 
                        Mean value loss: 2.9244
                    Mean surrogate loss: -0.2384
             Mean online_retention loss: 0.0636
          Mean rehearsal_retention loss: 0.0958
                            Mean reward: -12.76
                    Mean episode length: 1434.69
                        Mean action std: 0.02
--------------------------------------------------------------------------------
                         Iteration time: 1.35s
                           Time elapsed: 0:05:57
                                    ETA: 0:05:06

################################################################################
[1m                           Learning iteration 269/500                           [0m 

                               Run name: standing-retention-native-20260908-v48
                            Total steps: 311040 
                       Steps per second: 837 
                        Collection time: 1.205s 
                          Learning time: 0.170s 
                        Mean value loss: 0.8279
                    Mean surrogate loss: 0.0838
             Mean online_retention loss: 0.0552
          Mean rehearsal_retention loss: 0.0962
                            Mean reward: -12.76
                    Mean episode length: 1434.69
                        Mean action std: 0.02
--------------------------------------------------------------------------------
                         Iteration time: 1.38s
                           Time elapsed: 0:05:58
                                    ETA: 0:05:05

################################################################################
[1m                           Learning iteration 270/500                           [0m 

                               Run name: standing-retention-native-20260908-v48
                            Total steps: 312192 
                       Steps per second: 859 
                        Collection time: 1.175s 
                          Learning time: 0.166s 
                        Mean value loss: 0.5095
                    Mean surrogate loss: -0.0269
             Mean online_retention loss: 0.0618
          Mean rehearsal_retention loss: 0.0938
                            Mean reward: -12.76
                    Mean episode length: 1434.69
                        Mean action std: 0.02
--------------------------------------------------------------------------------
                         Iteration time: 1.34s
                           Time elapsed: 0:06:00
                                    ETA: 0:05:04

################################################################################
[1m                           Learning iteration 271/500                           [0m 

                               Run name: standing-retention-native-20260908-v48
                            Total steps: 313344 
                       Steps per second: 856 
                        Collection time: 1.200s 
                          Learning time: 0.146s 
                        Mean value loss: 0.3407
                    Mean surrogate loss: -0.0227
             Mean online_retention loss: 0.0618
          Mean rehearsal_retention loss: 0.0904
                            Mean reward: -12.76
                    Mean episode length: 1434.69
                        Mean action std: 0.02
--------------------------------------------------------------------------------
                         Iteration time: 1.35s
                           Time elapsed: 0:06:01
                                    ETA: 0:05:02

################################################################################
[1m                           Learning iteration 272/500                           [0m 

                               Run name: standing-retention-native-20260908-v48
                            Total steps: 314496 
                       Steps per second: 858 
                        Collection time: 1.186s 
                          Learning time: 0.156s 
                        Mean value loss: 1.6393
                    Mean surrogate loss: -0.1708
             Mean online_retention loss: 0.0526
          Mean rehearsal_retention loss: 0.0787
                            Mean reward: -12.76
                    Mean episode length: 1434.69
                        Mean action std: 0.02
--------------------------------------------------------------------------------
                         Iteration time: 1.34s
                           Time elapsed: 0:06:02
                                    ETA: 0:05:01

################################################################################
[1m                           Learning iteration 273/500                           [0m 

                               Run name: standing-retention-native-20260908-v48
                            Total steps: 315648 
                       Steps per second: 847 
                        Collection time: 1.194s 
                          Learning time: 0.166s 
                        Mean value loss: 161.1408
                    Mean surrogate loss: 0.0226
             Mean online_retention loss: 0.1543
          Mean rehearsal_retention loss: 0.0681
                            Mean reward: -12.76
                    Mean episode length: 1434.69
                        Mean action std: 0.03
--------------------------------------------------------------------------------
                         Iteration time: 1.36s
                           Time elapsed: 0:06:04
                                    ETA: 0:05:00

################################################################################
[1m                           Learning iteration 274/500                           [0m 

                               Run name: standing-retention-native-20260908-v48
                            Total steps: 316800 
                       Steps per second: 838 
                        Collection time: 1.200s 
                          Learning time: 0.173s 
                        Mean value loss: 13.4002
                    Mean surrogate loss: -0.0753
             Mean online_retention loss: 0.0456
          Mean rehearsal_retention loss: 0.0516
                            Mean reward: -15.32
                    Mean episode length: 1414.59
                        Mean action std: 0.04
--------------------------------------------------------------------------------
                         Iteration time: 1.37s
                           Time elapsed: 0:06:05
                                    ETA: 0:04:58

################################################################################
[1m                           Learning iteration 275/500                           [0m 

                               Run name: standing-retention-native-20260908-v48
                            Total steps: 317952 
                       Steps per second: 838 
                        Collection time: 1.208s 
                          Learning time: 0.167s 
                        Mean value loss: 157.2540
                    Mean surrogate loss: 0.1068
             Mean online_retention loss: 0.0304
          Mean rehearsal_retention loss: 0.0467
                            Mean reward: -20.45
                    Mean episode length: 1367.91
                        Mean action std: 0.02
--------------------------------------------------------------------------------
                         Iteration time: 1.37s
                           Time elapsed: 0:06:06
                                    ETA: 0:04:57

################################################################################
[1m                           Learning iteration 276/500                           [0m 

                               Run name: standing-retention-native-20260908-v48
                            Total steps: 319104 
                       Steps per second: 844 
                        Collection time: 1.199s 
                          Learning time: 0.166s 
                        Mean value loss: 21.3236
                    Mean surrogate loss: 0.0476
             Mean online_retention loss: 0.0330
          Mean rehearsal_retention loss: 0.0492
                            Mean reward: -20.45
                    Mean episode length: 1367.91
                        Mean action std: 0.02
--------------------------------------------------------------------------------
                         Iteration time: 1.36s
                           Time elapsed: 0:06:08
                                    ETA: 0:04:56

################################################################################
[1m                           Learning iteration 277/500                           [0m 

                               Run name: standing-retention-native-20260908-v48
                            Total steps: 320256 
                       Steps per second: 862 
                        Collection time: 1.183s 
                          Learning time: 0.153s 
                        Mean value loss: 43.0042
                    Mean surrogate loss: 0.0487
             Mean online_retention loss: 0.0259
          Mean rehearsal_retention loss: 0.0439
                            Mean reward: -23.15
                    Mean episode length: 1341.31
                        Mean action std: 0.02
--------------------------------------------------------------------------------
                         Iteration time: 1.34s
                           Time elapsed: 0:06:09
                                    ETA: 0:04:55

################################################################################
[1m                           Learning iteration 278/500                           [0m 

                               Run name: standing-retention-native-20260908-v48
                            Total steps: 321408 
                       Steps per second: 846 
                        Collection time: 1.194s 
                          Learning time: 0.166s 
                        Mean value loss: 80.1043
                    Mean surrogate loss: 0.0695
             Mean online_retention loss: 0.0229
          Mean rehearsal_retention loss: 0.0424
                            Mean reward: -23.15
                    Mean episode length: 1341.31
                        Mean action std: 0.02
--------------------------------------------------------------------------------
                         Iteration time: 1.36s
                           Time elapsed: 0:06:10
                                    ETA: 0:04:53

################################################################################
[1m                           Learning iteration 279/500                           [0m 

                               Run name: standing-retention-native-20260908-v48
                            Total steps: 322560 
                       Steps per second: 870 
                        Collection time: 1.172s 
                          Learning time: 0.152s 
                        Mean value loss: 6.9128
                    Mean surrogate loss: 0.0654
             Mean online_retention loss: 0.0210
          Mean rehearsal_retention loss: 0.0414
                            Mean reward: -25.56
                    Mean episode length: 1321.34
                        Mean action std: 0.02
--------------------------------------------------------------------------------
                         Iteration time: 1.32s
                           Time elapsed: 0:06:12
                                    ETA: 0:04:52

################################################################################
[1m                           Learning iteration 280/500                           [0m 

                               Run name: standing-retention-native-20260908-v48
                            Total steps: 323712 
                       Steps per second: 864 
                        Collection time: 1.176s 
                          Learning time: 0.156s 
                        Mean value loss: 142.9235
                    Mean surrogate loss: 0.1456
             Mean online_retention loss: 0.0174
          Mean rehearsal_retention loss: 0.0361
                            Mean reward: -25.56
                    Mean episode length: 1321.34
                        Mean action std: 0.02
--------------------------------------------------------------------------------
                         Iteration time: 1.33s
                           Time elapsed: 0:06:13
                                    ETA: 0:04:51

################################################################################
[1m                           Learning iteration 281/500                           [0m 

                               Run name: standing-retention-native-20260908-v48
                            Total steps: 324864 
                       Steps per second: 847 
                        Collection time: 1.192s 
                          Learning time: 0.167s 
                        Mean value loss: 29.6232
                    Mean surrogate loss: 0.1204
             Mean online_retention loss: 0.0157
          Mean rehearsal_retention loss: 0.0324
                            Mean reward: -23.52
                    Mean episode length: 1321.29
                        Mean action std: 0.02
--------------------------------------------------------------------------------
                         Iteration time: 1.36s
                           Time elapsed: 0:06:14
                                    ETA: 0:04:49

################################################################################
[1m                           Learning iteration 282/500                           [0m 

                               Run name: standing-retention-native-20260908-v48
                            Total steps: 326016 
                       Steps per second: 848 
                        Collection time: 1.198s 
                          Learning time: 0.160s 
                        Mean value loss: 54.6086
                    Mean surrogate loss: 0.0236
             Mean online_retention loss: 0.0153
          Mean rehearsal_retention loss: 0.0303
                            Mean reward: -24.23
                    Mean episode length: 1321.34
                        Mean action std: 0.02
--------------------------------------------------------------------------------
                         Iteration time: 1.36s
                           Time elapsed: 0:06:16
                                    ETA: 0:04:48

################################################################################
[1m                           Learning iteration 283/500                           [0m 

                               Run name: standing-retention-native-20260908-v48
                            Total steps: 327168 
                       Steps per second: 851 
                        Collection time: 1.190s 
                          Learning time: 0.163s 
                        Mean value loss: 20.0042
                    Mean surrogate loss: -0.3029
             Mean online_retention loss: 0.1253
          Mean rehearsal_retention loss: 0.0287
                            Mean reward: 14.43
                    Mean episode length: 1537.56
                        Mean action std: 0.02
--------------------------------------------------------------------------------
                         Iteration time: 1.35s
                           Time elapsed: 0:06:17
                                    ETA: 0:04:47

################################################################################
[1m                           Learning iteration 284/500                           [0m 

                               Run name: standing-retention-native-20260908-v48
                            Total steps: 328320 
                       Steps per second: 856 
                        Collection time: 1.186s 
                          Learning time: 0.159s 
                        Mean value loss: 78.2130
                    Mean surrogate loss: 0.0482
             Mean online_retention loss: 0.0161
          Mean rehearsal_retention loss: 0.0298
                            Mean reward: 14.44
                    Mean episode length: 1528.66
                        Mean action std: 0.02
--------------------------------------------------------------------------------
                         Iteration time: 1.35s
                           Time elapsed: 0:06:18
                                    ETA: 0:04:45

################################################################################
[1m                           Learning iteration 285/500                           [0m 

                               Run name: standing-retention-native-20260908-v48
                            Total steps: 329472 
                       Steps per second: 860 
                        Collection time: 1.171s 
                          Learning time: 0.168s 
                        Mean value loss: 184.4935
                    Mean surrogate loss: 0.6424
             Mean online_retention loss: 0.0102
          Mean rehearsal_retention loss: 0.0308
                            Mean reward: 14.44
                    Mean episode length: 1528.66
                        Mean action std: 0.01
--------------------------------------------------------------------------------
                         Iteration time: 1.34s
                           Time elapsed: 0:06:20
                                    ETA: 0:04:44

################################################################################
[1m                           Learning iteration 286/500                           [0m 

                               Run name: standing-retention-native-20260908-v48
                            Total steps: 330624 
                       Steps per second: 843 
                        Collection time: 1.195s 
                          Learning time: 0.170s 
                        Mean value loss: 7.4196
                    Mean surrogate loss: 0.1508
             Mean online_retention loss: 0.0000
          Mean rehearsal_retention loss: 0.0455
                            Mean reward: 14.59
                    Mean episode length: 1535.16
                        Mean action std: 0.01
--------------------------------------------------------------------------------
                         Iteration time: 1.36s
                           Time elapsed: 0:06:21
                                    ETA: 0:04:43

################################################################################
[1m                           Learning iteration 287/500                           [0m 

                               Run name: standing-retention-native-20260908-v48
                            Total steps: 331776 
                       Steps per second: 847 
                        Collection time: 1.201s 
                          Learning time: 0.159s 
                        Mean value loss: 66.8800
                    Mean surrogate loss: 0.9089
             Mean online_retention loss: 0.0000
          Mean rehearsal_retention loss: 0.0639
                            Mean reward: 15.27
                    Mean episode length: 1528.60
                        Mean action std: 0.01
--------------------------------------------------------------------------------
                         Iteration time: 1.36s
                           Time elapsed: 0:06:23
                                    ETA: 0:04:41

################################################################################
[1m                           Learning iteration 288/500                           [0m 

                               Run name: standing-retention-native-20260908-v48
                            Total steps: 332928 
                       Steps per second: 860 
                        Collection time: 1.171s 
                          Learning time: 0.168s 
                        Mean value loss: 17.1148
                    Mean surrogate loss: 0.3268
             Mean online_retention loss: 0.0000
          Mean rehearsal_retention loss: 0.0506
                            Mean reward: 15.27
                    Mean episode length: 1528.60
                        Mean action std: 0.01
--------------------------------------------------------------------------------
                         Iteration time: 1.34s
                           Time elapsed: 0:06:24
                                    ETA: 0:04:40

################################################################################
[1m                           Learning iteration 289/500                           [0m 

                               Run name: standing-retention-native-20260908-v48
                            Total steps: 334080 
                       Steps per second: 839 
                        Collection time: 1.201s 
                          Learning time: 0.172s 
                        Mean value loss: 160.1412
                    Mean surrogate loss: 0.7117
             Mean online_retention loss: 0.0000
          Mean rehearsal_retention loss: 0.0417
                            Mean reward: 14.95
                    Mean episode length: 1528.61
                        Mean action std: 0.00
--------------------------------------------------------------------------------
                         Iteration time: 1.37s
                           Time elapsed: 0:06:25
                                    ETA: 0:04:39

################################################################################
[1m                           Learning iteration 290/500                           [0m 

                               Run name: standing-retention-native-20260908-v48
                            Total steps: 335232 
                       Steps per second: 864 
                        Collection time: 1.175s 
                          Learning time: 0.158s 
                        Mean value loss: 2.4112
                    Mean surrogate loss: 0.1627
             Mean online_retention loss: 0.0000
          Mean rehearsal_retention loss: 0.0612
                            Mean reward: 14.95
                    Mean episode length: 1528.61
                        Mean action std: 0.00
--------------------------------------------------------------------------------
                         Iteration time: 1.33s
                           Time elapsed: 0:06:27
                                    ETA: 0:04:37

################################################################################
[1m                           Learning iteration 291/500                           [0m 

                               Run name: standing-retention-native-20260908-v48
                            Total steps: 336384 
                       Steps per second: 849 
                        Collection time: 1.190s 
                          Learning time: 0.167s 
                        Mean value loss: 2.2328
                    Mean surrogate loss: 0.9011
             Mean online_retention loss: 0.0000
          Mean rehearsal_retention loss: 0.1047
                            Mean reward: 14.95
                    Mean episode length: 1528.61
                        Mean action std: 0.00
--------------------------------------------------------------------------------
                         Iteration time: 1.36s
                           Time elapsed: 0:06:28
                                    ETA: 0:04:36

################################################################################
[1m                           Learning iteration 292/500                           [0m 

                               Run name: standing-retention-native-20260908-v48
                            Total steps: 337536 
                       Steps per second: 855 
                        Collection time: 1.183s 
                          Learning time: 0.164s 
                        Mean value loss: 0.4758
                    Mean surrogate loss: -0.3720
             Mean online_retention loss: 0.0000
          Mean rehearsal_retention loss: 0.0637
                            Mean reward: 14.95
                    Mean episode length: 1528.61
                        Mean action std: 0.00
--------------------------------------------------------------------------------
                         Iteration time: 1.35s
                           Time elapsed: 0:06:29
                                    ETA: 0:04:35

################################################################################
[1m                           Learning iteration 293/500                           [0m 

                               Run name: standing-retention-native-20260908-v48
                            Total steps: 338688 
                       Steps per second: 863 
                        Collection time: 1.166s 
                          Learning time: 0.168s 
                        Mean value loss: 0.4209
                    Mean surrogate loss: -0.3506
             Mean online_retention loss: 0.0000
          Mean rehearsal_retention loss: 0.0651
                            Mean reward: 14.95
                    Mean episode length: 1528.61
                        Mean action std: 0.00
--------------------------------------------------------------------------------
                         Iteration time: 1.33s
                           Time elapsed: 0:06:31
                                    ETA: 0:04:34

################################################################################
[1m                           Learning iteration 294/500                           [0m 

                               Run name: standing-retention-native-20260908-v48
                            Total steps: 339840 
                       Steps per second: 854 
                        Collection time: 1.181s 
                          Learning time: 0.168s 
                        Mean value loss: 1.3451
                    Mean surrogate loss: 0.4623
             Mean online_retention loss: 0.0000
          Mean rehearsal_retention loss: 0.0779
                            Mean reward: 14.95
                    Mean episode length: 1528.61
                        Mean action std: 0.00
--------------------------------------------------------------------------------
                         Iteration time: 1.35s
                           Time elapsed: 0:06:32
                                    ETA: 0:04:32

################################################################################
[1m                           Learning iteration 295/500                           [0m 

                               Run name: standing-retention-native-20260908-v48
                            Total steps: 340992 
                       Steps per second: 860 
                        Collection time: 1.173s 
                          Learning time: 0.167s 
                        Mean value loss: 2.2609
                    Mean surrogate loss: -2.3840
             Mean online_retention loss: 0.0000
          Mean rehearsal_retention loss: 0.0740
                            Mean reward: 14.95
                    Mean episode length: 1528.61
                        Mean action std: 0.00
--------------------------------------------------------------------------------
                         Iteration time: 1.34s
                           Time elapsed: 0:06:33
                                    ETA: 0:04:31

################################################################################
[1m                           Learning iteration 296/500                           [0m 

                               Run name: standing-retention-native-20260908-v48
                            Total steps: 342144 
                       Steps per second: 858 
                        Collection time: 1.175s 
                          Learning time: 0.167s 
                        Mean value loss: 1.0755
                    Mean surrogate loss: -1.6277
             Mean online_retention loss: 0.0000
          Mean rehearsal_retention loss: 0.0796
                            Mean reward: 14.95
                    Mean episode length: 1528.61
                        Mean action std: 0.00
--------------------------------------------------------------------------------
                         Iteration time: 1.34s
                           Time elapsed: 0:06:35
                                    ETA: 0:04:30

################################################################################
[1m                           Learning iteration 297/500                           [0m 

                               Run name: standing-retention-native-20260908-v48
                            Total steps: 343296 
                       Steps per second: 871 
                        Collection time: 1.164s 
                          Learning time: 0.158s 
                        Mean value loss: 2.3660
                    Mean surrogate loss: 2.0239
             Mean online_retention loss: 0.0000
          Mean rehearsal_retention loss: 0.1033
                            Mean reward: 14.95
                    Mean episode length: 1528.61
                        Mean action std: 0.00
--------------------------------------------------------------------------------
                         Iteration time: 1.32s
                           Time elapsed: 0:06:36
                                    ETA: 0:04:28

################################################################################
[1m                           Learning iteration 298/500                           [0m 

                               Run name: standing-retention-native-20260908-v48
                            Total steps: 344448 
                       Steps per second: 868 
                        Collection time: 1.158s 
                          Learning time: 0.168s 
                        Mean value loss: 0.4434
                    Mean surrogate loss: -0.4616
             Mean online_retention loss: 0.0000
          Mean rehearsal_retention loss: 0.1186
                            Mean reward: 14.95
                    Mean episode length: 1528.61
                        Mean action std: 0.00
--------------------------------------------------------------------------------
                         Iteration time: 1.33s
                           Time elapsed: 0:06:37
                                    ETA: 0:04:27

################################################################################
[1m                           Learning iteration 299/500                           [0m 

                               Run name: standing-retention-native-20260908-v48
                            Total steps: 345600 
                       Steps per second: 854 
                        Collection time: 1.179s 
                          Learning time: 0.169s 
                        Mean value loss: 0.4814
                    Mean surrogate loss: 0.1563
             Mean online_retention loss: 0.0000
          Mean rehearsal_retention loss: 0.1376
                            Mean reward: 14.95
                    Mean episode length: 1528.61
                        Mean action std: 0.00
--------------------------------------------------------------------------------
                         Iteration time: 1.35s
                           Time elapsed: 0:06:39
                                    ETA: 0:04:26

################################################################################
[1m                           Learning iteration 300/500                           [0m 

                               Run name: standing-retention-native-20260908-v48
                            Total steps: 346752 
                       Steps per second: 870 
                        Collection time: 1.154s 
                          Learning time: 0.170s 
                        Mean value loss: 16.8595
                    Mean surrogate loss: -0.5138
             Mean online_retention loss: 0.2921
          Mean rehearsal_retention loss: 0.0863
                            Mean reward: 14.95
                    Mean episode length: 1528.61
                        Mean action std: 0.01
--------------------------------------------------------------------------------
                         Iteration time: 1.32s
                           Time elapsed: 0:06:40
                                    ETA: 0:04:24

################################################################################
[1m                           Learning iteration 301/500                           [0m 

                               Run name: standing-retention-native-20260908-v48
                            Total steps: 347904 
                       Steps per second: 848 
                        Collection time: 1.191s 
                          Learning time: 0.167s 
                        Mean value loss: 2.7520
                    Mean surrogate loss: -0.3188
             Mean online_retention loss: 0.1054
          Mean rehearsal_retention loss: 0.0671
                            Mean reward: 14.95
                    Mean episode length: 1528.61
                        Mean action std: 0.02
--------------------------------------------------------------------------------
                         Iteration time: 1.36s
                           Time elapsed: 0:06:41
                                    ETA: 0:04:23

################################################################################
[1m                           Learning iteration 302/500                           [0m 

                               Run name: standing-retention-native-20260908-v48
                            Total steps: 349056 
                       Steps per second: 860 
                        Collection time: 1.166s 
                          Learning time: 0.173s 
                        Mean value loss: 0.6563
                    Mean surrogate loss: -0.4231
             Mean online_retention loss: 0.0661
          Mean rehearsal_retention loss: 0.0685
                            Mean reward: 14.95
                    Mean episode length: 1528.61
                        Mean action std: 0.02
--------------------------------------------------------------------------------
                         Iteration time: 1.34s
                           Time elapsed: 0:06:43
                                    ETA: 0:04:22

################################################################################
[1m                           Learning iteration 303/500                           [0m 

                               Run name: standing-retention-native-20260908-v48
                            Total steps: 350208 
                       Steps per second: 849 
                        Collection time: 1.192s 
                          Learning time: 0.164s 
                        Mean value loss: 7.5657
                    Mean surrogate loss: 0.0240
             Mean online_retention loss: 0.0454
          Mean rehearsal_retention loss: 0.0520
                            Mean reward: 14.95
                    Mean episode length: 1528.61
                        Mean action std: 0.02
--------------------------------------------------------------------------------
                         Iteration time: 1.36s
                           Time elapsed: 0:06:44
                                    ETA: 0:04:20

################################################################################
[1m                           Learning iteration 304/500                           [0m 

                               Run name: standing-retention-native-20260908-v48
                            Total steps: 351360 
                       Steps per second: 864 
                        Collection time: 1.168s 
                          Learning time: 0.166s 
                        Mean value loss: 93.2101
                    Mean surrogate loss: 0.0961
             Mean online_retention loss: 0.0293
          Mean rehearsal_retention loss: 0.0446
                            Mean reward: 14.69
                    Mean episode length: 1528.67
                        Mean action std: 0.02
--------------------------------------------------------------------------------
                         Iteration time: 1.33s
                           Time elapsed: 0:06:45
                                    ETA: 0:04:19

################################################################################
[1m                           Learning iteration 305/500                           [0m 

                               Run name: standing-retention-native-20260908-v48
                            Total steps: 352512 
                       Steps per second: 864 
                        Collection time: 1.166s 
                          Learning time: 0.166s 
                        Mean value loss: 65.0556
                    Mean surrogate loss: 0.1083
             Mean online_retention loss: 0.0199
          Mean rehearsal_retention loss: 0.0399
                            Mean reward: 14.69
                    Mean episode length: 1528.67
                        Mean action std: 0.02
--------------------------------------------------------------------------------
                         Iteration time: 1.33s
                           Time elapsed: 0:06:47
                                    ETA: 0:04:18

################################################################################
[1m                           Learning iteration 306/500                           [0m 

                               Run name: standing-retention-native-20260908-v48
                            Total steps: 353664 
                       Steps per second: 860 
                        Collection time: 1.176s 
                          Learning time: 0.162s 
                        Mean value loss: 53.1407
                    Mean surrogate loss: 0.0617
             Mean online_retention loss: 0.0136
          Mean rehearsal_retention loss: 0.0354
                            Mean reward: 14.82
                    Mean episode length: 1528.52
                        Mean action std: 0.02
--------------------------------------------------------------------------------
                         Iteration time: 1.34s
                           Time elapsed: 0:06:48
                                    ETA: 0:04:16

################################################################################
[1m                           Learning iteration 307/500                           [0m 

                               Run name: standing-retention-native-20260908-v48
                            Total steps: 354816 
                       Steps per second: 869 
                        Collection time: 1.161s 
                          Learning time: 0.164s 
                        Mean value loss: 141.9563
                    Mean surrogate loss: 0.1117
             Mean online_retention loss: 0.0109
          Mean rehearsal_retention loss: 0.0329
                            Mean reward: 14.82
                    Mean episode length: 1528.52
                        Mean action std: 0.02
--------------------------------------------------------------------------------
                         Iteration time: 1.33s
                           Time elapsed: 0:06:49
                                    ETA: 0:04:15

################################################################################
[1m                           Learning iteration 308/500                           [0m 

                               Run name: standing-retention-native-20260908-v48
                            Total steps: 355968 
                       Steps per second: 883 
                        Collection time: 1.156s 
                          Learning time: 0.147s 
                        Mean value loss: 19.2703
                    Mean surrogate loss: 0.0393
             Mean online_retention loss: 0.0100
          Mean rehearsal_retention loss: 0.0333
                            Mean reward: 14.65
                    Mean episode length: 1528.52
                        Mean action std: 0.02
--------------------------------------------------------------------------------
                         Iteration time: 1.30s
                           Time elapsed: 0:06:51
                                    ETA: 0:04:14

################################################################################
[1m                           Learning iteration 309/500                           [0m 

                               Run name: standing-retention-native-20260908-v48
                            Total steps: 357120 
                       Steps per second: 851 
                        Collection time: 1.183s 
                          Learning time: 0.171s 
                        Mean value loss: 29.0339
                    Mean surrogate loss: 0.1209
             Mean online_retention loss: 0.0111
          Mean rehearsal_retention loss: 0.0340
                            Mean reward: 15.12
                    Mean episode length: 1528.27
                        Mean action std: 0.02
--------------------------------------------------------------------------------
                         Iteration time: 1.35s
                           Time elapsed: 0:06:52
                                    ETA: 0:04:12

################################################################################
[1m                           Learning iteration 310/500                           [0m 

                               Run name: standing-retention-native-20260908-v48
                            Total steps: 358272 
                       Steps per second: 859 
                        Collection time: 1.173s 
                          Learning time: 0.168s 
                        Mean value loss: 72.0744
                    Mean surrogate loss: -0.1112
             Mean online_retention loss: 0.1223
          Mean rehearsal_retention loss: 0.0311
                            Mean reward: 26.43
                    Mean episode length: 1653.41
                        Mean action std: 0.02
--------------------------------------------------------------------------------
                         Iteration time: 1.34s
                           Time elapsed: 0:06:53
                                    ETA: 0:04:11

################################################################################
[1m                           Learning iteration 311/500                           [0m 

                               Run name: standing-retention-native-20260908-v48
                            Total steps: 359424 
                       Steps per second: 851 
                        Collection time: 1.199s 
                          Learning time: 0.153s 
                        Mean value loss: 69.8262
                    Mean surrogate loss: -0.1572
             Mean online_retention loss: 0.1290
          Mean rehearsal_retention loss: 0.0310
                            Mean reward: 23.72
                    Mean episode length: 1626.83
                        Mean action std: 0.04
--------------------------------------------------------------------------------
                         Iteration time: 1.35s
                           Time elapsed: 0:06:55
                                    ETA: 0:04:10

################################################################################
[1m                           Learning iteration 312/500                           [0m 

                               Run name: standing-retention-native-20260908-v48
                            Total steps: 360576 
                       Steps per second: 851 
                        Collection time: 1.180s 
                          Learning time: 0.173s 
                        Mean value loss: 1.6906
                    Mean surrogate loss: -0.0950
             Mean online_retention loss: 0.0105
          Mean rehearsal_retention loss: 0.0260
                            Mean reward: 23.72
                    Mean episode length: 1626.83
                        Mean action std: 0.04
--------------------------------------------------------------------------------
                         Iteration time: 1.35s
                           Time elapsed: 0:06:56
                                    ETA: 0:04:08

################################################################################
[1m                           Learning iteration 313/500                           [0m 

                               Run name: standing-retention-native-20260908-v48
                            Total steps: 361728 
                       Steps per second: 849 
                        Collection time: 1.192s 
                          Learning time: 0.164s 
                        Mean value loss: 3.0533
                    Mean surrogate loss: -0.0519
             Mean online_retention loss: 0.0094
          Mean rehearsal_retention loss: 0.0256
                            Mean reward: 23.72
                    Mean episode length: 1626.83
                        Mean action std: 0.04
--------------------------------------------------------------------------------
                         Iteration time: 1.36s
                           Time elapsed: 0:06:57
                                    ETA: 0:04:07

################################################################################
[1m                           Learning iteration 314/500                           [0m 

                               Run name: standing-retention-native-20260908-v48
                            Total steps: 362880 
                       Steps per second: 842 
                        Collection time: 1.201s 
                          Learning time: 0.166s 
                        Mean value loss: 0.4022
                    Mean surrogate loss: -0.0966
             Mean online_retention loss: 0.0112
          Mean rehearsal_retention loss: 0.0272
                            Mean reward: 23.72
                    Mean episode length: 1626.83
                        Mean action std: 0.04
--------------------------------------------------------------------------------
                         Iteration time: 1.37s
                           Time elapsed: 0:06:59
                                    ETA: 0:04:06

################################################################################
[1m                           Learning iteration 315/500                           [0m 

                               Run name: standing-retention-native-20260908-v48
                            Total steps: 364032 
                       Steps per second: 843 
                        Collection time: 1.199s 
                          Learning time: 0.166s 
                        Mean value loss: 5.4734
                    Mean surrogate loss: -0.0758
             Mean online_retention loss: 0.0088
          Mean rehearsal_retention loss: 0.0256
                            Mean reward: 23.72
                    Mean episode length: 1626.83
                        Mean action std: 0.04
--------------------------------------------------------------------------------
                         Iteration time: 1.37s
                           Time elapsed: 0:07:00
                                    ETA: 0:04:04

################################################################################
[1m                           Learning iteration 316/500                           [0m 

                               Run name: standing-retention-native-20260908-v48
                            Total steps: 365184 
                       Steps per second: 852 
                        Collection time: 1.200s 
                          Learning time: 0.151s 
                        Mean value loss: 30.1743
                    Mean surrogate loss: 0.0023
             Mean online_retention loss: 0.0069
          Mean rehearsal_retention loss: 0.0261
                            Mean reward: 23.72
                    Mean episode length: 1626.83
                        Mean action std: 0.04
--------------------------------------------------------------------------------
                         Iteration time: 1.35s
                           Time elapsed: 0:07:01
                                    ETA: 0:04:03

################################################################################
[1m                           Learning iteration 317/500                           [0m 

                               Run name: standing-retention-native-20260908-v48
                            Total steps: 366336 
                       Steps per second: 849 
                        Collection time: 1.198s 
                          Learning time: 0.157s 
                        Mean value loss: 110.2489
                    Mean surrogate loss: -0.0017
             Mean online_retention loss: 0.0057
          Mean rehearsal_retention loss: 0.0245
                            Mean reward: 20.75
                    Mean episode length: 1613.45
                        Mean action std: 0.04
--------------------------------------------------------------------------------
                         Iteration time: 1.36s
                           Time elapsed: 0:07:03
                                    ETA: 0:04:02

################################################################################
[1m                           Learning iteration 318/500                           [0m 

                               Run name: standing-retention-native-20260908-v48
                            Total steps: 367488 
                       Steps per second: 856 
                        Collection time: 1.191s 
                          Learning time: 0.153s 
                        Mean value loss: 40.7214
                    Mean surrogate loss: 0.0321
             Mean online_retention loss: 0.0056
          Mean rehearsal_retention loss: 0.0264
                            Mean reward: 20.75
                    Mean episode length: 1613.45
                        Mean action std: 0.04
--------------------------------------------------------------------------------
                         Iteration time: 1.34s
                           Time elapsed: 0:07:04
                                    ETA: 0:04:00

################################################################################
[1m                           Learning iteration 319/500                           [0m 

                               Run name: standing-retention-native-20260908-v48
                            Total steps: 368640 
                       Steps per second: 841 
                        Collection time: 1.198s 
                          Learning time: 0.171s 
                        Mean value loss: 15.2489
                    Mean surrogate loss: 0.0016
             Mean online_retention loss: 0.0061
          Mean rehearsal_retention loss: 0.0295
                            Mean reward: 17.65
                    Mean episode length: 1586.89
                        Mean action std: 0.04
--------------------------------------------------------------------------------
                         Iteration time: 1.37s
                           Time elapsed: 0:07:06
                                    ETA: 0:03:59

################################################################################
[1m                           Learning iteration 320/500                           [0m 

                               Run name: standing-retention-native-20260908-v48
                            Total steps: 369792 
                       Steps per second: 848 
                        Collection time: 1.192s 
                          Learning time: 0.166s 
                        Mean value loss: 3.3449
                    Mean surrogate loss: -0.0686
             Mean online_retention loss: 0.0067
          Mean rehearsal_retention loss: 0.0307
                            Mean reward: 17.65
                    Mean episode length: 1586.89
                        Mean action std: 0.04
--------------------------------------------------------------------------------
                         Iteration time: 1.36s
                           Time elapsed: 0:07:07
                                    ETA: 0:03:58

################################################################################
[1m                           Learning iteration 321/500                           [0m 

                               Run name: standing-retention-native-20260908-v48
                            Total steps: 370944 
                       Steps per second: 845 
                        Collection time: 1.199s 
                          Learning time: 0.163s 
                        Mean value loss: 3.1134
                    Mean surrogate loss: -0.0197
             Mean online_retention loss: 0.0089
          Mean rehearsal_retention loss: 0.0333
                            Mean reward: 17.65
                    Mean episode length: 1586.89
                        Mean action std: 0.04
--------------------------------------------------------------------------------
                         Iteration time: 1.36s
                           Time elapsed: 0:07:08
                                    ETA: 0:03:57

################################################################################
[1m                           Learning iteration 322/500                           [0m 

                               Run name: standing-retention-native-20260908-v48
                            Total steps: 372096 
                       Steps per second: 856 
                        Collection time: 1.191s 
                          Learning time: 0.153s 
                        Mean value loss: 24.9979
                    Mean surrogate loss: 0.2699
             Mean online_retention loss: 0.0099
          Mean rehearsal_retention loss: 0.0337
                            Mean reward: 17.65
                    Mean episode length: 1586.89
                        Mean action std: 0.03
--------------------------------------------------------------------------------
                         Iteration time: 1.34s
                           Time elapsed: 0:07:10
                                    ETA: 0:03:55

################################################################################
[1m                           Learning iteration 323/500                           [0m 

                               Run name: standing-retention-native-20260908-v48
                            Total steps: 373248 
                       Steps per second: 839 
                        Collection time: 1.206s 
                          Learning time: 0.167s 
                        Mean value loss: 15.5113
                    Mean surrogate loss: -0.6848
             Mean online_retention loss: 0.0000
          Mean rehearsal_retention loss: 0.0367
                            Mean reward: 17.65
                    Mean episode length: 1586.89
                        Mean action std: 0.01
--------------------------------------------------------------------------------
                         Iteration time: 1.37s
                           Time elapsed: 0:07:11
                                    ETA: 0:03:54

################################################################################
[1m                           Learning iteration 324/500                           [0m 

                               Run name: standing-retention-native-20260908-v48
                            Total steps: 374400 
                       Steps per second: 843 
                        Collection time: 1.192s 
                          Learning time: 0.174s 
                        Mean value loss: 0.7378
                    Mean surrogate loss: -0.3246
             Mean online_retention loss: 0.0000
          Mean rehearsal_retention loss: 0.0411
                            Mean reward: 17.65
                    Mean episode length: 1586.89
                        Mean action std: 0.00
--------------------------------------------------------------------------------
                         Iteration time: 1.37s
                           Time elapsed: 0:07:12
                                    ETA: 0:03:53

################################################################################
[1m                           Learning iteration 325/500                           [0m 

                               Run name: standing-retention-native-20260908-v48
                            Total steps: 375552 
                       Steps per second: 860 
                        Collection time: 1.168s 
                          Learning time: 0.172s 
                        Mean value loss: 1.2170
                    Mean surrogate loss: -0.1968
             Mean online_retention loss: 0.0000
          Mean rehearsal_retention loss: 0.0596
                            Mean reward: 17.38
                    Mean episode length: 1593.39
                        Mean action std: 0.00
--------------------------------------------------------------------------------
                         Iteration time: 1.34s
                           Time elapsed: 0:07:14
                                    ETA: 0:03:51

################################################################################
[1m                           Learning iteration 326/500                           [0m 

                               Run name: standing-retention-native-20260908-v48
                            Total steps: 376704 
                       Steps per second: 864 
                        Collection time: 1.176s 
                          Learning time: 0.157s 
                        Mean value loss: 2.1168
                    Mean surrogate loss: -0.8188
             Mean online_retention loss: 0.0000
          Mean rehearsal_retention loss: 0.0659
                            Mean reward: 17.38
                    Mean episode length: 1593.39
                        Mean action std: 0.00
--------------------------------------------------------------------------------
                         Iteration time: 1.33s
                           Time elapsed: 0:07:15
                                    ETA: 0:03:50

################################################################################
[1m                           Learning iteration 327/500                           [0m 

                               Run name: standing-retention-native-20260908-v48
                            Total steps: 377856 
                       Steps per second: 864 
                        Collection time: 1.160s 
                          Learning time: 0.172s 
                        Mean value loss: 0.2801
                    Mean surrogate loss: -0.6192
             Mean online_retention loss: 0.0000
          Mean rehearsal_retention loss: 0.0860
                            Mean reward: 17.38
                    Mean episode length: 1593.39
                        Mean action std: 0.00
--------------------------------------------------------------------------------
                         Iteration time: 1.33s
                           Time elapsed: 0:07:16
                                    ETA: 0:03:49

################################################################################
[1m                           Learning iteration 328/500                           [0m 

                               Run name: standing-retention-native-20260908-v48
                            Total steps: 379008 
                       Steps per second: 869 
                        Collection time: 1.156s 
                          Learning time: 0.168s 
                        Mean value loss: 0.2588
                    Mean surrogate loss: -0.2292
             Mean online_retention loss: 0.0000
          Mean rehearsal_retention loss: 0.0778
                            Mean reward: 17.38
                    Mean episode length: 1593.39
                        Mean action std: 0.00
--------------------------------------------------------------------------------
                         Iteration time: 1.32s
                           Time elapsed: 0:07:18
                                    ETA: 0:03:47

################################################################################
[1m                           Learning iteration 329/500                           [0m 

                               Run name: standing-retention-native-20260908-v48
                            Total steps: 380160 
                       Steps per second: 859 
                        Collection time: 1.168s 
                          Learning time: 0.172s 
                        Mean value loss: 2.3615
                    Mean surrogate loss: 0.3356
             Mean online_retention loss: 0.0000
          Mean rehearsal_retention loss: 0.0875
                            Mean reward: 16.90
                    Mean episode length: 1593.39
                        Mean action std: 0.00
--------------------------------------------------------------------------------
                         Iteration time: 1.34s
                           Time elapsed: 0:07:19
                                    ETA: 0:03:46

################################################################################
[1m                           Learning iteration 330/500                           [0m 

                               Run name: standing-retention-native-20260908-v48
                            Total steps: 381312 
                       Steps per second: 863 
                        Collection time: 1.173s 
                          Learning time: 0.162s 
                        Mean value loss: 0.8161
                    Mean surrogate loss: -0.9739
             Mean online_retention loss: 0.0000
          Mean rehearsal_retention loss: 0.0718
                            Mean reward: 16.90
                    Mean episode length: 1593.39
                        Mean action std: 0.00
--------------------------------------------------------------------------------
                         Iteration time: 1.33s
                           Time elapsed: 0:07:20
                                    ETA: 0:03:45

################################################################################
[1m                           Learning iteration 331/500                           [0m 

                               Run name: standing-retention-native-20260908-v48
                            Total steps: 382464 
                       Steps per second: 877 
                        Collection time: 1.155s 
                          Learning time: 0.158s 
                        Mean value loss: 0.4245
                    Mean surrogate loss: 0.0409
             Mean online_retention loss: 0.0000
          Mean rehearsal_retention loss: 0.1200
                            Mean reward: 16.90
                    Mean episode length: 1593.39
                        Mean action std: 0.00
--------------------------------------------------------------------------------
                         Iteration time: 1.31s
                           Time elapsed: 0:07:22
                                    ETA: 0:03:43

################################################################################
[1m                           Learning iteration 332/500                           [0m 

                               Run name: standing-retention-native-20260908-v48
                            Total steps: 383616 
                       Steps per second: 859 
                        Collection time: 1.172s 
                          Learning time: 0.169s 
                        Mean value loss: 4.0412
                    Mean surrogate loss: 0.6537
             Mean online_retention loss: 0.0000
          Mean rehearsal_retention loss: 0.0882
                            Mean reward: 16.90
                    Mean episode length: 1593.39
                        Mean action std: 0.00
--------------------------------------------------------------------------------
                         Iteration time: 1.34s
                           Time elapsed: 0:07:23
                                    ETA: 0:03:42

################################################################################
[1m                           Learning iteration 333/500                           [0m 

                               Run name: standing-retention-native-20260908-v48
                            Total steps: 384768 
                       Steps per second: 866 
                        Collection time: 1.166s 
                          Learning time: 0.163s 
                        Mean value loss: 1.8997
                    Mean surrogate loss: -0.9619
             Mean online_retention loss: 0.0000
          Mean rehearsal_retention loss: 0.0951
                            Mean reward: 16.90
                    Mean episode length: 1593.39
                        Mean action std: 0.00
--------------------------------------------------------------------------------
                         Iteration time: 1.33s
                           Time elapsed: 0:07:24
                                    ETA: 0:03:41

################################################################################
[1m                           Learning iteration 334/500                           [0m 

                               Run name: standing-retention-native-20260908-v48
                            Total steps: 385920 
                       Steps per second: 852 
                        Collection time: 1.184s 
                          Learning time: 0.168s 
                        Mean value loss: 35.2890
                    Mean surrogate loss: 1.0972
             Mean online_retention loss: 0.0000
          Mean rehearsal_retention loss: 0.0707
                            Mean reward: 16.90
                    Mean episode length: 1593.39
                        Mean action std: 0.00
--------------------------------------------------------------------------------
                         Iteration time: 1.35s
                           Time elapsed: 0:07:26
                                    ETA: 0:03:39

################################################################################
[1m                           Learning iteration 335/500                           [0m 

                               Run name: standing-retention-native-20260908-v48
                            Total steps: 387072 
                       Steps per second: 854 
                        Collection time: 1.182s 
                          Learning time: 0.167s 
                        Mean value loss: 18.3106
                    Mean surrogate loss: 0.5395
             Mean online_retention loss: 0.0000
          Mean rehearsal_retention loss: 0.0808
                            Mean reward: 14.44
                    Mean episode length: 1579.81
                        Mean action std: 0.00
--------------------------------------------------------------------------------
                         Iteration time: 1.35s
                           Time elapsed: 0:07:27
                                    ETA: 0:03:38

################################################################################
[1m                           Learning iteration 336/500                           [0m 

                               Run name: standing-retention-native-20260908-v48
                            Total steps: 388224 
                       Steps per second: 859 
                        Collection time: 1.173s 
                          Learning time: 0.167s 
                        Mean value loss: 150.1144
                    Mean surrogate loss: 1.4898
             Mean online_retention loss: 0.0000
          Mean rehearsal_retention loss: 0.0778
                            Mean reward: 14.44
                    Mean episode length: 1579.81
                        Mean action std: 0.00
--------------------------------------------------------------------------------
                         Iteration time: 1.34s
                           Time elapsed: 0:07:28
                                    ETA: 0:03:37

################################################################################
[1m                           Learning iteration 337/500                           [0m 

                               Run name: standing-retention-native-20260908-v48
                            Total steps: 389376 
                       Steps per second: 853 
                        Collection time: 1.192s 
                          Learning time: 0.158s 
                        Mean value loss: 22.2202
                    Mean surrogate loss: 0.7731
             Mean online_retention loss: 0.0000
          Mean rehearsal_retention loss: 0.0848
                            Mean reward: 8.70
                    Mean episode length: 1539.74
                        Mean action std: 0.00
--------------------------------------------------------------------------------
                         Iteration time: 1.35s
                           Time elapsed: 0:07:30
                                    ETA: 0:03:35

################################################################################
[1m                           Learning iteration 338/500                           [0m 

                               Run name: standing-retention-native-20260908-v48
                            Total steps: 390528 
                       Steps per second: 866 
                        Collection time: 1.159s 
                          Learning time: 0.170s 
                        Mean value loss: 105.6976
                    Mean surrogate loss: 1.1338
             Mean online_retention loss: 0.0000
          Mean rehearsal_retention loss: 0.0835
                            Mean reward: 5.54
                    Mean episode length: 1513.15
                        Mean action std: 0.00
--------------------------------------------------------------------------------
                         Iteration time: 1.33s
                           Time elapsed: 0:07:31
                                    ETA: 0:03:34

################################################################################
[1m                           Learning iteration 339/500                           [0m 

                               Run name: standing-retention-native-20260908-v48
                            Total steps: 391680 
                       Steps per second: 884 
                        Collection time: 1.149s 
                          Learning time: 0.153s 
                        Mean value loss: 8.7640
                    Mean surrogate loss: 1.2704
             Mean online_retention loss: 0.0000
          Mean rehearsal_retention loss: 0.1202
                            Mean reward: 5.54
                    Mean episode length: 1513.15
                        Mean action std: 0.00
--------------------------------------------------------------------------------
                         Iteration time: 1.30s
                           Time elapsed: 0:07:32
                                    ETA: 0:03:33

################################################################################
[1m                           Learning iteration 340/500                           [0m 

                               Run name: standing-retention-native-20260908-v48
                            Total steps: 392832 
                       Steps per second: 859 
                        Collection time: 1.172s 
                          Learning time: 0.168s 
                        Mean value loss: 136.6383
                    Mean surrogate loss: 0.9467
             Mean online_retention loss: 0.0000
          Mean rehearsal_retention loss: 0.1012
                            Mean reward: 2.56
                    Mean episode length: 1499.71
                        Mean action std: 0.00
--------------------------------------------------------------------------------
                         Iteration time: 1.34s
                           Time elapsed: 0:07:34
                                    ETA: 0:03:31

################################################################################
[1m                           Learning iteration 341/500                           [0m 

                               Run name: standing-retention-native-20260908-v48
                            Total steps: 393984 
                       Steps per second: 859 
                        Collection time: 1.171s 
                          Learning time: 0.169s 
                        Mean value loss: 21.3435
                    Mean surrogate loss: 1.2910
             Mean online_retention loss: 0.0000
          Mean rehearsal_retention loss: 0.0999
                            Mean reward: 2.56
                    Mean episode length: 1499.71
                        Mean action std: 0.00
--------------------------------------------------------------------------------
                         Iteration time: 1.34s
                           Time elapsed: 0:07:35
                                    ETA: 0:03:30

################################################################################
[1m                           Learning iteration 342/500                           [0m 

                               Run name: standing-retention-native-20260908-v48
                            Total steps: 395136 
                       Steps per second: 858 
                        Collection time: 1.174s 
                          Learning time: 0.167s 
                        Mean value loss: 38.9174
                    Mean surrogate loss: 0.6148
             Mean online_retention loss: 0.0000
          Mean rehearsal_retention loss: 0.1118
                            Mean reward: -0.88
                    Mean episode length: 1479.63
                        Mean action std: 0.00
--------------------------------------------------------------------------------
                         Iteration time: 1.34s
                           Time elapsed: 0:07:36
                                    ETA: 0:03:29

################################################################################
[1m                           Learning iteration 343/500                           [0m 

                               Run name: standing-retention-native-20260908-v48
                            Total steps: 396288 
                       Steps per second: 854 
                        Collection time: 1.181s 
                          Learning time: 0.168s 
                        Mean value loss: 46.8781
                    Mean surrogate loss: 0.5824
             Mean online_retention loss: 0.0000
          Mean rehearsal_retention loss: 0.0818
                            Mean reward: -0.88
                    Mean episode length: 1479.63
                        Mean action std: 0.00
--------------------------------------------------------------------------------
                         Iteration time: 1.35s
                           Time elapsed: 0:07:38
                                    ETA: 0:03:27

################################################################################
[1m                           Learning iteration 344/500                           [0m 

                               Run name: standing-retention-native-20260908-v48
                            Total steps: 397440 
                       Steps per second: 861 
                        Collection time: 1.183s 
                          Learning time: 0.154s 
                        Mean value loss: 99.5300
                    Mean surrogate loss: 0.7881
             Mean online_retention loss: 0.0000
          Mean rehearsal_retention loss: 0.0918
                            Mean reward: -5.27
                    Mean episode length: 1453.01
                        Mean action std: 0.01
--------------------------------------------------------------------------------
                         Iteration time: 1.34s
                           Time elapsed: 0:07:39
                                    ETA: 0:03:26

################################################################################
[1m                           Learning iteration 345/500                           [0m 

                               Run name: standing-retention-native-20260908-v48
                            Total steps: 398592 
                       Steps per second: 856 
                        Collection time: 1.176s 
                          Learning time: 0.169s 
                        Mean value loss: 0.3677
                    Mean surrogate loss: -0.4230
             Mean online_retention loss: 0.0000
          Mean rehearsal_retention loss: 0.0811
                            Mean reward: -5.27
                    Mean episode length: 1453.01
                        Mean action std: 0.00
--------------------------------------------------------------------------------
                         Iteration time: 1.34s
                           Time elapsed: 0:07:40
                                    ETA: 0:03:25

################################################################################
[1m                           Learning iteration 346/500                           [0m 

                               Run name: standing-retention-native-20260908-v48
                            Total steps: 399744 
                       Steps per second: 857 
                        Collection time: 1.183s 
                          Learning time: 0.160s 
                        Mean value loss: 4.7435
                    Mean surrogate loss: 0.7889
             Mean online_retention loss: 0.0000
          Mean rehearsal_retention loss: 0.0999
                            Mean reward: -5.27
                    Mean episode length: 1453.01
                        Mean action std: 0.00
--------------------------------------------------------------------------------
                         Iteration time: 1.34s
                           Time elapsed: 0:07:42
                                    ETA: 0:03:23

################################################################################
[1m                           Learning iteration 347/500                           [0m 

                               Run name: standing-retention-native-20260908-v48
                            Total steps: 400896 
                       Steps per second: 860 
                        Collection time: 1.172s 
                          Learning time: 0.167s 
                        Mean value loss: 1.8383
                    Mean surrogate loss: -1.2867
             Mean online_retention loss: 0.0000
          Mean rehearsal_retention loss: 0.0971
                            Mean reward: -5.27
                    Mean episode length: 1453.01
                        Mean action std: 0.00
--------------------------------------------------------------------------------
                         Iteration time: 1.34s
                           Time elapsed: 0:07:43
                                    ETA: 0:03:22

################################################################################
[1m                           Learning iteration 348/500                           [0m 

                               Run name: standing-retention-native-20260908-v48
                            Total steps: 402048 
                       Steps per second: 855 
                        Collection time: 1.183s 
                          Learning time: 0.164s 
                        Mean value loss: 33.6003
                    Mean surrogate loss: -0.1380
             Mean online_retention loss: 0.4295
          Mean rehearsal_retention loss: 0.0886
                            Mean reward: -5.27
                    Mean episode length: 1453.01
                        Mean action std: 0.03
--------------------------------------------------------------------------------
                         Iteration time: 1.35s
                           Time elapsed: 0:07:44
                                    ETA: 0:03:21

################################################################################
[1m                           Learning iteration 349/500                           [0m 

                               Run name: standing-retention-native-20260908-v48
                            Total steps: 403200 
                       Steps per second: 854 
                        Collection time: 1.185s 
                          Learning time: 0.164s 
                        Mean value loss: 47.5846
                    Mean surrogate loss: 0.0004
             Mean online_retention loss: 0.0903
          Mean rehearsal_retention loss: 0.0673
                            Mean reward: -5.72
                    Mean episode length: 1448.45
                        Mean action std: 0.04
--------------------------------------------------------------------------------
                         Iteration time: 1.35s
                           Time elapsed: 0:07:46
                                    ETA: 0:03:19

################################################################################
[1m                           Learning iteration 350/500                           [0m 

                               Run name: standing-retention-native-20260908-v48
                            Total steps: 404352 
                       Steps per second: 842 
                        Collection time: 1.201s 
                          Learning time: 0.166s 
                        Mean value loss: 1.3918
                    Mean surrogate loss: 0.0205
             Mean online_retention loss: 0.0442
          Mean rehearsal_retention loss: 0.0597
                            Mean reward: -6.06
                    Mean episode length: 1441.95
                        Mean action std: 0.04
--------------------------------------------------------------------------------
                         Iteration time: 1.37s
                           Time elapsed: 0:07:47
                                    ETA: 0:03:18

################################################################################
[1m                           Learning iteration 351/500                           [0m 

                               Run name: standing-retention-native-20260908-v48
                            Total steps: 405504 
                       Steps per second: 851 
                        Collection time: 1.200s 
                          Learning time: 0.153s 
                        Mean value loss: 0.4191
                    Mean surrogate loss: -0.0043
             Mean online_retention loss: 0.0281
          Mean rehearsal_retention loss: 0.0561
                            Mean reward: -6.06
                    Mean episode length: 1441.95
                        Mean action std: 0.04
--------------------------------------------------------------------------------
                         Iteration time: 1.35s
                           Time elapsed: 0:07:48
                                    ETA: 0:03:17

################################################################################
[1m                           Learning iteration 352/500                           [0m 

                               Run name: standing-retention-native-20260908-v48
                            Total steps: 406656 
                       Steps per second: 853 
                        Collection time: 1.195s 
                          Learning time: 0.154s 
                        Mean value loss: 3.3464
                    Mean surrogate loss: -0.0210
             Mean online_retention loss: 0.0254
          Mean rehearsal_retention loss: 0.0572
                            Mean reward: -6.02
                    Mean episode length: 1441.95
                        Mean action std: 0.04
--------------------------------------------------------------------------------
                         Iteration time: 1.35s
                           Time elapsed: 0:07:50
                                    ETA: 0:03:15

################################################################################
[1m                           Learning iteration 353/500                           [0m 

                               Run name: standing-retention-native-20260908-v48
                            Total steps: 407808 
                       Steps per second: 847 
                        Collection time: 1.194s 
                          Learning time: 0.166s 
                        Mean value loss: 1.7569
                    Mean surrogate loss: -0.0326
             Mean online_retention loss: 0.0224
          Mean rehearsal_retention loss: 0.0577
                            Mean reward: -6.02
                    Mean episode length: 1441.95
                        Mean action std: 0.04
--------------------------------------------------------------------------------
                         Iteration time: 1.36s
                           Time elapsed: 0:07:51
                                    ETA: 0:03:14

################################################################################
[1m                           Learning iteration 354/500                           [0m 

                               Run name: standing-retention-native-20260908-v48
                            Total steps: 408960 
                       Steps per second: 843 
                        Collection time: 1.200s 
                          Learning time: 0.167s 
                        Mean value loss: 3.8027
                    Mean surrogate loss: -0.0222
             Mean online_retention loss: 0.0217
          Mean rehearsal_retention loss: 0.0555
                            Mean reward: -6.02
                    Mean episode length: 1441.95
                        Mean action std: 0.03
--------------------------------------------------------------------------------
                         Iteration time: 1.37s
                           Time elapsed: 0:07:53
                                    ETA: 0:03:13

################################################################################
[1m                           Learning iteration 355/500                           [0m 

                               Run name: standing-retention-native-20260908-v48
                            Total steps: 410112 
                       Steps per second: 848 
                        Collection time: 1.200s 
                          Learning time: 0.158s 
                        Mean value loss: 0.8564
                    Mean surrogate loss: -0.0385
             Mean online_retention loss: 0.0195
          Mean rehearsal_retention loss: 0.0566
                            Mean reward: -6.02
                    Mean episode length: 1441.95
                        Mean action std: 0.04
--------------------------------------------------------------------------------
                         Iteration time: 1.36s
                           Time elapsed: 0:07:54
                                    ETA: 0:03:11

################################################################################
[1m                           Learning iteration 356/500                           [0m 

                               Run name: standing-retention-native-20260908-v48
                            Total steps: 411264 
                       Steps per second: 863 
                        Collection time: 1.174s 
                          Learning time: 0.160s 
                        Mean value loss: 0.2297
                    Mean surrogate loss: -0.0064
             Mean online_retention loss: 0.0203
          Mean rehearsal_retention loss: 0.0551
                            Mean reward: -6.02
                    Mean episode length: 1441.95
                        Mean action std: 0.04
--------------------------------------------------------------------------------
                         Iteration time: 1.33s
                           Time elapsed: 0:07:55
                                    ETA: 0:03:10

################################################################################
[1m                           Learning iteration 357/500                           [0m 

                               Run name: standing-retention-native-20260908-v48
                            Total steps: 412416 
                       Steps per second: 850 
                        Collection time: 1.188s 
                          Learning time: 0.167s 
                        Mean value loss: 2.9865
                    Mean surrogate loss: -0.1128
             Mean online_retention loss: 0.0178
          Mean rehearsal_retention loss: 0.0519
                            Mean reward: -6.02
                    Mean episode length: 1441.95
                        Mean action std: 0.04
--------------------------------------------------------------------------------
                         Iteration time: 1.35s
                           Time elapsed: 0:07:57
                                    ETA: 0:03:09

################################################################################
[1m                           Learning iteration 358/500                           [0m 

                               Run name: standing-retention-native-20260908-v48
                            Total steps: 413568 
                       Steps per second: 843 
                        Collection time: 1.200s 
                          Learning time: 0.166s 
                        Mean value loss: 87.8000
                    Mean surrogate loss: 0.0208
             Mean online_retention loss: 0.0156
          Mean rehearsal_retention loss: 0.0470
                            Mean reward: -6.02
                    Mean episode length: 1441.95
                        Mean action std: 0.04
--------------------------------------------------------------------------------
                         Iteration time: 1.37s
                           Time elapsed: 0:07:58
                                    ETA: 0:03:07

################################################################################
[1m                           Learning iteration 359/500                           [0m 

                               Run name: standing-retention-native-20260908-v48
                            Total steps: 414720 
                       Steps per second: 849 
                        Collection time: 1.185s 
                          Learning time: 0.171s 
                        Mean value loss: 47.6121
                    Mean surrogate loss: 0.0057
             Mean online_retention loss: 0.0116
          Mean rehearsal_retention loss: 0.0399
                            Mean reward: -9.04
                    Mean episode length: 1439.89
                        Mean action std: 0.04
--------------------------------------------------------------------------------
                         Iteration time: 1.36s
                           Time elapsed: 0:07:59
                                    ETA: 0:03:06

################################################################################
[1m                           Learning iteration 360/500                           [0m 

                               Run name: standing-retention-native-20260908-v48
                            Total steps: 415872 
                       Steps per second: 848 
                        Collection time: 1.190s 
                          Learning time: 0.168s 
                        Mean value loss: 110.4222
                    Mean surrogate loss: 0.5674
             Mean online_retention loss: 0.0094
          Mean rehearsal_retention loss: 0.0391
                            Mean reward: -9.04
                    Mean episode length: 1439.89
                        Mean action std: 0.02
--------------------------------------------------------------------------------
                         Iteration time: 1.36s
                           Time elapsed: 0:08:01
                                    ETA: 0:03:05

################################################################################
[1m                           Learning iteration 361/500                           [0m 

                               Run name: standing-retention-native-20260908-v48
                            Total steps: 417024 
                       Steps per second: 853 
                        Collection time: 1.187s 
                          Learning time: 0.162s 
                        Mean value loss: 5.6622
                    Mean surrogate loss: 0.2028
             Mean online_retention loss: 0.0136
          Mean rehearsal_retention loss: 0.0443
                            Mean reward: -9.04
                    Mean episode length: 1439.89
                        Mean action std: 0.01
--------------------------------------------------------------------------------
                         Iteration time: 1.35s
                           Time elapsed: 0:08:02
                                    ETA: 0:03:03

################################################################################
[1m                           Learning iteration 362/500                           [0m 

                               Run name: standing-retention-native-20260908-v48
                            Total steps: 418176 
                       Steps per second: 873 
                        Collection time: 1.156s 
                          Learning time: 0.162s 
                        Mean value loss: 3.4580
                    Mean surrogate loss: 0.4289
             Mean online_retention loss: 0.0116
          Mean rehearsal_retention loss: 0.0458
                            Mean reward: -9.04
                    Mean episode length: 1439.89
                        Mean action std: 0.00
--------------------------------------------------------------------------------
                         Iteration time: 1.32s
                           Time elapsed: 0:08:03
                                    ETA: 0:03:02

################################################################################
[1m                           Learning iteration 363/500                           [0m 

                               Run name: standing-retention-native-20260908-v48
                            Total steps: 419328 
                       Steps per second: 856 
                        Collection time: 1.178s 
                          Learning time: 0.168s 
                        Mean value loss: 2.0381
                    Mean surrogate loss: -0.9893
             Mean online_retention loss: 0.0000
          Mean rehearsal_retention loss: 0.0477
                            Mean reward: -9.04
                    Mean episode length: 1439.89
                        Mean action std: 0.00
--------------------------------------------------------------------------------
                         Iteration time: 1.35s
                           Time elapsed: 0:08:05
                                    ETA: 0:03:01

################################################################################
[1m                           Learning iteration 364/500                           [0m 

                               Run name: standing-retention-native-20260908-v48
                            Total steps: 420480 
                       Steps per second: 878 
                        Collection time: 1.165s 
                          Learning time: 0.147s 
                        Mean value loss: 5.0820
                    Mean surrogate loss: 0.1573
             Mean online_retention loss: 0.0000
          Mean rehearsal_retention loss: 0.0741
                            Mean reward: -9.04
                    Mean episode length: 1439.89
                        Mean action std: 0.00
--------------------------------------------------------------------------------
                         Iteration time: 1.31s
                           Time elapsed: 0:08:06
                                    ETA: 0:02:59

################################################################################
[1m                           Learning iteration 365/500                           [0m 

                               Run name: standing-retention-native-20260908-v48
                            Total steps: 421632 
                       Steps per second: 878 
                        Collection time: 1.149s 
                          Learning time: 0.163s 
                        Mean value loss: 137.3878
                    Mean surrogate loss: 1.1707
             Mean online_retention loss: 0.0000
          Mean rehearsal_retention loss: 0.0913
                            Mean reward: -11.76
                    Mean episode length: 1419.78
                        Mean action std: 0.00
--------------------------------------------------------------------------------
                         Iteration time: 1.31s
                           Time elapsed: 0:08:07
                                    ETA: 0:02:58

################################################################################
[1m                           Learning iteration 366/500                           [0m 

                               Run name: standing-retention-native-20260908-v48
                            Total steps: 422784 
                       Steps per second: 883 
                        Collection time: 1.136s 
                          Learning time: 0.168s 
                        Mean value loss: 5.7723
                    Mean surrogate loss: 1.0070
             Mean online_retention loss: 0.0000
          Mean rehearsal_retention loss: 0.0969
                            Mean reward: -11.76
                    Mean episode length: 1419.78
                        Mean action std: 0.00
--------------------------------------------------------------------------------
                         Iteration time: 1.30s
                           Time elapsed: 0:08:09
                                    ETA: 0:02:57

################################################################################
[1m                           Learning iteration 367/500                           [0m 

                               Run name: standing-retention-native-20260908-v48
                            Total steps: 423936 
                       Steps per second: 854 
                        Collection time: 1.182s 
                          Learning time: 0.166s 
                        Mean value loss: 53.5297
                    Mean surrogate loss: 1.2175
             Mean online_retention loss: 0.0000
          Mean rehearsal_retention loss: 0.1271
                            Mean reward: -11.76
                    Mean episode length: 1419.78
                        Mean action std: 0.00
--------------------------------------------------------------------------------
                         Iteration time: 1.35s
                           Time elapsed: 0:08:10
                                    ETA: 0:02:55

################################################################################
[1m                           Learning iteration 368/500                           [0m 

                               Run name: standing-retention-native-20260908-v48
                            Total steps: 425088 
                       Steps per second: 872 
                        Collection time: 1.151s 
                          Learning time: 0.170s 
                        Mean value loss: 42.3237
                    Mean surrogate loss: 0.6058
             Mean online_retention loss: 0.0000
          Mean rehearsal_retention loss: 0.0910
                            Mean reward: -14.87
                    Mean episode length: 1399.89
                        Mean action std: 0.01
--------------------------------------------------------------------------------
                         Iteration time: 1.32s
                           Time elapsed: 0:08:11
                                    ETA: 0:02:54

################################################################################
[1m                           Learning iteration 369/500                           [0m 

                               Run name: standing-retention-native-20260908-v48
                            Total steps: 426240 
                       Steps per second: 862 
                        Collection time: 1.164s 
                          Learning time: 0.172s 
                        Mean value loss: 0.7455
                    Mean surrogate loss: -0.5977
             Mean online_retention loss: 0.0000
          Mean rehearsal_retention loss: 0.0832
                            Mean reward: -14.87
                    Mean episode length: 1399.89
                        Mean action std: 0.01
--------------------------------------------------------------------------------
                         Iteration time: 1.34s
                           Time elapsed: 0:08:13
                                    ETA: 0:02:53

################################################################################
[1m                           Learning iteration 370/500                           [0m 

                               Run name: standing-retention-native-20260908-v48
                            Total steps: 427392 
                       Steps per second: 854 
                        Collection time: 1.175s 
                          Learning time: 0.173s 
                        Mean value loss: 3.3137
                    Mean surrogate loss: 0.5674
             Mean online_retention loss: 0.0000
          Mean rehearsal_retention loss: 0.0679
                            Mean reward: -13.06
                    Mean episode length: 1413.47
                        Mean action std: 0.00
--------------------------------------------------------------------------------
                         Iteration time: 1.35s
                           Time elapsed: 0:08:14
                                    ETA: 0:02:51

################################################################################
[1m                           Learning iteration 371/500                           [0m 

                               Run name: standing-retention-native-20260908-v48
                            Total steps: 428544 
                       Steps per second: 848 
                        Collection time: 1.191s 
                          Learning time: 0.167s 
                        Mean value loss: 2.5802
                    Mean surrogate loss: -0.3258
             Mean online_retention loss: 0.0000
          Mean rehearsal_retention loss: 0.0810
                            Mean reward: -13.06
                    Mean episode length: 1413.47
                        Mean action std: 0.01
--------------------------------------------------------------------------------
                         Iteration time: 1.36s
                           Time elapsed: 0:08:15
                                    ETA: 0:02:50

################################################################################
[1m                           Learning iteration 372/500                           [0m 

                               Run name: standing-retention-native-20260908-v48
                            Total steps: 429696 
                       Steps per second: 844 
                        Collection time: 1.198s 
                          Learning time: 0.166s 
                        Mean value loss: 25.4667
                    Mean surrogate loss: 1.0889
             Mean online_retention loss: 0.0000
          Mean rehearsal_retention loss: 0.1000
                            Mean reward: -13.06
                    Mean episode length: 1413.47
                        Mean action std: 0.01
--------------------------------------------------------------------------------
                         Iteration time: 1.36s
                           Time elapsed: 0:08:17
                                    ETA: 0:02:49

################################################################################
[1m                           Learning iteration 373/500                           [0m 

                               Run name: standing-retention-native-20260908-v48
                            Total steps: 430848 
                       Steps per second: 857 
                        Collection time: 1.185s 
                          Learning time: 0.159s 
                        Mean value loss: 60.7930
                    Mean surrogate loss: 0.7618
             Mean online_retention loss: 0.0000
          Mean rehearsal_retention loss: 0.1165
                            Mean reward: -12.60
                    Mean episode length: 1410.98
                        Mean action std: 0.00
--------------------------------------------------------------------------------
                         Iteration time: 1.34s
                           Time elapsed: 0:08:18
                                    ETA: 0:02:47

################################################################################
[1m                           Learning iteration 374/500                           [0m 

                               Run name: standing-retention-native-20260908-v48
                            Total steps: 432000 
                       Steps per second: 849 
                        Collection time: 1.187s 
                          Learning time: 0.168s 
                        Mean value loss: 31.9141
                    Mean surrogate loss: 0.9748
             Mean online_retention loss: 0.0000
          Mean rehearsal_retention loss: 0.0858
                            Mean reward: -12.60
                    Mean episode length: 1410.98
                        Mean action std: 0.00
--------------------------------------------------------------------------------
                         Iteration time: 1.36s
                           Time elapsed: 0:08:19
                                    ETA: 0:02:46

################################################################################
[1m                           Learning iteration 375/500                           [0m 

                               Run name: standing-retention-native-20260908-v48
                            Total steps: 433152 
                       Steps per second: 854 
                        Collection time: 1.181s 
                          Learning time: 0.167s 
                        Mean value loss: 136.3008
                    Mean surrogate loss: 0.8977
             Mean online_retention loss: 0.0000
          Mean rehearsal_retention loss: 0.0850
                            Mean reward: -14.47
                    Mean episode length: 1395.03
                        Mean action std: 0.00
--------------------------------------------------------------------------------
                         Iteration time: 1.35s
                           Time elapsed: 0:08:21
                                    ETA: 0:02:45

################################################################################
[1m                           Learning iteration 376/500                           [0m 

                               Run name: standing-retention-native-20260908-v48
                            Total steps: 434304 
                       Steps per second: 854 
                        Collection time: 1.181s 
                          Learning time: 0.166s 
                        Mean value loss: 0.3894
                    Mean surrogate loss: -0.1314
             Mean online_retention loss: 0.0000
          Mean rehearsal_retention loss: 0.0926
                            Mean reward: -14.47
                    Mean episode length: 1395.03
                        Mean action std: 0.00
--------------------------------------------------------------------------------
                         Iteration time: 1.35s
                           Time elapsed: 0:08:22
                                    ETA: 0:02:43

################################################################################
[1m                           Learning iteration 377/500                           [0m 

                               Run name: standing-retention-native-20260908-v48
                            Total steps: 435456 
                       Steps per second: 852 
                        Collection time: 1.182s 
                          Learning time: 0.168s 
                        Mean value loss: 2.9045
                    Mean surrogate loss: 0.9054
             Mean online_retention loss: 0.0000
          Mean rehearsal_retention loss: 0.1096
                            Mean reward: -14.47
                    Mean episode length: 1395.03
                        Mean action std: 0.00
--------------------------------------------------------------------------------
                         Iteration time: 1.35s
                           Time elapsed: 0:08:23
                                    ETA: 0:02:42

################################################################################
[1m                           Learning iteration 378/500                           [0m 

                               Run name: standing-retention-native-20260908-v48
                            Total steps: 436608 
                       Steps per second: 843 
                        Collection time: 1.199s 
                          Learning time: 0.167s 
                        Mean value loss: 4.3640
                    Mean surrogate loss: 0.4623
             Mean online_retention loss: 0.0000
          Mean rehearsal_retention loss: 0.1417
                            Mean reward: -14.47
                    Mean episode length: 1395.03
                        Mean action std: 0.00
--------------------------------------------------------------------------------
                         Iteration time: 1.37s
                           Time elapsed: 0:08:25
                                    ETA: 0:02:41

################################################################################
[1m                           Learning iteration 379/500                           [0m 

                               Run name: standing-retention-native-20260908-v48
                            Total steps: 437760 
                       Steps per second: 839 
                        Collection time: 1.202s 
                          Learning time: 0.171s 
                        Mean value loss: 2.9785
                    Mean surrogate loss: 1.1730
             Mean online_retention loss: 0.0000
          Mean rehearsal_retention loss: 0.1102
                            Mean reward: -14.47
                    Mean episode length: 1395.03
                        Mean action std: 0.00
--------------------------------------------------------------------------------
                         Iteration time: 1.37s
                           Time elapsed: 0:08:26
                                    ETA: 0:02:40

################################################################################
[1m                           Learning iteration 380/500                           [0m 

                               Run name: standing-retention-native-20260908-v48
                            Total steps: 438912 
                       Steps per second: 848 
                        Collection time: 1.189s 
                          Learning time: 0.167s 
                        Mean value loss: 0.9663
                    Mean surrogate loss: 0.4126
             Mean online_retention loss: 0.0000
          Mean rehearsal_retention loss: 0.1147
                            Mean reward: -14.47
                    Mean episode length: 1395.03
                        Mean action std: 0.00
--------------------------------------------------------------------------------
                         Iteration time: 1.36s
                           Time elapsed: 0:08:28
                                    ETA: 0:02:38

################################################################################
[1m                           Learning iteration 381/500                           [0m 

                               Run name: standing-retention-native-20260908-v48
                            Total steps: 440064 
                       Steps per second: 854 
                        Collection time: 1.183s 
                          Learning time: 0.166s 
                        Mean value loss: 0.9410
                    Mean surrogate loss: -1.2115
             Mean online_retention loss: 0.0000
          Mean rehearsal_retention loss: 0.1459
                            Mean reward: -14.47
                    Mean episode length: 1395.03
                        Mean action std: 0.00
--------------------------------------------------------------------------------
                         Iteration time: 1.35s
                           Time elapsed: 0:08:29
                                    ETA: 0:02:37

################################################################################
[1m                           Learning iteration 382/500                           [0m 

                               Run name: standing-retention-native-20260908-v48
                            Total steps: 441216 
                       Steps per second: 859 
                        Collection time: 1.184s 
                          Learning time: 0.157s 
                        Mean value loss: 2.3287
                    Mean surrogate loss: 0.8671
             Mean online_retention loss: 0.0000
          Mean rehearsal_retention loss: 0.2047
                            Mean reward: -14.47
                    Mean episode length: 1395.03
                        Mean action std: 0.00
--------------------------------------------------------------------------------
                         Iteration time: 1.34s
                           Time elapsed: 0:08:30
                                    ETA: 0:02:36

################################################################################
[1m                           Learning iteration 383/500                           [0m 

                               Run name: standing-retention-native-20260908-v48
                            Total steps: 442368 
                       Steps per second: 858 
                        Collection time: 1.166s 
                          Learning time: 0.175s 
                        Mean value loss: 0.7609
                    Mean surrogate loss: 0.0830
             Mean online_retention loss: 0.0000
          Mean rehearsal_retention loss: 0.1177
                            Mean reward: -14.47
                    Mean episode length: 1395.03
                        Mean action std: 0.00
--------------------------------------------------------------------------------
                         Iteration time: 1.34s
                           Time elapsed: 0:08:32
                                    ETA: 0:02:34

################################################################################
[1m                           Learning iteration 384/500                           [0m 

                               Run name: standing-retention-native-20260908-v48
                            Total steps: 443520 
                       Steps per second: 865 
                        Collection time: 1.166s 
                          Learning time: 0.166s 
                        Mean value loss: 1.3255
                    Mean surrogate loss: 1.3217
             Mean online_retention loss: 0.0000
          Mean rehearsal_retention loss: 0.0954
                            Mean reward: -14.47
                    Mean episode length: 1395.03
                        Mean action std: 0.00
--------------------------------------------------------------------------------
                         Iteration time: 1.33s
                           Time elapsed: 0:08:33
                                    ETA: 0:02:33

################################################################################
[1m                           Learning iteration 385/500                           [0m 

                               Run name: standing-retention-native-20260908-v48
                            Total steps: 444672 
                       Steps per second: 864 
                        Collection time: 1.164s 
                          Learning time: 0.168s 
                        Mean value loss: 65.4505
                    Mean surrogate loss: 0.2531
             Mean online_retention loss: 0.5528
          Mean rehearsal_retention loss: 0.0959
                            Mean reward: -14.47
                    Mean episode length: 1395.03
                        Mean action std: 0.01
--------------------------------------------------------------------------------
                         Iteration time: 1.33s
                           Time elapsed: 0:08:34
                                    ETA: 0:02:32

################################################################################
[1m                           Learning iteration 386/500                           [0m 

                               Run name: standing-retention-native-20260908-v48
                            Total steps: 445824 
                       Steps per second: 870 
                        Collection time: 1.168s 
                          Learning time: 0.156s 
                        Mean value loss: 51.2208
                    Mean surrogate loss: -0.0590
             Mean online_retention loss: 0.1293
          Mean rehearsal_retention loss: 0.0725
                            Mean reward: -17.00
                    Mean episode length: 1384.10
                        Mean action std: 0.04
--------------------------------------------------------------------------------
                         Iteration time: 1.32s
                           Time elapsed: 0:08:36
                                    ETA: 0:02:30

################################################################################
[1m                           Learning iteration 387/500                           [0m 

                               Run name: standing-retention-native-20260908-v48
                            Total steps: 446976 
                       Steps per second: 859 
                        Collection time: 1.168s 
                          Learning time: 0.172s 
                        Mean value loss: 131.4416
                    Mean surrogate loss: 0.0703
             Mean online_retention loss: 0.0642
          Mean rehearsal_retention loss: 0.0582
                            Mean reward: -17.00
                    Mean episode length: 1384.10
                        Mean action std: 0.04
--------------------------------------------------------------------------------
                         Iteration time: 1.34s
                           Time elapsed: 0:08:37
                                    ETA: 0:02:29

################################################################################
[1m                           Learning iteration 388/500                           [0m 

                               Run name: standing-retention-native-20260908-v48
                            Total steps: 448128 
                       Steps per second: 851 
                        Collection time: 1.196s 
                          Learning time: 0.158s 
                        Mean value loss: 102.7370
                    Mean surrogate loss: 0.0035
             Mean online_retention loss: 0.0472
          Mean rehearsal_retention loss: 0.0494
                            Mean reward: -19.17
                    Mean episode length: 1384.26
                        Mean action std: 0.04
--------------------------------------------------------------------------------
                         Iteration time: 1.35s
                           Time elapsed: 0:08:38
                                    ETA: 0:02:28

################################################################################
[1m                           Learning iteration 389/500                           [0m 

                               Run name: standing-retention-native-20260908-v48
                            Total steps: 449280 
                       Steps per second: 857 
                        Collection time: 1.184s 
                          Learning time: 0.158s 
                        Mean value loss: 1.1182
                    Mean surrogate loss: -0.0468
             Mean online_retention loss: 0.0309
          Mean rehearsal_retention loss: 0.0428
                            Mean reward: -19.17
                    Mean episode length: 1384.26
                        Mean action std: 0.04
--------------------------------------------------------------------------------
                         Iteration time: 1.34s
                           Time elapsed: 0:08:40
                                    ETA: 0:02:26

################################################################################
[1m                           Learning iteration 390/500                           [0m 

                               Run name: standing-retention-native-20260908-v48
                            Total steps: 450432 
                       Steps per second: 842 
                        Collection time: 1.201s 
                          Learning time: 0.166s 
                        Mean value loss: 4.7739
                    Mean surrogate loss: -0.0430
             Mean online_retention loss: 0.0204
          Mean rehearsal_retention loss: 0.0378
                            Mean reward: -19.17
                    Mean episode length: 1384.26
                        Mean action std: 0.04
--------------------------------------------------------------------------------
                         Iteration time: 1.37s
                           Time elapsed: 0:08:41
                                    ETA: 0:02:25

################################################################################
[1m                           Learning iteration 391/500                           [0m 

                               Run name: standing-retention-native-20260908-v48
                            Total steps: 451584 
                       Steps per second: 876 
                        Collection time: 1.166s 
                          Learning time: 0.149s 
                        Mean value loss: 1.5539
                    Mean surrogate loss: -0.0255
             Mean online_retention loss: 0.0209
          Mean rehearsal_retention loss: 0.0432
                            Mean reward: -19.17
                    Mean episode length: 1384.26
                        Mean action std: 0.04
--------------------------------------------------------------------------------
                         Iteration time: 1.31s
                           Time elapsed: 0:08:42
                                    ETA: 0:02:24

################################################################################
[1m                           Learning iteration 392/500                           [0m 

                               Run name: standing-retention-native-20260908-v48
                            Total steps: 452736 
                       Steps per second: 858 
                        Collection time: 1.183s 
                          Learning time: 0.159s 
                        Mean value loss: 4.2908
                    Mean surrogate loss: -0.0682
             Mean online_retention loss: 0.0157
          Mean rehearsal_retention loss: 0.0420
                            Mean reward: -19.17
                    Mean episode length: 1384.26
                        Mean action std: 0.04
--------------------------------------------------------------------------------
                         Iteration time: 1.34s
                           Time elapsed: 0:08:44
                                    ETA: 0:02:22

################################################################################
[1m                           Learning iteration 393/500                           [0m 

                               Run name: standing-retention-native-20260908-v48
                            Total steps: 453888 
                       Steps per second: 848 
                        Collection time: 1.190s 
                          Learning time: 0.167s 
                        Mean value loss: 0.2130
                    Mean surrogate loss: -0.0112
             Mean online_retention loss: 0.0190
          Mean rehearsal_retention loss: 0.0448
                            Mean reward: -19.17
                    Mean episode length: 1384.26
                        Mean action std: 0.04
--------------------------------------------------------------------------------
                         Iteration time: 1.36s
                           Time elapsed: 0:08:45
                                    ETA: 0:02:21

################################################################################
[1m                           Learning iteration 394/500                           [0m 

                               Run name: standing-retention-native-20260908-v48
                            Total steps: 455040 
                       Steps per second: 840 
                        Collection time: 1.199s 
                          Learning time: 0.171s 
                        Mean value loss: 0.1946
                    Mean surrogate loss: -0.0190
             Mean online_retention loss: 0.0197
          Mean rehearsal_retention loss: 0.0439
                            Mean reward: -19.17
                    Mean episode length: 1384.26
                        Mean action std: 0.04
--------------------------------------------------------------------------------
                         Iteration time: 1.37s
                           Time elapsed: 0:08:46
                                    ETA: 0:02:20

################################################################################
[1m                           Learning iteration 395/500                           [0m 

                               Run name: standing-retention-native-20260908-v48
                            Total steps: 456192 
                       Steps per second: 880 
                        Collection time: 1.144s 
                          Learning time: 0.164s 
                        Mean value loss: 0.9963
                    Mean surrogate loss: -0.1449
             Mean online_retention loss: 0.0419
          Mean rehearsal_retention loss: 0.0406
                            Mean reward: 50.43
                    Mean episode length: 1869.36
                        Mean action std: 0.03
--------------------------------------------------------------------------------
                         Iteration time: 1.31s
                           Time elapsed: 0:08:48
                                    ETA: 0:02:18

################################################################################
[1m                           Learning iteration 396/500                           [0m 

                               Run name: standing-retention-native-20260908-v48
                            Total steps: 457344 
                       Steps per second: 879 
                        Collection time: 1.139s 
                          Learning time: 0.171s 
                        Mean value loss: 177.9319
                    Mean surrogate loss: 0.0052
             Mean online_retention loss: 0.1537
          Mean rehearsal_retention loss: 0.0336
                            Mean reward: 50.43
                    Mean episode length: 1869.36
                        Mean action std: 0.04
--------------------------------------------------------------------------------
                         Iteration time: 1.31s
                           Time elapsed: 0:08:49
                                    ETA: 0:02:17

################################################################################
[1m                           Learning iteration 397/500                           [0m 

                               Run name: standing-retention-native-20260908-v48
                            Total steps: 458496 
                       Steps per second: 849 
                        Collection time: 1.190s 
                          Learning time: 0.166s 
                        Mean value loss: 14.6096
                    Mean surrogate loss: 0.0514
             Mean online_retention loss: 0.0187
          Mean rehearsal_retention loss: 0.0275
                            Mean reward: 48.29
                    Mean episode length: 1855.75
                        Mean action std: 0.04
--------------------------------------------------------------------------------
                         Iteration time: 1.36s
                           Time elapsed: 0:08:50
                                    ETA: 0:02:16

################################################################################
[1m                           Learning iteration 398/500                           [0m 

                               Run name: standing-retention-native-20260908-v48
                            Total steps: 459648 
                       Steps per second: 865 
                        Collection time: 1.167s 
                          Learning time: 0.164s 
                        Mean value loss: 150.2058
                    Mean surrogate loss: 0.0780
             Mean online_retention loss: 0.0101
          Mean rehearsal_retention loss: 0.0280
                            Mean reward: 48.29
                    Mean episode length: 1855.75
                        Mean action std: 0.02
--------------------------------------------------------------------------------
                         Iteration time: 1.33s
                           Time elapsed: 0:08:52
                                    ETA: 0:02:14

################################################################################
[1m                           Learning iteration 399/500                           [0m 

                               Run name: standing-retention-native-20260908-v48
                            Total steps: 460800 
                       Steps per second: 839 
                        Collection time: 1.205s 
                          Learning time: 0.167s 
                        Mean value loss: 5.1042
                    Mean surrogate loss: 0.0650
             Mean online_retention loss: 0.0128
          Mean rehearsal_retention loss: 0.0275
                            Mean reward: 45.80
                    Mean episode length: 1835.71
                        Mean action std: 0.02
--------------------------------------------------------------------------------
                         Iteration time: 1.37s
                           Time elapsed: 0:08:53
                                    ETA: 0:02:13

################################################################################
[1m                           Learning iteration 400/500                           [0m 

                               Run name: standing-retention-native-20260908-v48
                            Total steps: 461952 
                       Steps per second: 847 
                        Collection time: 1.194s 
                          Learning time: 0.165s 
                        Mean value loss: 3.9673
                    Mean surrogate loss: 0.0293
             Mean online_retention loss: 0.0145
          Mean rehearsal_retention loss: 0.0332
                            Mean reward: 45.80
                    Mean episode length: 1835.71
                        Mean action std: 0.02
--------------------------------------------------------------------------------
                         Iteration time: 1.36s
                           Time elapsed: 0:08:54
                                    ETA: 0:02:12

################################################################################
[1m                           Learning iteration 401/500                           [0m 

                               Run name: standing-retention-native-20260908-v48
                            Total steps: 463104 
                       Steps per second: 841 
                        Collection time: 1.200s 
                          Learning time: 0.168s 
                        Mean value loss: 12.1613
                    Mean surrogate loss: 0.2179
             Mean online_retention loss: 0.0166
          Mean rehearsal_retention loss: 0.0369
                            Mean reward: 45.80
                    Mean episode length: 1835.71
                        Mean action std: 0.02
--------------------------------------------------------------------------------
                         Iteration time: 1.37s
                           Time elapsed: 0:08:56
                                    ETA: 0:02:10

################################################################################
[1m                           Learning iteration 402/500                           [0m 

                               Run name: standing-retention-native-20260908-v48
                            Total steps: 464256 
                       Steps per second: 843 
                        Collection time: 1.199s 
                          Learning time: 0.167s 
                        Mean value loss: 166.0023
                    Mean surrogate loss: 0.1640
             Mean online_retention loss: 0.0125
          Mean rehearsal_retention loss: 0.0326
                            Mean reward: 42.93
                    Mean episode length: 1840.22
                        Mean action std: 0.02
--------------------------------------------------------------------------------
                         Iteration time: 1.37s
                           Time elapsed: 0:08:57
                                    ETA: 0:02:09

################################################################################
[1m                           Learning iteration 403/500                           [0m 

                               Run name: standing-retention-native-20260908-v48
                            Total steps: 465408 
                       Steps per second: 845 
                        Collection time: 1.199s 
                          Learning time: 0.163s 
                        Mean value loss: 247.3547
                    Mean surrogate loss: 0.1005
             Mean online_retention loss: 0.0112
          Mean rehearsal_retention loss: 0.0308
                            Mean reward: 38.99
                    Mean episode length: 1820.11
                        Mean action std: 0.02
--------------------------------------------------------------------------------
                         Iteration time: 1.36s
                           Time elapsed: 0:08:58
                                    ETA: 0:02:08

################################################################################
[1m                           Learning iteration 404/500                           [0m 

                               Run name: standing-retention-native-20260908-v48
                            Total steps: 466560 
                       Steps per second: 847 
                        Collection time: 1.202s 
                          Learning time: 0.158s 
                        Mean value loss: 4.2699
                    Mean surrogate loss: 0.1224
             Mean online_retention loss: 0.0168
          Mean rehearsal_retention loss: 0.0397
                            Mean reward: 38.99
                    Mean episode length: 1820.11
                        Mean action std: 0.02
--------------------------------------------------------------------------------
                         Iteration time: 1.36s
                           Time elapsed: 0:09:00
                                    ETA: 0:02:06

################################################################################
[1m                           Learning iteration 405/500                           [0m 

                               Run name: standing-retention-native-20260908-v48
                            Total steps: 467712 
                       Steps per second: 850 
                        Collection time: 1.191s 
                          Learning time: 0.164s 
                        Mean value loss: 2.8253
                    Mean surrogate loss: -0.0073
             Mean online_retention loss: 0.0184
          Mean rehearsal_retention loss: 0.0412
                            Mean reward: 38.99
                    Mean episode length: 1820.11
                        Mean action std: 0.02
--------------------------------------------------------------------------------
                         Iteration time: 1.35s
                           Time elapsed: 0:09:01
                                    ETA: 0:02:05

################################################################################
[1m                           Learning iteration 406/500                           [0m 

                               Run name: standing-retention-native-20260908-v48
                            Total steps: 468864 
                       Steps per second: 842 
                        Collection time: 1.201s 
                          Learning time: 0.166s 
                        Mean value loss: 0.4366
                    Mean surrogate loss: -0.0199
             Mean online_retention loss: 0.0200
          Mean rehearsal_retention loss: 0.0432
                            Mean reward: 38.99
                    Mean episode length: 1820.11
                        Mean action std: 0.02
--------------------------------------------------------------------------------
                         Iteration time: 1.37s
                           Time elapsed: 0:09:03
                                    ETA: 0:02:04

################################################################################
[1m                           Learning iteration 407/500                           [0m 

                               Run name: standing-retention-native-20260908-v48
                            Total steps: 470016 
                       Steps per second: 843 
                        Collection time: 1.200s 
                          Learning time: 0.167s 
                        Mean value loss: 1.3425
                    Mean surrogate loss: -0.0014
             Mean online_retention loss: 0.0194
          Mean rehearsal_retention loss: 0.0420
                            Mean reward: 38.99
                    Mean episode length: 1820.11
                        Mean action std: 0.02
--------------------------------------------------------------------------------
                         Iteration time: 1.37s
                           Time elapsed: 0:09:04
                                    ETA: 0:02:02

################################################################################
[1m                           Learning iteration 408/500                           [0m 

                               Run name: standing-retention-native-20260908-v48
                            Total steps: 471168 
                       Steps per second: 845 
                        Collection time: 1.198s 
                          Learning time: 0.165s 
                        Mean value loss: 62.0841
                    Mean surrogate loss: 1.0562
             Mean online_retention loss: 0.0220
          Mean rehearsal_retention loss: 0.0439
                            Mean reward: 38.99
                    Mean episode length: 1820.11
                        Mean action std: 0.01
--------------------------------------------------------------------------------
                         Iteration time: 1.36s
                           Time elapsed: 0:09:05
                                    ETA: 0:02:01

################################################################################
[1m                           Learning iteration 409/500                           [0m 

                               Run name: standing-retention-native-20260908-v48
                            Total steps: 472320 
                       Steps per second: 848 
                        Collection time: 1.187s 
                          Learning time: 0.171s 
                        Mean value loss: 91.1561
                    Mean surrogate loss: 1.0887
             Mean online_retention loss: 0.0000
          Mean rehearsal_retention loss: 0.0600
                            Mean reward: 36.80
                    Mean episode length: 1815.77
                        Mean action std: 0.00
--------------------------------------------------------------------------------
                         Iteration time: 1.36s
                           Time elapsed: 0:09:07
                                    ETA: 0:02:00

################################################################################
[1m                           Learning iteration 410/500                           [0m 

                               Run name: standing-retention-native-20260908-v48
                            Total steps: 473472 
                       Steps per second: 847 
                        Collection time: 1.190s 
                          Learning time: 0.169s 
                        Mean value loss: 5.0460
                    Mean surrogate loss: 1.0722
             Mean online_retention loss: 0.0000
          Mean rehearsal_retention loss: 0.0644
                            Mean reward: 36.80
                    Mean episode length: 1815.77
                        Mean action std: 0.00
--------------------------------------------------------------------------------
                         Iteration time: 1.36s
                           Time elapsed: 0:09:08
                                    ETA: 0:01:58

################################################################################
[1m                           Learning iteration 411/500                           [0m 

                               Run name: standing-retention-native-20260908-v48
                            Total steps: 474624 
                       Steps per second: 844 
                        Collection time: 1.198s 
                          Learning time: 0.167s 
                        Mean value loss: 60.3942
                    Mean surrogate loss: 0.9366
             Mean online_retention loss: 0.0000
          Mean rehearsal_retention loss: 0.0700
                            Mean reward: 34.23
                    Mean episode length: 1795.73
                        Mean action std: 0.00
--------------------------------------------------------------------------------
                         Iteration time: 1.36s
                           Time elapsed: 0:09:09
                                    ETA: 0:01:57

################################################################################
[1m                           Learning iteration 412/500                           [0m 

                               Run name: standing-retention-native-20260908-v48
                            Total steps: 475776 
                       Steps per second: 844 
                        Collection time: 1.195s 
                          Learning time: 0.170s 
                        Mean value loss: 0.5983
                    Mean surrogate loss: -0.0972
             Mean online_retention loss: 0.0000
          Mean rehearsal_retention loss: 0.0652
                            Mean reward: 34.23
                    Mean episode length: 1795.73
                        Mean action std: 0.00
--------------------------------------------------------------------------------
                         Iteration time: 1.36s
                           Time elapsed: 0:09:11
                                    ETA: 0:01:56

################################################################################
[1m                           Learning iteration 413/500                           [0m 

                               Run name: standing-retention-native-20260908-v48
                            Total steps: 476928 
                       Steps per second: 848 
                        Collection time: 1.188s 
                          Learning time: 0.170s 
                        Mean value loss: 1.1229
                    Mean surrogate loss: 0.9974
             Mean online_retention loss: 0.0000
          Mean rehearsal_retention loss: 0.0908
                            Mean reward: 34.23
                    Mean episode length: 1795.73
                        Mean action std: 0.00
--------------------------------------------------------------------------------
                         Iteration time: 1.36s
                           Time elapsed: 0:09:12
                                    ETA: 0:01:54

################################################################################
[1m                           Learning iteration 414/500                           [0m 

                               Run name: standing-retention-native-20260908-v48
                            Total steps: 478080 
                       Steps per second: 858 
                        Collection time: 1.192s 
                          Learning time: 0.151s 
                        Mean value loss: 0.6416
                    Mean surrogate loss: -0.2022
             Mean online_retention loss: 0.0000
          Mean rehearsal_retention loss: 0.0895
                            Mean reward: 33.82
                    Mean episode length: 1795.73
                        Mean action std: 0.00
--------------------------------------------------------------------------------
                         Iteration time: 1.34s
                           Time elapsed: 0:09:13
                                    ETA: 0:01:53

################################################################################
[1m                           Learning iteration 415/500                           [0m 

                               Run name: standing-retention-native-20260908-v48
                            Total steps: 479232 
                       Steps per second: 888 
                        Collection time: 1.147s 
                          Learning time: 0.149s 
                        Mean value loss: 2.4355
                    Mean surrogate loss: 0.1194
             Mean online_retention loss: 0.0000
          Mean rehearsal_retention loss: 0.1024
                            Mean reward: 33.82
                    Mean episode length: 1795.73
                        Mean action std: 0.00
--------------------------------------------------------------------------------
                         Iteration time: 1.30s
                           Time elapsed: 0:09:15
                                    ETA: 0:01:52

################################################################################
[1m                           Learning iteration 416/500                           [0m 

                               Run name: standing-retention-native-20260908-v48
                            Total steps: 480384 
                       Steps per second: 863 
                        Collection time: 1.166s 
                          Learning time: 0.168s 
                        Mean value loss: 27.7089
                    Mean surrogate loss: 2.2530
             Mean online_retention loss: 0.0000
          Mean rehearsal_retention loss: 0.1103
                            Mean reward: 33.82
                    Mean episode length: 1795.73
                        Mean action std: 0.00
--------------------------------------------------------------------------------
                         Iteration time: 1.33s
                           Time elapsed: 0:09:16
                                    ETA: 0:01:50

################################################################################
[1m                           Learning iteration 417/500                           [0m 

                               Run name: standing-retention-native-20260908-v48
                            Total steps: 481536 
                       Steps per second: 843 
                        Collection time: 1.197s 
                          Learning time: 0.168s 
                        Mean value loss: 48.9556
                    Mean surrogate loss: 1.3333
             Mean online_retention loss: 0.0000
          Mean rehearsal_retention loss: 0.1137
                            Mean reward: 31.38
                    Mean episode length: 1782.24
                        Mean action std: 0.00
--------------------------------------------------------------------------------
                         Iteration time: 1.37s
                           Time elapsed: 0:09:17
                                    ETA: 0:01:49

################################################################################
[1m                           Learning iteration 418/500                           [0m 

                               Run name: standing-retention-native-20260908-v48
                            Total steps: 482688 
                       Steps per second: 843 
                        Collection time: 1.193s 
                          Learning time: 0.172s 
                        Mean value loss: 10.3289
                    Mean surrogate loss: 1.6134
             Mean online_retention loss: 0.0000
          Mean rehearsal_retention loss: 0.0684
                            Mean reward: 31.38
                    Mean episode length: 1782.24
                        Mean action std: 0.00
--------------------------------------------------------------------------------
                         Iteration time: 1.37s
                           Time elapsed: 0:09:19
                                    ETA: 0:01:48

################################################################################
[1m                           Learning iteration 419/500                           [0m 

                               Run name: standing-retention-native-20260908-v48
                            Total steps: 483840 
                       Steps per second: 850 
                        Collection time: 1.185s 
                          Learning time: 0.170s 
                        Mean value loss: 133.3959
                    Mean surrogate loss: 1.4862
             Mean online_retention loss: 0.0000
          Mean rehearsal_retention loss: 0.0673
                            Mean reward: 28.30
                    Mean episode length: 1762.24
                        Mean action std: 0.00
--------------------------------------------------------------------------------
                         Iteration time: 1.35s
                           Time elapsed: 0:09:20
                                    ETA: 0:01:46

################################################################################
[1m                           Learning iteration 420/500                           [0m 

                               Run name: standing-retention-native-20260908-v48
                            Total steps: 484992 
                       Steps per second: 857 
                        Collection time: 1.177s 
                          Learning time: 0.167s 
                        Mean value loss: 0.5281
                    Mean surrogate loss: -0.3369
             Mean online_retention loss: 0.0000
          Mean rehearsal_retention loss: 0.0496
                            Mean reward: 28.30
                    Mean episode length: 1762.24
                        Mean action std: 0.00
--------------------------------------------------------------------------------
                         Iteration time: 1.34s
                           Time elapsed: 0:09:22
                                    ETA: 0:01:45

################################################################################
[1m                           Learning iteration 421/500                           [0m 

                               Run name: standing-retention-native-20260908-v48
                            Total steps: 486144 
                       Steps per second: 843 
                        Collection time: 1.198s 
                          Learning time: 0.167s 
                        Mean value loss: 1.7762
                    Mean surrogate loss: 1.6297
             Mean online_retention loss: 0.0000
          Mean rehearsal_retention loss: 0.1158
                            Mean reward: 28.30
                    Mean episode length: 1762.24
                        Mean action std: 0.00
--------------------------------------------------------------------------------
                         Iteration time: 1.36s
                           Time elapsed: 0:09:23
                                    ETA: 0:01:44

################################################################################
[1m                           Learning iteration 422/500                           [0m 

                               Run name: standing-retention-native-20260908-v48
                            Total steps: 487296 
                       Steps per second: 843 
                        Collection time: 1.198s 
                          Learning time: 0.167s 
                        Mean value loss: 0.4228
                    Mean surrogate loss: -0.0068
             Mean online_retention loss: 0.0000
          Mean rehearsal_retention loss: 0.2101
                            Mean reward: 28.30
                    Mean episode length: 1762.24
                        Mean action std: 0.00
--------------------------------------------------------------------------------
                         Iteration time: 1.37s
                           Time elapsed: 0:09:24
                                    ETA: 0:01:42

################################################################################
[1m                           Learning iteration 423/500                           [0m 

                               Run name: standing-retention-native-20260908-v48
                            Total steps: 488448 
                       Steps per second: 843 
                        Collection time: 1.200s 
                          Learning time: 0.166s 
                        Mean value loss: 21.0390
                    Mean surrogate loss: -0.5374
             Mean online_retention loss: 0.3430
          Mean rehearsal_retention loss: 0.1473
                            Mean reward: 28.30
                    Mean episode length: 1762.24
                        Mean action std: 0.01
--------------------------------------------------------------------------------
                         Iteration time: 1.37s
                           Time elapsed: 0:09:26
                                    ETA: 0:01:41

################################################################################
[1m                           Learning iteration 424/500                           [0m 

                               Run name: standing-retention-native-20260908-v48
                            Total steps: 489600 
                       Steps per second: 846 
                        Collection time: 1.199s 
                          Learning time: 0.162s 
                        Mean value loss: 1.4373
                    Mean surrogate loss: -0.1722
             Mean online_retention loss: 0.1152
          Mean rehearsal_retention loss: 0.0860
                            Mean reward: 28.30
                    Mean episode length: 1762.24
                        Mean action std: 0.02
--------------------------------------------------------------------------------
                         Iteration time: 1.36s
                           Time elapsed: 0:09:27
                                    ETA: 0:01:40

################################################################################
[1m                           Learning iteration 425/500                           [0m 

                               Run name: standing-retention-native-20260908-v48
                            Total steps: 490752 
                       Steps per second: 852 
                        Collection time: 1.188s 
                          Learning time: 0.164s 
                        Mean value loss: 2.3885
                    Mean surrogate loss: -0.1292
             Mean online_retention loss: 0.0671
          Mean rehearsal_retention loss: 0.0596
                            Mean reward: 28.30
                    Mean episode length: 1762.24
                        Mean action std: 0.02
--------------------------------------------------------------------------------
                         Iteration time: 1.35s
                           Time elapsed: 0:09:28
                                    ETA: 0:01:38

################################################################################
[1m                           Learning iteration 426/500                           [0m 

                               Run name: standing-retention-native-20260908-v48
                            Total steps: 491904 
                       Steps per second: 878 
                        Collection time: 1.151s 
                          Learning time: 0.160s 
                        Mean value loss: 1.3594
                    Mean surrogate loss: -0.1310
             Mean online_retention loss: 0.0302
          Mean rehearsal_retention loss: 0.0414
                            Mean reward: 28.30
                    Mean episode length: 1762.24
                        Mean action std: 0.02
--------------------------------------------------------------------------------
                         Iteration time: 1.31s
                           Time elapsed: 0:09:30
                                    ETA: 0:01:37

################################################################################
[1m                           Learning iteration 427/500                           [0m 

                               Run name: standing-retention-native-20260908-v48
                            Total steps: 493056 
                       Steps per second: 831 
                        Collection time: 1.212s 
                          Learning time: 0.174s 
                        Mean value loss: 115.8899
                    Mean surrogate loss: 0.1311
             Mean online_retention loss: 0.0228
          Mean rehearsal_retention loss: 0.0360
                            Mean reward: 28.30
                    Mean episode length: 1762.24
                        Mean action std: 0.02
--------------------------------------------------------------------------------
                         Iteration time: 1.39s
                           Time elapsed: 0:09:31
                                    ETA: 0:01:36

################################################################################
[1m                           Learning iteration 428/500                           [0m 

                               Run name: standing-retention-native-20260908-v48
                            Total steps: 494208 
                       Steps per second: 844 
                        Collection time: 1.200s 
                          Learning time: 0.164s 
                        Mean value loss: 4.9015
                    Mean surrogate loss: -0.0269
             Mean online_retention loss: 0.0172
          Mean rehearsal_retention loss: 0.0327
                            Mean reward: 26.05
                    Mean episode length: 1748.72
                        Mean action std: 0.02
--------------------------------------------------------------------------------
                         Iteration time: 1.36s
                           Time elapsed: 0:09:32
                                    ETA: 0:01:34

################################################################################
[1m                           Learning iteration 429/500                           [0m 

                               Run name: standing-retention-native-20260908-v48
                            Total steps: 495360 
                       Steps per second: 838 
                        Collection time: 1.208s 
                          Learning time: 0.166s 
                        Mean value loss: 153.3800
                    Mean surrogate loss: 0.1495
             Mean online_retention loss: 0.0123
          Mean rehearsal_retention loss: 0.0316
                            Mean reward: 26.05
                    Mean episode length: 1748.72
                        Mean action std: 0.02
--------------------------------------------------------------------------------
                         Iteration time: 1.37s
                           Time elapsed: 0:09:34
                                    ETA: 0:01:33

################################################################################
[1m                           Learning iteration 430/500                           [0m 

                               Run name: standing-retention-native-20260908-v48
                            Total steps: 496512 
                       Steps per second: 851 
                        Collection time: 1.192s 
                          Learning time: 0.161s 
                        Mean value loss: 52.8451
                    Mean surrogate loss: 0.1207
             Mean online_retention loss: 0.0122
          Mean rehearsal_retention loss: 0.0314
                            Mean reward: 23.30
                    Mean episode length: 1728.69
                        Mean action std: 0.02
--------------------------------------------------------------------------------
                         Iteration time: 1.35s
                           Time elapsed: 0:09:35
                                    ETA: 0:01:32

################################################################################
[1m                           Learning iteration 431/500                           [0m 

                               Run name: standing-retention-native-20260908-v48
                            Total steps: 497664 
                       Steps per second: 842 
                        Collection time: 1.202s 
                          Learning time: 0.164s 
                        Mean value loss: 38.2442
                    Mean surrogate loss: 0.0187
             Mean online_retention loss: 0.0087
          Mean rehearsal_retention loss: 0.0303
                            Mean reward: 22.67
                    Mean episode length: 1728.58
                        Mean action std: 0.02
--------------------------------------------------------------------------------
                         Iteration time: 1.37s
                           Time elapsed: 0:09:36
                                    ETA: 0:01:30

################################################################################
[1m                           Learning iteration 432/500                           [0m 

                               Run name: standing-retention-native-20260908-v48
                            Total steps: 498816 
                       Steps per second: 851 
                        Collection time: 1.184s 
                          Learning time: 0.168s 
                        Mean value loss: 3.4904
                    Mean surrogate loss: -0.0723
             Mean online_retention loss: 0.0108
          Mean rehearsal_retention loss: 0.0332
                            Mean reward: 22.67
                    Mean episode length: 1728.58
                        Mean action std: 0.02
--------------------------------------------------------------------------------
                         Iteration time: 1.35s
                           Time elapsed: 0:09:38
                                    ETA: 0:01:29

################################################################################
[1m                           Learning iteration 433/500                           [0m 

                               Run name: standing-retention-native-20260908-v48
                            Total steps: 499968 
                       Steps per second: 845 
                        Collection time: 1.198s 
                          Learning time: 0.164s 
                        Mean value loss: 8.3322
                    Mean surrogate loss: 0.1345
             Mean online_retention loss: 0.0838
          Mean rehearsal_retention loss: 0.0316
                            Mean reward: 22.67
                    Mean episode length: 1728.58
                        Mean action std: 0.03
--------------------------------------------------------------------------------
                         Iteration time: 1.36s
                           Time elapsed: 0:09:39
                                    ETA: 0:01:28

################################################################################
[1m                           Learning iteration 434/500                           [0m 

                               Run name: standing-retention-native-20260908-v48
                            Total steps: 501120 
                       Steps per second: 841 
                        Collection time: 1.201s 
                          Learning time: 0.168s 
                        Mean value loss: 3.7782
                    Mean surrogate loss: -0.0855
             Mean online_retention loss: 0.0273
          Mean rehearsal_retention loss: 0.0292
                            Mean reward: 22.67
                    Mean episode length: 1728.58
                        Mean action std: 0.04
--------------------------------------------------------------------------------
                         Iteration time: 1.37s
                           Time elapsed: 0:09:41
                                    ETA: 0:01:26

################################################################################
[1m                           Learning iteration 435/500                           [0m 

                               Run name: standing-retention-native-20260908-v48
                            Total steps: 502272 
                       Steps per second: 843 
                        Collection time: 1.198s 
                          Learning time: 0.167s 
                        Mean value loss: 56.3892
                    Mean surrogate loss: 0.0499
             Mean online_retention loss: 0.0240
          Mean rehearsal_retention loss: 0.0288
                            Mean reward: 25.33
                    Mean episode length: 1742.15
                        Mean action std: 0.03
--------------------------------------------------------------------------------
                         Iteration time: 1.37s
                           Time elapsed: 0:09:42
                                    ETA: 0:01:25

################################################################################
[1m                           Learning iteration 436/500                           [0m 

                               Run name: standing-retention-native-20260908-v48
                            Total steps: 503424 
                       Steps per second: 845 
                        Collection time: 1.199s 
                          Learning time: 0.164s 
                        Mean value loss: 2.4032
                    Mean surrogate loss: -0.0126
             Mean online_retention loss: 0.0100
          Mean rehearsal_retention loss: 0.0299
                            Mean reward: 25.33
                    Mean episode length: 1742.15
                        Mean action std: 0.02
--------------------------------------------------------------------------------
                         Iteration time: 1.36s
                           Time elapsed: 0:09:43
                                    ETA: 0:01:24

################################################################################
[1m                           Learning iteration 437/500                           [0m 

                               Run name: standing-retention-native-20260908-v48
                            Total steps: 504576 
                       Steps per second: 843 
                        Collection time: 1.202s 
                          Learning time: 0.164s 
                        Mean value loss: 2.8511
                    Mean surrogate loss: 0.0648
             Mean online_retention loss: 0.0159
          Mean rehearsal_retention loss: 0.0335
                            Mean reward: 25.33
                    Mean episode length: 1742.15
                        Mean action std: 0.02
--------------------------------------------------------------------------------
                         Iteration time: 1.37s
                           Time elapsed: 0:09:45
                                    ETA: 0:01:22

################################################################################
[1m                           Learning iteration 438/500                           [0m 

                               Run name: standing-retention-native-20260908-v48
                            Total steps: 505728 
                       Steps per second: 843 
                        Collection time: 1.201s 
                          Learning time: 0.164s 
                        Mean value loss: 7.0499
                    Mean surrogate loss: -0.0169
             Mean online_retention loss: 0.0139
          Mean rehearsal_retention loss: 0.0305
                            Mean reward: 27.61
                    Mean episode length: 1762.20
                        Mean action std: 0.02
--------------------------------------------------------------------------------
                         Iteration time: 1.37s
                           Time elapsed: 0:09:46
                                    ETA: 0:01:21

################################################################################
[1m                           Learning iteration 439/500                           [0m 

                               Run name: standing-retention-native-20260908-v48
                            Total steps: 506880 
                       Steps per second: 837 
                        Collection time: 1.204s 
                          Learning time: 0.171s 
                        Mean value loss: 8.6480
                    Mean surrogate loss: 0.0811
             Mean online_retention loss: 0.0155
          Mean rehearsal_retention loss: 0.0319
                            Mean reward: 27.61
                    Mean episode length: 1762.20
                        Mean action std: 0.02
--------------------------------------------------------------------------------
                         Iteration time: 1.38s
                           Time elapsed: 0:09:47
                                    ETA: 0:01:20

################################################################################
[1m                           Learning iteration 440/500                           [0m 

                               Run name: standing-retention-native-20260908-v48
                            Total steps: 508032 
                       Steps per second: 848 
                        Collection time: 1.192s 
                          Learning time: 0.165s 
                        Mean value loss: 172.7926
                    Mean surrogate loss: 0.1425
             Mean online_retention loss: 0.0142
          Mean rehearsal_retention loss: 0.0331
                            Mean reward: 24.78
                    Mean episode length: 1742.18
                        Mean action std: 0.02
--------------------------------------------------------------------------------
                         Iteration time: 1.36s
                           Time elapsed: 0:09:49
                                    ETA: 0:01:18

################################################################################
[1m                           Learning iteration 441/500                           [0m 

                               Run name: standing-retention-native-20260908-v48
                            Total steps: 509184 
                       Steps per second: 848 
                        Collection time: 1.200s 
                          Learning time: 0.157s 
                        Mean value loss: 47.8984
                    Mean surrogate loss: 0.1066
             Mean online_retention loss: 0.0103
          Mean rehearsal_retention loss: 0.0322
                            Mean reward: 24.78
                    Mean episode length: 1742.18
                        Mean action std: 0.02
--------------------------------------------------------------------------------
                         Iteration time: 1.36s
                           Time elapsed: 0:09:50
                                    ETA: 0:01:17

################################################################################
[1m                           Learning iteration 442/500                           [0m 

                               Run name: standing-retention-native-20260908-v48
                            Total steps: 510336 
                       Steps per second: 854 
                        Collection time: 1.191s 
                          Learning time: 0.158s 
                        Mean value loss: 148.4688
                    Mean surrogate loss: 0.1573
             Mean online_retention loss: 0.0081
          Mean rehearsal_retention loss: 0.0343
                            Mean reward: 26.15
                    Mean episode length: 1760.18
                        Mean action std: 0.02
--------------------------------------------------------------------------------
                         Iteration time: 1.35s
                           Time elapsed: 0:09:51
                                    ETA: 0:01:16

################################################################################
[1m                           Learning iteration 443/500                           [0m 

                               Run name: standing-retention-native-20260908-v48
                            Total steps: 511488 
                       Steps per second: 858 
                        Collection time: 1.174s 
                          Learning time: 0.167s 
                        Mean value loss: 24.7394
                    Mean surrogate loss: 0.0329
             Mean online_retention loss: 0.0080
          Mean rehearsal_retention loss: 0.0340
                            Mean reward: 26.15
                    Mean episode length: 1760.18
                        Mean action std: 0.02
--------------------------------------------------------------------------------
                         Iteration time: 1.34s
                           Time elapsed: 0:09:53
                                    ETA: 0:01:14

################################################################################
[1m                           Learning iteration 444/500                           [0m 

                               Run name: standing-retention-native-20260908-v48
                            Total steps: 512640 
                       Steps per second: 844 
                        Collection time: 1.200s 
                          Learning time: 0.163s 
                        Mean value loss: 61.4893
                    Mean surrogate loss: 0.1338
             Mean online_retention loss: 0.0086
          Mean rehearsal_retention loss: 0.0376
                            Mean reward: 25.60
                    Mean episode length: 1753.70
                        Mean action std: 0.02
--------------------------------------------------------------------------------
                         Iteration time: 1.36s
                           Time elapsed: 0:09:54
                                    ETA: 0:01:13

################################################################################
[1m                           Learning iteration 445/500                           [0m 

                               Run name: standing-retention-native-20260908-v48
                            Total steps: 513792 
                       Steps per second: 861 
                        Collection time: 1.185s 
                          Learning time: 0.152s 
                        Mean value loss: 24.6414
                    Mean surrogate loss: 0.8686
             Mean online_retention loss: 0.0100
          Mean rehearsal_retention loss: 0.0383
                            Mean reward: 25.60
                    Mean episode length: 1753.70
                        Mean action std: 0.02
--------------------------------------------------------------------------------
                         Iteration time: 1.34s
                           Time elapsed: 0:09:55
                                    ETA: 0:01:12

################################################################################
[1m                           Learning iteration 446/500                           [0m 

                               Run name: standing-retention-native-20260908-v48
                            Total steps: 514944 
                       Steps per second: 852 
                        Collection time: 1.190s 
                          Learning time: 0.161s 
                        Mean value loss: 6.9234
                    Mean surrogate loss: 0.4527
             Mean online_retention loss: 0.0000
          Mean rehearsal_retention loss: 0.0573
                            Mean reward: 25.60
                    Mean episode length: 1753.70
                        Mean action std: 0.00
--------------------------------------------------------------------------------
                         Iteration time: 1.35s
                           Time elapsed: 0:09:57
                                    ETA: 0:01:10

################################################################################
[1m                           Learning iteration 447/500                           [0m 

                               Run name: standing-retention-native-20260908-v48
                            Total steps: 516096 
                       Steps per second: 889 
                        Collection time: 1.144s 
                          Learning time: 0.152s 
                        Mean value loss: 35.2088
                    Mean surrogate loss: 1.7584
             Mean online_retention loss: 0.0000
          Mean rehearsal_retention loss: 0.0793
                            Mean reward: 25.60
                    Mean episode length: 1753.70
                        Mean action std: 0.00
--------------------------------------------------------------------------------
                         Iteration time: 1.30s
                           Time elapsed: 0:09:58
                                    ETA: 0:01:09

################################################################################
[1m                           Learning iteration 448/500                           [0m 

                               Run name: standing-retention-native-20260908-v48
                            Total steps: 517248 
                       Steps per second: 866 
                        Collection time: 1.163s 
                          Learning time: 0.166s 
                        Mean value loss: 49.9358
                    Mean surrogate loss: 1.4312
             Mean online_retention loss: 0.0000
          Mean rehearsal_retention loss: 0.0538
                            Mean reward: 25.65
                    Mean episode length: 1760.20
                        Mean action std: 0.00
--------------------------------------------------------------------------------
                         Iteration time: 1.33s
                           Time elapsed: 0:09:59
                                    ETA: 0:01:08

################################################################################
[1m                           Learning iteration 449/500                           [0m 

                               Run name: standing-retention-native-20260908-v48
                            Total steps: 518400 
                       Steps per second: 849 
                        Collection time: 1.184s 
                          Learning time: 0.172s 
                        Mean value loss: 76.2436
                    Mean surrogate loss: 1.8770
             Mean online_retention loss: 0.0000
          Mean rehearsal_retention loss: 0.0514
                            Mean reward: 25.65
                    Mean episode length: 1760.20
                        Mean action std: 0.00
--------------------------------------------------------------------------------
                         Iteration time: 1.36s
                           Time elapsed: 0:10:01
                                    ETA: 0:01:06

################################################################################
[1m                           Learning iteration 450/500                           [0m 

                               Run name: standing-retention-native-20260908-v48
                            Total steps: 519552 
                       Steps per second: 854 
                        Collection time: 1.192s 
                          Learning time: 0.156s 
                        Mean value loss: 13.2660
                    Mean surrogate loss: 1.1359
             Mean online_retention loss: 0.0000
          Mean rehearsal_retention loss: 0.0519
                            Mean reward: 25.32
                    Mean episode length: 1760.22
                        Mean action std: 0.00
--------------------------------------------------------------------------------
                         Iteration time: 1.35s
                           Time elapsed: 0:10:02
                                    ETA: 0:01:05

################################################################################
[1m                           Learning iteration 451/500                           [0m 

                               Run name: standing-retention-native-20260908-v48
                            Total steps: 520704 
                       Steps per second: 880 
                        Collection time: 1.141s 
                          Learning time: 0.168s 
                        Mean value loss: 1.0039
                    Mean surrogate loss: -1.0117
             Mean online_retention loss: 0.0000
          Mean rehearsal_retention loss: 0.0490
                            Mean reward: 25.32
                    Mean episode length: 1760.22
                        Mean action std: 0.00
--------------------------------------------------------------------------------
                         Iteration time: 1.31s
                           Time elapsed: 0:10:03
                                    ETA: 0:01:04

################################################################################
[1m                           Learning iteration 452/500                           [0m 

                               Run name: standing-retention-native-20260908-v48
                            Total steps: 521856 
                       Steps per second: 854 
                        Collection time: 1.182s 
                          Learning time: 0.166s 
                        Mean value loss: 6.3271
                    Mean surrogate loss: 2.4013
             Mean online_retention loss: 0.0000
          Mean rehearsal_retention loss: 0.0531
                            Mean reward: 25.32
                    Mean episode length: 1760.22
                        Mean action std: 0.00
--------------------------------------------------------------------------------
                         Iteration time: 1.35s
                           Time elapsed: 0:10:05
                                    ETA: 0:01:02

################################################################################
[1m                           Learning iteration 453/500                           [0m 

                               Run name: standing-retention-native-20260908-v48
                            Total steps: 523008 
                       Steps per second: 853 
                        Collection time: 1.183s 
                          Learning time: 0.167s 
                        Mean value loss: 1.2651
                    Mean surrogate loss: -1.1827
             Mean online_retention loss: 0.0000
          Mean rehearsal_retention loss: 0.0426
                            Mean reward: 25.32
                    Mean episode length: 1760.22
                        Mean action std: 0.00
--------------------------------------------------------------------------------
                         Iteration time: 1.35s
                           Time elapsed: 0:10:06
                                    ETA: 0:01:01

################################################################################
[1m                           Learning iteration 454/500                           [0m 

                               Run name: standing-retention-native-20260908-v48
                            Total steps: 524160 
                       Steps per second: 844 
                        Collection time: 1.197s 
                          Learning time: 0.168s 
                        Mean value loss: 5.3908
                    Mean surrogate loss: 1.9952
             Mean online_retention loss: 0.0000
          Mean rehearsal_retention loss: 0.0573
                            Mean reward: 25.32
                    Mean episode length: 1760.22
                        Mean action std: 0.00
--------------------------------------------------------------------------------
                         Iteration time: 1.36s
                           Time elapsed: 0:10:08
                                    ETA: 0:01:00

################################################################################
[1m                           Learning iteration 455/500                           [0m 

                               Run name: standing-retention-native-20260908-v48
                            Total steps: 525312 
                       Steps per second: 843 
                        Collection time: 1.193s 
                          Learning time: 0.173s 
                        Mean value loss: 1.0711
                    Mean surrogate loss: -0.4573
             Mean online_retention loss: 0.0000
          Mean rehearsal_retention loss: 0.0826
                            Mean reward: 25.32
                    Mean episode length: 1760.22
                        Mean action std: 0.00
--------------------------------------------------------------------------------
                         Iteration time: 1.37s
                           Time elapsed: 0:10:09
                                    ETA: 0:00:58

################################################################################
[1m                           Learning iteration 456/500                           [0m 

                               Run name: standing-retention-native-20260908-v48
                            Total steps: 526464 
                       Steps per second: 855 
                        Collection time: 1.183s 
                          Learning time: 0.164s 
                        Mean value loss: 0.4041
                    Mean surrogate loss: -1.1359
             Mean online_retention loss: 0.0000
          Mean rehearsal_retention loss: 0.1251
                            Mean reward: 25.32
                    Mean episode length: 1760.22
                        Mean action std: 0.00
--------------------------------------------------------------------------------
                         Iteration time: 1.35s
                           Time elapsed: 0:10:10
                                    ETA: 0:00:57

################################################################################
[1m                           Learning iteration 457/500                           [0m 

                               Run name: standing-retention-native-20260908-v48
                            Total steps: 527616 
                       Steps per second: 852 
                        Collection time: 1.184s 
                          Learning time: 0.168s 
                        Mean value loss: 5.4935
                    Mean surrogate loss: 1.0198
             Mean online_retention loss: 0.0000
          Mean rehearsal_retention loss: 0.0806
                            Mean reward: 25.32
                    Mean episode length: 1760.22
                        Mean action std: 0.00
--------------------------------------------------------------------------------
                         Iteration time: 1.35s
                           Time elapsed: 0:10:12
                                    ETA: 0:00:56

################################################################################
[1m                           Learning iteration 458/500                           [0m 

                               Run name: standing-retention-native-20260908-v48
                            Total steps: 528768 
                       Steps per second: 844 
                        Collection time: 1.197s 
                          Learning time: 0.167s 
                        Mean value loss: 129.9990
                    Mean surrogate loss: 1.4031
             Mean online_retention loss: 0.0000
          Mean rehearsal_retention loss: 0.0545
                            Mean reward: 24.59
                    Mean episode length: 1760.26
                        Mean action std: 0.00
--------------------------------------------------------------------------------
                         Iteration time: 1.36s
                           Time elapsed: 0:10:13
                                    ETA: 0:00:54

################################################################################
[1m                           Learning iteration 459/500                           [0m 

                               Run name: standing-retention-native-20260908-v48
                            Total steps: 529920 
                       Steps per second: 840 
                        Collection time: 1.200s 
                          Learning time: 0.170s 
                        Mean value loss: 38.2533
                    Mean surrogate loss: 1.5355
             Mean online_retention loss: 0.0000
          Mean rehearsal_retention loss: 0.0513
                            Mean reward: 24.59
                    Mean episode length: 1760.26
                        Mean action std: 0.00
--------------------------------------------------------------------------------
                         Iteration time: 1.37s
                           Time elapsed: 0:10:14
                                    ETA: 0:00:53

################################################################################
[1m                           Learning iteration 460/500                           [0m 

                               Run name: standing-retention-native-20260908-v48
                            Total steps: 531072 
                       Steps per second: 856 
                        Collection time: 1.176s 
                          Learning time: 0.169s 
                        Mean value loss: 55.5109
                    Mean surrogate loss: 0.3231
             Mean online_retention loss: 0.3505
          Mean rehearsal_retention loss: 0.0482
                            Mean reward: 21.06
                    Mean episode length: 1733.68
                        Mean action std: 0.01
--------------------------------------------------------------------------------
                         Iteration time: 1.35s
                           Time elapsed: 0:10:16
                                    ETA: 0:00:52

################################################################################
[1m                           Learning iteration 461/500                           [0m 

                               Run name: standing-retention-native-20260908-v48
                            Total steps: 532224 
                       Steps per second: 845 
                        Collection time: 1.198s 
                          Learning time: 0.165s 
                        Mean value loss: 7.3267
                    Mean surrogate loss: -0.5586
             Mean online_retention loss: 0.0855
          Mean rehearsal_retention loss: 0.0347
                            Mean reward: 21.06
                    Mean episode length: 1733.68
                        Mean action std: 0.02
--------------------------------------------------------------------------------
                         Iteration time: 1.36s
                           Time elapsed: 0:10:17
                                    ETA: 0:00:50

################################################################################
[1m                           Learning iteration 462/500                           [0m 

                               Run name: standing-retention-native-20260908-v48
                            Total steps: 533376 
                       Steps per second: 843 
                        Collection time: 1.203s 
                          Learning time: 0.164s 
                        Mean value loss: 15.3214
                    Mean surrogate loss: 0.0426
             Mean online_retention loss: 0.0375
          Mean rehearsal_retention loss: 0.0372
                            Mean reward: 19.80
                    Mean episode length: 1722.58
                        Mean action std: 0.02
--------------------------------------------------------------------------------
                         Iteration time: 1.37s
                           Time elapsed: 0:10:18
                                    ETA: 0:00:49

################################################################################
[1m                           Learning iteration 463/500                           [0m 

                               Run name: standing-retention-native-20260908-v48
                            Total steps: 534528 
                       Steps per second: 838 
                        Collection time: 1.200s 
                          Learning time: 0.174s 
                        Mean value loss: 4.8525
                    Mean surrogate loss: -0.1457
             Mean online_retention loss: 0.0302
          Mean rehearsal_retention loss: 0.0367
                            Mean reward: 19.27
                    Mean episode length: 1722.58
                        Mean action std: 0.02
--------------------------------------------------------------------------------
                         Iteration time: 1.37s
                           Time elapsed: 0:10:20
                                    ETA: 0:00:48

################################################################################
[1m                           Learning iteration 464/500                           [0m 

                               Run name: standing-retention-native-20260908-v48
                            Total steps: 535680 
                       Steps per second: 849 
                        Collection time: 1.192s 
                          Learning time: 0.164s 
                        Mean value loss: 2.2809
                    Mean surrogate loss: -0.1121
             Mean online_retention loss: 0.0209
          Mean rehearsal_retention loss: 0.0349
                            Mean reward: 18.54
                    Mean episode length: 1722.58
                        Mean action std: 0.02
--------------------------------------------------------------------------------
                         Iteration time: 1.36s
                           Time elapsed: 0:10:21
                                    ETA: 0:00:46

################################################################################
[1m                           Learning iteration 465/500                           [0m 

                               Run name: standing-retention-native-20260908-v48
                            Total steps: 536832 
                       Steps per second: 842 
                        Collection time: 1.200s 
                          Learning time: 0.168s 
                        Mean value loss: 1.9040
                    Mean surrogate loss: -0.0231
             Mean online_retention loss: 0.0188
          Mean rehearsal_retention loss: 0.0347
                            Mean reward: 18.54
                    Mean episode length: 1722.58
                        Mean action std: 0.02
--------------------------------------------------------------------------------
                         Iteration time: 1.37s
                           Time elapsed: 0:10:23
                                    ETA: 0:00:45

################################################################################
[1m                           Learning iteration 466/500                           [0m 

                               Run name: standing-retention-native-20260908-v48
                            Total steps: 537984 
                       Steps per second: 843 
                        Collection time: 1.199s 
                          Learning time: 0.167s 
                        Mean value loss: 1.7857
                    Mean surrogate loss: -0.1290
             Mean online_retention loss: 0.0166
          Mean rehearsal_retention loss: 0.0334
                            Mean reward: 18.54
                    Mean episode length: 1722.58
                        Mean action std: 0.02
--------------------------------------------------------------------------------
                         Iteration time: 1.37s
                           Time elapsed: 0:10:24
                                    ETA: 0:00:44

################################################################################
[1m                           Learning iteration 467/500                           [0m 

                               Run name: standing-retention-native-20260908-v48
                            Total steps: 539136 
                       Steps per second: 843 
                        Collection time: 1.199s 
                          Learning time: 0.167s 
                        Mean value loss: 0.2418
                    Mean surrogate loss: 0.0693
             Mean online_retention loss: 0.0139
          Mean rehearsal_retention loss: 0.0315
                            Mean reward: 18.54
                    Mean episode length: 1722.58
                        Mean action std: 0.02
--------------------------------------------------------------------------------
                         Iteration time: 1.37s
                           Time elapsed: 0:10:25
                                    ETA: 0:00:42

################################################################################
[1m                           Learning iteration 468/500                           [0m 

                               Run name: standing-retention-native-20260908-v48
                            Total steps: 540288 
                       Steps per second: 845 
                        Collection time: 1.199s 
                          Learning time: 0.164s 
                        Mean value loss: 17.7325
                    Mean surrogate loss: -0.0238
             Mean online_retention loss: 0.0129
          Mean rehearsal_retention loss: 0.0349
                            Mean reward: 18.54
                    Mean episode length: 1722.58
                        Mean action std: 0.02
--------------------------------------------------------------------------------
                         Iteration time: 1.36s
                           Time elapsed: 0:10:27
                                    ETA: 0:00:41

################################################################################
[1m                           Learning iteration 469/500                           [0m 

                               Run name: standing-retention-native-20260908-v48
                            Total steps: 541440 
                       Steps per second: 839 
                        Collection time: 1.207s 
                          Learning time: 0.166s 
                        Mean value loss: 184.6623
                    Mean surrogate loss: 0.1070
             Mean online_retention loss: 0.0107
          Mean rehearsal_retention loss: 0.0330
                            Mean reward: 18.54
                    Mean episode length: 1722.58
                        Mean action std: 0.02
--------------------------------------------------------------------------------
                         Iteration time: 1.37s
                           Time elapsed: 0:10:28
                                    ETA: 0:00:40

################################################################################
[1m                           Learning iteration 470/500                           [0m 

                               Run name: standing-retention-native-20260908-v48
                            Total steps: 542592 
                       Steps per second: 848 
                        Collection time: 1.194s 
                          Learning time: 0.163s 
                        Mean value loss: 81.7552
                    Mean surrogate loss: 0.0636
             Mean online_retention loss: 0.0121
          Mean rehearsal_retention loss: 0.0361
                            Mean reward: 12.44
                    Mean episode length: 1693.86
                        Mean action std: 0.02
--------------------------------------------------------------------------------
                         Iteration time: 1.36s
                           Time elapsed: 0:10:29
                                    ETA: 0:00:38

################################################################################
[1m                           Learning iteration 471/500                           [0m 

                               Run name: standing-retention-native-20260908-v48
                            Total steps: 543744 
                       Steps per second: 841 
                        Collection time: 1.202s 
                          Learning time: 0.167s 
                        Mean value loss: 139.8438
                    Mean surrogate loss: 0.0099
             Mean online_retention loss: 0.1084
          Mean rehearsal_retention loss: 0.0309
                            Mean reward: 6.86
                    Mean episode length: 1647.26
                        Mean action std: 0.04
--------------------------------------------------------------------------------
                         Iteration time: 1.37s
                           Time elapsed: 0:10:31
                                    ETA: 0:00:37

################################################################################
[1m                           Learning iteration 472/500                           [0m 

                               Run name: standing-retention-native-20260908-v48
                            Total steps: 544896 
                       Steps per second: 839 
                        Collection time: 1.201s 
                          Learning time: 0.171s 
                        Mean value loss: 56.5632
                    Mean surrogate loss: -0.0048
             Mean online_retention loss: 0.0134
          Mean rehearsal_retention loss: 0.0303
                            Mean reward: 6.86
                    Mean episode length: 1647.26
                        Mean action std: 0.04
--------------------------------------------------------------------------------
                         Iteration time: 1.37s
                           Time elapsed: 0:10:32
                                    ETA: 0:00:36

################################################################################
[1m                           Learning iteration 473/500                           [0m 

                               Run name: standing-retention-native-20260908-v48
                            Total steps: 546048 
                       Steps per second: 853 
                        Collection time: 1.192s 
                          Learning time: 0.157s 
                        Mean value loss: 72.9608
                    Mean surrogate loss: -0.0032
             Mean online_retention loss: 0.0112
          Mean rehearsal_retention loss: 0.0353
                            Mean reward: 3.01
                    Mean episode length: 1614.20
                        Mean action std: 0.02
--------------------------------------------------------------------------------
                         Iteration time: 1.35s
                           Time elapsed: 0:10:33
                                    ETA: 0:00:34

################################################################################
[1m                           Learning iteration 474/500                           [0m 

                               Run name: standing-retention-native-20260908-v48
                            Total steps: 547200 
                       Steps per second: 849 
                        Collection time: 1.192s 
                          Learning time: 0.164s 
                        Mean value loss: 25.6278
                    Mean surrogate loss: 0.0771
             Mean online_retention loss: 0.0089
          Mean rehearsal_retention loss: 0.0314
                            Mean reward: -0.07
                    Mean episode length: 1594.35
                        Mean action std: 0.02
--------------------------------------------------------------------------------
                         Iteration time: 1.36s
                           Time elapsed: 0:10:35
                                    ETA: 0:00:33

################################################################################
[1m                           Learning iteration 475/500                           [0m 

                               Run name: standing-retention-native-20260908-v48
                            Total steps: 548352 
                       Steps per second: 852 
                        Collection time: 1.184s 
                          Learning time: 0.167s 
                        Mean value loss: 90.5734
                    Mean surrogate loss: 0.1794
             Mean online_retention loss: 0.0087
          Mean rehearsal_retention loss: 0.0318
                            Mean reward: -0.07
                    Mean episode length: 1594.35
                        Mean action std: 0.02
--------------------------------------------------------------------------------
                         Iteration time: 1.35s
                           Time elapsed: 0:10:36
                                    ETA: 0:00:32

################################################################################
[1m                           Learning iteration 476/500                           [0m 

                               Run name: standing-retention-native-20260908-v48
                            Total steps: 549504 
                       Steps per second: 843 
                        Collection time: 1.198s 
                          Learning time: 0.167s 
                        Mean value loss: 9.3314
                    Mean surrogate loss: 0.0916
             Mean online_retention loss: 0.0063
          Mean rehearsal_retention loss: 0.0300
                            Mean reward: -3.10
                    Mean episode length: 1567.81
                        Mean action std: 0.02
--------------------------------------------------------------------------------
                         Iteration time: 1.37s
                           Time elapsed: 0:10:38
                                    ETA: 0:00:30

################################################################################
[1m                           Learning iteration 477/500                           [0m 

                               Run name: standing-retention-native-20260908-v48
                            Total steps: 550656 
                       Steps per second: 843 
                        Collection time: 1.200s 
                          Learning time: 0.166s 
                        Mean value loss: 7.0922
                    Mean surrogate loss: -0.0676
             Mean online_retention loss: 0.0078
          Mean rehearsal_retention loss: 0.0331
                            Mean reward: -3.10
                    Mean episode length: 1567.81
                        Mean action std: 0.02
--------------------------------------------------------------------------------
                         Iteration time: 1.37s
                           Time elapsed: 0:10:39
                                    ETA: 0:00:29

################################################################################
[1m                           Learning iteration 478/500                           [0m 

                               Run name: standing-retention-native-20260908-v48
                            Total steps: 551808 
                       Steps per second: 843 
                        Collection time: 1.199s 
                          Learning time: 0.167s 
                        Mean value loss: 52.6910
                    Mean surrogate loss: 0.2199
             Mean online_retention loss: 0.0071
          Mean rehearsal_retention loss: 0.0306
                            Mean reward: -3.10
                    Mean episode length: 1567.81
                        Mean action std: 0.02
--------------------------------------------------------------------------------
                         Iteration time: 1.37s
                           Time elapsed: 0:10:40
                                    ETA: 0:00:28

################################################################################
[1m                           Learning iteration 479/500                           [0m 

                               Run name: standing-retention-native-20260908-v48
                            Total steps: 552960 
                       Steps per second: 840 
                        Collection time: 1.204s 
                          Learning time: 0.167s 
                        Mean value loss: 22.9525
                    Mean surrogate loss: 0.0165
             Mean online_retention loss: 0.0072
          Mean rehearsal_retention loss: 0.0283
                            Mean reward: -5.71
                    Mean episode length: 1565.78
                        Mean action std: 0.02
--------------------------------------------------------------------------------
                         Iteration time: 1.37s
                           Time elapsed: 0:10:42
                                    ETA: 0:00:26

################################################################################
[1m                           Learning iteration 480/500                           [0m 

                               Run name: standing-retention-native-20260908-v48
                            Total steps: 554112 
                       Steps per second: 837 
                        Collection time: 1.194s 
                          Learning time: 0.181s 
                        Mean value loss: 156.3307
                    Mean surrogate loss: 0.2176
             Mean online_retention loss: 0.0076
          Mean rehearsal_retention loss: 0.0284
                            Mean reward: -5.71
                    Mean episode length: 1565.78
                        Mean action std: 0.02
--------------------------------------------------------------------------------
                         Iteration time: 1.38s
                           Time elapsed: 0:10:43
                                    ETA: 0:00:25

################################################################################
[1m                           Learning iteration 481/500                           [0m 

                               Run name: standing-retention-native-20260908-v48
                            Total steps: 555264 
                       Steps per second: 846 
                        Collection time: 1.200s 
                          Learning time: 0.161s 
                        Mean value loss: 39.3171
                    Mean surrogate loss: -0.1100
             Mean online_retention loss: 0.1078
          Mean rehearsal_retention loss: 0.0309
                            Mean reward: 16.70
                    Mean episode length: 1663.62
                        Mean action std: 0.02
--------------------------------------------------------------------------------
                         Iteration time: 1.36s
                           Time elapsed: 0:10:44
                                    ETA: 0:00:24

################################################################################
[1m                           Learning iteration 482/500                           [0m 

                               Run name: standing-retention-native-20260908-v48
                            Total steps: 556416 
                       Steps per second: 841 
                        Collection time: 1.202s 
                          Learning time: 0.166s 
                        Mean value loss: 2.1345
                    Mean surrogate loss: -0.3991
             Mean online_retention loss: 0.0357
          Mean rehearsal_retention loss: 0.0345
                            Mean reward: 16.94
                    Mean episode length: 1674.68
                        Mean action std: 0.02
--------------------------------------------------------------------------------
                         Iteration time: 1.37s
                           Time elapsed: 0:10:46
                                    ETA: 0:00:22

################################################################################
[1m                           Learning iteration 483/500                           [0m 

                               Run name: standing-retention-native-20260908-v48
                            Total steps: 557568 
                       Steps per second: 847 
                        Collection time: 1.200s 
                          Learning time: 0.160s 
                        Mean value loss: 40.0511
                    Mean surrogate loss: 1.1728
             Mean online_retention loss: 0.0328
          Mean rehearsal_retention loss: 0.0565
                            Mean reward: 16.94
                    Mean episode length: 1674.68
                        Mean action std: 0.01
--------------------------------------------------------------------------------
                         Iteration time: 1.36s
                           Time elapsed: 0:10:47
                                    ETA: 0:00:21

################################################################################
[1m                           Learning iteration 484/500                           [0m 

                               Run name: standing-retention-native-20260908-v48
                            Total steps: 558720 
                       Steps per second: 841 
                        Collection time: 1.201s 
                          Learning time: 0.168s 
                        Mean value loss: 2.9790
                    Mean surrogate loss: -1.2692
             Mean online_retention loss: 0.0000
          Mean rehearsal_retention loss: 0.1123
                            Mean reward: 16.94
                    Mean episode length: 1674.68
                        Mean action std: 0.00
--------------------------------------------------------------------------------
                         Iteration time: 1.37s
                           Time elapsed: 0:10:48
                                    ETA: 0:00:20

################################################################################
[1m                           Learning iteration 485/500                           [0m 

                               Run name: standing-retention-native-20260908-v48
                            Total steps: 559872 
                       Steps per second: 844 
                        Collection time: 1.200s 
                          Learning time: 0.164s 
                        Mean value loss: 0.3981
                    Mean surrogate loss: -0.0331
             Mean online_retention loss: 0.0000
          Mean rehearsal_retention loss: 0.0952
                            Mean reward: 16.94
                    Mean episode length: 1674.68
                        Mean action std: 0.00
--------------------------------------------------------------------------------
                         Iteration time: 1.36s
                           Time elapsed: 0:10:50
                                    ETA: 0:00:18

################################################################################
[1m                           Learning iteration 486/500                           [0m 

                               Run name: standing-retention-native-20260908-v48
                            Total steps: 561024 
                       Steps per second: 843 
                        Collection time: 1.201s 
                          Learning time: 0.165s 
                        Mean value loss: 0.3381
                    Mean surrogate loss: 0.5706
             Mean online_retention loss: 0.0000
          Mean rehearsal_retention loss: 0.0783
                            Mean reward: 16.94
                    Mean episode length: 1674.68
                        Mean action std: 0.00
--------------------------------------------------------------------------------
                         Iteration time: 1.37s
                           Time elapsed: 0:10:51
                                    ETA: 0:00:17

################################################################################
[1m                           Learning iteration 487/500                           [0m 

                               Run name: standing-retention-native-20260908-v48
                            Total steps: 562176 
                       Steps per second: 852 
                        Collection time: 1.182s 
                          Learning time: 0.168s 
                        Mean value loss: 0.3455
                    Mean surrogate loss: 0.4842
             Mean online_retention loss: 0.0000
          Mean rehearsal_retention loss: 0.0707
                            Mean reward: 16.94
                    Mean episode length: 1674.68
                        Mean action std: 0.00
--------------------------------------------------------------------------------
                         Iteration time: 1.35s
                           Time elapsed: 0:10:53
                                    ETA: 0:00:16

################################################################################
[1m                           Learning iteration 488/500                           [0m 

                               Run name: standing-retention-native-20260908-v48
                            Total steps: 563328 
                       Steps per second: 844 
                        Collection time: 1.197s 
                          Learning time: 0.167s 
                        Mean value loss: 125.8645
                    Mean surrogate loss: 1.3096
             Mean online_retention loss: 0.0000
          Mean rehearsal_retention loss: 0.0386
                            Mean reward: 16.94
                    Mean episode length: 1674.68
                        Mean action std: 0.00
--------------------------------------------------------------------------------
                         Iteration time: 1.36s
                           Time elapsed: 0:10:54
                                    ETA: 0:00:14

################################################################################
[1m                           Learning iteration 489/500                           [0m 

                               Run name: standing-retention-native-20260908-v48
                            Total steps: 564480 
                       Steps per second: 840 
                        Collection time: 1.206s 
                          Learning time: 0.164s 
                        Mean value loss: 10.1671
                    Mean surrogate loss: -0.0625
             Mean online_retention loss: 0.0000
          Mean rehearsal_retention loss: 0.0385
                            Mean reward: 15.01
                    Mean episode length: 1661.06
                        Mean action std: 0.00
--------------------------------------------------------------------------------
                         Iteration time: 1.37s
                           Time elapsed: 0:10:55
                                    ETA: 0:00:13

################################################################################
[1m                           Learning iteration 490/500                           [0m 

                               Run name: standing-retention-native-20260908-v48
                            Total steps: 565632 
                       Steps per second: 845 
                        Collection time: 1.194s 
                          Learning time: 0.168s 
                        Mean value loss: 147.8942
                    Mean surrogate loss: 1.9396
             Mean online_retention loss: 0.0000
          Mean rehearsal_retention loss: 0.0367
                            Mean reward: 15.01
                    Mean episode length: 1661.06
                        Mean action std: 0.00
--------------------------------------------------------------------------------
                         Iteration time: 1.36s
                           Time elapsed: 0:10:57
                                    ETA: 0:00:12

################################################################################
[1m                           Learning iteration 491/500                           [0m 

                               Run name: standing-retention-native-20260908-v48
                            Total steps: 566784 
                       Steps per second: 855 
                        Collection time: 1.181s 
                          Learning time: 0.166s 
                        Mean value loss: 4.6579
                    Mean surrogate loss: -0.4081
             Mean online_retention loss: 0.0000
          Mean rehearsal_retention loss: 0.0361
                            Mean reward: 12.54
                    Mean episode length: 1640.99
                        Mean action std: 0.00
--------------------------------------------------------------------------------
                         Iteration time: 1.35s
                           Time elapsed: 0:10:58
                                    ETA: 0:00:10

################################################################################
[1m                           Learning iteration 492/500                           [0m 

                               Run name: standing-retention-native-20260908-v48
                            Total steps: 567936 
                       Steps per second: 843 
                        Collection time: 1.198s 
                          Learning time: 0.168s 
                        Mean value loss: 31.0657
                    Mean surrogate loss: -0.1348
             Mean online_retention loss: 0.0000
          Mean rehearsal_retention loss: 0.0418
                            Mean reward: 12.54
                    Mean episode length: 1640.99
                        Mean action std: 0.00
--------------------------------------------------------------------------------
                         Iteration time: 1.37s
                           Time elapsed: 0:10:59
                                    ETA: 0:00:09

################################################################################
[1m                           Learning iteration 493/500                           [0m 

                               Run name: standing-retention-native-20260908-v48
                            Total steps: 569088 
                       Steps per second: 854 
                        Collection time: 1.183s 
                          Learning time: 0.165s 
                        Mean value loss: 27.5630
                    Mean surrogate loss: 0.3155
             Mean online_retention loss: 0.0000
          Mean rehearsal_retention loss: 0.0469
                            Mean reward: 10.76
                    Mean episode length: 1624.37
                        Mean action std: 0.00
--------------------------------------------------------------------------------
                         Iteration time: 1.35s
                           Time elapsed: 0:11:01
                                    ETA: 0:00:08

################################################################################
[1m                           Learning iteration 494/500                           [0m 

                               Run name: standing-retention-native-20260908-v48
                            Total steps: 570240 
                       Steps per second: 853 
                        Collection time: 1.178s 
                          Learning time: 0.171s 
                        Mean value loss: 73.4183
                    Mean surrogate loss: 2.7577
             Mean online_retention loss: 0.0000
          Mean rehearsal_retention loss: 0.0480
                            Mean reward: 10.76
                    Mean episode length: 1624.37
                        Mean action std: 0.00
--------------------------------------------------------------------------------
                         Iteration time: 1.35s
                           Time elapsed: 0:11:02
                                    ETA: 0:00:06

################################################################################
[1m                           Learning iteration 495/500                           [0m 

                               Run name: standing-retention-native-20260908-v48
                            Total steps: 571392 
                       Steps per second: 844 
                        Collection time: 1.197s 
                          Learning time: 0.167s 
                        Mean value loss: 13.0922
                    Mean surrogate loss: 1.5451
             Mean online_retention loss: 0.0000
          Mean rehearsal_retention loss: 0.0417
                            Mean reward: 11.36
                    Mean episode length: 1606.35
                        Mean action std: 0.00
--------------------------------------------------------------------------------
                         Iteration time: 1.36s
                           Time elapsed: 0:11:03
                                    ETA: 0:00:05

################################################################################
[1m                           Learning iteration 496/500                           [0m 

                               Run name: standing-retention-native-20260908-v48
                            Total steps: 572544 
                       Steps per second: 843 
                        Collection time: 1.199s 
                          Learning time: 0.167s 
                        Mean value loss: 0.7644
                    Mean surrogate loss: -3.6808
             Mean online_retention loss: 0.0000
          Mean rehearsal_retention loss: 0.0340
                            Mean reward: 11.36
                    Mean episode length: 1606.35
                        Mean action std: 0.00
--------------------------------------------------------------------------------
                         Iteration time: 1.37s
                           Time elapsed: 0:11:05
                                    ETA: 0:00:04

################################################################################
[1m                           Learning iteration 497/500                           [0m 

                               Run name: standing-retention-native-20260908-v48
                            Total steps: 573696 
                       Steps per second: 843 
                        Collection time: 1.197s 
                          Learning time: 0.168s 
                        Mean value loss: 4.4963
                    Mean surrogate loss: 4.1396
             Mean online_retention loss: 0.0000
          Mean rehearsal_retention loss: 0.0386
                            Mean reward: 11.36
                    Mean episode length: 1606.35
                        Mean action std: 0.00
--------------------------------------------------------------------------------
                         Iteration time: 1.37s
                           Time elapsed: 0:11:06
                                    ETA: 0:00:02

################################################################################
[1m                           Learning iteration 498/500                           [0m 

                               Run name: standing-retention-native-20260908-v48
                            Total steps: 574848 
                       Steps per second: 858 
                        Collection time: 1.183s 
                          Learning time: 0.159s 
                        Mean value loss: 47.5750
                    Mean surrogate loss: -0.9701
             Mean online_retention loss: 0.1741
          Mean rehearsal_retention loss: 0.0481
                            Mean reward: 11.36
                    Mean episode length: 1606.35
                        Mean action std: 0.01
--------------------------------------------------------------------------------
                         Iteration time: 1.34s
                           Time elapsed: 0:11:07
                                    ETA: 0:00:01

################################################################################
[1m                           Learning iteration 499/500                           [0m 

                               Run name: standing-retention-native-20260908-v48
                            Total steps: 576000 
                       Steps per second: 844 
                        Collection time: 1.193s 
                          Learning time: 0.171s 
                        Mean value loss: 3.9588
                    Mean surrogate loss: -0.2428
             Mean online_retention loss: 0.0514
          Mean rehearsal_retention loss: 0.0323
                            Mean reward: 11.36
                    Mean episode length: 1606.35
                        Mean action std: 0.02
--------------------------------------------------------------------------------
                         Iteration time: 1.36s
                           Time elapsed: 0:11:09
                                    ETA: 0:00:00

{"status": "completed", "checkpoint": "model_499.pt", "elapsed_s": 684.3874370419944, "new_transitions": 576000}
